Date, Time, Open, High, Low, Last, Volume, # of Trades, OHLC Avg, HLC Avg, HL Avg, Bid Volume, Ask Volume, Buy Aggression, Sell Aggression
2026-7-7, 08:30:00.000000, 29593.00, 29654.75, 29569.25, 29654.75, 4500, 4219, 29617.94, 29626.25, 29612.00, 2089, 2411, 0.00, 0.00
2026-7-7, 08:30:30.944001, 29654.75, 29685.75, 29604.50, 29639.00, 4500, 4231, 29646.00, 29643.08, 29645.13, 2317, 2183, 0.00, 29690.75
2026-7-7, 08:31:42.117000, 29641.00, 29661.75, 29590.50, 29603.75, 4500, 3301, 29624.25, 29618.67, 29626.13, 2906, 1594, 0.00, 29666.75
2026-7-7, 08:33:04.319000, 29603.00, 29606.00, 29540.25, 29540.50, 4500, 4057, 29572.44, 29562.25, 29573.13, 2535, 1965, 0.00, 29611.00
2026-7-7, 08:34:19.766004, 29540.50, 29553.25, 29509.75, 29517.25, 4500, 3261, 29530.19, 29526.75, 29531.50, 2785, 1715, 0.00, 29558.25
2026-7-7, 08:35:18.770000, 29516.25, 29571.25, 29503.75, 29559.25, 4500, 4215, 29537.63, 29544.75, 29537.50, 2211, 2289, 0.00, 29576.25
2026-7-7, 08:37:18.837022, 29559.00, 29577.50, 29491.25, 29509.75, 4500, 4103, 29534.38, 29526.17, 29534.38, 2559, 1941, 0.00, 29582.50
2026-7-7, 08:39:07.875000, 29509.50, 29583.75, 29494.75, 29581.50, 4500, 4306, 29542.38, 29553.33, 29539.25, 2054, 2446, 0.00, 29588.75
2026-7-7, 08:40:56.822001, 29581.75, 29594.00, 29538.00, 29565.00, 4500, 3805, 29569.69, 29565.67, 29566.00, 2000, 2500, 0.00, 29599.00
2026-7-7, 08:42:55.835000, 29566.00, 29607.00, 29553.00, 29586.00, 4500, 3924, 29578.00, 29582.00, 29580.00, 2087, 2413, 0.00, 29612.00
2026-7-7, 08:45:01.461000, 29585.00, 29596.75, 29528.50, 29540.25, 4500, 4133, 29562.63, 29555.17, 29562.63, 2554, 1946, 0.00, 29601.75
2026-7-7, 08:47:02.370000, 29540.00, 29576.50, 29516.00, 29548.75, 4500, 3897, 29545.31, 29547.08, 29546.25, 2169, 2331, 0.00, 0.00
2026-7-7, 08:49:00.235001, 29549.00, 29550.00, 29494.25, 29499.00, 4500, 4151, 29523.06, 29514.42, 29522.13, 2431, 2069, 0.00, 0.00
2026-7-7, 08:51:29.073001, 29499.25, 29538.25, 29468.00, 29471.00, 4500, 4057, 29494.13, 29492.42, 29503.13, 2487, 2013, 0.00, 0.00
2026-7-7, 08:53:16.157000, 29472.00, 29477.25, 29441.00, 29442.25, 4500, 4035, 29458.13, 29453.50, 29459.13, 2284, 2216, 0.00, 0.00
2026-7-7, 08:55:24.079000, 29442.25, 29457.50, 29421.50, 29433.50, 4500, 4216, 29438.69, 29437.50, 29439.50, 2308, 2192, 0.00, 0.00
2026-7-7, 08:57:57.872000, 29432.75, 29484.25, 29420.25, 29458.50, 4500, 4200, 29448.94, 29454.33, 29452.25, 2163, 2337, 0.00, 0.00
2026-7-7, 09:00:00.767009, 29458.50, 29505.75, 29445.75, 29456.25, 4500, 4195, 29466.56, 29469.25, 29475.75, 2264, 2236, 0.00, 0.00
2026-7-7, 09:01:30.968002, 29456.00, 29494.00, 29434.00, 29438.00, 4500, 4210, 29455.50, 29455.33, 29464.00, 2394, 2106, 0.00, 0.00
2026-7-7, 09:04:23.775004, 29438.00, 29474.00, 29422.50, 29441.50, 4500, 4280, 29444.00, 29446.00, 29448.25, 2288, 2212, 0.00, 0.00
2026-7-7, 09:07:22.001003, 29441.50, 29463.00, 29414.00, 29425.50, 4500, 4244, 29436.00, 29434.17, 29438.50, 2358, 2142, 0.00, 0.00
2026-7-7, 09:10:24.735000, 29426.25, 29426.50, 29375.00, 29377.00, 4500, 4103, 29401.19, 29392.83, 29400.75, 2436, 2064, 0.00, 0.00
2026-7-7, 09:12:42.571001, 29377.25, 29392.75, 29350.00, 29355.75, 4500, 3809, 29368.94, 29366.17, 29371.38, 2206, 2294, 0.00, 0.00
2026-7-7, 09:14:25.149000, 29355.25, 29356.00, 29318.75, 29319.25, 4500, 3017, 29337.31, 29331.33, 29337.38, 3011, 1489, 0.00, 0.00
2026-7-7, 09:15:25.280000, 29320.00, 29356.00, 29307.00, 29330.25, 4500, 4193, 29328.31, 29331.08, 29331.50, 2148, 2352, 0.00, 0.00
2026-7-7, 09:17:33.921001, 29330.25, 29378.25, 29323.75, 29374.75, 4500, 3951, 29351.75, 29358.92, 29351.00, 2056, 2444, 0.00, 0.00
2026-7-7, 09:20:07.221000, 29374.75, 29376.00, 29305.50, 29305.50, 4500, 4150, 29340.44, 29329.00, 29340.75, 2388, 2112, 0.00, 0.00
2026-7-7, 09:23:15.422015, 29305.50, 29324.00, 29268.00, 29271.25, 4500, 3863, 29292.19, 29287.75, 29296.00, 2608, 1892, 0.00, 0.00
2026-7-7, 09:25:09.861000, 29270.75, 29296.50, 29259.75, 29284.75, 4500, 4178, 29277.94, 29280.33, 29278.13, 2064, 2436, 0.00, 0.00
2026-7-7, 09:27:53.935002, 29284.75, 29315.75, 29274.00, 29309.75, 4500, 4236, 29296.06, 29299.83, 29294.88, 2116, 2384, 0.00, 0.00
2026-7-7, 09:30:21.211000, 29309.00, 29327.75, 29270.75, 29315.75, 4500, 4223, 29305.81, 29304.75, 29299.25, 2202, 2298, 0.00, 0.00
2026-7-7, 09:33:25.075000, 29314.50, 29316.50, 29240.75, 29242.50, 4500, 4090, 29278.56, 29266.58, 29278.63, 2436, 2064, 0.00, 29321.50
2026-7-7, 09:36:19.035000, 29242.75, 29284.75, 29242.75, 29257.50, 4500, 4137, 29256.94, 29261.67, 29263.75, 2300, 2200, 0.00, 29289.75
2026-7-7, 09:40:06.492000, 29257.50, 29274.75, 29210.00, 29230.50, 4500, 4024, 29243.19, 29238.42, 29242.38, 2529, 1971, 0.00, 29279.75
2026-7-7, 09:42:33.779000, 29229.75, 29263.75, 29226.25, 29242.00, 4500, 4217, 29240.44, 29244.00, 29245.00, 2043, 2457, 0.00, 0.00
2026-7-7, 09:45:55.004001, 29241.75, 29292.50, 29235.50, 29274.75, 4500, 3997, 29261.13, 29267.58, 29264.00, 1994, 2506, 0.00, 0.00
2026-7-7, 09:48:41.079000, 29275.00, 29296.75, 29254.25, 29282.00, 4500, 4164, 29277.00, 29277.67, 29275.50, 2149, 2351, 0.00, 0.00
2026-7-7, 09:52:18.390000, 29281.75, 29320.00, 29276.75, 29320.00, 4500, 4054, 29299.63, 29305.58, 29298.38, 2058, 2442, 0.00, 0.00
2026-7-7, 09:55:25.273010, 29320.00, 29325.75, 29284.00, 29318.75, 4500, 4125, 29312.13, 29309.50, 29304.88, 2118, 2382, 0.00, 0.00
2026-7-7, 09:59:18.532001, 29319.00, 29323.50, 29271.25, 29301.50, 4500, 4121, 29303.81, 29298.75, 29297.38, 2442, 2058, 0.00, 29328.50
2026-7-7, 10:02:42.928002, 29301.50, 29329.75, 29291.25, 29299.25, 4500, 4019, 29305.44, 29306.75, 29310.50, 2233, 2267, 0.00, 29334.75
2026-7-7, 10:07:07.102001, 29299.25, 29343.50, 29297.50, 29340.00, 4500, 4109, 29320.06, 29327.00, 29320.50, 2113, 2387, 0.00, 0.00
2026-7-7, 10:12:16.595003, 29340.00, 29358.00, 29296.25, 29309.25, 4500, 4060, 29325.88, 29321.17, 29327.13, 2336, 2164, 0.00, 0.00
2026-7-7, 10:16:00.239001, 29309.50, 29316.25, 29274.25, 29282.00, 4500, 4068, 29295.50, 29290.83, 29295.25, 2336, 2164, 0.00, 0.00
2026-7-7, 10:20:52.707000, 29281.25, 29318.25, 29271.75, 29290.25, 4500, 4192, 29290.38, 29293.42, 29295.00, 2246, 2254, 0.00, 0.00
2026-7-7, 10:26:39.050008, 29290.25, 29323.75, 29286.00, 29308.75, 4500, 4113, 29302.19, 29306.17, 29304.88, 2101, 2399, 0.00, 0.00
2026-7-7, 10:33:08.132001, 29308.75, 29319.75, 29266.75, 29272.00, 4500, 4181, 29291.81, 29286.17, 29293.25, 2283, 2217, 0.00, 0.00
2026-7-7, 10:39:26.646001, 29272.00, 29308.75, 29248.25, 29300.00, 4500, 3999, 29282.25, 29285.67, 29278.50, 2362, 2138, 0.00, 0.00
2026-7-7, 10:43:55.505002, 29300.00, 29366.75, 29295.25, 29365.25, 4500, 4133, 29331.81, 29342.42, 29331.00, 2007, 2493, 29290.25, 0.00
2026-7-7, 10:47:29.157000, 29365.50, 29376.75, 29332.25, 29355.00, 4500, 3840, 29357.38, 29354.67, 29354.50, 2397, 2103, 0.00, 0.00
2026-7-7, 10:52:06.168000, 29353.75, 29384.00, 29347.00, 29378.75, 4500, 4204, 29365.88, 29369.92, 29365.50, 2241, 2259, 29342.00, 0.00
2026-7-7, 10:58:41.045001, 29378.75, 29432.00, 29372.50, 29421.25, 4500, 3977, 29401.13, 29408.58, 29402.25, 2017, 2483, 29367.50, 0.00
2026-7-7, 11:03:10.748000, 29421.25, 29452.00, 29404.00, 29422.50, 4500, 4037, 29424.94, 29426.17, 29428.00, 2157, 2343, 29399.00, 0.00
2026-7-7, 11:07:19.067008, 29422.50, 29457.75, 29398.00, 29457.75, 4500, 3978, 29434.00, 29437.83, 29427.88, 2197, 2303, 29393.00, 0.00
2026-7-7, 11:12:53.810007, 29457.75, 29473.75, 29453.50, 29465.50, 4500, 4076, 29462.63, 29464.25, 29463.63, 2070, 2430, 29448.50, 0.00
2026-7-7, 11:16:41.010001, 29465.50, 29503.00, 29450.50, 29499.00, 4500, 3685, 29479.50, 29484.17, 29476.75, 1865, 2635, 29445.50, 0.00
2026-7-7, 11:21:43.626000, 29498.50, 29548.00, 29498.00, 29518.00, 4500, 3527, 29515.63, 29521.33, 29523.00, 1900, 2600, 29493.00, 0.00
2026-7-7, 11:23:47.206000, 29518.00, 29544.75, 29501.50, 29536.50, 4500, 3926, 29525.19, 29527.58, 29523.13, 2134, 2366, 0.00, 0.00
2026-7-7, 11:27:44.557001, 29536.50, 29558.25, 29530.25, 29545.75, 4500, 3852, 29542.69, 29544.75, 29544.25, 2022, 2478, 0.00, 0.00
2026-7-7, 11:31:48.519000, 29545.50, 29554.00, 29499.50, 29500.00, 4500, 4115, 29524.75, 29517.83, 29526.75, 2472, 2028, 0.00, 0.00
2026-7-7, 11:36:19.623000, 29500.50, 29527.50, 29486.25, 29506.50, 4500, 4171, 29505.19, 29506.75, 29506.88, 2275, 2225, 29481.25, 0.00
2026-7-7, 11:41:34.925000, 29506.25, 29548.25, 29491.75, 29532.25, 4500, 3980, 29519.63, 29524.08, 29520.00, 2285, 2215, 29486.75, 0.00
2026-7-7, 11:48:05.360008, 29532.50, 29557.75, 29526.00, 29532.25, 4500, 3904, 29537.13, 29538.67, 29541.88, 2251, 2249, 29521.00, 0.00
2026-7-7, 11:55:07.932000, 29531.75, 29559.75, 29502.50, 29543.25, 4500, 4071, 29534.31, 29535.17, 29531.13, 2261, 2239, 29497.50, 0.00
2026-7-7, 12:01:22.366000, 29543.25, 29575.00, 29530.00, 29569.25, 4500, 3934, 29554.38, 29558.08, 29552.50, 2132, 2368, 29525.00, 0.00
2026-7-7, 12:07:48.535000, 29569.75, 29580.75, 29536.50, 29551.75, 4500, 3999, 29559.69, 29556.33, 29558.63, 2328, 2172, 29531.50, 0.00
2026-7-7, 12:13:28.718001, 29551.75, 29553.50, 29510.00, 29535.25, 4500, 4058, 29537.63, 29532.92, 29531.75, 2396, 2104, 29505.00, 0.00
2026-7-7, 12:20:06.762000, 29534.25, 29573.50, 29523.50, 29534.50, 4500, 4254, 29541.44, 29543.83, 29548.50, 2264, 2236, 29518.50, 0.00
2026-7-7, 12:26:55.422000, 29535.25, 29567.00, 29524.25, 29567.00, 4500, 4041, 29548.38, 29552.75, 29545.63, 2161, 2339, 29519.25, 0.00
2026-7-7, 12:36:20.125000, 29566.25, 29570.00, 29535.50, 29557.50, 4500, 3929, 29557.31, 29554.33, 29552.75, 2229, 2271, 0.00, 0.00
2026-7-7, 12:45:05.733001, 29557.50, 29560.25, 29528.25, 29541.75, 4500, 4102, 29546.94, 29543.42, 29544.25, 2137, 2363, 0.00, 0.00
2026-7-7, 12:54:21.373001, 29541.75, 29574.25, 29533.00, 29547.00, 4500, 4059, 29549.00, 29551.42, 29553.63, 2214, 2286, 0.00, 0.00
2026-7-7, 13:04:00.766001, 29546.75, 29563.75, 29531.25, 29551.25, 4500, 3963, 29548.25, 29548.75, 29547.50, 2100, 2400, 0.00, 0.00
2026-7-7, 13:13:56.753005, 29551.25, 29561.00, 29529.00, 29549.75, 4500, 4228, 29547.75, 29546.58, 29545.00, 2342, 2158, 0.00, 29566.00
2026-7-7, 13:24:16.725003, 29549.50, 29555.00, 29500.00, 29517.00, 4500, 3962, 29530.38, 29524.00, 29527.50, 2587, 1913, 0.00, 29560.00
2026-7-7, 13:30:29.370000, 29516.75, 29531.50, 29489.00, 29502.75, 4500, 4000, 29510.00, 29507.75, 29510.25, 2286, 2214, 0.00, 0.00
2026-7-7, 13:36:58.633000, 29502.25, 29513.75, 29452.75, 29469.50, 4500, 4061, 29484.56, 29478.67, 29483.25, 2361, 2139, 0.00, 0.00
2026-7-7, 13:44:22.735001, 29469.50, 29485.00, 29418.75, 29424.75, 4500, 3958, 29449.50, 29442.83, 29451.88, 2342, 2158, 0.00, 0.00
2026-7-7, 13:49:23.138000, 29425.00, 29456.75, 29403.50, 29416.00, 4500, 4203, 29425.31, 29425.42, 29430.13, 2372, 2128, 0.00, 0.00
2026-7-7, 13:52:51.575001, 29416.00, 29426.75, 29395.00, 29402.00, 4500, 4072, 29409.94, 29407.92, 29410.88, 2337, 2163, 0.00, 0.00
2026-7-7, 13:57:33.187006, 29402.00, 29410.00, 29353.25, 29369.50, 4500, 4087, 29383.69, 29377.58, 29381.63, 2444, 2056, 0.00, 0.00
2026-7-7, 14:01:54.088007, 29369.00, 29410.00, 29357.00, 29376.50, 4500, 4275, 29378.13, 29381.17, 29383.50, 2254, 2246, 29352.00, 0.00
2026-7-7, 14:07:00.992001, 29376.25, 29376.75, 29318.50, 29330.00, 4500, 4230, 29350.38, 29341.75, 29347.63, 2448, 2052, 0.00, 0.00
2026-7-7, 14:11:58.044001, 29330.00, 29349.00, 29294.75, 29295.00, 4500, 4255, 29317.19, 29312.92, 29321.88, 2314, 2186, 0.00, 0.00
2026-7-7, 14:17:31.267000, 29295.00, 29323.50, 29271.00, 29308.25, 4500, 4163, 29299.44, 29300.92, 29297.25, 2157, 2343, 29266.00, 0.00
2026-7-7, 14:21:01.968000, 29308.00, 29324.50, 29280.75, 29302.50, 4500, 4255, 29303.94, 29302.58, 29302.63, 2362, 2138, 0.00, 0.00
2026-7-7, 14:27:18.080000, 29302.50, 29368.25, 29301.00, 29364.75, 4500, 4223, 29334.13, 29344.67, 29334.63, 2095, 2405, 0.00, 0.00
2026-7-7, 14:31:10.201000, 29365.00, 29371.75, 29340.50, 29340.50, 4500, 4136, 29354.44, 29350.92, 29356.13, 2291, 2209, 0.00, 0.00
2026-7-7, 14:35:44.360002, 29340.25, 29351.25, 29303.75, 29315.25, 4500, 4189, 29327.63, 29323.42, 29327.50, 2339, 2161, 0.00, 0.00
2026-7-7, 14:41:38.975000, 29315.00, 29336.75, 29305.25, 29330.25, 4500, 4166, 29321.81, 29324.08, 29321.00, 2251, 2249, 29300.25, 0.00
2026-7-7, 14:48:58.524000, 29330.25, 29367.25, 29318.50, 29336.75, 4500, 4175, 29338.19, 29340.83, 29342.88, 2331, 2169, 0.00, 0.00
2026-7-7, 14:53:12.962000, 29336.75, 29391.75, 29336.25, 29387.00, 4500, 4203, 29362.94, 29371.67, 29364.00, 2163, 2337, 29331.25, 0.00
2026-7-7, 14:56:06.765003, 29387.00, 29392.25, 29367.50, 29389.75, 4500, 4175, 29384.13, 29383.17, 29379.88, 2333, 2167, 0.00, 0.00
2026-7-7, 14:59:04.679008, 29389.75, 29399.00, 29382.50, 29390.75, 4500, 4034, 29390.50, 29390.75, 29390.75, 2529, 1971, 0.00, 0.00
2026-7-7, 14:59:49.935000, 29390.50, 29400.00, 29384.00, 29395.75, 4500, 3962, 29392.56, 29393.25, 29392.00, 2359, 2141, 0.00, 0.00
2026-7-7, 15:00:00.420001, 29395.75, 29413.75, 29387.75, 29398.75, 4500, 4239, 29399.00, 29400.08, 29400.75, 2038, 2462, 29382.75, 0.00
2026-7-7, 15:01:35.404000, 29398.25, 29431.00, 29395.00, 29429.50, 4500, 4034, 29413.44, 29418.50, 29413.00, 2273, 2227, 29390.00, 0.00
2026-7-7, 15:07:52.090000, 29428.75, 29437.25, 29393.25, 29407.50, 4500, 3966, 29416.69, 29412.67, 29415.25, 2425, 2075, 29388.25, 0.00
2026-7-7, 15:24:16.471001, 29407.50, 29424.75, 29319.50, 29359.50, 4500, 4210, 29377.81, 29367.92, 29372.13, 2205, 2295, 0.00, 0.00
2026-7-7, 17:03:44.060000, 29360.00, 29400.00, 29344.50, 29391.00, 4500, 4076, 29373.88, 29378.50, 29372.25, 2165, 2335, 0.00, 0.00
2026-7-7, 18:01:46.261000, 29391.00, 29407.00, 29334.25, 29338.25, 4500, 4196, 29367.63, 29359.83, 29370.63, 2268, 2232, 0.00, 0.00
2026-7-7, 18:47:23.151000, 29339.75, 29371.75, 29266.00, 29365.00, 4500, 4194, 29335.63, 29334.25, 29318.88, 2117, 2383, 0.00, 0.00
2026-7-7, 19:06:33.334001, 29365.00, 29444.50, 29360.00, 29444.50, 4500, 4175, 29403.50, 29416.33, 29402.25, 2157, 2343, 0.00, 29449.50
2026-7-7, 19:22:20.033000, 29443.75, 29477.50, 29407.25, 29476.75, 4500, 4090, 29451.31, 29453.83, 29442.38, 2364, 2136, 0.00, 29482.50
2026-7-7, 19:39:55.310000, 29477.00, 29544.00, 29475.75, 29542.50, 4500, 4101, 29509.81, 29520.75, 29509.88, 2147, 2353, 0.00, 0.00
2026-7-7, 19:59:18.658009, 29542.50, 29558.75, 29495.00, 29510.00, 4500, 3966, 29526.56, 29521.25, 29526.88, 2255, 2245, 0.00, 29563.75
2026-7-7, 20:21:39.989001, 29510.00, 29526.75, 29427.00, 29470.25, 4500, 4198, 29483.50, 29474.67, 29476.88, 2377, 2123, 0.00, 29531.75
2026-7-7, 20:45:37.353001, 29470.50, 29485.25, 29388.00, 29418.75, 4500, 4179, 29440.63, 29430.67, 29436.63, 2285, 2215, 0.00, 0.00
2026-7-7, 21:19:14.140000, 29418.75, 29475.00, 29399.75, 29460.00, 4500, 4271, 29438.38, 29444.92, 29437.38, 2265, 2235, 29394.75, 0.00
2026-7-7, 21:56:17.264001, 29460.00, 29532.25, 29452.00, 29490.25, 4500, 4120, 29483.63, 29491.50, 29492.13, 2238, 2262, 0.00, 0.00
2026-7-7, 22:43:19.796000, 29490.75, 29496.25, 29426.25, 29428.50, 4500, 4256, 29460.44, 29450.33, 29461.25, 2320, 2180, 0.00, 0.00
2026-7-7, 23:31:39.424004, 29428.50, 29447.25, 29376.75, 29421.25, 4500, 4217, 29418.44, 29415.08, 29412.00, 2311, 2189, 0.00, 0.00
2026-7-8, 00:10:54.192000, 29421.00, 29432.00, 29311.75, 29318.25, 4500, 4150, 29370.75, 29354.00, 29371.88, 2428, 2072, 0.00, 0.00
2026-7-8, 00:50:27.935000, 29317.50, 29363.50, 29315.25, 29335.25, 4500, 4116, 29332.88, 29338.00, 29339.38, 2368, 2132, 0.00, 0.00
2026-7-8, 01:21:50.285000, 29335.25, 29358.75, 29282.25, 29328.50, 4500, 4197, 29326.19, 29323.17, 29320.50, 2322, 2178, 29277.25, 0.00
2026-7-8, 02:00:00.140002, 29328.25, 29379.25, 29281.00, 29377.25, 4500, 4167, 29341.44, 29345.83, 29330.13, 2140, 2360, 0.00, 0.00
2026-7-8, 02:31:00.895000, 29379.00, 29409.50, 29348.25, 29351.25, 4500, 4086, 29372.00, 29369.67, 29378.88, 2235, 2265, 0.00, 0.00
2026-7-8, 03:05:11.005002, 29351.25, 29414.75, 29252.50, 29275.75, 4500, 4153, 29323.56, 29314.33, 29333.63, 2402, 2098, 0.00, 29419.75
2026-7-8, 03:19:42.160000, 29274.25, 29290.00, 29085.50, 29087.50, 4500, 3833, 29184.31, 29154.33, 29187.75, 2713, 1787, 0.00, 29295.00
2026-7-8, 03:25:23.499000, 29087.75, 29136.00, 29035.00, 29062.50, 4500, 4007, 29080.31, 29077.83, 29085.50, 2213, 2287, 29030.00, 0.00
2026-7-8, 03:32:25.552000, 29063.00, 29103.50, 28974.25, 28974.75, 4500, 3899, 29028.88, 29017.50, 29038.88, 2620, 1880, 0.00, 0.00
2026-7-8, 03:40:06.454000, 28972.50, 29053.50, 28957.25, 29042.00, 4500, 4048, 29006.31, 29017.58, 29005.38, 2165, 2335, 28952.25, 0.00
2026-7-8, 03:50:46.243001, 29041.75, 29099.00, 28989.75, 29018.25, 4500, 4035, 29037.19, 29035.67, 29044.38, 2388, 2112, 28984.75, 0.00
2026-7-8, 04:01:58.137000, 29019.50, 29034.00, 28931.00, 28933.00, 4500, 3938, 28979.38, 28966.00, 28982.50, 2419, 2081, 28926.00, 0.00
2026-7-8, 04:14:17.363016, 28933.00, 28995.00, 28909.75, 28990.00, 4500, 3980, 28956.94, 28964.92, 28952.38, 2094, 2406, 28904.75, 0.00
2026-7-8, 04:34:22.619001, 28990.00, 29011.00, 28947.25, 28976.50, 4500, 4127, 28981.19, 28978.25, 28979.13, 2255, 2245, 0.00, 0.00
2026-7-8, 05:00:12.332000, 28977.50, 29013.00, 28922.75, 29013.00, 4500, 4056, 28981.56, 28982.92, 28967.88, 2090, 2410, 28917.75, 0.00
2026-7-8, 05:28:47.442002, 29013.00, 29063.00, 28996.00, 29038.00, 4500, 4006, 29027.50, 29032.33, 29029.50, 2106, 2394, 28991.00, 0.00
2026-7-8, 05:57:32.338000, 29037.75, 29041.50, 28977.00, 28989.50, 4500, 4202, 29011.44, 29002.67, 29009.25, 2316, 2184, 0.00, 0.00
2026-7-8, 06:23:14.884000, 28987.25, 29124.75, 28973.00, 29095.75, 4500, 4194, 29045.19, 29064.50, 29048.88, 2037, 2463, 28968.00, 0.00
2026-7-8, 06:44:38.757005, 29095.75, 29114.75, 29053.00, 29062.25, 4500, 3957, 29081.44, 29076.67, 29083.88, 2281, 2219, 0.00, 0.00
2026-7-8, 07:00:32.101000, 29062.25, 29184.25, 29054.25, 29169.75, 4500, 3993, 29117.63, 29136.08, 29119.25, 2017, 2483, 29049.25, 0.00
2026-7-8, 07:11:21.619000, 29169.75, 29188.50, 29124.75, 29187.75, 4500, 3917, 29167.69, 29167.00, 29156.63, 2491, 2009, 0.00, 0.00
2026-7-8, 07:31:37.516004, 29188.00, 29215.00, 29145.75, 29214.75, 4500, 3884, 29190.88, 29191.83, 29180.38, 2168, 2332, 0.00, 0.00
2026-7-8, 07:54:32.955000, 29214.50, 29239.50, 29148.00, 29183.75, 4500, 4220, 29196.44, 29190.42, 29193.75, 2327, 2173, 0.00, 29244.50
2026-7-8, 08:03:27.426000, 29182.25, 29221.75, 29157.50, 29211.00, 4500, 4228, 29193.13, 29196.75, 29189.63, 2097, 2403, 0.00, 0.00
2026-7-8, 08:17:14.667009, 29211.25, 29226.00, 29154.00, 29180.50, 4500, 4162, 29192.94, 29186.83, 29190.00, 2419, 2081, 0.00, 29231.00
2026-7-8, 08:27:47.772000, 29180.00, 29230.00, 29174.75, 29202.25, 2802, 2514, 29196.75, 29202.33, 29202.38, 1328, 1474, 0.00, 0.00
2026-7-8, 08:30:00.000000, 29202.75, 29277.50, 29201.00, 29238.00, 4500, 4140, 29229.81, 29238.83, 29239.25, 2108, 2392, 0.00, 0.00
2026-7-8, 08:30:43.118001, 29237.75, 29300.00, 29222.25, 29292.00, 4500, 4160, 29263.00, 29271.42, 29261.13, 2199, 2301, 0.00, 0.00
2026-7-8, 08:31:59.061003, 29292.00, 29327.50, 29282.50, 29295.00, 4500, 4215, 29299.25, 29301.67, 29305.00, 2328, 2172, 0.00, 0.00
2026-7-8, 08:33:33.029001, 29295.00, 29330.50, 29283.25, 29301.25, 4500, 4155, 29302.50, 29305.00, 29306.88, 2301, 2199, 0.00, 0.00
2026-7-8, 08:35:40.578010, 29301.25, 29338.00, 29260.00, 29283.00, 4500, 4166, 29295.56, 29293.67, 29299.00, 2313, 2187, 0.00, 0.00
2026-7-8, 08:37:36.397004, 29283.00, 29335.25, 29254.50, 29335.25, 4500, 4173, 29302.00, 29308.33, 29294.88, 2172, 2328, 0.00, 0.00
2026-7-8, 08:40:08.551002, 29335.50, 29385.00, 29335.50, 29384.75, 4500, 4042, 29360.19, 29368.42, 29360.25, 2130, 2370, 0.00, 0.00
2026-7-8, 08:41:41.653004, 29384.75, 29385.00, 29329.75, 29361.50, 4500, 4075, 29365.25, 29358.75, 29357.38, 2402, 2098, 0.00, 0.00
2026-7-8, 08:44:28.986000, 29361.25, 29397.00, 29340.25, 29394.25, 4500, 4191, 29373.19, 29377.17, 29368.63, 2118, 2382, 0.00, 0.00
2026-7-8, 08:47:04.687000, 29395.50, 29399.00, 29305.00, 29306.50, 4500, 4168, 29351.50, 29336.83, 29352.00, 2556, 1944, 0.00, 0.00
2026-7-8, 08:49:39.015003, 29306.25, 29374.25, 29287.75, 29345.00, 4500, 4174, 29328.31, 29335.67, 29331.00, 2164, 2336, 0.00, 0.00
2026-7-8, 08:51:55.313001, 29344.25, 29363.00, 29292.25, 29314.50, 4500, 4257, 29328.50, 29323.25, 29327.63, 2331, 2169, 0.00, 0.00
2026-7-8, 08:55:44.461003, 29314.50, 29394.75, 29291.00, 29383.50, 4500, 4145, 29345.94, 29356.42, 29342.88, 2150, 2350, 0.00, 0.00
2026-7-8, 08:59:15.442000, 29383.50, 29389.25, 29335.75, 29345.50, 4500, 4345, 29363.50, 29356.83, 29362.50, 2544, 1956, 0.00, 0.00
2026-7-8, 09:01:51.023002, 29345.25, 29354.00, 29297.50, 29333.00, 4500, 4185, 29332.44, 29328.17, 29325.75, 2287, 2213, 0.00, 0.00
2026-7-8, 09:05:10.194000, 29332.75, 29348.00, 29301.50, 29326.75, 4500, 4253, 29327.25, 29325.42, 29324.75, 2459, 2041, 0.00, 0.00
2026-7-8, 09:10:10.524000, 29326.50, 29327.00, 29245.75, 29258.75, 4500, 4171, 29289.50, 29277.17, 29286.38, 2580, 1920, 0.00, 0.00
2026-7-8, 09:13:05.275000, 29259.00, 29299.25, 29235.25, 29253.00, 4500, 4134, 29261.63, 29262.50, 29267.25, 2249, 2251, 0.00, 0.00
2026-7-8, 09:16:11.426002, 29253.00, 29316.00, 29243.75, 29277.75, 4500, 4127, 29272.63, 29279.17, 29279.88, 2192, 2308, 0.00, 0.00
2026-7-8, 09:19:53.326002, 29277.50, 29373.00, 29268.25, 29339.25, 4500, 4179, 29314.50, 29326.83, 29320.63, 2086, 2414, 0.00, 0.00
2026-7-8, 09:22:42.471001, 29339.25, 29367.75, 29298.00, 29300.00, 4500, 4126, 29326.25, 29321.92, 29332.88, 2454, 2046, 0.00, 0.00
2026-7-8, 09:27:05.101000, 29299.00, 29324.00, 29254.25, 29293.75, 4500, 4201, 29292.75, 29290.67, 29289.13, 2281, 2219, 0.00, 0.00
2026-7-8, 09:31:13.515001, 29294.00, 29335.25, 29264.00, 29300.00, 4500, 4124, 29298.31, 29299.75, 29299.63, 2241, 2259, 0.00, 0.00
2026-7-8, 09:35:05.112000, 29300.50, 29310.75, 29244.00, 29264.25, 4500, 4147, 29279.88, 29273.00, 29277.38, 2286, 2214, 0.00, 0.00
2026-7-8, 09:38:51.363000, 29263.75, 29282.25, 29242.50, 29246.25, 4500, 4152, 29258.69, 29257.00, 29262.38, 2506, 1994, 0.00, 0.00
2026-7-8, 09:42:57.141000, 29245.25, 29266.00, 29209.25, 29216.75, 4500, 4053, 29234.31, 29230.67, 29237.63, 2354, 2146, 0.00, 0.00
2026-7-8, 09:45:52.413000, 29217.25, 29240.00, 29177.75, 29188.25, 4500, 4105, 29205.81, 29202.00, 29208.88, 2395, 2105, 0.00, 0.00
2026-7-8, 09:49:26.590000, 29187.00, 29215.75, 29151.00, 29215.25, 4500, 4085, 29192.25, 29194.00, 29183.38, 2273, 2227, 0.00, 0.00
2026-7-8, 09:52:29.784002, 29215.50, 29297.50, 29210.75, 29259.75, 4500, 4154, 29245.88, 29256.00, 29254.13, 2058, 2442, 0.00, 0.00
2026-7-8, 09:54:40.544001, 29259.75, 29289.50, 29216.00, 29236.25, 4500, 4167, 29250.38, 29247.25, 29252.75, 2304, 2196, 0.00, 0.00
2026-7-8, 09:57:54.087000, 29234.50, 29239.00, 29187.00, 29207.25, 4500, 4201, 29216.94, 29211.08, 29213.00, 2345, 2155, 0.00, 0.00
2026-7-8, 10:03:47.817000, 29206.25, 29223.25, 29178.75, 29193.00, 4500, 4243, 29200.31, 29198.33, 29201.00, 2344, 2156, 0.00, 0.00
2026-7-8, 10:10:04.923000, 29193.00, 29210.25, 29131.00, 29143.25, 4500, 4045, 29169.38, 29161.50, 29170.63, 2385, 2115, 0.00, 0.00
2026-7-8, 10:14:42.955002, 29143.25, 29161.75, 29093.00, 29114.25, 4500, 4151, 29128.06, 29123.00, 29127.38, 2455, 2045, 0.00, 0.00
2026-7-8, 10:18:30.963000, 29114.25, 29161.25, 29086.25, 29087.50, 4500, 4145, 29112.31, 29111.67, 29123.75, 2399, 2101, 0.00, 0.00
2026-7-8, 10:22:52.671000, 29087.50, 29092.75, 29034.50, 29034.50, 4500, 4212, 29062.31, 29053.92, 29063.63, 2398, 2102, 0.00, 0.00
2026-7-8, 10:26:36.012000, 29035.25, 29075.00, 29034.75, 29055.25, 4500, 4061, 29050.06, 29055.00, 29054.88, 2100, 2400, 0.00, 0.00
2026-7-8, 10:30:16.174000, 29054.25, 29106.75, 29034.00, 29088.50, 4500, 4119, 29070.88, 29076.42, 29070.38, 2202, 2298, 0.00, 0.00
2026-7-8, 10:34:07.923000, 29089.50, 29153.00, 29084.00, 29132.00, 4500, 4053, 29114.63, 29123.00, 29118.50, 2306, 2194, 0.00, 0.00
2026-7-8, 10:38:10.482000, 29131.50, 29144.75, 29099.50, 29123.50, 4500, 4181, 29124.81, 29122.58, 29122.13, 2410, 2090, 0.00, 0.00
2026-7-8, 10:43:15.122029, 29123.50, 29131.00, 29080.25, 29093.75, 4500, 4200, 29107.13, 29101.67, 29105.63, 2390, 2110, 0.00, 0.00
2026-7-8, 10:49:28.920002, 29093.75, 29102.00, 29051.25, 29097.50, 4500, 4079, 29086.13, 29083.58, 29076.63, 2257, 2243, 0.00, 0.00
2026-7-8, 10:55:38.117000, 29098.25, 29143.25, 29061.00, 29129.00, 4500, 4205, 29107.88, 29111.08, 29102.13, 2194, 2306, 0.00, 0.00
2026-7-8, 11:01:26.895000, 29128.50, 29167.75, 29112.50, 29149.50, 4500, 4160, 29139.56, 29143.25, 29140.13, 2182, 2318, 0.00, 0.00
2026-7-8, 11:07:10.920000, 29149.00, 29211.00, 29125.75, 29188.75, 4500, 4025, 29168.63, 29175.17, 29168.38, 2191, 2309, 0.00, 0.00
2026-7-8, 11:11:46.081003, 29188.75, 29226.50, 29188.75, 29226.50, 4500, 4136, 29207.63, 29213.92, 29207.63, 2067, 2433, 0.00, 0.00
2026-7-8, 11:17:15.709001, 29227.50, 29288.00, 29221.50, 29288.00, 4500, 3886, 29256.25, 29265.83, 29254.75, 2071, 2429, 0.00, 0.00
2026-7-8, 11:22:02.154008, 29288.00, 29298.00, 29250.75, 29277.25, 4500, 4092, 29278.50, 29275.33, 29274.38, 2281, 2219, 0.00, 29303.00
2026-7-8, 11:26:21.175000, 29277.50, 29331.75, 29269.50, 29326.00, 4500, 4169, 29301.19, 29309.08, 29300.63, 1939, 2561, 0.00, 0.00
2026-7-8, 11:31:07.082000, 29326.25, 29327.50, 29270.25, 29291.25, 4500, 4103, 29303.81, 29296.33, 29298.88, 2297, 2203, 29265.25, 0.00
2026-7-8, 11:35:18.458003, 29291.50, 29316.00, 29245.50, 29279.00, 4500, 4111, 29283.00, 29280.17, 29280.75, 2183, 2317, 0.00, 0.00
2026-7-8, 11:39:44.661000, 29278.75, 29350.00, 29273.25, 29332.75, 4500, 4195, 29308.69, 29318.67, 29311.63, 2035, 2465, 0.00, 0.00
2026-7-8, 11:43:45.205000, 29333.00, 29361.75, 29309.75, 29353.50, 4500, 4070, 29339.50, 29341.67, 29335.75, 2089, 2411, 0.00, 0.00
2026-7-8, 11:50:40.222000, 29353.75, 29373.50, 29332.50, 29360.50, 4500, 4115, 29355.06, 29355.50, 29353.00, 2194, 2306, 0.00, 0.00
2026-7-8, 11:56:06.799003, 29360.75, 29377.00, 29343.75, 29349.00, 4500, 4028, 29357.63, 29356.58, 29360.38, 2314, 2186, 0.00, 0.00
2026-7-8, 12:03:55.783003, 29349.00, 29389.75, 29340.00, 29340.50, 4500, 4029, 29354.81, 29356.75, 29364.88, 2186, 2314, 0.00, 0.00
2026-7-8, 12:11:06.072001, 29340.50, 29367.50, 29334.75, 29365.75, 4500, 4108, 29352.13, 29356.00, 29351.13, 2097, 2403, 0.00, 0.00
2026-7-8, 12:19:15.144001, 29365.75, 29418.75, 29365.00, 29411.75, 4500, 4178, 29390.31, 29398.50, 29391.88, 2034, 2466, 0.00, 0.00
2026-7-8, 12:24:33.899000, 29411.50, 29445.25, 29408.00, 29439.50, 4500, 4088, 29426.06, 29430.92, 29426.63, 2177, 2323, 0.00, 0.00
2026-7-8, 12:30:23.882000, 29439.25, 29457.75, 29424.00, 29424.75, 4500, 4072, 29436.44, 29435.50, 29440.88, 2281, 2219, 0.00, 29462.75
2026-7-8, 12:38:56.485000, 29425.75, 29434.25, 29362.50, 29362.50, 4500, 3966, 29396.25, 29386.42, 29398.38, 2498, 2002, 0.00, 29439.25
2026-7-8, 12:45:37.941001, 29362.50, 29382.00, 29346.75, 29372.75, 4500, 3970, 29366.00, 29367.17, 29364.38, 2110, 2390, 0.00, 0.00
2026-7-8, 12:52:08.515002, 29372.75, 29390.00, 29324.25, 29349.50, 4500, 4005, 29359.13, 29354.58, 29357.13, 2120, 2380, 0.00, 0.00
2026-7-8, 12:59:24.250002, 29349.25, 29422.75, 29330.00, 29399.50, 4500, 4112, 29375.38, 29384.08, 29376.38, 2174, 2326, 0.00, 0.00
2026-7-8, 13:05:08.587002, 29399.50, 29429.25, 29375.75, 29419.50, 4500, 4109, 29406.00, 29408.17, 29402.50, 2186, 2314, 0.00, 0.00
2026-7-8, 13:14:29.526004, 29419.50, 29419.50, 29381.25, 29385.75, 4500, 4186, 29401.50, 29395.50, 29400.38, 2412, 2088, 0.00, 0.00
2026-7-8, 13:25:05.758002, 29385.75, 29406.75, 29347.50, 29358.50, 4500, 4228, 29374.63, 29370.92, 29377.13, 2404, 2096, 0.00, 0.00
2026-7-8, 13:35:00.005004, 29358.50, 29417.75, 29355.25, 29381.50, 4500, 4146, 29378.25, 29384.83, 29386.50, 2271, 2229, 0.00, 0.00
2026-7-8, 13:43:17.546000, 29381.25, 29424.25, 29380.25, 29409.50, 4500, 4256, 29398.81, 29404.67, 29402.25, 2103, 2397, 0.00, 0.00
2026-7-8, 13:53:36.280000, 29409.50, 29437.25, 29383.00, 29403.75, 4500, 4183, 29408.38, 29408.00, 29410.13, 2195, 2305, 0.00, 0.00
2026-7-8, 14:01:58.686001, 29403.50, 29413.75, 29375.75, 29402.50, 4500, 4226, 29398.88, 29397.33, 29394.75, 2348, 2152, 0.00, 0.00
2026-7-8, 14:11:22.895000, 29403.50, 29414.25, 29380.00, 29413.50, 4500, 4000, 29402.81, 29402.58, 29397.13, 2259, 2241, 0.00, 0.00
2026-7-8, 14:21:34.248000, 29413.00, 29438.75, 29396.50, 29402.00, 4500, 4076, 29412.56, 29412.42, 29417.63, 2178, 2322, 0.00, 0.00
2026-7-8, 14:30:58.185000, 29401.00, 29427.50, 29388.50, 29401.00, 4500, 4291, 29404.50, 29405.67, 29408.00, 2221, 2279, 0.00, 0.00
2026-7-8, 14:41:57.298000, 29402.00, 29424.00, 29381.00, 29394.50, 4500, 4223, 29400.38, 29399.83, 29402.50, 2266, 2234, 0.00, 0.00
2026-7-8, 14:50:00.526000, 29395.75, 29459.50, 29388.00, 29458.75, 4500, 4232, 29425.50, 29435.42, 29423.75, 2059, 2441, 0.00, 0.00
2026-7-8, 14:54:50.411003, 29458.75, 29498.00, 29450.50, 29489.00, 4500, 4117, 29474.06, 29479.17, 29474.25, 2155, 2345, 0.00, 0.00
2026-7-8, 14:58:00.330000, 29488.25, 29500.00, 29472.25, 29474.00, 4500, 3903, 29483.63, 29482.08, 29486.13, 2492, 2008, 0.00, 0.00
2026-7-8, 14:59:40.724011, 29474.25, 29474.50, 29456.75, 29463.75, 4500, 4012, 29467.31, 29465.00, 29465.63, 2545, 1955, 0.00, 0.00
2026-7-8, 14:59:59.278002, 29463.75, 29468.50, 29430.75, 29434.00, 4500, 4247, 29449.25, 29444.42, 29449.63, 2388, 2112, 0.00, 0.00
2026-7-8, 15:01:38.904000, 29434.75, 29449.25, 29403.75, 29420.75, 4500, 4196, 29427.13, 29424.58, 29426.50, 2260, 2240, 29398.75, 0.00
2026-7-8, 15:15:09.641000, 29419.50, 29422.00, 29353.25, 29360.00, 4500, 4254, 29388.69, 29378.42, 29387.63, 2341, 2159, 0.00, 0.00
2026-7-8, 15:36:32.300004, 29360.00, 29446.00, 29357.25, 29418.75, 4500, 4184, 29395.50, 29407.33, 29401.63, 2330, 2170, 0.00, 0.00
2026-7-8, 17:07:14.873000, 29420.75, 29457.50, 29395.00, 29405.00, 4500, 4263, 29419.56, 29419.17, 29426.25, 2267, 2233, 0.00, 29462.50
2026-7-8, 18:22:58.169000, 29406.00, 29526.50, 29397.75, 29526.50, 4500, 4210, 29464.19, 29483.58, 29462.13, 1817, 2683, 29392.75, 0.00
2026-7-8, 19:00:43.768000, 29525.25, 29567.75, 29499.25, 29523.50, 4500, 3987, 29528.94, 29530.17, 29533.50, 2077, 2423, 0.00, 0.00
2026-7-8, 19:19:08.746003, 29523.25, 29583.00, 29512.50, 29545.00, 4500, 4165, 29540.94, 29546.83, 29547.75, 2285, 2215, 0.00, 29588.00
2026-7-8, 19:49:02.499005, 29545.25, 29562.75, 29462.75, 29528.25, 4500, 4159, 29524.75, 29517.92, 29512.75, 2346, 2154, 0.00, 29567.75
2026-7-8, 20:11:54.517000, 29529.25, 29555.25, 29455.25, 29455.25, 4500, 4049, 29498.75, 29488.58, 29505.25, 2336, 2164, 0.00, 29560.25
2026-7-8, 20:55:08.167000, 29455.75, 29536.50, 29426.00, 29535.50, 4500, 3972, 29488.44, 29499.33, 29481.25, 2169, 2331, 29421.00, 0.00
2026-7-8, 21:15:47.971000, 29536.50, 29579.00, 29461.25, 29461.25, 4500, 4117, 29509.50, 29500.50, 29520.13, 2334, 2166, 0.00, 0.00
2026-7-8, 21:44:52.859008, 29460.75, 29467.75, 29405.00, 29417.25, 4500, 4044, 29437.69, 29430.00, 29436.38, 2229, 2271, 0.00, 0.00
2026-7-8, 22:14:04.549000, 29416.50, 29518.00, 29396.50, 29504.25, 4500, 4235, 29458.81, 29472.92, 29457.25, 2224, 2276, 0.00, 0.00
2026-7-8, 23:12:46.078000, 29503.75, 29563.00, 29462.50, 29524.50, 4500, 3953, 29513.44, 29516.67, 29512.75, 2309, 2191, 29457.50, 0.00
2026-7-9, 00:06:40.465000, 29523.25, 29597.00, 29474.75, 29533.50, 4500, 4166, 29532.13, 29535.08, 29535.88, 2233, 2267, 29469.75, 0.00
2026-7-9, 00:35:41.867000, 29535.00, 29616.50, 29511.75, 29606.00, 4500, 3948, 29567.31, 29578.08, 29564.13, 2203, 2297, 29506.75, 0.00
2026-7-9, 01:09:30.069001, 29606.00, 29644.25, 29588.00, 29620.75, 4500, 4039, 29614.75, 29617.67, 29616.13, 2268, 2232, 29583.00, 0.00
2026-7-9, 01:47:26.621004, 29620.75, 29660.00, 29601.50, 29653.75, 4500, 3864, 29634.00, 29638.42, 29630.75, 2099, 2401, 0.00, 0.00
2026-7-9, 02:20:08.777000, 29652.50, 29706.75, 29639.75, 29694.75, 4500, 3811, 29673.44, 29680.42, 29673.25, 2143, 2357, 0.00, 29711.75
2026-7-9, 02:54:43.123001, 29694.75, 29735.75, 29664.00, 29705.50, 4500, 3989, 29700.00, 29701.75, 29699.88, 2326, 2174, 0.00, 0.00
2026-7-9, 03:25:54.123000, 29706.25, 29722.25, 29629.00, 29641.50, 4500, 4031, 29674.75, 29664.25, 29675.63, 2217, 2283, 29624.00, 0.00
2026-7-9, 04:15:18.475000, 29640.75, 29669.00, 29613.75, 29657.25, 4500, 4062, 29645.19, 29646.67, 29641.38, 2259, 2241, 29608.75, 0.00
2026-7-9, 05:21:46.023000, 29657.75, 29663.00, 29564.50, 29617.75, 4500, 4061, 29625.75, 29615.08, 29613.75, 2346, 2154, 0.00, 0.00
2026-7-9, 06:00:42.601012, 29617.75, 29665.00, 29579.00, 29665.00, 4500, 4183, 29631.69, 29636.33, 29622.00, 2188, 2312, 29574.00, 0.00
2026-7-9, 06:33:30.765000, 29665.00, 29721.75, 29650.00, 29704.00, 4500, 3969, 29685.19, 29691.92, 29685.88, 2151, 2349, 29645.00, 0.00
2026-7-9, 06:58:15.826000, 29704.25, 29732.75, 29681.00, 29720.25, 4500, 3800, 29709.56, 29711.33, 29706.88, 2098, 2402, 29676.00, 0.00
2026-7-9, 07:22:17.300000, 29719.00, 29781.50, 29712.00, 29774.75, 4500, 3931, 29746.81, 29756.08, 29746.75, 1991, 2509, 29707.00, 0.00
2026-7-9, 07:39:40.256000, 29775.75, 29786.50, 29715.25, 29736.50, 4500, 4133, 29753.50, 29746.08, 29750.88, 2324, 2176, 0.00, 29791.50
2026-7-9, 07:56:12.394000, 29737.25, 29759.50, 29725.25, 29753.00, 4500, 3917, 29743.75, 29745.92, 29742.38, 2154, 2346, 0.00, 0.00
2026-7-9, 08:17:52.465000, 29752.50, 29758.00, 29726.75, 29736.00, 4500, 4014, 29743.31, 29740.25, 29742.38, 2326, 2174, 0.00, 29763.00
2026-7-9, 08:29:46.586000, 29736.25, 29747.00, 29733.25, 29745.25, 405, 372, 29740.44, 29741.83, 29740.13, 206, 199, 0.00, 0.00
2026-7-9, 08:30:00.000000, 29746.75, 29755.00, 29686.50, 29688.00, 4500, 4119, 29719.06, 29709.83, 29720.75, 2510, 1990, 0.00, 0.00
2026-7-9, 08:30:48.226000, 29688.50, 29731.50, 29672.00, 29693.00, 4500, 4227, 29696.25, 29698.83, 29701.75, 2262, 2238, 0.00, 0.00
2026-7-9, 08:32:27.774001, 29693.25, 29774.50, 29679.25, 29774.50, 4500, 4093, 29730.38, 29742.75, 29726.88, 1890, 2610, 0.00, 0.00
2026-7-9, 08:34:50.456001, 29774.50, 29819.00, 29767.25, 29819.00, 4500, 4102, 29794.94, 29801.75, 29793.13, 1983, 2517, 0.00, 0.00
2026-7-9, 08:36:45.003000, 29818.00, 29863.00, 29799.00, 29845.50, 4500, 4243, 29831.38, 29835.83, 29831.00, 1988, 2512, 0.00, 0.00
2026-7-9, 08:39:01.095000, 29846.00, 29860.25, 29811.75, 29829.50, 4500, 4143, 29836.88, 29833.83, 29836.00, 2370, 2130, 0.00, 0.00
2026-7-9, 08:41:13.743000, 29829.50, 29871.25, 29818.50, 29863.50, 4500, 4277, 29845.69, 29851.08, 29844.88, 2134, 2366, 0.00, 0.00
2026-7-9, 08:43:41.243000, 29863.75, 29885.50, 29844.50, 29871.25, 4500, 4324, 29866.25, 29867.08, 29865.00, 2115, 2385, 0.00, 0.00
2026-7-9, 08:45:46.307000, 29871.00, 29891.75, 29860.75, 29863.00, 4500, 4239, 29871.63, 29871.83, 29876.25, 2202, 2298, 0.00, 0.00
2026-7-9, 08:48:13.257001, 29862.75, 29874.25, 29808.50, 29824.75, 4500, 4231, 29842.56, 29835.83, 29841.38, 2413, 2087, 0.00, 0.00
2026-7-9, 08:50:08.660000, 29825.50, 29904.00, 29817.50, 29902.25, 4500, 4162, 29862.31, 29874.58, 29860.75, 1935, 2565, 0.00, 0.00
2026-7-9, 08:52:19.262000, 29902.25, 29916.75, 29882.00, 29905.25, 4500, 4218, 29901.56, 29901.33, 29899.38, 2233, 2267, 0.00, 0.00
2026-7-9, 08:55:01.756000, 29905.50, 29931.25, 29897.50, 29918.25, 4500, 4262, 29913.13, 29915.67, 29914.38, 2251, 2249, 0.00, 0.00
2026-7-9, 08:59:04.086000, 29918.25, 29922.75, 29887.75, 29906.75, 4500, 4141, 29908.88, 29905.75, 29905.25, 2269, 2231, 0.00, 0.00
2026-7-9, 09:02:47.773004, 29906.75, 29922.25, 29881.50, 29883.00, 4500, 4274, 29898.38, 29895.58, 29901.88, 2361, 2139, 0.00, 0.00
2026-7-9, 09:07:00.461000, 29882.25, 29888.00, 29846.25, 29851.25, 4500, 4248, 29866.94, 29861.83, 29867.13, 2384, 2116, 0.00, 0.00
2026-7-9, 09:10:03.109001, 29851.25, 29854.50, 29794.00, 29805.75, 4500, 4208, 29826.38, 29818.08, 29824.25, 2402, 2098, 0.00, 0.00
2026-7-9, 09:12:19.391002, 29805.50, 29825.25, 29782.75, 29783.25, 4500, 4164, 29799.19, 29797.08, 29804.00, 2349, 2151, 0.00, 0.00
2026-7-9, 09:15:03.574003, 29783.00, 29783.50, 29703.75, 29708.00, 4500, 4140, 29744.56, 29731.75, 29743.63, 2475, 2025, 0.00, 0.00
2026-7-9, 09:16:08.014000, 29707.25, 29749.50, 29680.25, 29731.50, 4500, 4075, 29717.13, 29720.42, 29714.88, 2178, 2322, 0.00, 0.00
2026-7-9, 09:17:38.952000, 29731.25, 29731.75, 29674.00, 29682.25, 4500, 4244, 29704.81, 29696.00, 29702.88, 2358, 2142, 0.00, 0.00
2026-7-9, 09:20:12.061001, 29682.50, 29684.25, 29614.50, 29647.75, 4500, 4065, 29657.25, 29648.83, 29649.38, 2423, 2077, 0.00, 0.00
2026-7-9, 09:21:36.808001, 29647.50, 29683.25, 29623.50, 29675.50, 4500, 4166, 29657.44, 29660.75, 29653.38, 2173, 2327, 0.00, 0.00
2026-7-9, 09:23:54.811000, 29676.50, 29727.00, 29667.00, 29692.75, 4500, 4167, 29690.81, 29695.58, 29697.00, 2233, 2267, 0.00, 0.00
2026-7-9, 09:26:14.877000, 29692.75, 29777.50, 29688.75, 29773.75, 4500, 4185, 29733.19, 29746.67, 29733.13, 2119, 2381, 0.00, 0.00
2026-7-9, 09:29:04.142015, 29774.00, 29774.75, 29694.25, 29717.25, 4500, 4219, 29740.06, 29728.75, 29734.50, 2520, 1980, 0.00, 0.00
2026-7-9, 09:32:26.350001, 29716.50, 29779.25, 29713.25, 29734.00, 4500, 4182, 29735.75, 29742.17, 29746.25, 2181, 2319, 0.00, 0.00
2026-7-9, 09:37:27.644001, 29733.75, 29795.25, 29726.25, 29792.50, 4500, 4157, 29761.94, 29771.33, 29760.75, 2176, 2324, 0.00, 0.00
2026-7-9, 09:42:28.051001, 29792.50, 29804.50, 29750.50, 29783.25, 4500, 4163, 29782.69, 29779.42, 29777.50, 2320, 2180, 0.00, 0.00
2026-7-9, 09:47:34.856000, 29783.50, 29811.00, 29746.50, 29747.50, 4500, 4214, 29772.13, 29768.33, 29778.75, 2337, 2163, 0.00, 0.00
2026-7-9, 09:52:34.384000, 29747.00, 29785.25, 29723.50, 29773.75, 4500, 4254, 29757.38, 29760.83, 29754.38, 2208, 2292, 0.00, 0.00
2026-7-9, 09:56:44.547000, 29772.50, 29821.25, 29753.25, 29798.00, 4500, 4094, 29786.25, 29790.83, 29787.25, 2078, 2422, 0.00, 0.00
2026-7-9, 10:01:01.688000, 29798.00, 29857.75, 29779.50, 29857.25, 4500, 4165, 29823.13, 29831.50, 29818.63, 2087, 2413, 0.00, 0.00
2026-7-9, 10:06:55.205001, 29856.75, 29864.25, 29829.00, 29841.75, 4500, 4184, 29847.94, 29845.00, 29846.63, 2348, 2152, 0.00, 0.00
2026-7-9, 10:12:28.557007, 29841.75, 29879.00, 29837.25, 29853.00, 4500, 4055, 29852.75, 29856.42, 29858.13, 2121, 2379, 0.00, 0.00
2026-7-9, 10:17:59.900000, 29851.25, 29876.50, 29830.00, 29869.00, 4500, 3965, 29856.69, 29858.50, 29853.25, 2166, 2334, 0.00, 0.00
2026-7-9, 10:23:47.930000, 29868.00, 29886.25, 29863.75, 29875.00, 4500, 4177, 29873.25, 29875.00, 29875.00, 2249, 2251, 0.00, 0.00
2026-7-9, 10:30:39.809000, 29875.25, 29886.25, 29856.25, 29883.75, 4500, 4278, 29875.38, 29875.42, 29871.25, 2275, 2225, 0.00, 29891.25
2026-7-9, 10:40:52.541000, 29884.00, 29899.75, 29871.25, 29887.50, 4500, 4209, 29885.63, 29886.17, 29885.50, 2210, 2290, 0.00, 0.00
2026-7-9, 10:47:55.068000, 29887.50, 29905.25, 29885.75, 29895.75, 4500, 3447, 29893.56, 29895.58, 29895.50, 1863, 2637, 0.00, 0.00
2026-7-9, 10:54:30.547000, 29895.50, 29913.50, 29878.50, 29910.50, 4500, 4200, 29899.50, 29900.83, 29896.00, 2244, 2256, 0.00, 0.00
2026-7-9, 11:02:03.261001, 29910.50, 29924.25, 29903.00, 29904.00, 4500, 4228, 29910.44, 29910.42, 29913.63, 2216, 2284, 0.00, 0.00
2026-7-9, 11:10:59.622004, 29904.00, 29917.00, 29892.50, 29897.50, 4500, 4238, 29902.75, 29902.33, 29904.75, 2388, 2112, 0.00, 0.00
2026-7-9, 11:20:50.004000, 29897.50, 29910.25, 29880.75, 29896.50, 4500, 4096, 29896.25, 29895.83, 29895.50, 2271, 2229, 0.00, 0.00
2026-7-9, 11:30:18.590000, 29897.50, 29912.50, 29864.00, 29873.25, 4500, 4155, 29886.81, 29883.25, 29888.25, 2269, 2231, 0.00, 0.00
2026-7-9, 11:36:51.651001, 29873.25, 29916.50, 29868.75, 29907.50, 4500, 4078, 29891.50, 29897.58, 29892.63, 2136, 2364, 0.00, 0.00
2026-7-9, 11:44:47.257000, 29907.50, 29913.25, 29886.00, 29886.00, 4500, 4155, 29898.19, 29895.08, 29899.63, 2252, 2248, 0.00, 0.00
2026-7-9, 11:57:38.273011, 29886.00, 29937.25, 29885.25, 29937.25, 4500, 4102, 29911.44, 29919.92, 29911.25, 1899, 2601, 0.00, 0.00
2026-7-9, 12:06:47.966116, 29937.25, 29953.25, 29932.75, 29953.00, 4500, 3442, 29944.06, 29946.33, 29943.00, 1666, 2834, 0.00, 0.00
2026-7-9, 12:10:32.076000, 29953.00, 29969.50, 29951.00, 29962.50, 4500, 3644, 29959.00, 29961.00, 29960.25, 1850, 2650, 0.00, 0.00
2026-7-9, 12:15:56.360005, 29962.50, 29989.25, 29961.00, 29981.50, 4500, 4127, 29973.56, 29977.25, 29975.13, 2168, 2332, 0.00, 0.00
2026-7-9, 12:24:13.086000, 29981.75, 29993.50, 29963.75, 29966.25, 4500, 4232, 29976.31, 29974.50, 29978.63, 2308, 2192, 0.00, 0.00
2026-7-9, 12:33:12.826000, 29966.50, 29985.75, 29962.00, 29975.25, 4500, 4264, 29972.38, 29974.33, 29973.88, 2200, 2300, 0.00, 0.00
2026-7-9, 12:46:13.206000, 29975.25, 29992.25, 29950.75, 29955.50, 4500, 4223, 29968.44, 29966.17, 29971.50, 2598, 1902, 0.00, 0.00
2026-7-9, 12:58:31.746000, 29955.25, 29982.75, 29954.25, 29978.25, 4500, 4168, 29967.63, 29971.75, 29968.50, 2296, 2204, 0.00, 0.00
2026-7-9, 13:06:34.798003, 29978.25, 29985.00, 29962.50, 29964.00, 4500, 4229, 29972.44, 29970.50, 29973.75, 2444, 2056, 0.00, 0.00
2026-7-9, 13:20:18.545003, 29964.00, 29967.75, 29942.00, 29947.25, 4500, 4164, 29955.25, 29952.33, 29954.88, 2452, 2048, 0.00, 0.00
2026-7-9, 13:29:04.688001, 29947.25, 29968.25, 29944.00, 29944.00, 4500, 4327, 29950.88, 29952.08, 29956.13, 2399, 2101, 0.00, 0.00
2026-7-9, 13:40:06.513000, 29944.75, 29965.00, 29939.50, 29953.25, 4500, 4286, 29950.63, 29952.58, 29952.25, 2175, 2325, 0.00, 0.00
2026-7-9, 13:52:05.814000, 29953.75, 29955.00, 29926.50, 29927.25, 4500, 4165, 29940.63, 29936.25, 29940.75, 2506, 1994, 0.00, 0.00
2026-7-9, 14:00:30.135000, 29927.25, 29932.50, 29905.25, 29931.00, 4500, 4188, 29924.00, 29922.92, 29918.88, 2409, 2091, 0.00, 0.00
2026-7-9, 14:06:27.394000, 29931.25, 29936.75, 29902.75, 29910.50, 4500, 4198, 29920.31, 29916.67, 29919.75, 2457, 2043, 0.00, 0.00
2026-7-9, 14:15:57.898000, 29911.00, 29958.25, 29911.00, 29946.50, 4500, 4136, 29931.69, 29938.58, 29934.63, 1999, 2501, 0.00, 0.00
2026-7-9, 14:23:05.618004, 29946.50, 29951.50, 29916.00, 29916.00, 4500, 4012, 29932.50, 29927.83, 29933.75, 2523, 1977, 0.00, 0.00
2026-7-9, 14:30:58.616000, 29915.75, 29944.25, 29909.00, 29940.00, 4500, 3999, 29927.25, 29931.08, 29926.63, 2271, 2229, 0.00, 0.00
2026-7-9, 14:39:18.672000, 29940.00, 29952.25, 29925.75, 29943.00, 4500, 4040, 29940.25, 29940.33, 29939.00, 2295, 2205, 0.00, 0.00
2026-7-9, 14:48:37.196001, 29943.00, 29948.00, 29909.00, 29916.50, 4500, 3905, 29929.13, 29924.50, 29928.50, 2436, 2064, 0.00, 0.00
2026-7-9, 14:53:23.204001, 29916.50, 29935.50, 29896.75, 29926.25, 4500, 4128, 29918.75, 29919.50, 29916.13, 2304, 2196, 0.00, 0.00
2026-7-9, 14:56:03.105001, 29926.25, 29954.75, 29922.25, 29940.75, 4500, 4020, 29936.00, 29939.25, 29938.50, 2321, 2179, 0.00, 0.00
2026-7-9, 14:59:15.547002, 29941.00, 29944.00, 29926.75, 29937.50, 4500, 3955, 29937.31, 29936.08, 29935.38, 2334, 2166, 0.00, 0.00
2026-7-9, 14:59:53.517000, 29937.75, 29950.50, 29932.00, 29945.00, 4500, 3867, 29941.31, 29942.50, 29941.25, 2151, 2349, 0.00, 0.00
2026-7-9, 15:00:10.008001, 29945.00, 29962.50, 29943.25, 29952.50, 4500, 4130, 29950.81, 29952.75, 29952.88, 2200, 2300, 0.00, 0.00
2026-7-9, 15:05:36.353000, 29952.25, 29973.75, 29952.25, 29954.75, 4500, 4200, 29958.25, 29960.25, 29963.00, 2259, 2241, 0.00, 0.00
2026-7-9, 15:23:46.274000, 29954.75, 29955.75, 29926.25, 29945.25, 4500, 4053, 29945.50, 29942.42, 29941.00, 2315, 2185, 0.00, 0.00
2026-7-9, 17:00:28.227001, 29945.25, 29961.00, 29904.00, 29918.00, 4500, 4182, 29932.06, 29927.67, 29932.50, 2265, 2235, 0.00, 29966.00
2026-7-9, 18:01:31.310004, 29918.00, 29964.25, 29907.00, 29946.00, 4500, 4270, 29933.81, 29939.08, 29935.63, 2164, 2336, 29902.00, 0.00
2026-7-9, 19:00:31.207000, 29946.50, 29952.00, 29858.00, 29873.25, 4500, 4194, 29907.44, 29894.42, 29905.00, 2367, 2133, 0.00, 29957.00
2026-7-9, 19:17:28.577000, 29873.25, 29890.50, 29804.25, 29822.00, 4500, 4174, 29847.50, 29838.92, 29847.38, 2308, 2192, 0.00, 29895.50
2026-7-9, 19:42:11.364002, 29822.00, 29870.75, 29808.00, 29846.75, 4500, 3474, 29836.88, 29841.83, 29839.38, 1767, 2733, 0.00, 0.00
2026-7-9, 20:02:08.790000, 29846.25, 29887.75, 29817.50, 29885.75, 4500, 4134, 29859.31, 29863.67, 29852.63, 2211, 2289, 0.00, 29892.75
2026-7-9, 20:37:25.916000, 29886.00, 29922.75, 29865.25, 29868.25, 4500, 4013, 29885.56, 29885.42, 29894.00, 2127, 2373, 29860.25, 0.00
2026-7-9, 21:16:14.619000, 29869.00, 29949.00, 29854.25, 29944.75, 4500, 3997, 29904.25, 29916.00, 29901.63, 2025, 2475, 29849.25, 0.00
2026-7-9, 21:53:46.515002, 29944.75, 29963.50, 29912.50, 29935.50, 4500, 4100, 29939.06, 29937.17, 29938.00, 2254, 2246, 0.00, 29968.50
2026-7-9, 23:09:50.722000, 29935.25, 29948.75, 29865.75, 29868.25, 4500, 3980, 29904.50, 29894.25, 29907.25, 2353, 2147, 0.00, 0.00
2026-7-10, 00:10:03.165000, 29867.75, 29897.00, 29839.25, 29848.00, 4500, 4133, 29863.00, 29861.42, 29868.13, 2262, 2238, 29834.25, 0.00
2026-7-10, 01:01:01.629000, 29848.25, 29856.75, 29780.25, 29780.25, 4500, 3764, 29816.38, 29805.75, 29818.50, 2614, 1886, 0.00, 0.00
2026-7-10, 01:25:00.893001, 29780.25, 29832.50, 29775.25, 29824.50, 4500, 4083, 29803.13, 29810.75, 29803.88, 2048, 2452, 29770.25, 0.00
2026-7-10, 01:59:44.613001, 29824.50, 29827.75, 29761.75, 29765.75, 4500, 4265, 29794.94, 29785.08, 29794.75, 2437, 2063, 0.00, 29832.75
2026-7-10, 02:57:30.118002, 29766.00, 29803.75, 29743.75, 29773.00, 4500, 4261, 29771.63, 29773.50, 29773.75, 2244, 2256, 29738.75, 0.00
2026-7-10, 03:35:36.208002, 29773.00, 29799.00, 29717.25, 29791.75, 4500, 3862, 29770.25, 29769.33, 29758.13, 2476, 2024, 29712.25, 0.00
2026-7-10, 04:12:46.741000, 29791.25, 29841.75, 29789.50, 29823.75, 4500, 4200, 29811.56, 29818.33, 29815.63, 2186, 2314, 29784.50, 0.00
2026-7-10, 05:20:36.072000, 29825.25, 29875.25, 29805.50, 29866.00, 4500, 4111, 29843.00, 29848.92, 29840.38, 2230, 2270, 29800.50, 0.00
2026-7-10, 06:05:49.060000, 29866.00, 29887.75, 29811.50, 29827.50, 4500, 4220, 29848.19, 29842.25, 29849.63, 2286, 2214, 29806.50, 0.00
2026-7-10, 06:45:25.840000, 29827.50, 29843.00, 29771.25, 29831.25, 4500, 4057, 29818.25, 29815.17, 29807.13, 2111, 2389, 29766.25, 0.00
2026-7-10, 07:13:43.532000, 29833.00, 29878.75, 29821.00, 29851.25, 4500, 3393, 29846.00, 29850.33, 29849.88, 1802, 2698, 29816.00, 0.00
2026-7-10, 07:29:05.125000, 29852.00, 29860.75, 29816.50, 29821.00, 4500, 3852, 29837.56, 29832.75, 29838.63, 2489, 2011, 0.00, 0.00
2026-7-10, 07:57:13.423005, 29821.00, 29826.50, 29790.50, 29815.75, 4500, 4192, 29813.44, 29810.92, 29808.50, 2258, 2242, 0.00, 0.00
2026-7-10, 08:19:18.114000, 29816.25, 29851.00, 29809.75, 29835.00, 3958, 3573, 29828.00, 29831.92, 29830.38, 1918, 2040, 29804.75, 0.00
2026-7-10, 08:30:00.002000, 29834.75, 29882.75, 29812.50, 29879.25, 4500, 4211, 29852.31, 29858.17, 29847.63, 2220, 2280, 0.00, 0.00
2026-7-10, 08:31:08.252000, 29879.50, 29906.00, 29854.75, 29904.50, 4500, 4215, 29886.19, 29888.42, 29880.38, 2258, 2242, 0.00, 0.00
2026-7-10, 08:32:54.908000, 29905.25, 29926.00, 29893.50, 29897.25, 4500, 4282, 29905.50, 29905.58, 29909.75, 2227, 2273, 0.00, 0.00
2026-7-10, 08:35:58.348000, 29897.25, 29936.75, 29880.50, 29895.00, 4500, 4030, 29902.38, 29904.08, 29908.63, 2359, 2141, 0.00, 0.00
2026-7-10, 08:38:00.987002, 29895.25, 29909.25, 29823.00, 29825.25, 4500, 4072, 29863.19, 29852.50, 29866.13, 2553, 1947, 0.00, 0.00
2026-7-10, 08:40:26.624000, 29826.00, 29859.00, 29798.00, 29848.50, 4500, 4142, 29832.88, 29835.17, 29828.50, 2234, 2266, 0.00, 0.00
2026-7-10, 08:42:44.114000, 29848.25, 29887.00, 29830.00, 29882.50, 4500, 4293, 29861.94, 29866.50, 29858.50, 2163, 2337, 0.00, 0.00
2026-7-10, 08:45:25.179000, 29883.00, 29921.00, 29861.25, 29908.50, 4500, 4184, 29893.44, 29896.92, 29891.13, 2284, 2216, 0.00, 0.00
2026-7-10, 08:48:04.303001, 29908.25, 29949.75, 29894.75, 29925.50, 4500, 4093, 29919.56, 29923.33, 29922.25, 1962, 2538, 0.00, 0.00
2026-7-10, 08:50:51.213000, 29924.50, 29968.50, 29918.00, 29952.00, 4500, 3934, 29940.75, 29946.17, 29943.25, 1952, 2548, 0.00, 0.00
2026-7-10, 08:53:51.664000, 29952.25, 29957.00, 29906.75, 29920.75, 4500, 4096, 29934.19, 29928.17, 29931.88, 2410, 2090, 0.00, 0.00
2026-7-10, 08:57:13.660000, 29920.75, 29955.00, 29903.50, 29915.75, 4500, 4277, 29923.75, 29924.75, 29929.25, 2179, 2321, 0.00, 0.00
2026-7-10, 09:00:31.386003, 29915.75, 29961.25, 29912.75, 29944.25, 4500, 4244, 29933.50, 29939.42, 29937.00, 2166, 2334, 0.00, 0.00
2026-7-10, 09:04:40.137000, 29943.25, 29960.75, 29906.50, 29939.00, 4500, 4202, 29937.38, 29935.42, 29933.63, 2248, 2252, 0.00, 0.00
2026-7-10, 09:09:02.375003, 29939.00, 29964.50, 29932.25, 29955.50, 4500, 4105, 29947.81, 29950.75, 29948.38, 2117, 2383, 0.00, 0.00
2026-7-10, 09:12:44.659000, 29956.00, 29966.00, 29910.00, 29918.75, 4500, 4222, 29937.69, 29931.58, 29938.00, 2241, 2259, 0.00, 0.00
2026-7-10, 09:16:48.084000, 29917.50, 29951.50, 29888.50, 29898.75, 4500, 4171, 29914.06, 29912.92, 29920.00, 2434, 2066, 0.00, 0.00
2026-7-10, 09:20:29.875001, 29898.50, 29901.00, 29844.75, 29874.25, 4500, 4128, 29879.63, 29873.33, 29872.88, 2210, 2290, 0.00, 0.00
2026-7-10, 09:23:32.712004, 29874.00, 29911.75, 29861.75, 29888.00, 4500, 4199, 29883.88, 29887.17, 29886.75, 2155, 2345, 0.00, 0.00
2026-7-10, 09:26:47.537001, 29887.75, 29942.25, 29885.50, 29914.75, 4500, 4139, 29907.56, 29914.17, 29913.88, 2129, 2371, 0.00, 0.00
2026-7-10, 09:30:24.565000, 29915.25, 29957.25, 29735.50, 29744.00, 4500, 4052, 29838.00, 29812.25, 29846.38, 2758, 1742, 0.00, 0.00
2026-7-10, 09:33:01.203000, 29743.50, 29865.50, 29675.00, 29864.25, 4500, 4165, 29787.06, 29801.58, 29770.25, 2233, 2267, 0.00, 0.00
2026-7-10, 09:34:03.790007, 29864.25, 29883.00, 29818.25, 29876.50, 4500, 4175, 29860.50, 29859.25, 29850.63, 2215, 2285, 0.00, 0.00
2026-7-10, 09:36:20.585000, 29877.00, 29895.00, 29846.50, 29879.25, 4500, 4046, 29874.44, 29873.58, 29870.75, 2336, 2164, 0.00, 0.00
2026-7-10, 09:40:57.923015, 29879.25, 29905.50, 29840.00, 29891.50, 4500, 4095, 29879.06, 29879.00, 29872.75, 2205, 2295, 0.00, 0.00
2026-7-10, 09:45:24.175000, 29892.50, 29913.00, 29860.00, 29889.50, 4500, 4178, 29888.75, 29887.50, 29886.50, 2412, 2088, 0.00, 0.00
2026-7-10, 09:51:25.670000, 29889.25, 29901.00, 29814.50, 29819.75, 4500, 4093, 29856.13, 29845.08, 29857.75, 2476, 2024, 0.00, 0.00
2026-7-10, 09:56:30.500000, 29819.75, 29853.25, 29794.50, 29801.50, 4500, 4185, 29817.25, 29816.42, 29823.88, 2189, 2311, 0.00, 0.00
2026-7-10, 10:00:20.926005, 29801.50, 29834.00, 29789.75, 29804.00, 4500, 4175, 29807.31, 29809.25, 29811.88, 2423, 2077, 0.00, 0.00
2026-7-10, 10:04:34.097011, 29804.00, 29860.00, 29780.00, 29847.75, 4500, 4178, 29822.94, 29829.25, 29820.00, 2151, 2349, 0.00, 0.00
2026-7-10, 10:08:37.670003, 29848.00, 29884.50, 29843.75, 29878.75, 4500, 4192, 29863.75, 29869.00, 29864.13, 2103, 2397, 0.00, 0.00
2026-7-10, 10:15:03.477000, 29879.25, 29957.00, 29878.25, 29930.00, 4500, 4033, 29911.13, 29921.75, 29917.63, 2100, 2400, 0.00, 0.00
2026-7-10, 10:18:16.728000, 29930.00, 29955.75, 29901.25, 29946.50, 4500, 4253, 29933.38, 29934.50, 29928.50, 2201, 2299, 0.00, 0.00
2026-7-10, 10:23:58.830000, 29947.50, 29987.50, 29937.50, 29971.25, 4500, 4073, 29960.94, 29965.42, 29962.50, 2105, 2395, 0.00, 0.00
2026-7-10, 10:29:11.002003, 29971.25, 29991.50, 29962.75, 29987.50, 4500, 4262, 29978.25, 29980.58, 29977.13, 2103, 2397, 0.00, 0.00
2026-7-10, 10:32:47.458000, 29987.50, 29991.50, 29946.50, 29961.25, 4500, 4283, 29971.69, 29966.42, 29969.00, 2296, 2204, 0.00, 0.00
2026-7-10, 10:38:35.024000, 29961.50, 29963.75, 29867.00, 29886.50, 4500, 4190, 29919.69, 29905.75, 29915.38, 2473, 2027, 0.00, 0.00
2026-7-10, 10:41:59.466001, 29886.50, 29888.25, 29834.00, 29875.75, 4500, 4321, 29871.13, 29866.00, 29861.13, 2306, 2194, 0.00, 0.00
2026-7-10, 10:44:53.529000, 29875.25, 29901.25, 29847.75, 29896.50, 4500, 4126, 29880.19, 29881.83, 29874.50, 2149, 2351, 0.00, 0.00
2026-7-10, 10:47:58.560003, 29896.25, 29938.25, 29887.75, 29929.75, 4500, 4204, 29913.00, 29918.58, 29913.00, 2129, 2371, 0.00, 0.00
2026-7-10, 10:54:41.727001, 29930.00, 29982.00, 29914.00, 29964.25, 4500, 4252, 29947.56, 29953.42, 29948.00, 2122, 2378, 0.00, 0.00
2026-7-10, 11:01:38.166001, 29964.00, 29990.00, 29962.00, 29968.00, 4500, 4203, 29971.00, 29973.33, 29976.00, 2107, 2393, 0.00, 0.00
2026-7-10, 11:09:07.876005, 29968.00, 29998.00, 29962.50, 29992.50, 4500, 4258, 29980.25, 29984.33, 29980.25, 2033, 2467, 0.00, 0.00
2026-7-10, 11:15:52.982000, 29993.50, 30017.00, 29991.25, 30006.75, 4500, 3613, 30002.13, 30005.00, 30004.13, 1897, 2603, 0.00, 0.00
2026-7-10, 11:19:41.117000, 30007.25, 30023.00, 29999.00, 30014.00, 4500, 4166, 30010.81, 30012.00, 30011.00, 2305, 2195, 0.00, 30028.00
2026-7-10, 11:26:42.423000, 30013.75, 30034.00, 30009.25, 30032.25, 4500, 4234, 30022.31, 30025.17, 30021.63, 2246, 2254, 0.00, 0.00
2026-7-10, 11:36:12.336002, 30032.25, 30032.50, 30004.00, 30025.75, 4500, 4102, 30023.63, 30020.75, 30018.25, 2439, 2061, 0.00, 0.00
2026-7-10, 11:45:33.715000, 30025.75, 30043.25, 30012.00, 30017.25, 4500, 4295, 30024.56, 30024.17, 30027.63, 2403, 2097, 0.00, 0.00
2026-7-10, 11:55:59.156001, 30017.50, 30035.00, 29999.25, 30018.25, 4500, 4212, 30017.50, 30017.50, 30017.13, 2346, 2154, 0.00, 0.00
2026-7-10, 12:06:31.305000, 30018.75, 30029.75, 29996.50, 30017.75, 4500, 4309, 30015.69, 30014.67, 30013.13, 2251, 2249, 0.00, 0.00
2026-7-10, 12:19:45.082000, 30018.00, 30058.25, 30011.25, 30054.00, 4500, 4106, 30035.38, 30041.17, 30034.75, 1936, 2564, 0.00, 0.00
2026-7-10, 12:31:31.607000, 30054.75, 30071.00, 30038.00, 30066.00, 4500, 4089, 30057.44, 30058.33, 30054.50, 2214, 2286, 0.00, 0.00
2026-7-10, 12:40:22.581000, 30066.00, 30072.25, 30048.75, 30051.75, 4500, 4106, 30059.69, 30057.58, 30060.50, 2396, 2104, 0.00, 0.00
2026-7-10, 12:56:17.293004, 30051.75, 30058.25, 30031.25, 30054.00, 4500, 4153, 30048.81, 30047.83, 30044.75, 2279, 2221, 0.00, 0.00
2026-7-10, 13:05:11.393001, 30054.25, 30071.00, 30046.00, 30050.50, 4500, 4150, 30055.44, 30055.83, 30058.50, 2313, 2187, 0.00, 0.00
2026-7-10, 13:13:22.787002, 30050.50, 30053.50, 30021.50, 30040.50, 4500, 4149, 30041.50, 30038.50, 30037.50, 2439, 2061, 0.00, 0.00
2026-7-10, 13:23:37.669000, 30041.00, 30065.50, 30036.75, 30041.00, 4500, 4043, 30046.06, 30047.75, 30051.13, 2237, 2263, 0.00, 0.00
2026-7-10, 13:32:49.686000, 30041.00, 30057.75, 30031.25, 30036.00, 4500, 4364, 30041.50, 30041.67, 30044.50, 2338, 2162, 0.00, 0.00
2026-7-10, 13:48:50.360004, 30036.00, 30050.75, 30028.25, 30050.50, 4500, 4162, 30041.38, 30043.17, 30039.50, 2346, 2154, 0.00, 0.00
2026-7-10, 14:01:32.963000, 30050.75, 30077.75, 30045.50, 30051.75, 4500, 4195, 30056.44, 30058.33, 30061.63, 2245, 2255, 0.00, 0.00
2026-7-10, 14:10:31.407000, 30051.75, 30060.50, 30037.00, 30043.00, 4500, 4253, 30048.06, 30046.83, 30048.75, 2381, 2119, 0.00, 0.00
2026-7-10, 14:23:34.991000, 30043.25, 30067.25, 30036.50, 30050.75, 4500, 4093, 30049.44, 30051.50, 30051.88, 2121, 2379, 0.00, 0.00
2026-7-10, 14:35:28.331000, 30050.50, 30068.00, 30048.25, 30052.00, 4500, 4175, 30054.69, 30056.08, 30058.13, 2283, 2217, 0.00, 0.00
2026-7-10, 14:47:12.008001, 30052.00, 30066.50, 30040.25, 30042.50, 4500, 4269, 30050.31, 30049.75, 30053.38, 2415, 2085, 0.00, 0.00
2026-7-10, 14:53:44.654000, 30042.75, 30052.50, 30035.25, 30039.00, 4500, 4207, 30042.38, 30042.25, 30043.88, 2463, 2037, 0.00, 0.00
2026-7-10, 14:57:46.011001, 30039.00, 30042.00, 30027.25, 30027.75, 4500, 3885, 30034.00, 30032.33, 30034.63, 2556, 1944, 0.00, 0.00
2026-7-10, 14:59:43.302013, 30027.75, 30051.25, 30024.75, 30039.00, 4500, 3876, 30035.69, 30038.33, 30038.00, 1986, 2514, 0.00, 0.00
2026-7-10, 15:00:00.876008, 30039.00, 30062.00, 30031.75, 30040.50, 4500, 4182, 30043.31, 30044.75, 30046.88, 2363, 2137, 0.00, 0.00
2026-7-10, 15:07:28.628000, 30041.00, 30063.00, 30037.50, 30061.75, 4500, 4187, 30050.81, 30054.08, 30050.25, 2268, 2232, 0.00, 0.00
2026-7-10, 15:50:05.161000, 30061.75, 30073.75, 30059.50, 30068.50, 1148, 960, 30065.88, 30067.25, 30066.63, 636, 512, 30054.50, 0.00
2026-7-12, 17:00:00.000000, 29952.00, 29979.50, 29869.75, 29889.00, 4500, 3985, 29922.56, 29912.75, 29924.63, 2491, 2009, 0.00, 29984.50
2026-7-12, 17:07:00.186000, 29889.75, 29915.00, 29855.00, 29886.75, 4500, 4133, 29886.63, 29885.58, 29885.00, 2255, 2245, 0.00, 29920.00
2026-7-12, 17:29:44.258000, 29886.75, 29915.00, 29871.75, 29895.00, 4500, 4133, 29892.13, 29893.92, 29893.38, 2167, 2333, 0.00, 0.00
2026-7-12, 18:10:18.454000, 29894.00, 29898.25, 29845.00, 29866.00, 4500, 4100, 29875.81, 29869.75, 29871.63, 2314, 2186, 0.00, 0.00
2026-7-12, 18:55:40.151007, 29865.75, 30007.75, 29865.75, 29990.00, 4500, 4108, 29932.31, 29954.50, 29936.75, 2004, 2496, 0.00, 0.00
2026-7-12, 19:07:47.902005, 29990.00, 30041.00, 29958.00, 29997.75, 4500, 4139, 29996.69, 29998.92, 29999.50, 2235, 2265, 0.00, 30046.00
2026-7-12, 19:24:25.648001, 29998.25, 30004.50, 29850.00, 29890.50, 4500, 4222, 29935.81, 29915.00, 29927.25, 2493, 2007, 0.00, 30009.50
2026-7-12, 19:45:35.753000, 29891.00, 29905.25, 29807.50, 29818.25, 4500, 4146, 29855.50, 29843.67, 29856.38, 2315, 2185, 0.00, 29910.25
2026-7-12, 20:00:25.831000, 29819.25, 29851.25, 29788.75, 29820.25, 4500, 4163, 29819.88, 29820.08, 29820.00, 2192, 2308, 0.00, 29856.25
2026-7-12, 20:24:10.428015, 29820.25, 29843.25, 29772.75, 29780.75, 4500, 4193, 29804.25, 29798.92, 29808.00, 2332, 2168, 0.00, 29848.25
2026-7-12, 20:50:28.734000, 29779.75, 29787.25, 29727.00, 29755.00, 4500, 4125, 29762.25, 29756.42, 29757.13, 2295, 2205, 0.00, 0.00
2026-7-12, 21:03:57.396003, 29755.25, 29808.75, 29728.50, 29800.00, 4500, 4040, 29773.13, 29779.08, 29768.63, 2103, 2397, 29723.50, 0.00
2026-7-12, 21:29:54.727000, 29801.00, 29802.00, 29707.00, 29708.00, 4500, 3998, 29754.50, 29739.00, 29754.50, 2514, 1986, 0.00, 0.00
2026-7-12, 22:03:07.161000, 29709.50, 29717.75, 29682.00, 29703.75, 4500, 4240, 29703.25, 29701.17, 29699.88, 2249, 2251, 0.00, 29722.75
2026-7-12, 22:39:12.705000, 29703.50, 29727.25, 29650.00, 29662.25, 4500, 4161, 29685.75, 29679.83, 29688.63, 2385, 2115, 0.00, 0.00
2026-7-12, 23:13:44.269000, 29661.50, 29677.75, 29612.75, 29618.25, 4500, 4121, 29642.56, 29636.25, 29645.25, 2388, 2112, 0.00, 0.00
2026-7-13, 00:00:03.077005, 29618.25, 29693.75, 29597.00, 29601.25, 4500, 3968, 29627.56, 29630.67, 29645.38, 2317, 2183, 0.00, 0.00
2026-7-13, 00:23:57.553000, 29600.50, 29670.75, 29542.75, 29638.00, 4500, 4170, 29613.00, 29617.17, 29606.75, 2204, 2296, 29537.75, 0.00
2026-7-13, 00:43:47.361001, 29638.00, 29666.75, 29585.50, 29602.00, 4500, 4178, 29623.06, 29618.08, 29626.13, 2346, 2154, 29580.50, 0.00
2026-7-13, 01:17:03.209001, 29602.00, 29652.00, 29593.75, 29615.75, 4500, 4104, 29615.88, 29620.50, 29622.88, 2103, 2397, 29588.75, 0.00
2026-7-13, 01:57:11.068000, 29617.25, 29690.25, 29607.00, 29646.50, 4500, 4167, 29640.25, 29647.92, 29648.63, 2074, 2426, 0.00, 0.00
2026-7-13, 02:35:09.479001, 29646.25, 29725.00, 29636.75, 29721.00, 4500, 3995, 29682.25, 29694.25, 29680.88, 2031, 2469, 29631.75, 0.00
2026-7-13, 03:17:12.909001, 29721.00, 29754.00, 29700.00, 29740.75, 4500, 4001, 29728.94, 29731.58, 29727.00, 2185, 2315, 29695.00, 0.00
2026-7-13, 03:59:34.390005, 29740.25, 29778.00, 29718.00, 29755.00, 4500, 4067, 29747.81, 29750.33, 29748.00, 2153, 2347, 29713.00, 0.00
2026-7-13, 05:06:27.089005, 29755.25, 29792.50, 29735.75, 29779.25, 4500, 4075, 29765.69, 29769.17, 29764.13, 2146, 2354, 29730.75, 0.00
2026-7-13, 06:05:46.216004, 29779.25, 29799.75, 29741.50, 29751.25, 4500, 4145, 29767.94, 29764.17, 29770.63, 2321, 2179, 29736.50, 0.00
2026-7-13, 06:53:58.952002, 29750.75, 29757.25, 29693.75, 29729.25, 4500, 3947, 29732.75, 29726.75, 29725.50, 2129, 2371, 29688.75, 0.00
2026-7-13, 07:14:40.613004, 29729.25, 29735.75, 29656.25, 29657.25, 4500, 4021, 29694.63, 29683.08, 29696.00, 2176, 2324, 29651.25, 0.00
2026-7-13, 07:37:59.566001, 29657.00, 29748.00, 29655.50, 29741.00, 4500, 4004, 29700.38, 29714.83, 29701.75, 1995, 2505, 0.00, 0.00
2026-7-13, 08:04:06.445001, 29741.00, 29746.75, 29687.50, 29701.75, 4500, 4264, 29719.25, 29712.00, 29717.13, 2277, 2223, 0.00, 0.00
2026-7-13, 08:27:13.594002, 29701.75, 29721.25, 29683.25, 29710.75, 1542, 1375, 29704.25, 29705.08, 29702.25, 757, 785, 0.00, 0.00
2026-7-13, 08:30:00.000000, 29710.00, 29737.00, 29651.00, 29733.00, 4500, 4281, 29707.75, 29707.00, 29694.00, 2175, 2325, 0.00, 0.00
2026-7-13, 08:31:02.112006, 29733.25, 29737.25, 29679.50, 29702.25, 4500, 4229, 29713.06, 29706.33, 29708.38, 2397, 2103, 0.00, 0.00
2026-7-13, 08:33:01.519025, 29702.25, 29704.00, 29631.75, 29641.50, 4500, 4278, 29669.88, 29659.08, 29667.88, 2448, 2052, 0.00, 0.00
2026-7-13, 08:34:55.413000, 29641.00, 29673.50, 29626.25, 29636.25, 4500, 4237, 29644.25, 29645.33, 29649.88, 2366, 2134, 0.00, 0.00
2026-7-13, 08:37:08.286000, 29635.75, 29666.75, 29610.75, 29642.25, 4500, 4260, 29638.88, 29639.92, 29638.75, 2264, 2236, 0.00, 0.00
2026-7-13, 08:39:37.854000, 29643.25, 29647.25, 29562.25, 29572.50, 4500, 4220, 29606.31, 29594.00, 29604.75, 2544, 1956, 0.00, 0.00
2026-7-13, 08:41:30.947001, 29572.50, 29594.25, 29552.25, 29571.50, 4500, 4193, 29572.63, 29572.67, 29573.25, 2309, 2191, 0.00, 0.00
2026-7-13, 08:43:57.622000, 29572.50, 29602.75, 29540.00, 29553.00, 4500, 4257, 29567.06, 29565.25, 29571.38, 2508, 1992, 0.00, 0.00
2026-7-13, 08:45:29.404000, 29552.00, 29598.00, 29535.75, 29590.25, 4500, 4102, 29569.00, 29574.67, 29566.88, 2136, 2364, 0.00, 0.00
2026-7-13, 08:47:16.813000, 29588.25, 29599.50, 29557.75, 29578.75, 4500, 4031, 29581.06, 29578.67, 29578.63, 2232, 2268, 0.00, 0.00
2026-7-13, 08:49:58.366001, 29579.00, 29595.00, 29518.00, 29531.25, 4500, 4030, 29555.81, 29548.08, 29556.50, 2663, 1837, 0.00, 0.00
2026-7-13, 08:52:02.020000, 29530.00, 29569.00, 29520.00, 29549.25, 4500, 4069, 29542.06, 29546.08, 29544.50, 2120, 2380, 0.00, 0.00
2026-7-13, 08:54:49.257000, 29547.25, 29597.00, 29526.75, 29590.25, 4500, 4230, 29565.31, 29571.33, 29561.88, 2204, 2296, 0.00, 0.00
2026-7-13, 08:58:10.081002, 29590.00, 29640.00, 29589.25, 29631.75, 4500, 4108, 29612.75, 29620.33, 29614.63, 2021, 2479, 0.00, 0.00
2026-7-13, 09:00:04.759011, 29632.00, 29662.50, 29620.00, 29625.50, 4500, 4066, 29635.00, 29636.00, 29641.25, 2335, 2165, 0.00, 0.00
2026-7-13, 09:02:09.015000, 29624.75, 29634.00, 29584.00, 29593.50, 4500, 4222, 29609.06, 29603.83, 29609.00, 2474, 2026, 0.00, 0.00
2026-7-13, 09:04:30.927000, 29593.75, 29600.75, 29560.75, 29591.00, 4500, 4185, 29586.56, 29584.17, 29580.75, 2374, 2126, 0.00, 0.00
2026-7-13, 09:08:09.227009, 29591.00, 29655.75, 29586.00, 29633.00, 4500, 4181, 29616.44, 29624.92, 29620.88, 1935, 2565, 0.00, 0.00
2026-7-13, 09:11:33.359000, 29633.25, 29659.75, 29615.00, 29647.75, 4500, 4234, 29638.94, 29640.83, 29637.38, 2217, 2283, 0.00, 0.00
2026-7-13, 09:16:19.289001, 29648.00, 29653.50, 29488.50, 29573.25, 4500, 3948, 29590.81, 29571.75, 29571.00, 2737, 1763, 0.00, 0.00
2026-7-13, 09:17:19.906007, 29573.25, 29583.00, 29493.50, 29575.75, 4500, 4135, 29556.38, 29550.75, 29538.25, 2193, 2307, 0.00, 0.00
2026-7-13, 09:19:17.542004, 29575.75, 29609.50, 29568.50, 29604.75, 4500, 4149, 29589.63, 29594.25, 29589.00, 2135, 2365, 0.00, 0.00
2026-7-13, 09:23:25.678001, 29604.75, 29679.75, 29599.50, 29671.25, 4500, 4222, 29638.81, 29650.17, 29639.63, 1931, 2569, 0.00, 0.00
2026-7-13, 09:26:32.711001, 29671.00, 29719.50, 29652.25, 29714.75, 4500, 4135, 29689.38, 29695.50, 29685.88, 1996, 2504, 0.00, 0.00
2026-7-13, 09:30:07.018001, 29714.25, 29724.00, 29683.25, 29698.00, 4500, 4178, 29704.88, 29701.75, 29703.63, 2239, 2261, 0.00, 0.00
2026-7-13, 09:33:44.757003, 29698.00, 29717.00, 29655.00, 29678.00, 4500, 4254, 29687.00, 29683.33, 29686.00, 2195, 2305, 0.00, 0.00
2026-7-13, 09:38:14.543000, 29678.25, 29694.00, 29635.25, 29646.50, 4500, 4296, 29663.50, 29658.58, 29664.63, 2249, 2251, 0.00, 0.00
2026-7-13, 09:42:59.528000, 29647.00, 29647.25, 29603.50, 29644.50, 4500, 4218, 29635.56, 29631.75, 29625.38, 2231, 2269, 0.00, 0.00
2026-7-13, 09:46:59.969009, 29644.50, 29700.50, 29634.25, 29690.00, 4500, 4123, 29667.31, 29674.92, 29667.38, 1971, 2529, 0.00, 0.00
2026-7-13, 09:50:50.907004, 29690.25, 29697.75, 29627.75, 29654.75, 4500, 4224, 29667.63, 29660.08, 29662.75, 2329, 2171, 0.00, 0.00
2026-7-13, 09:55:51.520001, 29654.75, 29744.50, 29653.00, 29743.25, 4500, 4121, 29698.88, 29713.58, 29698.75, 1902, 2598, 0.00, 0.00
2026-7-13, 10:00:10.579002, 29743.25, 29752.50, 29717.75, 29734.50, 4500, 4219, 29737.00, 29734.92, 29735.13, 2165, 2335, 0.00, 0.00
2026-7-13, 10:04:05.563000, 29734.00, 29734.50, 29682.25, 29688.75, 4500, 4140, 29709.88, 29701.83, 29708.38, 2372, 2128, 0.00, 0.00
2026-7-13, 10:10:07.683002, 29688.75, 29719.00, 29662.00, 29674.50, 4500, 4105, 29686.06, 29685.17, 29690.50, 2340, 2160, 0.00, 0.00
2026-7-13, 10:16:30.071000, 29674.00, 29728.25, 29670.25, 29721.00, 4500, 4089, 29698.38, 29706.50, 29699.25, 2081, 2419, 0.00, 0.00
2026-7-13, 10:24:08.715001, 29720.75, 29729.50, 29681.25, 29715.50, 4500, 4192, 29711.75, 29708.75, 29705.38, 2309, 2191, 0.00, 0.00
2026-7-13, 10:32:38.482000, 29715.25, 29720.50, 29664.25, 29666.75, 4500, 4187, 29691.69, 29683.83, 29692.38, 2390, 2110, 0.00, 0.00
2026-7-13, 10:41:38.533000, 29667.75, 29677.50, 29626.50, 29628.50, 4500, 4057, 29650.06, 29644.17, 29652.00, 2396, 2104, 0.00, 0.00
2026-7-13, 10:48:46.384000, 29628.25, 29641.75, 29599.75, 29627.25, 4500, 4216, 29624.25, 29622.92, 29620.75, 2396, 2104, 0.00, 0.00
2026-7-13, 10:55:29.964001, 29627.50, 29631.00, 29592.50, 29609.75, 4500, 4218, 29615.19, 29611.08, 29611.75, 2287, 2213, 0.00, 0.00
2026-7-13, 11:03:37.315004, 29609.75, 29638.50, 29584.25, 29630.50, 4500, 4186, 29615.75, 29617.75, 29611.38, 2265, 2235, 0.00, 0.00
2026-7-13, 11:11:15.717000, 29630.75, 29635.25, 29577.00, 29581.25, 4500, 4197, 29606.06, 29597.83, 29606.13, 2444, 2056, 0.00, 0.00
2026-7-13, 11:16:38.257001, 29581.25, 29591.50, 29559.50, 29562.50, 4500, 4187, 29573.69, 29571.17, 29575.50, 2363, 2137, 0.00, 0.00
2026-7-13, 11:23:35.442000, 29563.00, 29569.00, 29542.00, 29559.25, 4500, 4184, 29558.31, 29556.75, 29555.50, 2214, 2286, 0.00, 0.00
2026-7-13, 11:29:08.604000, 29559.00, 29561.75, 29513.00, 29527.75, 4500, 4025, 29540.38, 29534.17, 29537.38, 2401, 2099, 0.00, 0.00
2026-7-13, 11:32:15.335000, 29527.75, 29537.50, 29477.00, 29479.50, 4500, 4058, 29505.44, 29498.00, 29507.25, 2486, 2014, 0.00, 0.00
2026-7-13, 11:35:52.242000, 29481.00, 29510.00, 29460.75, 29510.00, 4500, 4175, 29490.44, 29493.58, 29485.38, 1962, 2538, 0.00, 0.00
2026-7-13, 11:39:03.870002, 29510.00, 29549.00, 29497.00, 29545.25, 4500, 4134, 29525.31, 29530.42, 29523.00, 2131, 2369, 0.00, 0.00
2026-7-13, 11:43:20.066001, 29545.25, 29556.25, 29520.00, 29520.75, 4500, 3984, 29535.56, 29532.33, 29538.13, 2486, 2014, 0.00, 0.00
2026-7-13, 11:49:25.220000, 29520.75, 29530.00, 29463.75, 29495.00, 4500, 4290, 29502.38, 29496.25, 29496.88, 2359, 2141, 0.00, 0.00
2026-7-13, 11:55:02.863002, 29495.25, 29554.25, 29489.25, 29549.75, 4500, 4199, 29522.13, 29531.08, 29521.75, 2066, 2434, 0.00, 0.00
2026-7-13, 12:01:42.682000, 29547.75, 29580.75, 29524.00, 29576.75, 4500, 4142, 29557.31, 29560.50, 29552.38, 2125, 2375, 0.00, 0.00
2026-7-13, 12:10:34.085000, 29575.00, 29578.25, 29511.50, 29539.50, 4500, 4181, 29551.06, 29543.08, 29544.88, 2364, 2136, 0.00, 0.00
2026-7-13, 12:19:11.371002, 29539.25, 29551.50, 29498.25, 29518.00, 4500, 4172, 29526.75, 29522.58, 29524.88, 2372, 2128, 0.00, 0.00
2026-7-13, 12:30:00.119003, 29517.75, 29533.25, 29485.75, 29486.50, 4500, 4211, 29505.81, 29501.83, 29509.50, 2288, 2212, 0.00, 0.00
2026-7-13, 12:40:21.972000, 29487.00, 29526.25, 29483.00, 29483.00, 4500, 4037, 29494.81, 29497.42, 29504.63, 2350, 2150, 0.00, 0.00
2026-7-13, 12:50:11.700000, 29482.50, 29498.25, 29468.00, 29483.00, 4500, 4114, 29482.94, 29483.08, 29483.13, 2178, 2322, 0.00, 0.00
2026-7-13, 12:58:24.351000, 29483.50, 29538.00, 29476.00, 29534.00, 4500, 4056, 29507.88, 29516.00, 29507.00, 2060, 2440, 0.00, 0.00
2026-7-13, 13:06:00.385000, 29533.75, 29539.50, 29476.75, 29506.00, 4500, 4113, 29514.00, 29507.42, 29508.13, 2289, 2211, 0.00, 0.00
2026-7-13, 13:15:39.513000, 29505.75, 29515.75, 29467.50, 29488.25, 4500, 4157, 29494.31, 29490.50, 29491.63, 2276, 2224, 0.00, 0.00
2026-7-13, 13:25:14.768001, 29488.25, 29500.25, 29454.50, 29497.25, 4500, 4106, 29485.06, 29484.00, 29477.38, 2272, 2228, 0.00, 0.00
2026-7-13, 13:33:28.877000, 29497.50, 29517.25, 29471.25, 29517.25, 4500, 4125, 29500.81, 29501.92, 29494.25, 2168, 2332, 0.00, 0.00
2026-7-13, 13:43:19.379000, 29516.50, 29521.50, 29488.50, 29508.25, 4500, 4050, 29508.69, 29506.08, 29505.00, 2237, 2263, 0.00, 0.00
2026-7-13, 13:53:43.034000, 29509.00, 29521.25, 29475.25, 29520.75, 4500, 4161, 29506.56, 29505.75, 29498.25, 2305, 2195, 0.00, 0.00
2026-7-13, 14:03:30.042001, 29520.75, 29525.75, 29458.00, 29460.25, 4500, 4203, 29491.19, 29481.33, 29491.88, 2292, 2208, 0.00, 0.00
2026-7-13, 14:12:30.087000, 29460.25, 29474.50, 29440.00, 29442.00, 4500, 4065, 29454.19, 29452.17, 29457.25, 2498, 2002, 0.00, 0.00
2026-7-13, 14:20:28.240000, 29441.50, 29453.75, 29420.00, 29420.00, 4500, 3689, 29433.81, 29431.25, 29436.88, 2945, 1555, 0.00, 0.00
2026-7-13, 14:23:37.666106, 29420.00, 29437.75, 29410.00, 29415.50, 4500, 3727, 29420.81, 29421.08, 29423.88, 2731, 1769, 0.00, 0.00
2026-7-13, 14:27:04.113003, 29415.50, 29425.75, 29405.50, 29410.50, 4500, 3298, 29414.31, 29413.92, 29415.63, 2891, 1609, 0.00, 0.00
2026-7-13, 14:29:33.212056, 29410.50, 29449.50, 29402.50, 29434.25, 4500, 3986, 29424.19, 29428.75, 29426.00, 2331, 2169, 0.00, 0.00
2026-7-13, 14:33:43.579026, 29434.25, 29447.00, 29400.25, 29403.50, 4500, 3855, 29421.25, 29416.92, 29423.63, 2657, 1843, 0.00, 0.00
2026-7-13, 14:38:36.277002, 29403.50, 29436.75, 29393.25, 29435.25, 4500, 3814, 29417.19, 29421.75, 29415.00, 2478, 2022, 0.00, 0.00
2026-7-13, 14:42:58.881009, 29435.25, 29465.00, 29433.25, 29458.50, 4500, 3973, 29448.00, 29452.25, 29449.13, 2126, 2374, 0.00, 0.00
2026-7-13, 14:49:16.476000, 29458.00, 29500.25, 29452.75, 29495.50, 4500, 3813, 29476.63, 29482.83, 29476.50, 2098, 2402, 0.00, 0.00
2026-7-13, 14:52:18.605017, 29495.50, 29500.00, 29459.00, 29470.00, 4500, 3876, 29481.13, 29476.33, 29479.50, 2556, 1944, 0.00, 0.00
2026-7-13, 14:54:59.888025, 29470.00, 29499.00, 29457.00, 29498.75, 4500, 4147, 29481.19, 29484.92, 29478.00, 2332, 2168, 0.00, 0.00
2026-7-13, 14:58:07.137012, 29498.75, 29504.25, 29480.50, 29482.75, 4500, 4100, 29491.56, 29489.17, 29492.38, 2467, 2033, 0.00, 0.00
2026-7-13, 14:59:35.271000, 29482.75, 29482.75, 29468.25, 29479.75, 4500, 3915, 29478.38, 29476.92, 29475.50, 2261, 2239, 0.00, 0.00
2026-7-13, 14:59:57.044000, 29481.25, 29481.25, 29451.00, 29463.50, 4500, 3983, 29469.25, 29465.25, 29466.13, 2332, 2168, 0.00, 0.00
2026-7-13, 15:01:10.002000, 29463.75, 29474.00, 29436.25, 29456.25, 4500, 4113, 29457.56, 29455.50, 29455.13, 2311, 2189, 0.00, 0.00
2026-7-13, 15:12:17.751001, 29456.25, 29463.50, 29386.50, 29435.00, 4500, 3724, 29435.31, 29428.33, 29425.00, 2407, 2093, 0.00, 0.00
2026-7-13, 15:23:20.740005, 29435.00, 29479.50, 29420.00, 29474.75, 4500, 4108, 29452.31, 29458.08, 29449.75, 2240, 2260, 0.00, 0.00
2026-7-13, 17:01:26.034000, 29474.25, 29476.00, 29393.75, 29401.75, 4500, 4086, 29436.44, 29423.83, 29434.88, 2378, 2122, 0.00, 29481.00
2026-7-13, 17:57:51.273002, 29401.75, 29405.00, 29348.00, 29353.00, 4500, 4068, 29376.94, 29368.67, 29376.50, 2182, 2318, 29343.00, 0.00
2026-7-13, 18:40:12.464000, 29353.00, 29452.25, 29327.25, 29420.00, 4500, 4055, 29388.13, 29399.83, 29389.75, 2094, 2406, 0.00, 0.00
2026-7-13, 19:02:31.304003, 29420.00, 29475.75, 29325.75, 29467.75, 4500, 4244, 29422.31, 29423.08, 29400.75, 2223, 2277, 0.00, 0.00
2026-7-13, 19:15:09.703002, 29467.75, 29475.75, 29369.00, 29455.00, 4500, 4214, 29441.88, 29433.25, 29422.38, 2204, 2296, 0.00, 0.00
2026-7-13, 19:34:11.449000, 29458.75, 29515.00, 29399.50, 29515.00, 4500, 4127, 29472.06, 29476.50, 29457.25, 2134, 2366, 0.00, 0.00
2026-7-13, 19:55:03.517036, 29515.00, 29541.25, 29480.00, 29508.25, 4500, 4081, 29511.13, 29509.83, 29510.63, 2418, 2082, 0.00, 0.00
2026-7-13, 20:20:25.961000, 29510.00, 29528.50, 29441.00, 29501.50, 4500, 4156, 29495.25, 29490.33, 29484.75, 2281, 2219, 0.00, 0.00
2026-7-13, 20:48:15.033017, 29501.50, 29504.75, 29387.25, 29387.50, 4500, 4140, 29445.25, 29426.50, 29446.00, 2370, 2130, 0.00, 0.00
2026-7-13, 21:21:27.229003, 29387.25, 29456.00, 29365.25, 29402.50, 4500, 4234, 29402.75, 29407.92, 29410.63, 2271, 2229, 29360.25, 0.00
2026-7-13, 21:52:37.993001, 29402.25, 29404.75, 29303.50, 29341.25, 4500, 4197, 29362.94, 29349.83, 29354.13, 2373, 2127, 0.00, 29409.75
2026-7-13, 22:23:53.885004, 29341.25, 29405.00, 29328.00, 29385.50, 4500, 4164, 29364.94, 29372.83, 29366.50, 2210, 2290, 0.00, 0.00
2026-7-13, 22:47:47.875008, 29385.75, 29452.75, 29371.25, 29448.50, 4500, 4175, 29414.56, 29424.17, 29412.00, 2207, 2293, 29366.25, 0.00
2026-7-13, 23:30:03.358004, 29448.50, 29551.75, 29442.50, 29538.25, 4500, 4109, 29495.25, 29510.83, 29497.13, 2115, 2385, 29437.50, 0.00
2026-7-14, 00:18:40.352000, 29537.00, 29631.25, 29534.75, 29579.50, 4500, 4100, 29570.63, 29581.83, 29583.00, 2161, 2339, 29529.75, 0.00
2026-7-14, 00:41:55.623003, 29579.50, 29649.75, 29577.75, 29622.00, 4500, 4245, 29607.25, 29616.50, 29613.75, 1995, 2505, 29572.75, 0.00
2026-7-14, 01:24:40.662000, 29621.75, 29634.25, 29545.50, 29594.00, 4500, 4161, 29598.88, 29591.25, 29589.88, 2341, 2159, 29540.50, 0.00
2026-7-14, 02:06:07.445002, 29594.00, 29621.25, 29557.25, 29565.00, 4500, 4226, 29584.38, 29581.17, 29589.25, 2245, 2255, 0.00, 29626.25
2026-7-14, 03:00:31.081000, 29564.00, 29636.25, 29547.75, 29625.00, 4500, 4051, 29593.25, 29603.00, 29592.00, 2216, 2284, 29542.75, 0.00
2026-7-14, 03:41:18.042000, 29625.25, 29629.50, 29557.75, 29605.75, 4500, 4104, 29604.56, 29597.67, 29593.63, 2335, 2165, 29552.75, 0.00
2026-7-14, 04:52:13.925001, 29605.75, 29633.00, 29562.00, 29570.75, 4500, 4017, 29592.88, 29588.58, 29597.50, 2300, 2200, 0.00, 0.00
2026-7-14, 06:02:39.326000, 29571.50, 29648.00, 29555.00, 29639.75, 4500, 4076, 29603.56, 29614.25, 29601.50, 2357, 2143, 0.00, 0.00
2026-7-14, 06:24:14.896001, 29639.75, 29670.50, 29613.75, 29650.50, 4500, 4138, 29643.63, 29644.92, 29642.13, 2181, 2319, 29608.75, 0.00
2026-7-14, 06:54:13.019000, 29651.75, 29654.50, 29570.00, 29641.00, 4500, 4027, 29629.31, 29621.83, 29612.25, 2337, 2163, 0.00, 0.00
2026-7-14, 07:24:19.430008, 29641.25, 29877.75, 29640.25, 29826.25, 4500, 3519, 29746.38, 29781.42, 29759.00, 1918, 2582, 0.00, 0.00
2026-7-14, 07:30:21.510000, 29824.50, 29921.75, 29819.25, 29898.75, 4500, 3960, 29866.06, 29879.92, 29870.50, 2104, 2396, 0.00, 0.00
2026-7-14, 07:32:14.375001, 29898.75, 29917.75, 29839.50, 29839.50, 4500, 4107, 29873.88, 29865.58, 29878.63, 2289, 2211, 0.00, 0.00
2026-7-14, 07:36:16.228061, 29838.50, 29857.75, 29805.00, 29826.25, 4500, 3757, 29831.88, 29829.67, 29831.38, 2460, 2040, 0.00, 0.00
2026-7-14, 07:41:58.211000, 29823.00, 29849.50, 29780.25, 29781.00, 4500, 4007, 29808.44, 29803.58, 29814.88, 2412, 2088, 0.00, 0.00
2026-7-14, 07:52:49.820000, 29781.00, 29795.75, 29754.00, 29775.00, 4500, 3991, 29776.44, 29774.92, 29774.88, 2301, 2199, 0.00, 0.00
2026-7-14, 08:03:09.136000, 29774.00, 29809.00, 29760.00, 29760.00, 4500, 4195, 29775.75, 29776.33, 29784.50, 2271, 2229, 0.00, 0.00
2026-7-14, 08:19:46.192004, 29760.00, 29832.00, 29742.50, 29812.00, 4500, 4081, 29786.63, 29795.50, 29787.25, 2131, 2369, 0.00, 0.00
2026-7-14, 08:28:39.378002, 29812.00, 29818.75, 29794.50, 29811.00, 1245, 1054, 29809.06, 29808.08, 29806.63, 683, 562, 0.00, 0.00
2026-7-14, 08:30:00.001000, 29811.00, 29815.75, 29744.00, 29747.75, 4500, 4324, 29779.63, 29769.17, 29779.88, 2250, 2250, 0.00, 0.00
2026-7-14, 08:31:18.487008, 29747.50, 29771.50, 29724.25, 29729.25, 4500, 4279, 29743.13, 29741.67, 29747.88, 2262, 2238, 0.00, 0.00
2026-7-14, 08:33:46.405001, 29729.00, 29736.75, 29685.00, 29696.00, 4500, 4183, 29711.69, 29705.92, 29710.88, 2404, 2096, 0.00, 0.00
2026-7-14, 08:36:07.335001, 29695.25, 29783.50, 29694.75, 29781.25, 4500, 4027, 29738.69, 29753.17, 29739.13, 1908, 2592, 0.00, 0.00
2026-7-14, 08:38:31.679003, 29781.25, 29798.00, 29734.75, 29755.75, 4500, 4260, 29767.44, 29762.83, 29766.38, 2288, 2212, 0.00, 0.00
2026-7-14, 08:41:30.049023, 29755.75, 29781.00, 29701.00, 29739.50, 4500, 4243, 29744.31, 29740.50, 29741.00, 2309, 2191, 0.00, 0.00
2026-7-14, 08:44:28.110000, 29739.50, 29808.50, 29720.75, 29771.25, 4500, 4218, 29760.00, 29766.83, 29764.63, 2109, 2391, 0.00, 0.00
2026-7-14, 08:46:53.750000, 29771.50, 29782.00, 29725.00, 29780.50, 4500, 4257, 29764.75, 29762.50, 29753.50, 2275, 2225, 0.00, 0.00
2026-7-14, 08:50:24.361000, 29779.25, 29790.50, 29714.00, 29781.25, 4500, 4236, 29766.25, 29761.92, 29752.25, 2309, 2191, 0.00, 0.00
2026-7-14, 08:54:00.542000, 29781.00, 29799.50, 29738.50, 29792.25, 4500, 4201, 29777.81, 29776.75, 29769.00, 2214, 2286, 0.00, 0.00
2026-7-14, 08:59:24.169004, 29791.25, 29804.75, 29711.25, 29731.25, 4500, 4204, 29759.63, 29749.08, 29758.00, 2339, 2161, 0.00, 0.00
2026-7-14, 09:02:18.946000, 29732.25, 29734.25, 29678.00, 29678.25, 4500, 4128, 29705.69, 29696.83, 29706.13, 2566, 1934, 0.00, 0.00
2026-7-14, 09:05:04.695000, 29678.00, 29704.25, 29651.00, 29692.25, 4500, 4156, 29681.38, 29682.50, 29677.63, 2210, 2290, 0.00, 0.00
2026-7-14, 09:07:56.886000, 29692.50, 29696.00, 29637.00, 29660.25, 4500, 4258, 29671.44, 29664.42, 29666.50, 2312, 2188, 0.00, 0.00
2026-7-14, 09:11:14.633002, 29660.50, 29690.50, 29630.00, 29631.75, 4500, 4190, 29653.19, 29650.75, 29660.25, 2421, 2079, 0.00, 0.00
2026-7-14, 09:15:08.697000, 29632.75, 29635.00, 29567.50, 29594.75, 4500, 4092, 29607.50, 29599.08, 29601.25, 2453, 2047, 0.00, 0.00
2026-7-14, 09:16:45.312001, 29595.50, 29641.75, 29586.50, 29640.75, 4500, 4106, 29616.13, 29623.00, 29614.13, 2029, 2471, 0.00, 0.00
2026-7-14, 09:19:41.823000, 29639.75, 29701.25, 29626.50, 29692.00, 4500, 4214, 29664.88, 29673.25, 29663.88, 2164, 2336, 0.00, 0.00
2026-7-14, 09:22:35.059000, 29692.25, 29715.00, 29646.50, 29678.00, 4500, 4159, 29682.94, 29679.83, 29680.75, 2384, 2116, 0.00, 0.00
2026-7-14, 09:26:50.532001, 29678.00, 29733.00, 29638.25, 29690.00, 4500, 4178, 29684.81, 29687.08, 29685.63, 2159, 2341, 0.00, 0.00
2026-7-14, 09:30:24.543000, 29690.25, 29760.00, 29658.25, 29760.00, 4500, 4149, 29717.13, 29726.08, 29709.13, 2137, 2363, 0.00, 0.00
2026-7-14, 09:34:11.948147, 29760.00, 29839.75, 29727.25, 29763.00, 4500, 3919, 29772.50, 29776.67, 29783.50, 2119, 2381, 0.00, 0.00
2026-7-14, 09:34:48.525001, 29762.75, 29800.00, 29751.00, 29762.00, 4500, 4123, 29768.94, 29771.00, 29775.50, 2426, 2074, 0.00, 29805.00
2026-7-14, 09:38:07.891010, 29762.00, 29801.50, 29753.75, 29757.25, 4500, 4139, 29768.63, 29770.83, 29777.63, 2462, 2038, 0.00, 0.00
2026-7-14, 09:42:56.403000, 29757.50, 29758.75, 29684.50, 29702.00, 4500, 4190, 29725.69, 29715.08, 29721.63, 2570, 1930, 0.00, 0.00
2026-7-14, 09:47:24.933000, 29702.75, 29734.50, 29659.50, 29733.00, 4500, 4168, 29707.44, 29709.00, 29697.00, 2227, 2273, 0.00, 0.00
2026-7-14, 09:52:01.831000, 29732.25, 29775.75, 29722.50, 29768.25, 4500, 4164, 29749.69, 29755.50, 29749.13, 2226, 2274, 0.00, 0.00
2026-7-14, 09:58:17.202003, 29768.50, 29794.50, 29757.00, 29764.25, 4500, 4216, 29771.06, 29771.92, 29775.75, 2300, 2200, 0.00, 0.00
2026-7-14, 10:03:04.309003, 29764.25, 29844.00, 29753.75, 29833.00, 4500, 4178, 29798.75, 29810.25, 29798.88, 1844, 2656, 0.00, 0.00
2026-7-14, 10:04:44.311003, 29832.75, 29850.50, 29794.50, 29849.25, 4500, 4169, 29831.75, 29831.42, 29822.50, 2259, 2241, 0.00, 29855.50
2026-7-14, 10:08:27.735002, 29849.25, 29865.50, 29839.00, 29850.00, 4500, 4128, 29850.94, 29851.50, 29852.25, 2446, 2054, 0.00, 29870.50
2026-7-14, 10:12:29.185000, 29849.25, 29867.25, 29833.00, 29836.00, 4500, 4169, 29846.38, 29845.42, 29850.13, 2407, 2093, 0.00, 0.00
2026-7-14, 10:19:04.266003, 29836.00, 29873.75, 29825.25, 29870.25, 4500, 4044, 29851.31, 29856.42, 29849.50, 2086, 2414, 0.00, 0.00
2026-7-14, 10:24:04.111000, 29868.00, 29887.50, 29859.25, 29887.00, 4500, 4056, 29875.44, 29877.92, 29873.38, 2191, 2309, 0.00, 0.00
2026-7-14, 10:29:36.414000, 29886.50, 29895.75, 29853.25, 29856.50, 4500, 4007, 29873.00, 29868.50, 29874.50, 2313, 2187, 0.00, 0.00
2026-7-14, 10:33:10.011000, 29856.50, 29866.00, 29825.75, 29856.50, 4500, 4143, 29851.19, 29849.42, 29845.88, 2282, 2218, 0.00, 0.00
2026-7-14, 10:38:32.379000, 29857.00, 29863.25, 29799.00, 29840.25, 4500, 4065, 29839.88, 29834.17, 29831.13, 2228, 2272, 0.00, 0.00
2026-7-14, 10:44:10.583004, 29840.25, 29852.00, 29794.50, 29808.75, 4500, 4084, 29823.88, 29818.42, 29823.25, 2468, 2032, 0.00, 0.00
2026-7-14, 10:51:36.631013, 29808.50, 29809.25, 29768.00, 29781.00, 4500, 4077, 29791.69, 29786.08, 29788.63, 2390, 2110, 0.00, 0.00
2026-7-14, 10:57:33.232000, 29780.75, 29791.25, 29732.00, 29747.00, 4500, 4126, 29762.75, 29756.75, 29761.63, 2478, 2022, 0.00, 0.00
2026-7-14, 11:02:17.296007, 29747.00, 29750.25, 29716.25, 29730.50, 4500, 3997, 29736.00, 29732.33, 29733.25, 2193, 2307, 0.00, 0.00
2026-7-14, 11:07:07.664000, 29731.00, 29762.25, 29711.00, 29746.75, 4500, 4187, 29737.75, 29740.00, 29736.63, 2258, 2242, 0.00, 0.00
2026-7-14, 11:13:40.846002, 29746.00, 29750.00, 29704.50, 29748.50, 4500, 4149, 29737.25, 29734.33, 29727.25, 2281, 2219, 0.00, 0.00
2026-7-14, 11:19:59.755000, 29749.50, 29780.75, 29725.00, 29771.00, 4500, 4099, 29756.56, 29758.92, 29752.88, 2207, 2293, 0.00, 0.00
2026-7-14, 11:28:23.991001, 29771.25, 29793.00, 29750.25, 29784.25, 4500, 4068, 29774.69, 29775.83, 29771.63, 2215, 2285, 0.00, 0.00
2026-7-14, 11:35:51.439002, 29784.50, 29824.25, 29768.00, 29821.75, 4500, 4201, 29799.63, 29804.67, 29796.13, 2205, 2295, 0.00, 0.00
2026-7-14, 11:45:12.546000, 29822.00, 29830.00, 29783.50, 29815.25, 4500, 4034, 29812.69, 29809.58, 29806.75, 2153, 2347, 0.00, 0.00
2026-7-14, 11:53:50.196002, 29815.00, 29838.00, 29805.25, 29832.50, 4500, 4034, 29822.69, 29825.25, 29821.63, 2087, 2413, 0.00, 0.00
2026-7-14, 12:03:53.276001, 29832.25, 29851.00, 29814.50, 29825.25, 4500, 4140, 29830.75, 29830.25, 29832.75, 2216, 2284, 0.00, 0.00
2026-7-14, 12:14:20.255003, 29825.25, 29854.00, 29807.00, 29854.00, 4500, 4106, 29835.06, 29838.33, 29830.50, 2116, 2384, 0.00, 0.00
2026-7-14, 12:22:01.008001, 29854.00, 29867.00, 29836.75, 29836.75, 4500, 4069, 29848.63, 29846.83, 29851.88, 2410, 2090, 0.00, 0.00
2026-7-14, 12:33:04.403000, 29837.25, 29858.50, 29818.75, 29830.00, 4500, 4253, 29836.13, 29835.75, 29838.63, 2419, 2081, 0.00, 0.00
2026-7-14, 12:47:22.430000, 29829.75, 29865.50, 29829.75, 29843.50, 4500, 4213, 29842.13, 29846.25, 29847.63, 2302, 2198, 0.00, 0.00
2026-7-14, 13:00:51.505001, 29843.75, 29870.00, 29843.50, 29869.25, 4500, 4199, 29856.63, 29860.92, 29856.75, 2102, 2398, 0.00, 0.00
2026-7-14, 13:13:51.093000, 29869.50, 29878.25, 29847.50, 29858.00, 4500, 4327, 29863.31, 29861.25, 29862.88, 2363, 2137, 0.00, 0.00
2026-7-14, 13:29:29.276000, 29857.75, 29869.50, 29836.00, 29836.50, 4500, 4306, 29849.94, 29847.33, 29852.75, 2403, 2097, 0.00, 0.00
2026-7-14, 13:40:20.007020, 29836.25, 29845.50, 29810.50, 29836.25, 4500, 4282, 29832.13, 29830.75, 29828.00, 2295, 2205, 0.00, 0.00
2026-7-14, 13:47:52.298001, 29836.25, 29843.50, 29813.00, 29821.75, 4500, 4292, 29828.63, 29826.08, 29828.25, 2150, 2350, 0.00, 0.00
2026-7-14, 14:00:11.888000, 29821.25, 29832.50, 29780.00, 29795.00, 4500, 4140, 29807.19, 29802.50, 29806.25, 2378, 2122, 0.00, 0.00
2026-7-14, 14:08:26.149002, 29795.00, 29827.75, 29784.50, 29822.25, 4500, 3975, 29807.38, 29811.50, 29806.13, 2208, 2292, 0.00, 0.00
2026-7-14, 14:17:49.649001, 29822.25, 29837.75, 29808.75, 29816.75, 4500, 4168, 29821.38, 29821.08, 29823.25, 2441, 2059, 0.00, 0.00
2026-7-14, 14:28:15.337001, 29816.75, 29819.50, 29771.00, 29793.50, 4500, 4173, 29800.19, 29794.67, 29795.25, 2343, 2157, 0.00, 0.00
2026-7-14, 14:32:30.594000, 29793.50, 29810.25, 29783.00, 29810.00, 4500, 4196, 29799.19, 29801.08, 29796.63, 2270, 2230, 0.00, 0.00
2026-7-14, 14:43:58.219000, 29809.75, 29825.75, 29798.25, 29820.00, 4500, 4224, 29813.44, 29814.67, 29812.00, 2422, 2078, 0.00, 0.00
2026-7-14, 14:51:56.837001, 29820.00, 29836.00, 29790.00, 29806.00, 4500, 4309, 29813.00, 29810.67, 29813.00, 2424, 2076, 0.00, 0.00
2026-7-14, 14:55:44.270001, 29806.00, 29818.25, 29800.00, 29808.25, 4500, 4177, 29808.13, 29808.83, 29809.13, 2357, 2143, 0.00, 0.00
2026-7-14, 14:59:32.937002, 29808.25, 29809.50, 29779.00, 29784.50, 4500, 3907, 29795.31, 29791.00, 29794.25, 2461, 2039, 0.00, 0.00
2026-7-14, 14:59:58.365000, 29785.25, 29799.50, 29777.25, 29778.25, 4500, 3933, 29785.06, 29785.00, 29788.38, 2446, 2054, 0.00, 0.00
2026-7-14, 15:02:14.591000, 29779.25, 29810.00, 29772.50, 29784.00, 4500, 3996, 29786.44, 29788.83, 29791.25, 2184, 2316, 29767.50, 0.00
2026-7-14, 15:11:14.235000, 29784.50, 29801.50, 29767.75, 29789.25, 4500, 4209, 29785.75, 29786.17, 29784.63, 2375, 2125, 0.00, 0.00
2026-7-14, 15:49:59.599000, 29789.25, 29806.25, 29745.50, 29767.50, 4500, 4166, 29777.13, 29773.08, 29775.88, 2311, 2189, 29740.50, 0.00
2026-7-14, 17:54:43.271001, 29767.50, 29881.50, 29758.00, 29859.25, 4500, 4111, 29816.56, 29832.92, 29819.75, 2044, 2456, 29753.00, 0.00
2026-7-14, 18:43:06.746000, 29858.00, 29902.75, 29837.50, 29887.75, 4500, 4163, 29871.50, 29876.00, 29870.13, 2104, 2396, 0.00, 0.00
2026-7-14, 19:16:58.239000, 29889.50, 29938.00, 29841.00, 29878.00, 4500, 4147, 29886.63, 29885.67, 29889.50, 2160, 2340, 0.00, 0.00
2026-7-14, 19:46:08.812001, 29878.75, 29935.75, 29860.00, 29930.00, 4500, 4216, 29901.13, 29908.58, 29897.88, 2195, 2305, 0.00, 0.00
2026-7-14, 20:27:45.332005, 29930.00, 29974.00, 29891.50, 29970.25, 4500, 4166, 29941.44, 29945.25, 29932.75, 2235, 2265, 0.00, 0.00
2026-7-14, 21:12:19.809001, 29970.25, 29987.25, 29947.25, 29957.25, 4500, 4068, 29965.50, 29963.92, 29967.25, 2238, 2262, 0.00, 0.00
2026-7-14, 22:13:49.114000, 29957.75, 30019.25, 29953.75, 29992.00, 4500, 4073, 29980.69, 29988.33, 29986.50, 2139, 2361, 0.00, 0.00
2026-7-14, 23:29:40.944003, 29992.00, 30058.25, 29983.25, 30009.25, 4500, 3930, 30010.69, 30016.92, 30020.75, 2112, 2388, 29978.25, 0.00
2026-7-15, 00:05:59.062000, 30010.75, 30025.75, 29967.75, 30003.75, 4500, 3895, 30002.00, 29999.08, 29996.75, 2328, 2172, 0.00, 0.00
2026-7-15, 00:48:30.998000, 30004.25, 30050.00, 29990.75, 30021.25, 4500, 4030, 30016.56, 30020.67, 30020.38, 2131, 2369, 29985.75, 0.00
2026-7-15, 01:42:01.077000, 30021.50, 30062.50, 29992.00, 29993.50, 4500, 4014, 30017.38, 30016.00, 30027.25, 2248, 2252, 0.00, 30067.50
2026-7-15, 02:23:45.907000, 29993.75, 30005.25, 29928.00, 29993.25, 4500, 4057, 29980.06, 29975.50, 29966.63, 2323, 2177, 0.00, 30010.25
2026-7-15, 02:54:13.614000, 29992.50, 29998.75, 29872.00, 29887.25, 4500, 4184, 29937.63, 29919.33, 29935.38, 2486, 2014, 0.00, 0.00
2026-7-15, 03:25:49.995000, 29889.50, 29963.50, 29884.00, 29947.75, 4500, 4095, 29921.19, 29931.75, 29923.75, 2162, 2338, 0.00, 0.00
2026-7-15, 04:38:33.895000, 29948.50, 29959.75, 29886.00, 29944.75, 4500, 4061, 29934.75, 29930.17, 29922.88, 2272, 2228, 0.00, 0.00
2026-7-15, 06:00:23.304002, 29945.00, 29953.00, 29876.50, 29880.50, 4500, 4223, 29913.75, 29903.33, 29914.75, 2445, 2055, 0.00, 0.00
2026-7-15, 07:10:24.012002, 29880.75, 29951.00, 29856.25, 29934.75, 4500, 4006, 29905.69, 29914.00, 29903.63, 2293, 2207, 0.00, 0.00
2026-7-15, 07:33:39.317002, 29934.50, 29973.75, 29924.50, 29953.00, 4500, 3826, 29946.44, 29950.42, 29949.13, 2327, 2173, 0.00, 0.00
2026-7-15, 07:48:14.720000, 29953.75, 29999.75, 29949.25, 29988.00, 4500, 3924, 29972.69, 29979.00, 29974.50, 2255, 2245, 0.00, 0.00
2026-7-15, 08:07:14.563000, 29988.00, 29991.25, 29936.25, 29940.75, 4500, 4020, 29964.06, 29956.08, 29963.75, 2471, 2029, 0.00, 0.00
2026-7-15, 08:27:38.611000, 29940.75, 29966.75, 29939.00, 29955.25, 1262, 1180, 29950.44, 29953.67, 29952.88, 644, 618, 0.00, 0.00
2026-7-15, 08:30:00.001000, 29955.50, 29977.50, 29932.50, 29935.50, 4500, 4156, 29950.25, 29948.50, 29955.00, 2274, 2226, 0.00, 0.00
2026-7-15, 08:31:20.000001, 29935.50, 29950.75, 29912.50, 29931.25, 4500, 4236, 29932.50, 29931.50, 29931.63, 2355, 2145, 0.00, 0.00
2026-7-15, 08:34:00.249000, 29929.25, 29966.50, 29910.50, 29928.75, 4500, 4293, 29933.75, 29935.25, 29938.50, 2303, 2197, 0.00, 0.00
2026-7-15, 08:36:53.641000, 29928.75, 29943.00, 29862.75, 29875.75, 4500, 4074, 29902.56, 29893.83, 29902.88, 2431, 2069, 0.00, 0.00
2026-7-15, 08:38:38.476000, 29874.25, 29894.00, 29840.00, 29843.25, 4500, 4158, 29862.88, 29859.08, 29867.00, 2469, 2031, 0.00, 0.00
2026-7-15, 08:40:44.451000, 29844.00, 29884.50, 29841.75, 29859.00, 4500, 4123, 29857.31, 29861.75, 29863.13, 2045, 2455, 0.00, 0.00
2026-7-15, 08:44:31.860010, 29858.75, 29865.75, 29807.00, 29825.75, 4500, 4085, 29839.31, 29832.83, 29836.38, 2349, 2151, 0.00, 0.00
2026-7-15, 08:46:17.613000, 29825.75, 29826.25, 29784.25, 29798.75, 4500, 4154, 29808.75, 29803.08, 29805.25, 2414, 2086, 0.00, 0.00
2026-7-15, 08:48:40.984000, 29799.25, 29799.25, 29758.00, 29758.00, 4500, 4057, 29778.63, 29771.75, 29778.63, 2520, 1980, 0.00, 0.00
2026-7-15, 08:50:53.713018, 29757.75, 29796.00, 29754.50, 29775.50, 4500, 4153, 29770.94, 29775.33, 29775.25, 2119, 2381, 0.00, 0.00
2026-7-15, 08:53:21.014002, 29775.50, 29814.75, 29761.00, 29809.75, 4500, 4160, 29790.25, 29795.17, 29787.88, 2127, 2373, 0.00, 0.00
2026-7-15, 08:56:08.493000, 29809.50, 29820.00, 29783.25, 29800.25, 4500, 4319, 29803.25, 29801.17, 29801.63, 2377, 2123, 0.00, 0.00
2026-7-15, 08:58:45.119002, 29800.25, 29849.75, 29796.00, 29840.00, 4500, 4103, 29821.50, 29828.58, 29822.88, 2071, 2429, 0.00, 0.00
2026-7-15, 09:01:35.533001, 29840.00, 29871.75, 29833.00, 29840.00, 4500, 4305, 29846.19, 29848.25, 29852.38, 2349, 2151, 0.00, 0.00
2026-7-15, 09:05:13.946000, 29840.25, 29892.50, 29826.25, 29882.25, 4500, 4207, 29860.31, 29867.00, 29859.38, 2070, 2430, 0.00, 0.00
2026-7-15, 09:08:57.087000, 29879.75, 29884.25, 29836.00, 29838.75, 4500, 4262, 29859.69, 29853.00, 29860.13, 2423, 2077, 0.00, 0.00
2026-7-15, 09:13:51.739000, 29837.75, 29846.75, 29787.50, 29814.50, 4500, 4227, 29821.63, 29816.25, 29817.13, 2405, 2095, 0.00, 0.00
2026-7-15, 09:16:21.759000, 29813.75, 29830.75, 29767.00, 29769.25, 4500, 4234, 29795.19, 29789.00, 29798.88, 2423, 2077, 0.00, 0.00
2026-7-15, 09:20:14.106000, 29769.75, 29774.75, 29740.00, 29755.50, 4500, 4159, 29760.00, 29756.75, 29757.38, 2381, 2119, 0.00, 0.00
2026-7-15, 09:22:35.703000, 29756.75, 29760.75, 29670.00, 29670.00, 4500, 3963, 29714.38, 29700.25, 29715.38, 2586, 1914, 0.00, 0.00
2026-7-15, 09:24:13.509040, 29670.00, 29680.00, 29646.50, 29664.75, 4500, 4162, 29665.31, 29663.75, 29663.25, 2186, 2314, 0.00, 0.00
2026-7-15, 09:25:57.233007, 29664.75, 29702.50, 29639.25, 29701.00, 4500, 4153, 29676.88, 29680.92, 29670.88, 2038, 2462, 0.00, 0.00
2026-7-15, 09:28:12.958001, 29701.25, 29736.75, 29688.25, 29729.25, 4500, 4045, 29713.88, 29718.08, 29712.50, 2222, 2278, 0.00, 0.00
2026-7-15, 09:30:35.026000, 29728.75, 29733.25, 29646.00, 29667.75, 4500, 4150, 29693.94, 29682.33, 29689.63, 2533, 1967, 0.00, 0.00
2026-7-15, 09:32:55.272002, 29667.25, 29714.00, 29647.75, 29649.25, 4500, 4083, 29669.56, 29670.33, 29680.88, 2392, 2108, 0.00, 0.00
2026-7-15, 09:36:37.738001, 29649.25, 29656.75, 29597.50, 29603.75, 4500, 4047, 29626.81, 29619.33, 29627.13, 2406, 2094, 0.00, 0.00
2026-7-15, 09:38:30.492000, 29604.00, 29625.00, 29584.00, 29590.50, 4500, 4157, 29600.88, 29599.83, 29604.50, 2228, 2272, 0.00, 0.00
2026-7-15, 09:41:04.164000, 29590.00, 29624.25, 29536.75, 29544.25, 4500, 4042, 29573.81, 29568.42, 29580.50, 2438, 2062, 0.00, 0.00
2026-7-15, 09:42:57.031001, 29544.25, 29606.00, 29540.50, 29585.75, 4500, 4084, 29569.13, 29577.42, 29573.25, 2209, 2291, 0.00, 0.00
2026-7-15, 09:45:28.327003, 29585.75, 29621.75, 29562.50, 29617.25, 4500, 4065, 29596.81, 29600.50, 29592.13, 2089, 2411, 0.00, 0.00
2026-7-15, 09:48:33.817000, 29617.00, 29644.00, 29594.50, 29601.75, 4500, 4148, 29614.31, 29613.42, 29619.25, 2264, 2236, 0.00, 0.00
2026-7-15, 09:52:13.060000, 29601.00, 29632.50, 29578.00, 29595.75, 4500, 4071, 29601.81, 29602.08, 29605.25, 2231, 2269, 0.00, 0.00
2026-7-15, 09:55:31.009000, 29597.25, 29642.75, 29585.25, 29615.00, 4500, 4185, 29610.06, 29614.33, 29614.00, 2058, 2442, 0.00, 0.00
2026-7-15, 10:00:37.259004, 29615.00, 29624.75, 29579.50, 29609.00, 4500, 4133, 29607.06, 29604.42, 29602.13, 2294, 2206, 0.00, 0.00
2026-7-15, 10:06:30.278024, 29609.00, 29661.75, 29600.00, 29632.00, 4500, 4057, 29625.69, 29631.25, 29630.88, 2170, 2330, 0.00, 0.00
2026-7-15, 10:12:04.161000, 29632.00, 29637.25, 29553.25, 29556.75, 4500, 4065, 29594.81, 29582.42, 29595.25, 2582, 1918, 0.00, 0.00
2026-7-15, 10:16:37.764005, 29556.75, 29608.75, 29526.50, 29604.50, 4500, 4149, 29574.13, 29579.92, 29567.63, 2214, 2286, 0.00, 0.00
2026-7-15, 10:19:51.836008, 29604.75, 29611.00, 29540.00, 29556.25, 4500, 4168, 29578.00, 29569.08, 29575.50, 2344, 2156, 0.00, 0.00
2026-7-15, 10:24:34.838001, 29556.25, 29631.50, 29556.00, 29630.50, 4500, 4090, 29593.56, 29606.00, 29593.75, 1939, 2561, 0.00, 0.00
2026-7-15, 10:28:30.012000, 29630.50, 29656.00, 29612.25, 29646.00, 4500, 4022, 29636.19, 29638.08, 29634.13, 2097, 2403, 0.00, 0.00
2026-7-15, 10:33:28.560000, 29645.50, 29652.75, 29586.25, 29640.00, 4500, 4168, 29631.13, 29626.33, 29619.50, 2373, 2127, 0.00, 0.00
2026-7-15, 10:38:39.270001, 29640.00, 29656.25, 29595.00, 29602.75, 4500, 4178, 29623.50, 29618.00, 29625.63, 2413, 2087, 0.00, 0.00
2026-7-15, 10:45:31.040002, 29602.75, 29611.25, 29567.25, 29570.25, 4500, 4119, 29587.88, 29582.92, 29589.25, 2181, 2319, 0.00, 0.00
2026-7-15, 10:50:58.627000, 29570.25, 29592.00, 29560.00, 29581.00, 4500, 4350, 29575.81, 29577.67, 29576.00, 2210, 2290, 0.00, 0.00
2026-7-15, 10:59:58.459000, 29580.75, 29599.50, 29516.00, 29523.25, 4500, 4263, 29554.88, 29546.25, 29557.75, 2490, 2010, 0.00, 0.00
2026-7-15, 11:04:07.178000, 29523.50, 29535.75, 29486.00, 29486.00, 4500, 4129, 29507.81, 29502.58, 29510.88, 2425, 2075, 0.00, 0.00
2026-7-15, 11:07:47.439003, 29486.00, 29523.00, 29479.00, 29503.75, 4500, 4228, 29497.94, 29501.92, 29501.00, 2179, 2321, 29474.00, 0.00
2026-7-15, 11:12:51.536001, 29504.00, 29511.50, 29465.00, 29481.50, 4500, 4210, 29490.50, 29486.00, 29488.25, 2348, 2152, 0.00, 0.00
2026-7-15, 11:18:48.411000, 29482.25, 29496.75, 29454.75, 29456.25, 4500, 4077, 29472.50, 29469.25, 29475.75, 2382, 2118, 0.00, 0.00
2026-7-15, 11:24:12.054000, 29456.00, 29465.25, 29431.25, 29451.50, 4500, 4125, 29451.00, 29449.33, 29448.25, 2332, 2168, 0.00, 0.00
2026-7-15, 11:28:16.394000, 29451.50, 29483.25, 29440.00, 29445.00, 4500, 4112, 29454.94, 29456.08, 29461.63, 2213, 2287, 0.00, 0.00
2026-7-15, 11:34:14.544006, 29445.25, 29445.50, 29408.00, 29419.50, 4500, 4173, 29429.56, 29424.33, 29426.75, 2301, 2199, 0.00, 0.00
2026-7-15, 11:39:04.674000, 29419.25, 29445.00, 29397.00, 29445.00, 4500, 4046, 29426.56, 29429.00, 29421.00, 2324, 2176, 0.00, 0.00
2026-7-15, 11:44:54.136000, 29445.50, 29540.25, 29433.75, 29487.00, 4500, 3965, 29476.63, 29487.00, 29487.00, 1881, 2619, 0.00, 0.00
2026-7-15, 11:47:08.232000, 29487.00, 29511.25, 29461.50, 29491.00, 4500, 4060, 29487.69, 29487.92, 29486.38, 2275, 2225, 0.00, 0.00
2026-7-15, 11:52:04.029000, 29490.75, 29517.75, 29460.75, 29493.00, 4500, 3956, 29490.56, 29490.50, 29489.25, 2372, 2128, 0.00, 0.00
2026-7-15, 11:58:00.157000, 29492.50, 29540.00, 29490.25, 29540.00, 4500, 4090, 29515.69, 29523.42, 29515.13, 1968, 2532, 0.00, 0.00
2026-7-15, 12:04:41.525094, 29540.00, 29561.75, 29518.75, 29548.75, 4500, 4152, 29542.31, 29543.08, 29540.25, 2289, 2211, 0.00, 0.00
2026-7-15, 12:12:19.862000, 29548.00, 29586.00, 29526.75, 29584.25, 4500, 4160, 29561.25, 29565.67, 29556.38, 2176, 2324, 0.00, 0.00
2026-7-15, 12:20:06.945001, 29584.25, 29596.75, 29567.25, 29590.00, 4500, 4145, 29584.56, 29584.67, 29582.00, 2141, 2359, 0.00, 0.00
2026-7-15, 12:27:59.682001, 29590.00, 29623.25, 29571.75, 29613.00, 4500, 4008, 29599.50, 29602.67, 29597.50, 2188, 2312, 0.00, 0.00
2026-7-15, 12:32:53.661000, 29613.00, 29633.25, 29608.00, 29631.00, 4500, 3860, 29621.31, 29624.08, 29620.63, 2062, 2438, 29603.00, 0.00
2026-7-15, 12:39:32.739004, 29631.00, 29664.50, 29620.00, 29664.50, 4500, 4123, 29645.00, 29649.67, 29642.25, 2010, 2490, 0.00, 0.00
2026-7-15, 12:47:06.481007, 29664.50, 29681.00, 29661.00, 29680.75, 4500, 4020, 29671.81, 29674.25, 29671.00, 2090, 2410, 0.00, 0.00
2026-7-15, 12:52:20.374001, 29680.75, 29705.75, 29680.25, 29695.25, 4500, 3833, 29690.50, 29693.75, 29693.00, 1984, 2516, 0.00, 0.00
2026-7-15, 12:56:00.002000, 29695.75, 29711.50, 29679.00, 29709.00, 4500, 4222, 29698.81, 29699.83, 29695.25, 2201, 2299, 0.00, 0.00
2026-7-15, 13:01:51.532002, 29709.00, 29725.00, 29696.50, 29719.25, 4500, 3955, 29712.44, 29713.58, 29710.75, 2201, 2299, 0.00, 0.00
2026-7-15, 13:07:43.030000, 29719.00, 29730.00, 29709.00, 29710.75, 4500, 3964, 29717.19, 29716.58, 29719.50, 2178, 2322, 0.00, 0.00
2026-7-15, 13:15:04.351000, 29710.75, 29714.00, 29684.75, 29711.50, 4500, 4153, 29705.25, 29703.42, 29699.38, 2291, 2209, 0.00, 0.00
2026-7-15, 13:20:40.353002, 29711.25, 29742.75, 29711.25, 29734.25, 4500, 3852, 29724.88, 29729.42, 29727.00, 2098, 2402, 0.00, 0.00
2026-7-15, 13:26:17.899000, 29734.00, 29737.50, 29708.75, 29710.50, 4500, 4074, 29722.69, 29718.92, 29723.13, 2365, 2135, 0.00, 0.00
2026-7-15, 13:35:48.568000, 29710.75, 29713.75, 29673.50, 29675.00, 4500, 4103, 29693.25, 29687.42, 29693.63, 2438, 2062, 0.00, 0.00
2026-7-15, 13:43:07.087003, 29675.00, 29682.50, 29634.50, 29649.25, 4500, 4114, 29660.31, 29655.42, 29658.50, 2479, 2021, 0.00, 0.00
2026-7-15, 13:47:44.541000, 29649.50, 29659.75, 29604.00, 29616.75, 4500, 4127, 29632.50, 29626.83, 29631.88, 2370, 2130, 0.00, 0.00
2026-7-15, 13:53:40.831000, 29616.50, 29636.00, 29595.00, 29608.00, 4500, 4186, 29613.88, 29613.00, 29615.50, 2259, 2241, 0.00, 0.00
2026-7-15, 14:00:18.707000, 29609.50, 29661.75, 29605.25, 29652.25, 4500, 4151, 29632.19, 29639.75, 29633.50, 2118, 2382, 0.00, 0.00
2026-7-15, 14:05:53.135000, 29652.50, 29668.75, 29630.75, 29651.50, 4500, 4193, 29650.88, 29650.33, 29649.75, 2291, 2209, 0.00, 0.00
2026-7-15, 14:13:05.516000, 29651.50, 29653.25, 29591.75, 29599.25, 4500, 4061, 29623.94, 29614.75, 29622.50, 2553, 1947, 0.00, 0.00
2026-7-15, 14:20:40.275000, 29599.25, 29638.75, 29589.00, 29637.25, 4500, 4194, 29616.06, 29621.67, 29613.88, 2262, 2238, 0.00, 0.00
2026-7-15, 14:29:08.108001, 29637.25, 29668.00, 29631.00, 29639.50, 4500, 4029, 29643.94, 29646.17, 29649.50, 2451, 2049, 0.00, 0.00
2026-7-15, 14:32:31.293000, 29638.25, 29650.00, 29608.50, 29650.00, 4500, 4035, 29636.69, 29636.17, 29629.25, 2248, 2252, 0.00, 0.00
2026-7-15, 14:38:27.840000, 29649.25, 29695.50, 29644.00, 29685.00, 4500, 4112, 29668.44, 29674.83, 29669.75, 2170, 2330, 0.00, 0.00
2026-7-15, 14:43:54.940001, 29684.75, 29691.25, 29648.50, 29670.50, 4500, 4160, 29673.75, 29670.08, 29669.88, 2307, 2193, 0.00, 0.00
2026-7-15, 14:50:23.841000, 29669.75, 29707.00, 29657.75, 29705.00, 4500, 4160, 29684.88, 29689.92, 29682.38, 2221, 2279, 0.00, 0.00
2026-7-15, 14:55:09.797000, 29705.00, 29706.75, 29694.00, 29699.50, 4500, 4121, 29701.31, 29700.08, 29700.38, 2301, 2199, 0.00, 0.00
2026-7-15, 14:59:22.400002, 29699.25, 29706.25, 29686.00, 29706.25, 4500, 3976, 29699.44, 29699.50, 29696.13, 2312, 2188, 0.00, 0.00
2026-7-15, 15:00:00.018018, 29706.25, 29734.50, 29695.00, 29727.75, 4500, 3889, 29715.88, 29719.08, 29714.75, 2017, 2483, 0.00, 0.00
2026-7-15, 15:02:55.999001, 29728.00, 29737.00, 29664.00, 29701.75, 4500, 4144, 29707.69, 29700.92, 29700.50, 2216, 2284, 0.00, 0.00
2026-7-15, 15:14:41.112000, 29701.25, 29749.00, 29696.00, 29736.25, 4500, 4100, 29720.63, 29727.08, 29722.50, 2160, 2340, 0.00, 0.00
2026-7-15, 17:13:32.629002, 29736.25, 29738.00, 29677.00, 29712.75, 4500, 4144, 29716.00, 29709.25, 29707.50, 2314, 2186, 0.00, 29743.00
2026-7-15, 18:08:51.424001, 29712.75, 29746.50, 29682.00, 29725.00, 4500, 4124, 29716.56, 29717.83, 29714.25, 2176, 2324, 29677.00, 0.00
2026-7-15, 19:08:42.704000, 29726.25, 29763.25, 29653.25, 29675.50, 4500, 4232, 29704.56, 29697.33, 29708.25, 2312, 2188, 0.00, 0.00
2026-7-15, 19:34:39.366000, 29678.00, 29695.75, 29622.25, 29647.25, 4500, 4244, 29660.81, 29655.08, 29659.00, 2342, 2158, 0.00, 0.00
2026-7-15, 20:10:44.977000, 29647.50, 29683.00, 29593.50, 29676.75, 4500, 4179, 29650.19, 29651.08, 29638.25, 2249, 2251, 0.00, 0.00
2026-7-15, 20:50:59.351000, 29677.75, 29707.00, 29620.00, 29699.50, 4500, 4084, 29676.06, 29675.50, 29663.50, 2176, 2324, 0.00, 0.00
2026-7-15, 21:35:46.379000, 29700.50, 29751.75, 29670.00, 29720.75, 4500, 4117, 29710.75, 29714.17, 29710.88, 2234, 2266, 0.00, 0.00
2026-7-15, 22:19:54.077002, 29720.50, 29756.25, 29691.25, 29702.25, 4500, 4252, 29717.56, 29716.58, 29723.75, 2292, 2208, 0.00, 29761.25
2026-7-15, 23:47:09.000000, 29702.00, 29797.00, 29680.00, 29680.00, 4500, 4227, 29714.75, 29719.00, 29738.50, 2038, 2462, 29675.00, 0.00
2026-7-16, 00:35:53.292006, 29680.00, 29733.00, 29646.50, 29732.00, 4500, 4146, 29697.88, 29703.83, 29689.75, 2210, 2290, 0.00, 0.00
2026-7-16, 01:08:51.266001, 29732.25, 29749.75, 29641.25, 29675.00, 4500, 3968, 29699.56, 29688.67, 29695.50, 2253, 2247, 0.00, 0.00
2026-7-16, 01:39:55.853000, 29675.75, 29694.00, 29590.25, 29609.00, 4500, 3906, 29642.25, 29631.08, 29642.13, 2250, 2250, 0.00, 29699.00
2026-7-16, 02:34:06.651000, 29608.75, 29616.25, 29499.25, 29507.00, 4500, 4080, 29557.81, 29540.83, 29557.75, 2395, 2105, 0.00, 0.00
2026-7-16, 03:11:21.160000, 29507.00, 29586.50, 29478.75, 29582.50, 4500, 3989, 29538.69, 29549.25, 29532.63, 2177, 2323, 0.00, 0.00
2026-7-16, 03:48:45.997000, 29582.75, 29645.25, 29576.25, 29576.25, 4500, 3967, 29595.13, 29599.25, 29610.75, 2245, 2255, 29571.25, 0.00
2026-7-16, 04:45:53.778006, 29576.25, 29583.00, 29512.25, 29534.75, 4500, 4103, 29551.56, 29543.33, 29547.63, 2318, 2182, 0.00, 0.00
2026-7-16, 05:36:03.794003, 29534.75, 29537.75, 29446.25, 29468.00, 4500, 4124, 29496.69, 29484.00, 29492.00, 2323, 2177, 29441.25, 0.00
2026-7-16, 06:18:01.238000, 29467.25, 29502.00, 29404.25, 29404.75, 4500, 3978, 29444.56, 29437.00, 29453.13, 2374, 2126, 0.00, 0.00
2026-7-16, 06:49:54.434000, 29405.75, 29457.25, 29361.00, 29397.00, 4500, 4235, 29405.25, 29405.08, 29409.13, 2288, 2212, 0.00, 0.00
2026-7-16, 07:06:15.303001, 29396.75, 29440.25, 29378.00, 29411.00, 4500, 4087, 29406.50, 29409.75, 29409.13, 2300, 2200, 0.00, 0.00
2026-7-16, 07:30:11.103002, 29411.00, 29420.00, 29363.50, 29391.25, 4500, 4145, 29396.44, 29391.58, 29391.75, 2336, 2164, 0.00, 0.00
2026-7-16, 07:50:50.420000, 29389.00, 29445.50, 29383.25, 29441.75, 4500, 4267, 29414.88, 29423.50, 29414.38, 2188, 2312, 0.00, 0.00
2026-7-16, 08:09:14.160002, 29441.75, 29488.50, 29431.75, 29464.75, 4500, 4192, 29456.69, 29461.67, 29460.13, 2214, 2286, 0.00, 0.00
2026-7-16, 08:25:25.328000, 29464.50, 29472.00, 29447.50, 29465.75, 2037, 1891, 29462.44, 29461.75, 29459.75, 1009, 1028, 0.00, 0.00
2026-7-16, 08:30:00.001000, 29466.00, 29532.00, 29460.25, 29499.00, 4500, 4121, 29489.31, 29497.08, 29496.13, 2221, 2279, 0.00, 0.00
2026-7-16, 08:31:07.543000, 29498.25, 29529.50, 29458.50, 29475.00, 4500, 4311, 29490.31, 29487.67, 29494.00, 2382, 2118, 0.00, 0.00
2026-7-16, 08:33:36.569000, 29475.25, 29485.50, 29399.75, 29403.75, 4500, 4207, 29441.06, 29429.67, 29442.63, 2475, 2025, 0.00, 0.00
2026-7-16, 08:35:31.889003, 29403.75, 29471.00, 29402.00, 29417.25, 4500, 4194, 29423.50, 29430.08, 29436.50, 2230, 2270, 0.00, 0.00
2026-7-16, 08:38:07.063000, 29417.75, 29423.25, 29373.50, 29411.75, 4500, 4264, 29406.56, 29402.83, 29398.38, 2301, 2199, 0.00, 0.00
2026-7-16, 08:40:26.090000, 29410.25, 29434.50, 29341.00, 29347.50, 4500, 4245, 29383.31, 29374.33, 29387.75, 2497, 2003, 0.00, 0.00
2026-7-16, 08:42:31.848000, 29348.25, 29375.00, 29310.00, 29310.00, 4500, 4149, 29335.81, 29331.67, 29342.50, 2352, 2148, 0.00, 0.00
2026-7-16, 08:44:49.115004, 29310.00, 29342.75, 29301.75, 29309.75, 4500, 4136, 29316.06, 29318.08, 29322.25, 2326, 2174, 0.00, 0.00
2026-7-16, 08:46:44.118000, 29309.75, 29333.25, 29269.25, 29285.00, 4500, 4033, 29299.31, 29295.83, 29301.25, 2484, 2016, 0.00, 0.00
2026-7-16, 08:49:02.693001, 29285.00, 29318.00, 29264.25, 29311.25, 4500, 4063, 29294.63, 29297.83, 29291.13, 2111, 2389, 0.00, 0.00
2026-7-16, 08:51:14.239000, 29310.50, 29353.75, 29293.00, 29300.75, 4500, 4144, 29314.50, 29315.83, 29323.38, 2130, 2370, 0.00, 0.00
2026-7-16, 08:53:35.893000, 29301.00, 29347.25, 29255.50, 29276.25, 4500, 4347, 29295.00, 29293.00, 29301.38, 2297, 2203, 0.00, 0.00
2026-7-16, 08:55:48.025003, 29276.00, 29363.75, 29275.00, 29332.50, 4500, 4079, 29311.81, 29323.75, 29319.38, 2055, 2445, 0.00, 0.00
2026-7-16, 08:58:30.859000, 29334.75, 29389.00, 29315.25, 29369.50, 4500, 4158, 29352.13, 29357.92, 29352.13, 2108, 2392, 0.00, 0.00
2026-7-16, 09:01:12.650007, 29369.50, 29417.75, 29366.50, 29401.25, 4500, 3967, 29388.75, 29395.17, 29392.13, 2028, 2472, 0.00, 0.00
2026-7-16, 09:04:02.617001, 29401.25, 29450.00, 29380.00, 29450.00, 4500, 4266, 29420.31, 29426.67, 29415.00, 2178, 2322, 0.00, 0.00
2026-7-16, 09:07:08.094000, 29450.00, 29495.75, 29429.00, 29492.25, 4500, 4039, 29466.75, 29472.33, 29462.38, 2089, 2411, 0.00, 0.00
2026-7-16, 09:09:53.352000, 29492.00, 29495.25, 29447.50, 29487.50, 4500, 4231, 29480.56, 29476.75, 29471.38, 2387, 2113, 0.00, 0.00
2026-7-16, 09:13:12.127000, 29487.50, 29501.00, 29458.75, 29478.00, 4500, 4204, 29481.31, 29479.25, 29479.88, 2159, 2341, 0.00, 0.00
2026-7-16, 09:17:20.483000, 29478.25, 29489.75, 29436.50, 29443.00, 4500, 4231, 29461.88, 29456.42, 29463.13, 2383, 2117, 0.00, 0.00
2026-7-16, 09:21:10.022000, 29443.50, 29451.50, 29397.75, 29440.75, 4500, 4153, 29433.38, 29430.00, 29424.63, 2331, 2169, 0.00, 0.00
2026-7-16, 09:24:14.579000, 29440.75, 29476.00, 29406.00, 29467.50, 4500, 4192, 29447.56, 29449.83, 29441.00, 2157, 2343, 0.00, 0.00
2026-7-16, 09:27:56.152001, 29467.50, 29488.00, 29440.00, 29455.50, 4500, 4123, 29462.75, 29461.17, 29464.00, 2290, 2210, 0.00, 0.00
2026-7-16, 09:32:32.778002, 29455.50, 29513.50, 29450.25, 29491.75, 4500, 4245, 29477.75, 29485.17, 29481.88, 2060, 2440, 0.00, 0.00
2026-7-16, 09:38:10.229000, 29492.25, 29494.25, 29426.50, 29467.25, 4500, 4176, 29470.06, 29462.67, 29460.38, 2330, 2170, 0.00, 29499.25
2026-7-16, 09:43:07.980000, 29468.25, 29479.00, 29422.75, 29422.75, 4500, 4219, 29448.19, 29441.50, 29450.88, 2357, 2143, 0.00, 0.00
2026-7-16, 09:50:15.029000, 29422.50, 29423.50, 29384.50, 29385.50, 4500, 4185, 29404.00, 29397.83, 29404.00, 2316, 2184, 0.00, 0.00
2026-7-16, 09:53:56.808003, 29385.50, 29410.00, 29362.00, 29401.00, 4500, 4070, 29389.63, 29391.00, 29386.00, 2119, 2381, 0.00, 0.00
2026-7-16, 09:57:42.227000, 29400.50, 29458.75, 29400.50, 29443.25, 4500, 4127, 29425.75, 29434.17, 29429.63, 2234, 2266, 0.00, 0.00
2026-7-16, 10:01:05.325000, 29444.00, 29456.00, 29385.25, 29392.50, 4500, 4043, 29419.44, 29411.25, 29420.63, 2281, 2219, 0.00, 0.00
2026-7-16, 10:05:15.142000, 29393.50, 29409.00, 29366.00, 29378.25, 4500, 4139, 29386.69, 29384.42, 29387.50, 2229, 2271, 0.00, 0.00
2026-7-16, 10:10:33.294001, 29378.00, 29395.00, 29336.00, 29363.50, 4500, 4170, 29368.13, 29364.83, 29365.50, 2333, 2167, 0.00, 0.00
2026-7-16, 10:15:39.554000, 29363.25, 29392.25, 29336.75, 29372.00, 4500, 4006, 29366.06, 29367.00, 29364.50, 2281, 2219, 0.00, 0.00
2026-7-16, 10:20:15.988000, 29371.25, 29417.50, 29348.50, 29412.25, 4500, 3896, 29387.38, 29392.75, 29383.00, 2089, 2411, 0.00, 0.00
2026-7-16, 10:25:20.502000, 29413.25, 29451.50, 29393.00, 29395.25, 4500, 3969, 29413.25, 29413.25, 29422.25, 2285, 2215, 0.00, 0.00
2026-7-16, 10:28:42.240000, 29395.00, 29438.25, 29370.00, 29419.50, 4500, 4140, 29405.69, 29409.25, 29404.13, 2071, 2429, 0.00, 0.00
2026-7-16, 10:33:18.686000, 29418.50, 29468.00, 29412.75, 29453.75, 4500, 4020, 29438.25, 29444.83, 29440.38, 2009, 2491, 0.00, 0.00
2026-7-16, 10:39:51.602001, 29453.75, 29461.00, 29376.75, 29379.25, 4500, 4086, 29417.69, 29405.67, 29418.88, 2513, 1987, 0.00, 0.00
2026-7-16, 10:45:29.376000, 29377.75, 29419.50, 29354.50, 29418.75, 4500, 4210, 29392.63, 29397.58, 29387.00, 2221, 2279, 0.00, 0.00
2026-7-16, 10:51:01.873000, 29418.75, 29435.00, 29373.50, 29407.00, 4500, 4154, 29408.56, 29405.17, 29404.25, 2314, 2186, 0.00, 0.00
2026-7-16, 10:57:22.537000, 29406.00, 29412.50, 29350.25, 29370.00, 4500, 3899, 29384.69, 29377.58, 29381.38, 2395, 2105, 0.00, 0.00
2026-7-16, 11:04:06.919001, 29369.75, 29369.75, 29312.75, 29341.75, 4500, 4177, 29348.50, 29341.42, 29341.25, 2215, 2285, 0.00, 0.00
2026-7-16, 11:08:55.397000, 29342.00, 29352.25, 29289.25, 29293.50, 4500, 4121, 29319.25, 29311.67, 29320.75, 2451, 2049, 0.00, 0.00
2026-7-16, 11:14:52.048000, 29293.75, 29313.75, 29275.75, 29275.75, 4500, 4195, 29289.75, 29288.42, 29294.75, 2244, 2256, 0.00, 0.00
2026-7-16, 11:20:20.158001, 29275.75, 29292.75, 29260.75, 29280.00, 4500, 3914, 29277.31, 29277.83, 29276.75, 2118, 2382, 0.00, 0.00
2026-7-16, 11:24:41.538000, 29280.25, 29315.00, 29268.50, 29306.25, 4500, 4134, 29292.50, 29296.58, 29291.75, 2130, 2370, 0.00, 0.00
2026-7-16, 11:30:44.562001, 29306.25, 29339.50, 29288.75, 29304.75, 4500, 4092, 29309.81, 29311.00, 29314.13, 2197, 2303, 0.00, 0.00
2026-7-16, 11:37:21.371000, 29304.00, 29323.75, 29281.25, 29286.00, 4500, 4124, 29298.75, 29297.00, 29302.50, 2181, 2319, 0.00, 0.00
2026-7-16, 11:46:00.319000, 29285.50, 29321.50, 29270.75, 29317.00, 4500, 4043, 29298.69, 29303.08, 29296.13, 2248, 2252, 0.00, 0.00
2026-7-16, 11:53:50.051000, 29317.50, 29352.50, 29312.50, 29315.50, 4500, 4053, 29324.50, 29326.83, 29332.50, 2158, 2342, 0.00, 0.00
2026-7-16, 12:00:32.872000, 29315.25, 29333.25, 29285.00, 29328.00, 4500, 4210, 29315.38, 29315.42, 29309.13, 2227, 2273, 0.00, 0.00
2026-7-16, 12:09:19.643000, 29328.50, 29334.25, 29277.50, 29302.25, 4500, 4212, 29310.63, 29304.67, 29305.88, 2312, 2188, 0.00, 0.00
2026-7-16, 12:20:17.459000, 29298.75, 29337.25, 29275.00, 29336.25, 4500, 3993, 29311.81, 29316.17, 29306.13, 2190, 2310, 0.00, 0.00
2026-7-16, 12:28:39.286000, 29335.50, 29345.00, 29280.50, 29287.75, 4500, 3920, 29312.19, 29304.42, 29312.75, 2415, 2085, 0.00, 0.00
2026-7-16, 12:35:11.506000, 29287.50, 29297.25, 29246.75, 29254.25, 4500, 3995, 29271.44, 29266.08, 29272.00, 2413, 2087, 0.00, 0.00
2026-7-16, 12:40:52.152016, 29254.25, 29257.25, 29219.25, 29227.00, 4500, 4178, 29239.44, 29234.50, 29238.25, 2273, 2227, 0.00, 0.00
2026-7-16, 12:46:01.314001, 29227.00, 29268.00, 29219.00, 29257.25, 4500, 4028, 29242.81, 29248.08, 29243.50, 2059, 2441, 0.00, 0.00
2026-7-16, 12:53:12.159000, 29257.50, 29269.00, 29224.00, 29253.75, 4500, 4198, 29251.06, 29248.92, 29246.50, 2212, 2288, 0.00, 0.00
2026-7-16, 13:01:20.409004, 29253.75, 29257.50, 29223.50, 29226.25, 4500, 4146, 29240.25, 29235.75, 29240.50, 2380, 2120, 0.00, 0.00
2026-7-16, 13:09:34.835001, 29226.00, 29279.50, 29220.25, 29221.00, 4500, 4136, 29236.69, 29240.25, 29249.88, 2300, 2200, 0.00, 0.00
2026-7-16, 13:15:20.668005, 29221.00, 29300.25, 29217.25, 29300.25, 4500, 3899, 29259.69, 29272.58, 29258.75, 2061, 2439, 0.00, 0.00
2026-7-16, 13:22:12.659003, 29300.00, 29304.00, 29264.25, 29264.25, 4500, 3967, 29283.13, 29277.50, 29284.13, 2163, 2337, 0.00, 0.00
2026-7-16, 13:29:06.226004, 29264.25, 29274.00, 29221.75, 29237.50, 4500, 4097, 29249.38, 29244.42, 29247.88, 2309, 2191, 0.00, 29279.00
2026-7-16, 13:37:36.668000, 29238.50, 29245.00, 29198.50, 29245.00, 4500, 3994, 29231.75, 29229.50, 29221.75, 2267, 2233, 0.00, 0.00
2026-7-16, 13:44:09.093000, 29245.00, 29253.25, 29213.75, 29218.75, 4500, 3899, 29232.69, 29228.58, 29233.50, 2276, 2224, 0.00, 0.00
2026-7-16, 13:53:56.411000, 29218.50, 29229.00, 29200.25, 29215.50, 4500, 3994, 29215.81, 29214.92, 29214.63, 2231, 2269, 0.00, 0.00
2026-7-16, 14:02:12.679000, 29217.25, 29242.00, 29185.00, 29187.50, 4500, 3641, 29207.94, 29204.83, 29213.50, 2654, 1846, 0.00, 0.00
2026-7-16, 14:07:39.030000, 29187.75, 29197.25, 29176.00, 29179.75, 4500, 4132, 29185.19, 29184.33, 29186.63, 2251, 2249, 29171.00, 0.00
2026-7-16, 14:14:08.513002, 29179.75, 29186.25, 29145.50, 29164.75, 4500, 3871, 29169.06, 29165.50, 29165.88, 2476, 2024, 0.00, 0.00
2026-7-16, 14:19:18.383000, 29164.25, 29182.25, 29141.25, 29150.00, 4500, 3992, 29159.44, 29157.83, 29161.75, 2204, 2296, 0.00, 0.00
2026-7-16, 14:25:20.328000, 29150.25, 29160.25, 29119.00, 29135.50, 4500, 4098, 29141.25, 29138.25, 29139.63, 2217, 2283, 0.00, 0.00
2026-7-16, 14:30:08.277003, 29135.50, 29170.25, 29118.25, 29151.75, 4500, 4255, 29143.94, 29146.75, 29144.25, 2129, 2371, 0.00, 0.00
2026-7-16, 14:34:33.086001, 29151.75, 29162.50, 29117.25, 29156.50, 4500, 3904, 29147.00, 29145.42, 29139.88, 2133, 2367, 0.00, 0.00
2026-7-16, 14:39:27.866001, 29156.50, 29162.75, 29102.75, 29114.75, 4500, 4109, 29134.19, 29126.75, 29132.75, 2368, 2132, 0.00, 0.00
2026-7-16, 14:45:21.943000, 29115.75, 29124.75, 29078.50, 29090.00, 4500, 4068, 29102.25, 29097.75, 29101.63, 2373, 2127, 0.00, 0.00
2026-7-16, 14:49:47.465000, 29090.00, 29157.00, 29089.00, 29151.25, 4500, 4029, 29121.81, 29132.42, 29123.00, 2048, 2452, 0.00, 0.00
2026-7-16, 14:51:56.037001, 29151.50, 29175.50, 29147.75, 29164.25, 4500, 3990, 29159.75, 29162.50, 29161.63, 2258, 2242, 0.00, 0.00
2026-7-16, 14:54:40.130000, 29163.50, 29210.50, 29158.25, 29201.50, 4500, 3935, 29183.44, 29190.08, 29184.38, 2045, 2455, 0.00, 0.00
2026-7-16, 14:57:05.340000, 29203.00, 29219.00, 29192.00, 29218.75, 4500, 3988, 29208.19, 29209.92, 29205.50, 2190, 2310, 0.00, 0.00
2026-7-16, 14:59:20.011000, 29218.50, 29238.25, 29216.75, 29228.50, 4500, 3741, 29225.50, 29227.83, 29227.50, 2111, 2389, 0.00, 0.00
2026-7-16, 14:59:49.815039, 29228.50, 29230.00, 29208.00, 29209.00, 4500, 3852, 29218.88, 29215.67, 29219.00, 2449, 2051, 0.00, 0.00
2026-7-16, 15:00:02.326002, 29208.75, 29231.25, 29199.75, 29214.00, 4500, 3889, 29213.44, 29215.00, 29215.50, 1998, 2502, 29194.75, 0.00
2026-7-16, 15:01:35.499002, 29214.00, 29226.00, 29180.00, 29195.75, 4500, 3912, 29203.94, 29200.58, 29203.00, 2049, 2451, 0.00, 0.00
2026-7-16, 15:07:38.049000, 29194.75, 29200.00, 29162.75, 29191.00, 4500, 3995, 29187.13, 29184.58, 29181.38, 2234, 2266, 0.00, 0.00
2026-7-16, 15:23:15.266001, 29191.00, 29215.00, 29164.00, 29206.00, 4500, 4130, 29194.00, 29195.00, 29189.50, 2171, 2329, 0.00, 0.00
2026-7-16, 17:01:52.725000, 29206.75, 29220.00, 29125.00, 29128.50, 4500, 4180, 29170.06, 29157.83, 29172.50, 2434, 2066, 0.00, 29225.00
2026-7-16, 17:53:25.820000, 29130.00, 29148.75, 29061.75, 29064.75, 4500, 4132, 29101.31, 29091.75, 29105.25, 2373, 2127, 0.00, 0.00
2026-7-16, 18:36:47.124001, 29064.75, 29129.75, 29034.00, 29046.75, 4500, 4197, 29068.81, 29070.17, 29081.88, 2269, 2231, 0.00, 0.00
2026-7-16, 19:13:12.241000, 29045.00, 29076.00, 29000.00, 29007.50, 4500, 4052, 29032.13, 29027.83, 29038.00, 2402, 2098, 0.00, 0.00
2026-7-16, 19:35:30.274000, 29005.50, 29082.00, 28993.50, 29057.00, 4500, 3981, 29034.50, 29044.17, 29037.75, 2230, 2270, 0.00, 0.00
2026-7-16, 19:59:56.202001, 29057.00, 29105.50, 29010.50, 29040.75, 4500, 4148, 29053.44, 29052.25, 29058.00, 2170, 2330, 0.00, 0.00
2026-7-16, 20:30:01.515000, 29039.00, 29039.00, 28951.75, 28963.00, 4500, 3725, 28998.19, 28984.58, 28995.38, 2578, 1922, 0.00, 0.00
2026-7-16, 20:50:49.567018, 28962.75, 28985.75, 28917.25, 28932.50, 4500, 4117, 28949.56, 28945.17, 28951.50, 2447, 2053, 0.00, 0.00
2026-7-16, 21:29:08.219002, 28932.50, 28948.50, 28902.25, 28948.00, 4500, 4096, 28932.81, 28932.92, 28925.38, 2206, 2294, 28897.25, 0.00
2026-7-16, 22:05:05.670001, 28948.00, 29026.00, 28941.75, 28979.00, 4500, 4156, 28973.69, 28982.25, 28983.88, 2051, 2449, 0.00, 0.00
2026-7-16, 22:37:29.065001, 28978.75, 28980.25, 28871.00, 28871.00, 4500, 3978, 28925.25, 28907.42, 28925.63, 2542, 1958, 0.00, 0.00
2026-7-16, 23:04:40.005001, 28871.00, 28879.50, 28805.25, 28808.00, 4500, 4136, 28840.94, 28830.92, 28842.38, 2330, 2170, 0.00, 0.00
2026-7-16, 23:28:10.716001, 28807.75, 28837.00, 28774.50, 28834.50, 4500, 4166, 28813.44, 28815.33, 28805.75, 2178, 2322, 28769.50, 0.00
2026-7-16, 23:49:22.781001, 28834.50, 28841.25, 28787.50, 28790.50, 4500, 4096, 28813.44, 28806.42, 28814.38, 2372, 2128, 0.00, 0.00
2026-7-17, 00:24:21.044000, 28791.50, 28811.75, 28725.00, 28762.25, 4500, 4113, 28772.63, 28766.33, 28768.38, 2290, 2210, 0.00, 0.00
2026-7-17, 00:51:23.622000, 28760.75, 28774.00, 28722.50, 28774.00, 4500, 4006, 28757.81, 28756.83, 28748.25, 2333, 2167, 0.00, 0.00
2026-7-17, 01:17:06.308000, 28773.50, 28825.00, 28762.00, 28764.25, 4500, 4143, 28781.19, 28783.75, 28793.50, 2219, 2281, 0.00, 0.00
2026-7-17, 01:45:24.129000, 28765.00, 28771.25, 28720.50, 28735.00, 4500, 4051, 28747.94, 28742.25, 28745.88, 2160, 2340, 0.00, 28776.25
2026-7-17, 02:13:38.828002, 28735.00, 28765.75, 28688.75, 28690.75, 4500, 3968, 28720.06, 28715.08, 28727.25, 2312, 2188, 0.00, 28770.75
2026-7-17, 02:46:24.465000, 28691.00, 28735.00, 28667.50, 28672.50, 4500, 3974, 28691.50, 28691.67, 28701.25, 2154, 2346, 0.00, 0.00
2026-7-17, 03:13:06.417001, 28672.25, 28683.75, 28579.00, 28594.00, 4500, 3974, 28632.25, 28618.92, 28631.38, 2175, 2325, 0.00, 0.00
2026-7-17, 03:21:53.953000, 28593.25, 28634.25, 28550.00, 28550.00, 4500, 4111, 28581.88, 28578.08, 28592.13, 2312, 2188, 0.00, 0.00
2026-7-17, 03:42:08.249031, 28550.00, 28662.00, 28550.00, 28633.25, 4500, 4036, 28598.81, 28615.08, 28606.00, 2181, 2319, 0.00, 0.00
2026-7-17, 04:03:37.793001, 28633.50, 28694.50, 28624.25, 28676.75, 4500, 4159, 28657.25, 28665.17, 28659.38, 2129, 2371, 0.00, 0.00
2026-7-17, 04:36:40.088000, 28677.75, 28739.00, 28669.25, 28735.00, 4500, 3978, 28705.25, 28714.42, 28704.13, 2144, 2356, 28664.25, 0.00
2026-7-17, 05:06:37.079001, 28735.00, 28787.25, 28722.00, 28757.50, 4500, 3842, 28750.44, 28755.58, 28754.63, 2220, 2280, 28717.00, 0.00
2026-7-17, 05:24:06.178000, 28757.50, 28825.50, 28724.25, 28803.00, 4500, 3788, 28777.56, 28784.25, 28774.88, 2026, 2474, 0.00, 0.00
2026-7-17, 05:44:32.858000, 28802.25, 28815.00, 28750.00, 28750.50, 4500, 3994, 28779.44, 28771.83, 28782.50, 2347, 2153, 0.00, 0.00
2026-7-17, 06:09:21.232004, 28750.75, 28780.25, 28728.25, 28748.50, 4500, 3918, 28751.94, 28752.33, 28754.25, 2205, 2295, 0.00, 0.00
2026-7-17, 06:39:59.218002, 28748.50, 28764.25, 28682.25, 28692.25, 4500, 3959, 28721.81, 28712.92, 28723.25, 2401, 2099, 0.00, 0.00
2026-7-17, 07:08:33.714002, 28692.25, 28698.75, 28661.00, 28667.50, 4500, 4100, 28679.88, 28675.75, 28679.88, 2253, 2247, 0.00, 0.00
2026-7-17, 07:34:43.628000, 28669.50, 28690.75, 28645.50, 28672.75, 4500, 4191, 28669.63, 28669.67, 28668.13, 2389, 2111, 0.00, 0.00
2026-7-17, 07:56:16.676000, 28673.25, 28686.50, 28622.25, 28631.25, 4500, 4261, 28653.31, 28646.67, 28654.38, 2296, 2204, 0.00, 0.00
2026-7-17, 08:11:43.302001, 28631.25, 28635.75, 28596.75, 28627.50, 4500, 4253, 28622.81, 28620.00, 28616.25, 2262, 2238, 0.00, 0.00
2026-7-17, 08:25:20.224001, 28627.75, 28648.25, 28581.00, 28588.75, 4500, 4099, 28611.44, 28606.00, 28614.63, 2180, 2320, 0.00, 0.00
2026-7-17, 08:29:36.772000, 28588.50, 28609.50, 28582.75, 28606.00, 1045, 863, 28596.69, 28599.42, 28596.13, 422, 623, 0.00, 0.00
2026-7-17, 08:30:00.000000, 28607.75, 28659.00, 28599.50, 28658.00, 4500, 4161, 28631.06, 28638.83, 28629.25, 2082, 2418, 0.00, 0.00
2026-7-17, 08:30:48.374000, 28658.25, 28686.00, 28637.25, 28645.75, 4500, 4151, 28656.81, 28656.33, 28661.63, 2240, 2260, 0.00, 28691.00
2026-7-17, 08:32:20.708000, 28646.50, 28662.00, 28569.75, 28571.75, 4500, 4144, 28612.50, 28601.17, 28615.88, 2506, 1994, 0.00, 28667.00
2026-7-17, 08:34:01.492000, 28571.50, 28577.00, 28539.75, 28548.25, 4500, 4145, 28559.13, 28555.00, 28558.38, 2278, 2222, 0.00, 0.00
2026-7-17, 08:35:37.699000, 28550.00, 28570.50, 28505.25, 28507.00, 4500, 4278, 28533.19, 28527.58, 28537.88, 2364, 2136, 0.00, 0.00
2026-7-17, 08:37:43.168001, 28507.00, 28513.75, 28463.00, 28470.50, 4500, 3879, 28488.56, 28482.42, 28488.38, 2652, 1848, 0.00, 0.00
2026-7-17, 08:39:22.012001, 28470.75, 28506.25, 28456.00, 28485.75, 4500, 4038, 28479.69, 28482.67, 28481.13, 2080, 2420, 0.00, 0.00
2026-7-17, 08:40:44.457000, 28484.25, 28512.00, 28435.00, 28444.00, 4500, 4227, 28468.81, 28463.67, 28473.50, 2309, 2191, 0.00, 0.00
2026-7-17, 08:42:22.907001, 28444.00, 28452.00, 28408.25, 28433.50, 4500, 4213, 28434.44, 28431.25, 28430.13, 2323, 2177, 0.00, 0.00
2026-7-17, 08:44:27.531000, 28432.25, 28470.00, 28412.00, 28469.75, 4500, 4276, 28446.00, 28450.58, 28441.00, 2129, 2371, 0.00, 0.00
2026-7-17, 08:46:15.086000, 28468.75, 28513.75, 28423.00, 28509.50, 4500, 4229, 28478.75, 28482.08, 28468.38, 2118, 2382, 0.00, 0.00
2026-7-17, 08:48:21.853000, 28507.50, 28535.00, 28472.75, 28528.00, 4500, 4232, 28510.81, 28511.92, 28503.88, 2185, 2315, 0.00, 0.00
2026-7-17, 08:50:45.008000, 28528.00, 28569.50, 28512.25, 28553.25, 4500, 4129, 28540.75, 28545.00, 28540.88, 2122, 2378, 0.00, 0.00
2026-7-17, 08:53:01.423000, 28552.25, 28614.50, 28548.25, 28597.50, 4500, 4065, 28578.13, 28586.75, 28581.38, 2077, 2423, 0.00, 0.00
2026-7-17, 08:54:51.179000, 28598.50, 28640.00, 28578.25, 28639.00, 4500, 4180, 28613.94, 28619.08, 28609.13, 2186, 2314, 0.00, 0.00
2026-7-17, 08:56:51.508009, 28639.00, 28680.25, 28609.00, 28673.00, 4500, 4167, 28650.31, 28654.08, 28644.63, 2083, 2417, 0.00, 0.00
2026-7-17, 08:59:29.014001, 28673.25, 28740.00, 28664.25, 28734.50, 4500, 4131, 28703.00, 28712.92, 28702.13, 2069, 2431, 0.00, 0.00
2026-7-17, 09:01:01.626008, 28734.25, 28759.75, 28717.25, 28752.00, 4500, 4044, 28740.81, 28743.00, 28738.50, 2176, 2324, 0.00, 0.00
2026-7-17, 09:02:30.528000, 28753.00, 28783.75, 28730.50, 28732.50, 4500, 4220, 28749.94, 28748.92, 28757.13, 2288, 2212, 0.00, 0.00
2026-7-17, 09:04:17.639002, 28732.25, 28785.00, 28710.50, 28772.00, 4500, 4162, 28749.94, 28755.83, 28747.75, 2213, 2287, 0.00, 0.00
2026-7-17, 09:06:05.901000, 28772.25, 28814.00, 28770.50, 28790.25, 4500, 4194, 28786.75, 28791.58, 28792.25, 2148, 2352, 0.00, 0.00
2026-7-17, 09:08:18.465000, 28790.00, 28850.75, 28785.00, 28848.75, 4500, 4058, 28818.63, 28828.17, 28817.88, 1844, 2656, 0.00, 0.00
2026-7-17, 09:10:47.573001, 28848.75, 28862.25, 28803.00, 28814.25, 4500, 4166, 28832.06, 28826.50, 28832.63, 2257, 2243, 0.00, 0.00
2026-7-17, 09:12:53.476000, 28814.50, 28835.50, 28783.00, 28801.50, 4500, 4052, 28808.63, 28806.67, 28809.25, 2251, 2249, 0.00, 0.00
2026-7-17, 09:15:09.178000, 28802.50, 28880.00, 28779.75, 28874.00, 4500, 4076, 28834.06, 28844.58, 28829.88, 1979, 2521, 0.00, 0.00
2026-7-17, 09:17:06.282000, 28873.00, 28885.50, 28839.00, 28861.50, 4500, 4269, 28864.75, 28862.00, 28862.25, 2169, 2331, 0.00, 0.00
2026-7-17, 09:19:31.662000, 28861.75, 28870.00, 28815.50, 28854.75, 4500, 4127, 28850.50, 28846.75, 28842.75, 2245, 2255, 0.00, 0.00
2026-7-17, 09:22:10.937000, 28853.25, 28885.00, 28820.75, 28882.00, 4500, 4127, 28860.25, 28862.58, 28852.88, 2187, 2313, 0.00, 0.00
2026-7-17, 09:25:10.068000, 28882.25, 28887.50, 28830.00, 28841.25, 4500, 4276, 28860.25, 28852.92, 28858.75, 2203, 2297, 0.00, 0.00
2026-7-17, 09:28:47.484000, 28841.75, 28850.25, 28807.50, 28842.00, 4500, 4159, 28835.38, 28833.25, 28828.88, 2386, 2114, 0.00, 0.00
2026-7-17, 09:31:18.228000, 28843.00, 28843.00, 28760.25, 28785.00, 4500, 4111, 28807.81, 28796.08, 28801.63, 2442, 2058, 0.00, 28848.00
2026-7-17, 09:33:42.750000, 28784.75, 28867.75, 28765.50, 28862.25, 4500, 4129, 28820.06, 28831.83, 28816.63, 2092, 2408, 0.00, 0.00
2026-7-17, 09:36:13.768006, 28862.25, 28886.25, 28829.00, 28860.00, 4500, 3933, 28859.38, 28858.42, 28857.63, 2442, 2058, 0.00, 0.00
2026-7-17, 09:38:58.016001, 28860.00, 28896.00, 28855.75, 28873.50, 4500, 3663, 28871.31, 28875.08, 28875.88, 2538, 1962, 0.00, 0.00
2026-7-17, 09:41:04.210001, 28873.50, 28877.50, 28806.00, 28815.00, 4500, 4055, 28843.00, 28832.83, 28841.75, 2520, 1980, 0.00, 0.00
2026-7-17, 09:44:35.417001, 28815.00, 28855.50, 28768.25, 28848.00, 4500, 4110, 28821.69, 28823.92, 28811.88, 2464, 2036, 0.00, 0.00
2026-7-17, 09:47:34.830002, 28848.00, 28857.75, 28768.25, 28771.50, 4500, 4218, 28811.38, 28799.17, 28813.00, 2377, 2123, 0.00, 0.00
2026-7-17, 09:51:52.171000, 28772.00, 28814.00, 28748.25, 28773.25, 4500, 4180, 28776.88, 28778.50, 28781.13, 2358, 2142, 0.00, 0.00
2026-7-17, 09:55:30.480001, 28773.50, 28808.75, 28723.00, 28733.25, 4500, 4133, 28759.63, 28755.00, 28765.88, 2321, 2179, 0.00, 0.00
2026-7-17, 09:59:01.447000, 28733.00, 28742.25, 28685.75, 28709.50, 4500, 4192, 28717.63, 28712.50, 28714.00, 2434, 2066, 0.00, 0.00
2026-7-17, 10:02:23.592000, 28711.00, 28723.00, 28681.00, 28697.75, 4500, 4107, 28703.19, 28700.58, 28702.00, 2417, 2083, 0.00, 0.00
2026-7-17, 10:07:01.014000, 28697.50, 28755.75, 28676.75, 28703.75, 4500, 4192, 28708.44, 28712.08, 28716.25, 2287, 2213, 0.00, 0.00
2026-7-17, 10:10:42.362000, 28704.25, 28729.00, 28686.00, 28692.50, 4500, 4105, 28702.94, 28702.50, 28707.50, 2390, 2110, 0.00, 0.00
2026-7-17, 10:15:54.939000, 28692.00, 28747.25, 28688.00, 28711.00, 4500, 4176, 28709.56, 28715.42, 28717.63, 2294, 2206, 0.00, 0.00
2026-7-17, 10:20:45.968001, 28711.25, 28742.75, 28672.25, 28694.25, 4500, 4138, 28705.13, 28703.08, 28707.50, 2359, 2141, 0.00, 0.00
2026-7-17, 10:24:58.913000, 28694.00, 28760.00, 28688.25, 28755.00, 4500, 4237, 28724.31, 28734.42, 28724.13, 2159, 2341, 0.00, 0.00
2026-7-17, 10:29:43.154000, 28755.25, 28778.75, 28718.00, 28742.75, 4500, 4165, 28748.69, 28746.50, 28748.38, 2423, 2077, 0.00, 0.00
2026-7-17, 10:32:29.975002, 28743.00, 28790.75, 28725.00, 28775.00, 4500, 4217, 28758.44, 28763.58, 28757.88, 2170, 2330, 0.00, 0.00
2026-7-17, 10:36:28.486001, 28775.00, 28843.50, 28767.00, 28839.25, 4500, 4192, 28806.19, 28816.58, 28805.25, 2110, 2390, 0.00, 0.00
2026-7-17, 10:40:28.671001, 28839.25, 28840.25, 28766.25, 28801.75, 4500, 4141, 28811.88, 28802.75, 28803.25, 2390, 2110, 0.00, 0.00
2026-7-17, 10:44:50.703001, 28801.50, 28832.50, 28781.50, 28820.25, 4500, 4272, 28808.94, 28811.42, 28807.00, 2351, 2149, 0.00, 0.00
2026-7-17, 10:50:38.585000, 28819.50, 28886.50, 28800.75, 28883.50, 4500, 3952, 28847.56, 28856.92, 28843.63, 2142, 2358, 0.00, 0.00
2026-7-17, 10:55:02.990000, 28884.25, 28925.75, 28881.50, 28918.75, 4500, 4025, 28902.56, 28908.67, 28903.63, 2070, 2430, 0.00, 0.00
2026-7-17, 10:58:09.989001, 28919.00, 28955.75, 28914.50, 28939.50, 4500, 4103, 28932.19, 28936.58, 28935.13, 2102, 2398, 0.00, 0.00
2026-7-17, 11:01:12.648146, 28939.50, 28939.50, 28871.25, 28871.50, 4500, 4173, 28905.44, 28894.08, 28905.38, 2413, 2087, 0.00, 0.00
2026-7-17, 11:03:03.863000, 28872.50, 28886.50, 28851.00, 28855.75, 4500, 4087, 28866.44, 28864.42, 28868.75, 2277, 2223, 0.00, 0.00
2026-7-17, 11:07:34.116009, 28855.50, 28944.50, 28846.00, 28901.75, 4500, 4072, 28886.94, 28897.42, 28895.25, 2254, 2246, 0.00, 0.00
2026-7-17, 11:12:00.892000, 28902.00, 28952.25, 28897.50, 28941.75, 4500, 3756, 28923.38, 28930.50, 28924.88, 2093, 2407, 0.00, 0.00
2026-7-17, 11:16:37.079001, 28941.75, 28956.00, 28903.75, 28904.25, 4500, 4058, 28926.44, 28921.33, 28929.88, 2277, 2223, 0.00, 0.00
2026-7-17, 11:21:39.165001, 28904.00, 28905.00, 28858.00, 28876.75, 4500, 4081, 28885.94, 28879.92, 28881.50, 2332, 2168, 0.00, 0.00
2026-7-17, 11:26:13.311000, 28877.75, 28942.75, 28876.50, 28895.75, 4500, 4061, 28898.19, 28905.00, 28909.63, 2234, 2266, 0.00, 0.00
2026-7-17, 11:31:10.364000, 28896.00, 28941.00, 28885.75, 28928.75, 4500, 4284, 28912.88, 28918.50, 28913.38, 2234, 2266, 0.00, 0.00
2026-7-17, 11:39:35.980000, 28928.00, 28973.00, 28902.00, 28973.00, 4500, 4081, 28944.00, 28949.33, 28937.50, 2121, 2379, 0.00, 0.00
2026-7-17, 11:45:01.037014, 28973.00, 29002.75, 28962.50, 28998.00, 4500, 3893, 28984.06, 28987.75, 28982.63, 2105, 2395, 0.00, 0.00
2026-7-17, 11:49:17.304019, 28998.00, 29028.00, 28983.25, 29011.25, 4500, 4225, 29005.13, 29007.50, 29005.63, 2243, 2257, 0.00, 0.00
2026-7-17, 11:53:42.293000, 29011.00, 29019.50, 28960.50, 28976.75, 4500, 4085, 28991.94, 28985.58, 28990.00, 2399, 2101, 0.00, 0.00
2026-7-17, 11:59:04.020000, 28977.50, 29033.50, 28966.25, 29007.25, 4500, 4076, 28996.13, 29002.33, 28999.88, 2275, 2225, 0.00, 0.00
2026-7-17, 12:03:38.987000, 29007.75, 29042.75, 29001.00, 29040.00, 4500, 4195, 29022.88, 29027.92, 29021.88, 2252, 2248, 0.00, 0.00
2026-7-17, 12:10:46.379000, 29040.00, 29050.25, 28987.00, 29034.75, 4500, 4121, 29028.00, 29024.00, 29018.63, 2217, 2283, 0.00, 0.00
2026-7-17, 12:16:39.170002, 29034.75, 29042.75, 28979.25, 28999.50, 4500, 4034, 29014.06, 29007.17, 29011.00, 2354, 2146, 0.00, 0.00
2026-7-17, 12:22:57.733000, 28999.75, 29041.00, 28982.25, 29034.00, 4500, 3963, 29014.25, 29019.08, 29011.63, 2079, 2421, 0.00, 0.00
2026-7-17, 12:28:34.950000, 29033.50, 29042.25, 28980.75, 28984.25, 4500, 4127, 29010.19, 29002.42, 29011.50, 2326, 2174, 0.00, 0.00
2026-7-17, 12:35:59.399000, 28983.50, 28998.25, 28948.25, 28967.25, 4500, 4263, 28974.31, 28971.25, 28973.25, 2290, 2210, 0.00, 0.00
2026-7-17, 12:42:13.241001, 28967.00, 28969.75, 28940.00, 28947.75, 4500, 4153, 28956.13, 28952.50, 28954.88, 2273, 2227, 0.00, 0.00
2026-7-17, 12:50:36.929000, 28947.50, 28947.50, 28890.50, 28901.75, 4500, 4124, 28921.81, 28913.25, 28919.00, 2376, 2124, 0.00, 0.00
2026-7-17, 12:57:35.024000, 28901.75, 28928.25, 28882.00, 28921.50, 4500, 4115, 28908.38, 28910.58, 28905.13, 2235, 2265, 0.00, 0.00
2026-7-17, 13:03:32.186001, 28921.75, 28937.00, 28870.25, 28874.50, 4500, 4091, 28900.88, 28893.92, 28903.63, 2353, 2147, 0.00, 0.00
2026-7-17, 13:09:55.885000, 28873.75, 28881.75, 28839.00, 28851.50, 4500, 4135, 28861.50, 28857.42, 28860.38, 2358, 2142, 0.00, 0.00
2026-7-17, 13:17:03.340000, 28852.00, 28860.75, 28825.25, 28856.50, 4500, 4274, 28848.63, 28847.50, 28843.00, 2219, 2281, 0.00, 0.00
2026-7-17, 13:23:32.105001, 28856.50, 28879.75, 28822.50, 28878.50, 4500, 4185, 28859.31, 28860.25, 28851.13, 2166, 2334, 0.00, 0.00
2026-7-17, 13:30:17.171000, 28878.00, 28891.75, 28825.00, 28852.25, 4500, 4190, 28861.75, 28856.33, 28858.38, 2239, 2261, 0.00, 0.00
2026-7-17, 13:36:39.604003, 28852.25, 28854.00, 28803.25, 28808.75, 4500, 3688, 28829.56, 28822.00, 28828.63, 2520, 1980, 0.00, 0.00
2026-7-17, 13:43:00.021000, 28807.75, 28850.00, 28797.00, 28850.00, 4500, 3794, 28826.19, 28832.33, 28823.50, 2147, 2353, 0.00, 0.00
2026-7-17, 13:48:04.557048, 28850.00, 28872.00, 28832.00, 28858.75, 4500, 3820, 28853.19, 28854.25, 28852.00, 2316, 2184, 0.00, 0.00
2026-7-17, 13:54:15.567002, 28858.75, 28886.00, 28838.50, 28839.00, 4500, 4156, 28855.56, 28854.50, 28862.25, 2271, 2229, 0.00, 0.00
2026-7-17, 14:01:17.962007, 28839.00, 28861.50, 28809.75, 28813.75, 4500, 4262, 28831.00, 28828.33, 28835.63, 2345, 2155, 0.00, 0.00
2026-7-17, 14:09:40.222001, 28814.00, 28820.50, 28756.00, 28757.75, 4500, 4026, 28787.06, 28778.08, 28788.25, 2474, 2026, 0.00, 0.00
2026-7-17, 14:15:14.281000, 28757.00, 28775.25, 28734.50, 28757.75, 4500, 4131, 28756.13, 28755.83, 28754.88, 2298, 2202, 0.00, 0.00
2026-7-17, 14:20:25.434002, 28757.50, 28764.25, 28718.50, 28760.25, 4500, 4276, 28750.13, 28747.67, 28741.38, 2366, 2134, 0.00, 0.00
2026-7-17, 14:27:34.938000, 28761.00, 28846.50, 28760.50, 28840.75, 4500, 4200, 28802.19, 28815.92, 28803.50, 1866, 2634, 0.00, 0.00
2026-7-17, 14:30:31.342000, 28840.50, 28841.25, 28791.75, 28793.00, 4500, 4183, 28816.63, 28808.67, 28816.50, 2316, 2184, 0.00, 0.00
2026-7-17, 14:35:02.019001, 28793.00, 28825.25, 28753.75, 28771.75, 4500, 4213, 28785.94, 28783.58, 28789.50, 2245, 2255, 0.00, 0.00
2026-7-17, 14:41:03.073004, 28772.25, 28819.25, 28769.50, 28800.75, 4500, 4302, 28790.44, 28796.50, 28794.38, 2154, 2346, 0.00, 0.00
2026-7-17, 14:46:26.684000, 28800.00, 28848.25, 28788.00, 28821.75, 4500, 4166, 28814.50, 28819.33, 28818.13, 2150, 2350, 0.00, 0.00
2026-7-17, 14:50:56.551000, 28821.75, 28853.50, 28806.75, 28827.00, 4500, 4157, 28827.25, 28829.08, 28830.13, 2325, 2175, 0.00, 0.00
2026-7-17, 14:54:50.048009, 28827.25, 28848.50, 28809.75, 28813.00, 4500, 4110, 28824.63, 28823.75, 28829.13, 2232, 2268, 0.00, 0.00
2026-7-17, 14:58:19.087000, 28814.00, 28820.50, 28776.50, 28778.00, 4500, 3909, 28797.25, 28791.67, 28798.50, 2194, 2306, 0.00, 0.00
2026-7-17, 14:59:47.176001, 28778.00, 28778.50, 28756.00, 28760.75, 4500, 4073, 28768.31, 28765.08, 28767.25, 2274, 2226, 0.00, 0.00
2026-7-17, 15:00:01.241005, 28760.75, 28764.00, 28737.75, 28752.75, 4500, 4032, 28753.81, 28751.50, 28750.88, 2355, 2145, 0.00, 0.00
2026-7-17, 15:02:06.545001, 28752.75, 28754.00, 28712.50, 28726.00, 4500, 4124, 28736.31, 28730.83, 28733.25, 2298, 2202, 0.00, 0.00
2026-7-17, 15:07:48.862000, 28726.75, 28753.00, 28716.50, 28743.00, 4500, 4075, 28734.81, 28737.50, 28734.75, 2251, 2249, 0.00, 0.00
2026-7-17, 15:23:09.060001, 28743.00, 28771.25, 28742.00, 28761.00, 4500, 4103, 28754.31, 28758.08, 28756.63, 2241, 2259, 0.00, 0.00
2026-7-17, 15:51:57.947002, 28761.00, 28779.75, 28759.00, 28768.25, 1032, 870, 28767.00, 28769.00, 28769.38, 483, 549, 28754.00, 0.00
2026-7-19, 17:00:00.000000, 28747.75, 28813.25, 28709.75, 28747.00, 4500, 3816, 28754.44, 28756.67, 28761.50, 2400, 2100, 0.00, 28818.25
2026-7-19, 17:15:41.410002, 28745.75, 28837.75, 28739.25, 28817.00, 4500, 4186, 28784.94, 28798.00, 28788.50, 2105, 2395, 0.00, 0.00
2026-7-19, 17:38:33.512003, 28817.25, 28851.00, 28781.00, 28790.75, 4500, 4243, 28810.00, 28807.58, 28816.00, 2427, 2073, 0.00, 0.00
2026-7-19, 18:28:59.806000, 28791.00, 28880.25, 28791.00, 28814.25, 4500, 3949, 28819.13, 28828.50, 28835.63, 2236, 2264, 28786.00, 0.00
2026-7-19, 19:02:10.439000, 28814.25, 28963.50, 28814.25, 28956.00, 4500, 3749, 28887.00, 28911.25, 28888.88, 2091, 2409, 0.00, 0.00
2026-7-19, 19:17:25.754000, 28955.75, 28962.50, 28873.00, 28874.25, 4500, 4173, 28916.38, 28903.25, 28917.75, 2268, 2232, 0.00, 0.00
2026-7-19, 19:45:11.901000, 28874.25, 28917.50, 28844.25, 28854.75, 4500, 4128, 28872.69, 28872.17, 28880.88, 2184, 2316, 0.00, 0.00
2026-7-19, 20:18:17.362001, 28854.75, 28885.00, 28782.00, 28782.00, 4500, 3926, 28825.94, 28816.33, 28833.50, 2388, 2112, 0.00, 0.00
2026-7-19, 20:43:15.251000, 28781.25, 28889.00, 28762.75, 28864.75, 4500, 4033, 28824.44, 28838.83, 28825.88, 2223, 2277, 0.00, 0.00
2026-7-19, 21:10:16.629001, 28864.75, 28917.75, 28793.00, 28915.50, 4500, 4099, 28872.75, 28875.42, 28855.38, 2093, 2407, 0.00, 0.00
2026-7-19, 21:46:44.067018, 28915.50, 28948.00, 28856.00, 28867.25, 4500, 4164, 28896.69, 28890.42, 28902.00, 2173, 2327, 0.00, 0.00
2026-7-19, 22:34:06.035000, 28869.00, 28937.75, 28844.50, 28865.75, 4500, 3945, 28879.25, 28882.67, 28891.13, 2441, 2059, 0.00, 0.00
2026-7-19, 23:25:14.308000, 28868.50, 28942.00, 28828.00, 28828.25, 4500, 3969, 28866.69, 28866.08, 28885.00, 2335, 2165, 0.00, 0.00
2026-7-20, 00:11:28.026003, 28828.25, 28869.00, 28789.00, 28817.50, 4500, 4247, 28825.94, 28825.17, 28829.00, 2279, 2221, 0.00, 0.00
2026-7-20, 01:01:54.852002, 28817.50, 28822.75, 28766.00, 28809.00, 4500, 4098, 28803.81, 28799.25, 28794.38, 2279, 2221, 0.00, 0.00
2026-7-20, 02:00:00.004000, 28806.00, 28921.25, 28797.75, 28916.75, 4500, 4154, 28860.44, 28878.58, 28859.50, 2032, 2468, 0.00, 0.00
2026-7-20, 02:36:19.901000, 28916.75, 28939.75, 28879.00, 28930.00, 4500, 4298, 28916.38, 28916.25, 28909.38, 2160, 2340, 0.00, 0.00
2026-7-20, 03:17:17.737002, 28930.00, 28930.25, 28854.00, 28909.50, 4500, 4197, 28905.94, 28897.92, 28892.13, 2249, 2251, 0.00, 0.00
2026-7-20, 04:26:50.662003, 28909.50, 28998.25, 28898.00, 28941.00, 4500, 4066, 28936.69, 28945.75, 28948.13, 2202, 2298, 0.00, 0.00
2026-7-20, 05:01:21.921000, 28941.25, 28980.00, 28920.50, 28967.50, 4500, 4143, 28952.31, 28956.00, 28950.25, 2094, 2406, 0.00, 0.00
2026-7-20, 05:57:01.204000, 28968.25, 29034.50, 28963.75, 29027.00, 4500, 4001, 28998.38, 29008.42, 28999.13, 2274, 2226, 0.00, 0.00
2026-7-20, 06:30:12.521001, 29027.00, 29109.50, 29011.50, 29091.50, 4500, 3907, 29059.88, 29070.83, 29060.50, 2106, 2394, 0.00, 0.00
2026-7-20, 06:36:53.892000, 29091.00, 29108.75, 29048.25, 29075.25, 4500, 4048, 29080.81, 29077.42, 29078.50, 2188, 2312, 0.00, 0.00
2026-7-20, 06:55:38.917005, 29075.75, 29078.00, 28981.75, 28994.25, 4500, 4254, 29032.44, 29018.00, 29029.88, 2395, 2105, 0.00, 0.00
2026-7-20, 07:13:40.971000, 28994.25, 29046.00, 28991.50, 29034.25, 4500, 4193, 29016.50, 29023.92, 29018.75, 2251, 2249, 0.00, 0.00
2026-7-20, 07:48:03.914000, 29034.00, 29058.25, 29004.00, 29042.50, 4500, 4265, 29034.69, 29034.92, 29031.13, 2424, 2076, 0.00, 29063.25
2026-7-20, 08:08:34.981001, 29042.25, 29060.00, 29021.25, 29032.50, 4500, 4255, 29039.00, 29037.92, 29040.63, 2330, 2170, 0.00, 29065.00
2026-7-20, 08:28:56.254000, 29031.50, 29045.75, 29021.25, 29045.00, 890, 856, 29035.88, 29037.33, 29033.50, 427, 463, 0.00, 0.00
2026-7-20, 08:30:00.000000, 29045.00, 29084.25, 29025.75, 29066.25, 4500, 4305, 29055.31, 29058.75, 29055.00, 2268, 2232, 0.00, 0.00
2026-7-20, 08:31:12.497000, 29065.75, 29113.25, 29047.75, 29110.75, 4500, 4247, 29084.38, 29090.58, 29080.50, 2163, 2337, 0.00, 0.00
2026-7-20, 08:32:58.740000, 29110.00, 29143.50, 29098.75, 29138.75, 4500, 4185, 29122.75, 29127.00, 29121.13, 2132, 2368, 0.00, 0.00
2026-7-20, 08:35:26.773000, 29138.25, 29158.25, 29126.25, 29152.25, 4500, 4036, 29143.75, 29145.58, 29142.25, 2116, 2384, 0.00, 0.00
2026-7-20, 08:37:39.318001, 29151.25, 29167.25, 29119.50, 29133.00, 4500, 4100, 29142.75, 29139.92, 29143.38, 2281, 2219, 0.00, 0.00
2026-7-20, 08:39:46.745000, 29132.75, 29164.75, 29121.25, 29160.50, 4500, 4293, 29144.81, 29148.83, 29143.00, 2129, 2371, 0.00, 0.00
2026-7-20, 08:43:11.836000, 29160.50, 29190.00, 29157.50, 29188.50, 4500, 4040, 29174.13, 29178.67, 29173.75, 1975, 2525, 0.00, 0.00
2026-7-20, 08:45:13.145023, 29188.50, 29192.50, 29148.25, 29153.00, 4500, 4032, 29170.56, 29164.58, 29170.38, 2471, 2029, 0.00, 29197.50
2026-7-20, 08:47:13.370000, 29153.00, 29160.00, 29115.75, 29123.50, 4500, 4233, 29138.06, 29133.08, 29137.88, 2430, 2070, 0.00, 0.00
2026-7-20, 08:50:17.135001, 29123.25, 29130.75, 29069.00, 29069.50, 4500, 4206, 29098.13, 29089.75, 29099.88, 2363, 2137, 0.00, 0.00
2026-7-20, 08:52:18.493062, 29069.50, 29069.50, 29027.50, 29059.50, 4500, 4265, 29056.50, 29052.17, 29048.50, 2412, 2088, 0.00, 0.00
2026-7-20, 08:54:02.623000, 29059.25, 29072.75, 29023.00, 29027.00, 4500, 4257, 29045.50, 29040.92, 29047.88, 2241, 2259, 0.00, 0.00
2026-7-20, 08:56:28.124002, 29027.00, 29041.25, 28985.50, 28985.50, 4500, 4203, 29009.81, 29004.08, 29013.38, 2358, 2142, 0.00, 0.00
2026-7-20, 08:58:57.597001, 28985.25, 29006.25, 28975.00, 28991.75, 4500, 4228, 28989.56, 28991.00, 28990.63, 2271, 2229, 0.00, 0.00
2026-7-20, 09:00:49.355003, 28992.00, 29021.00, 28961.00, 29004.25, 4500, 4218, 28994.56, 28995.42, 28991.00, 2251, 2249, 0.00, 0.00
2026-7-20, 09:02:55.334000, 29005.25, 29049.00, 29003.75, 29018.75, 4500, 4186, 29019.19, 29023.83, 29026.38, 2204, 2296, 0.00, 0.00
2026-7-20, 09:05:35.189004, 29018.75, 29023.50, 28983.50, 28992.50, 4500, 4227, 29004.56, 28999.83, 29003.50, 2317, 2183, 0.00, 0.00
2026-7-20, 09:09:05.861003, 28992.75, 29013.50, 28941.00, 28946.50, 4500, 4295, 28973.44, 28967.00, 28977.25, 2436, 2064, 0.00, 0.00
2026-7-20, 09:12:07.535001, 28946.50, 28991.00, 28938.00, 28982.75, 4500, 4211, 28964.56, 28970.58, 28964.50, 2154, 2346, 0.00, 0.00
2026-7-20, 09:15:11.862000, 28982.75, 29005.50, 28938.50, 28961.25, 4500, 4238, 28972.00, 28968.42, 28972.00, 2278, 2222, 0.00, 0.00
2026-7-20, 09:18:33.301001, 28961.25, 28977.75, 28910.25, 28930.50, 4500, 4213, 28944.94, 28939.50, 28944.00, 2308, 2192, 0.00, 0.00
2026-7-20, 09:21:52.960000, 28930.75, 28997.75, 28908.00, 28983.25, 4500, 4261, 28954.94, 28963.00, 28952.88, 2077, 2423, 0.00, 0.00
2026-7-20, 09:25:21.702001, 28983.00, 29029.25, 28976.50, 29029.25, 4500, 4137, 29004.50, 29011.67, 29002.88, 2127, 2373, 0.00, 0.00
2026-7-20, 09:29:55.506000, 29029.00, 29053.75, 28990.00, 28996.25, 4500, 4233, 29017.25, 29013.33, 29021.88, 2309, 2191, 0.00, 0.00
2026-7-20, 09:33:21.453001, 28996.25, 29025.75, 28974.00, 28977.25, 4500, 4283, 28993.31, 28992.33, 28999.88, 2280, 2220, 0.00, 0.00
2026-7-20, 09:38:34.302001, 28977.50, 29016.00, 28952.75, 28955.00, 4500, 4239, 28975.31, 28974.58, 28984.38, 2392, 2108, 0.00, 0.00
2026-7-20, 09:44:02.938000, 28955.25, 29004.25, 28932.00, 28971.25, 4500, 4243, 28965.69, 28969.17, 28968.13, 2292, 2208, 0.00, 0.00
2026-7-20, 09:47:35.837000, 28970.00, 28970.25, 28918.50, 28924.25, 4500, 4245, 28945.75, 28937.67, 28944.38, 2305, 2195, 0.00, 0.00
2026-7-20, 09:51:54.584000, 28923.50, 28941.25, 28895.75, 28920.75, 4500, 4118, 28920.31, 28919.25, 28918.50, 2300, 2200, 0.00, 0.00
2026-7-20, 09:56:00.726000, 28920.25, 28929.00, 28876.00, 28879.25, 4500, 4112, 28901.13, 28894.75, 28902.50, 2417, 2083, 0.00, 0.00
2026-7-20, 09:59:17.416004, 28879.00, 28933.25, 28873.25, 28922.75, 4500, 4253, 28902.06, 28909.75, 28903.25, 2202, 2298, 0.00, 0.00
2026-7-20, 10:02:37.156002, 28923.00, 28957.00, 28886.25, 28887.00, 4500, 4075, 28913.31, 28910.08, 28921.63, 2367, 2133, 0.00, 0.00
2026-7-20, 10:05:53.442019, 28887.00, 28985.25, 28883.50, 28965.25, 4500, 4199, 28930.25, 28944.67, 28934.38, 1990, 2510, 0.00, 0.00
2026-7-20, 10:09:20.645001, 28965.50, 28989.50, 28935.50, 28958.25, 4500, 4154, 28962.19, 28961.08, 28962.50, 2323, 2177, 0.00, 0.00
2026-7-20, 10:13:57.961000, 28958.25, 28997.50, 28928.75, 28968.00, 4500, 4171, 28963.13, 28964.75, 28963.13, 2198, 2302, 0.00, 0.00
2026-7-20, 10:19:26.890000, 28968.25, 29024.50, 28957.75, 29000.00, 4500, 4239, 28987.63, 28994.08, 28991.13, 2152, 2348, 0.00, 0.00
2026-7-20, 10:25:10.085000, 29000.50, 29023.25, 28969.75, 29017.00, 4500, 4226, 29002.63, 29003.33, 28996.50, 2218, 2282, 0.00, 0.00
2026-7-20, 10:30:42.294000, 29017.25, 29031.00, 29010.00, 29010.00, 4500, 4153, 29017.06, 29017.00, 29020.50, 2191, 2309, 0.00, 0.00
2026-7-20, 10:37:53.686003, 29009.75, 29034.75, 28986.25, 29018.00, 4500, 4092, 29012.19, 29013.00, 29010.50, 2355, 2145, 0.00, 0.00
2026-7-20, 10:44:13.901000, 29018.75, 29031.50, 28974.00, 29007.75, 4500, 4253, 29008.00, 29004.42, 29002.75, 2251, 2249, 0.00, 0.00
2026-7-20, 10:51:13.082000, 29007.75, 29060.25, 29005.25, 29060.25, 4500, 3959, 29033.38, 29041.92, 29032.75, 1991, 2509, 0.00, 0.00
2026-7-20, 10:56:47.611001, 29060.25, 29069.00, 29028.75, 29032.00, 4500, 4162, 29047.50, 29043.25, 29048.88, 2392, 2108, 0.00, 0.00
2026-7-20, 11:02:51.135004, 29031.75, 29103.75, 29029.00, 29098.75, 4500, 3957, 29065.81, 29077.17, 29066.38, 1990, 2510, 0.00, 0.00
2026-7-20, 11:07:30.289001, 29099.00, 29119.00, 29094.75, 29100.75, 4500, 4261, 29103.38, 29104.83, 29106.88, 2332, 2168, 0.00, 0.00
2026-7-20, 11:14:00.986000, 29100.50, 29112.00, 29084.00, 29109.50, 4500, 4226, 29101.50, 29101.83, 29098.00, 2323, 2177, 0.00, 0.00
2026-7-20, 11:21:04.616003, 29109.50, 29112.75, 29069.75, 29088.50, 4500, 4163, 29095.13, 29090.33, 29091.25, 2367, 2133, 0.00, 0.00
2026-7-20, 11:30:05.239000, 29088.25, 29101.25, 29042.75, 29047.75, 4500, 4177, 29070.00, 29063.92, 29072.00, 2485, 2015, 0.00, 0.00
2026-7-20, 11:37:31.837000, 29047.25, 29083.25, 28962.00, 28985.00, 4500, 4059, 29019.38, 29010.08, 29022.63, 2470, 2030, 0.00, 0.00
2026-7-20, 11:41:31.053000, 28985.50, 29030.25, 28976.00, 29004.75, 4500, 4305, 28999.13, 29003.67, 29003.13, 2143, 2357, 0.00, 0.00
2026-7-20, 11:45:30.883029, 29004.75, 29051.75, 28991.75, 29016.00, 4500, 4165, 29016.06, 29019.83, 29021.75, 2244, 2256, 0.00, 0.00
2026-7-20, 11:51:49.101000, 29016.00, 29016.50, 28966.50, 28979.50, 4500, 3922, 28994.63, 28987.50, 28991.50, 2647, 1853, 0.00, 0.00
2026-7-20, 11:56:02.173000, 28978.25, 28999.75, 28956.00, 28974.50, 4500, 4280, 28977.13, 28976.75, 28977.88, 2138, 2362, 28951.00, 0.00
2026-7-20, 12:01:39.462003, 28974.50, 28976.50, 28937.50, 28948.00, 4500, 4258, 28959.13, 28954.00, 28957.00, 2301, 2199, 0.00, 0.00
2026-7-20, 12:08:49.407001, 28948.25, 28970.50, 28910.25, 28920.00, 4500, 4241, 28937.25, 28933.58, 28940.38, 2203, 2297, 0.00, 0.00
2026-7-20, 12:16:19.537000, 28920.00, 28975.75, 28911.50, 28965.75, 4500, 4279, 28943.25, 28951.00, 28943.63, 2069, 2431, 0.00, 0.00
2026-7-20, 12:23:22.407000, 28965.00, 28974.50, 28944.75, 28962.25, 4500, 4133, 28961.63, 28960.50, 28959.63, 2240, 2260, 0.00, 0.00
2026-7-20, 12:33:04.344004, 28962.25, 28973.25, 28915.00, 28921.00, 4500, 4222, 28942.88, 28936.42, 28944.13, 2340, 2160, 0.00, 0.00
2026-7-20, 12:43:01.647004, 28920.75, 28956.50, 28900.75, 28956.25, 4500, 4177, 28933.56, 28937.83, 28928.63, 2209, 2291, 0.00, 0.00
2026-7-20, 12:50:35.688000, 28956.50, 28982.75, 28941.00, 28969.75, 4500, 4282, 28962.50, 28964.50, 28961.88, 2244, 2256, 0.00, 0.00
2026-7-20, 13:00:18.467002, 28969.75, 28992.25, 28956.75, 28983.00, 4500, 4163, 28975.44, 28977.33, 28974.50, 2217, 2283, 0.00, 0.00
2026-7-20, 13:10:04.999000, 28982.75, 29009.75, 28975.00, 28989.50, 4500, 4250, 28989.25, 28991.42, 28992.38, 2289, 2211, 0.00, 0.00
2026-7-20, 13:20:37.803000, 28989.00, 28990.75, 28932.00, 28963.00, 4500, 4116, 28968.69, 28961.92, 28961.38, 2417, 2083, 0.00, 0.00
2026-7-20, 13:26:35.005000, 28962.25, 28971.75, 28895.00, 28907.50, 4500, 4193, 28934.13, 28924.75, 28933.38, 2404, 2096, 0.00, 0.00
2026-7-20, 13:35:00.520000, 28907.75, 28945.75, 28876.00, 28885.75, 4500, 4233, 28903.81, 28902.50, 28910.88, 2259, 2241, 0.00, 0.00
2026-7-20, 13:41:51.650000, 28885.25, 28890.25, 28855.75, 28885.50, 4500, 4185, 28879.19, 28877.17, 28873.00, 2201, 2299, 0.00, 0.00
2026-7-20, 13:47:06.064000, 28885.25, 28892.25, 28861.50, 28888.75, 4500, 4057, 28881.94, 28880.83, 28876.88, 2398, 2102, 0.00, 0.00
2026-7-20, 13:53:54.797001, 28888.75, 28901.25, 28855.75, 28888.75, 4500, 4271, 28883.63, 28881.92, 28878.50, 2245, 2255, 0.00, 0.00
2026-7-20, 14:01:50.530000, 28889.00, 28891.25, 28832.25, 28850.25, 4500, 4144, 28865.69, 28857.92, 28861.75, 2506, 1994, 0.00, 0.00
2026-7-20, 14:07:01.957001, 28850.25, 28878.00, 28823.75, 28824.75, 4500, 4091, 28844.19, 28842.17, 28850.88, 2348, 2152, 0.00, 0.00
2026-7-20, 14:13:07.953001, 28824.75, 28830.00, 28796.50, 28823.75, 4500, 4036, 28818.75, 28816.75, 28813.25, 2422, 2078, 0.00, 0.00
2026-7-20, 14:17:25.281000, 28823.75, 28836.00, 28797.25, 28824.25, 4500, 4257, 28820.31, 28819.17, 28816.63, 2256, 2244, 0.00, 0.00
2026-7-20, 14:24:52.912000, 28825.75, 28871.50, 28799.00, 28871.50, 4500, 4209, 28841.94, 28847.33, 28835.25, 2077, 2423, 0.00, 0.00
2026-7-20, 14:30:03.432002, 28871.75, 28883.00, 28834.25, 28863.00, 4500, 4086, 28863.00, 28860.08, 28858.63, 2263, 2237, 0.00, 0.00
2026-7-20, 14:35:09.881000, 28863.00, 28893.50, 28837.25, 28886.75, 4500, 4231, 28870.13, 28872.50, 28865.38, 2202, 2298, 0.00, 0.00
2026-7-20, 14:42:18.723000, 28886.75, 28894.25, 28841.75, 28847.50, 4500, 3960, 28867.56, 28861.17, 28868.00, 2505, 1995, 0.00, 0.00
2026-7-20, 14:47:23.542007, 28847.50, 28870.00, 28804.00, 28804.00, 4500, 4156, 28831.38, 28826.00, 28837.00, 2357, 2143, 0.00, 0.00
2026-7-20, 14:52:07.107042, 28804.00, 28820.75, 28768.25, 28772.25, 4500, 3925, 28791.31, 28787.08, 28794.50, 2552, 1948, 0.00, 0.00
2026-7-20, 14:55:19.222000, 28771.50, 28795.50, 28768.75, 28785.50, 4500, 4147, 28780.31, 28783.25, 28782.13, 2121, 2379, 28763.75, 0.00
2026-7-20, 14:58:59.000003, 28784.75, 28795.50, 28767.75, 28774.00, 4500, 4139, 28780.50, 28779.08, 28781.63, 2338, 2162, 0.00, 0.00
2026-7-20, 14:59:49.490008, 28774.00, 28812.00, 28773.00, 28807.50, 4500, 4034, 28791.63, 28797.50, 28792.50, 2193, 2307, 28768.00, 0.00
2026-7-20, 15:00:12.660000, 28807.75, 28831.50, 28789.50, 28793.25, 4500, 3806, 28805.50, 28804.75, 28810.50, 2557, 1943, 0.00, 0.00
2026-7-20, 15:05:01.798013, 28793.25, 28803.00, 28751.00, 28753.25, 4500, 4013, 28775.13, 28769.08, 28777.00, 2469, 2031, 0.00, 0.00
2026-7-20, 15:26:06.719002, 28753.50, 28803.50, 28708.50, 28708.50, 4500, 4088, 28743.50, 28740.17, 28756.00, 2322, 2178, 0.00, 0.00
2026-7-20, 17:06:49.011010, 28708.25, 28778.25, 28701.00, 28773.50, 4500, 4103, 28740.25, 28750.92, 28739.63, 2115, 2385, 0.00, 0.00
2026-7-20, 18:10:31.336001, 28773.50, 28832.50, 28756.50, 28772.25, 4500, 4260, 28783.69, 28787.08, 28794.50, 2229, 2271, 28751.50, 0.00
2026-7-20, 18:51:49.480000, 28772.00, 28801.75, 28707.25, 28758.75, 4500, 4189, 28759.94, 28755.92, 28754.50, 2231, 2269, 0.00, 0.00
2026-7-20, 19:13:38.042024, 28758.75, 28864.75, 28709.00, 28856.25, 4500, 4134, 28797.19, 28810.00, 28786.88, 2090, 2410, 0.00, 0.00
2026-7-20, 19:33:46.184001, 28856.50, 28897.00, 28841.50, 28849.00, 4500, 4175, 28861.00, 28862.50, 28869.25, 2384, 2116, 0.00, 0.00
2026-7-20, 20:02:22.265000, 28848.75, 28920.50, 28837.50, 28915.50, 4500, 4237, 28880.56, 28891.17, 28879.00, 2118, 2382, 0.00, 0.00
2026-7-20, 20:37:14.385011, 28915.50, 28937.75, 28866.50, 28877.25, 4500, 4088, 28899.25, 28893.83, 28902.13, 2165, 2335, 0.00, 0.00
2026-7-20, 21:18:59.909001, 28877.25, 28974.75, 28859.00, 28966.75, 4500, 4052, 28919.44, 28933.50, 28916.88, 2147, 2353, 0.00, 0.00
2026-7-20, 22:06:29.278000, 28966.75, 29056.00, 28965.00, 29056.00, 4500, 4073, 29010.94, 29025.67, 29010.50, 2161, 2339, 0.00, 0.00
2026-7-20, 22:46:29.394002, 29056.00, 29089.50, 29055.25, 29071.00, 4500, 4102, 29067.94, 29071.92, 29072.38, 2426, 2074, 0.00, 0.00
2026-7-20, 23:18:47.545023, 29071.00, 29077.25, 29018.50, 29025.25, 4500, 4023, 29048.00, 29040.33, 29047.88, 2382, 2118, 0.00, 0.00
2026-7-21, 00:18:45.024000, 29026.00, 29110.75, 29016.50, 29109.75, 4500, 4137, 29065.75, 29079.00, 29063.63, 2053, 2447, 0.00, 0.00
2026-7-21, 01:01:39.848001, 29109.00, 29143.50, 29106.75, 29127.00, 4500, 4127, 29121.56, 29125.75, 29125.13, 2080, 2420, 0.00, 0.00
2026-7-21, 01:33:42.645000, 29127.50, 29162.00, 29105.25, 29105.25, 4500, 3957, 29125.00, 29124.17, 29133.63, 2255, 2245, 0.00, 0.00
2026-7-21, 02:21:24.110001, 29105.00, 29135.25, 29088.00, 29133.25, 4500, 4054, 29115.38, 29118.83, 29111.63, 2115, 2385, 0.00, 0.00
2026-7-21, 03:05:26.506001, 29133.25, 29176.75, 29122.50, 29158.25, 4500, 4049, 29147.69, 29152.50, 29149.63, 2314, 2186, 0.00, 0.00
2026-7-21, 03:46:32.719000, 29158.00, 29195.25, 29149.75, 29161.25, 4500, 3950, 29166.06, 29168.75, 29172.50, 2260, 2240, 0.00, 0.00
2026-7-21, 04:39:45.394003, 29161.50, 29198.50, 29153.50, 29193.00, 4500, 4089, 29176.63, 29181.67, 29176.00, 2106, 2394, 0.00, 0.00
2026-7-21, 05:36:36.225001, 29193.50, 29207.00, 29133.25, 29157.00, 4500, 3963, 29172.69, 29165.75, 29170.13, 2311, 2189, 0.00, 0.00
2026-7-21, 06:13:00.948003, 29157.00, 29173.25, 29119.50, 29159.50, 4500, 3911, 29152.31, 29150.75, 29146.38, 2587, 1913, 0.00, 0.00
2026-7-21, 06:40:41.279003, 29159.50, 29193.00, 29145.25, 29193.00, 4500, 3965, 29172.69, 29177.08, 29169.13, 2212, 2288, 0.00, 0.00
2026-7-21, 07:12:30.023002, 29193.00, 29195.25, 29118.50, 29119.50, 4500, 4251, 29156.56, 29144.42, 29156.88, 2405, 2095, 0.00, 0.00
2026-7-21, 07:41:42.719007, 29119.50, 29186.75, 29111.50, 29172.50, 4500, 4126, 29147.56, 29156.92, 29149.13, 2214, 2286, 0.00, 0.00
2026-7-21, 07:57:05.588001, 29172.25, 29183.00, 29155.75, 29181.25, 4500, 4070, 29173.06, 29173.33, 29169.38, 2289, 2211, 0.00, 0.00
2026-7-21, 08:25:00.011005, 29181.25, 29225.00, 29181.00, 29221.50, 3563, 3147, 29202.19, 29209.17, 29203.00, 1628, 1935, 0.00, 0.00
2026-7-21, 08:30:00.000000, 29222.50, 29246.25, 29200.00, 29205.25, 4500, 4101, 29218.50, 29217.17, 29223.13, 2326, 2174, 0.00, 0.00
2026-7-21, 08:30:36.451002, 29205.25, 29210.00, 29171.50, 29184.75, 4500, 3677, 29192.88, 29188.75, 29190.75, 2243, 2257, 0.00, 0.00
2026-7-21, 08:31:28.224000, 29184.50, 29185.75, 29151.75, 29177.75, 4500, 4128, 29174.94, 29171.75, 29168.75, 2142, 2358, 0.00, 0.00
2026-7-21, 08:33:08.755000, 29177.00, 29183.25, 29133.00, 29153.50, 4500, 4306, 29161.69, 29156.58, 29158.13, 2384, 2116, 0.00, 0.00
2026-7-21, 08:35:16.980000, 29154.50, 29226.00, 29148.50, 29183.00, 4500, 4225, 29178.00, 29185.83, 29187.25, 2023, 2477, 0.00, 0.00
2026-7-21, 08:37:06.332000, 29183.50, 29214.50, 29156.75, 29207.25, 4500, 4148, 29190.50, 29192.83, 29185.63, 2208, 2292, 0.00, 0.00
2026-7-21, 08:39:22.472000, 29207.75, 29208.50, 29145.00, 29155.25, 4500, 4001, 29179.13, 29169.58, 29176.75, 2529, 1971, 0.00, 0.00
2026-7-21, 08:41:34.944000, 29155.25, 29179.75, 29133.25, 29154.00, 4500, 4122, 29155.56, 29155.67, 29156.50, 2186, 2314, 0.00, 0.00
2026-7-21, 08:44:30.091000, 29155.75, 29169.00, 29118.50, 29124.75, 4500, 4237, 29142.00, 29137.42, 29143.75, 2407, 2093, 0.00, 0.00
2026-7-21, 08:46:45.916004, 29124.75, 29135.00, 29095.50, 29129.25, 4500, 4202, 29121.13, 29119.92, 29115.25, 2285, 2215, 0.00, 0.00
2026-7-21, 08:49:18.070000, 29129.00, 29178.00, 29118.75, 29164.00, 4500, 4171, 29147.44, 29153.58, 29148.38, 2198, 2302, 0.00, 0.00
2026-7-21, 08:51:48.548000, 29164.00, 29172.25, 29118.25, 29144.50, 4500, 4190, 29149.75, 29145.00, 29145.25, 2298, 2202, 0.00, 0.00
2026-7-21, 08:55:05.952001, 29144.50, 29163.75, 29092.50, 29111.50, 4500, 4207, 29128.06, 29122.58, 29128.13, 2388, 2112, 0.00, 0.00
2026-7-21, 08:58:17.604000, 29110.25, 29188.50, 29099.75, 29166.75, 4500, 4186, 29141.31, 29151.67, 29144.13, 2064, 2436, 0.00, 0.00
2026-7-21, 09:01:07.277002, 29166.75, 29181.25, 29087.25, 29108.75, 4500, 4197, 29136.00, 29125.75, 29134.25, 2521, 1979, 0.00, 0.00
2026-7-21, 09:03:42.334001, 29108.50, 29129.25, 29082.50, 29122.00, 4500, 4254, 29110.56, 29111.25, 29105.88, 2216, 2284, 0.00, 0.00
2026-7-21, 09:06:41.698000, 29122.75, 29138.50, 29073.50, 29079.75, 4500, 4276, 29103.63, 29097.25, 29106.00, 2399, 2101, 0.00, 0.00
2026-7-21, 09:10:02.297000, 29079.50, 29113.00, 29064.25, 29113.00, 4500, 4177, 29092.44, 29096.75, 29088.63, 2111, 2389, 0.00, 0.00
2026-7-21, 09:13:46.357002, 29113.25, 29137.25, 29067.00, 29076.75, 4500, 4226, 29098.56, 29093.67, 29102.13, 2377, 2123, 0.00, 0.00
2026-7-21, 09:16:28.462000, 29075.75, 29162.25, 29069.50, 29159.00, 4500, 4196, 29116.63, 29130.25, 29115.88, 1992, 2508, 0.00, 0.00
2026-7-21, 09:19:46.100002, 29159.50, 29173.00, 29112.50, 29143.75, 4500, 4234, 29147.19, 29143.08, 29142.75, 2265, 2235, 0.00, 0.00
2026-7-21, 09:23:00.896000, 29143.75, 29194.75, 29131.50, 29187.75, 4500, 4163, 29164.44, 29171.33, 29163.13, 2022, 2478, 0.00, 0.00
2026-7-21, 09:27:16.261002, 29187.75, 29219.50, 29187.50, 29205.75, 4500, 4249, 29200.13, 29204.25, 29203.50, 2290, 2210, 0.00, 0.00
2026-7-21, 09:30:27.891001, 29205.75, 29230.00, 29203.00, 29228.25, 4500, 4228, 29216.75, 29220.42, 29216.50, 2288, 2212, 0.00, 0.00
2026-7-21, 09:35:18.052000, 29228.50, 29236.00, 29185.50, 29201.00, 4500, 4258, 29212.75, 29207.50, 29210.75, 2436, 2064, 0.00, 0.00
2026-7-21, 09:39:45.176003, 29201.00, 29216.00, 29162.00, 29216.00, 4500, 4163, 29198.75, 29198.00, 29189.00, 2283, 2217, 0.00, 0.00
2026-7-21, 09:43:32.568004, 29216.00, 29254.00, 29214.00, 29234.00, 4500, 4091, 29229.50, 29234.00, 29234.00, 2120, 2380, 0.00, 0.00
2026-7-21, 09:46:33.372001, 29234.50, 29256.50, 29212.25, 29227.25, 4500, 4227, 29232.63, 29232.00, 29234.38, 2347, 2153, 0.00, 0.00
2026-7-21, 09:50:26.633003, 29227.25, 29237.00, 29209.75, 29225.00, 4500, 4260, 29224.75, 29223.92, 29223.38, 2267, 2233, 0.00, 0.00
2026-7-21, 09:57:09.139000, 29224.00, 29245.25, 29217.00, 29217.00, 4500, 4182, 29225.81, 29226.42, 29231.13, 2305, 2195, 0.00, 0.00
2026-7-21, 10:02:28.893056, 29216.75, 29219.75, 29181.00, 29215.25, 4500, 4007, 29208.19, 29205.33, 29200.38, 2564, 1936, 0.00, 0.00
2026-7-21, 10:06:21.802001, 29215.25, 29282.00, 29214.75, 29273.75, 4500, 4157, 29246.44, 29256.83, 29248.38, 1895, 2605, 29209.75, 0.00
2026-7-21, 10:09:57.967000, 29273.75, 29297.50, 29269.25, 29295.25, 4500, 4229, 29283.94, 29287.33, 29283.38, 2197, 2303, 0.00, 0.00
2026-7-21, 10:15:01.139000, 29295.00, 29298.25, 29271.75, 29278.25, 4500, 4169, 29285.81, 29282.75, 29285.00, 2422, 2078, 0.00, 0.00
2026-7-21, 10:21:04.341000, 29278.75, 29310.25, 29272.75, 29307.00, 4500, 4103, 29292.19, 29296.67, 29291.50, 2137, 2363, 0.00, 0.00
2026-7-21, 10:25:51.013001, 29307.00, 29320.00, 29295.00, 29296.25, 4500, 4243, 29304.56, 29303.75, 29307.50, 2258, 2242, 0.00, 0.00
2026-7-21, 10:31:31.106000, 29295.25, 29306.25, 29268.25, 29287.75, 4500, 4061, 29289.38, 29287.42, 29287.25, 2565, 1935, 0.00, 0.00
2026-7-21, 10:35:40.027037, 29287.75, 29300.25, 29265.50, 29279.00, 4500, 3944, 29283.13, 29281.58, 29282.88, 2386, 2114, 0.00, 0.00
2026-7-21, 10:41:14.569039, 29279.00, 29290.25, 29257.00, 29288.75, 4500, 4230, 29278.75, 29278.67, 29273.63, 2215, 2285, 29252.00, 0.00
2026-7-21, 10:49:22.190001, 29288.75, 29301.25, 29265.00, 29273.00, 4500, 4306, 29282.00, 29279.75, 29283.13, 2373, 2127, 0.00, 0.00
2026-7-21, 10:58:49.456001, 29273.00, 29304.25, 29254.25, 29300.25, 4500, 4161, 29282.94, 29286.25, 29279.25, 2163, 2337, 0.00, 0.00
2026-7-21, 11:05:19.265000, 29300.25, 29324.75, 29299.25, 29305.75, 4500, 4115, 29307.50, 29309.92, 29312.00, 2265, 2235, 0.00, 0.00
2026-7-21, 11:12:38.350000, 29305.50, 29319.75, 29296.00, 29318.25, 4500, 4026, 29309.88, 29311.33, 29307.88, 2323, 2177, 0.00, 0.00
2026-7-21, 11:20:49.975020, 29318.50, 29337.75, 29308.25, 29311.25, 4500, 4089, 29318.94, 29319.08, 29323.00, 2350, 2150, 0.00, 0.00
2026-7-21, 11:27:36.164000, 29311.75, 29325.25, 29302.00, 29318.00, 4500, 4286, 29314.25, 29315.08, 29313.63, 2412, 2088, 0.00, 0.00
2026-7-21, 11:37:17.915000, 29318.00, 29336.00, 29311.25, 29325.75, 4500, 4155, 29322.75, 29324.33, 29323.63, 2370, 2130, 0.00, 0.00
2026-7-21, 11:47:12.386001, 29325.75, 29352.50, 29320.75, 29340.75, 4500, 4207, 29334.94, 29338.00, 29336.63, 2086, 2414, 0.00, 0.00
2026-7-21, 11:55:33.256005, 29340.75, 29352.25, 29330.75, 29350.25, 4500, 4177, 29343.50, 29344.42, 29341.50, 2313, 2187, 0.00, 0.00
2026-7-21, 12:05:10.231001, 29350.25, 29355.50, 29333.00, 29339.25, 4500, 4116, 29344.50, 29342.58, 29344.25, 2395, 2105, 0.00, 0.00
2026-7-21, 12:15:11.280000, 29339.25, 29345.75, 29325.00, 29328.25, 4500, 4243, 29334.56, 29333.00, 29335.38, 2375, 2125, 0.00, 0.00
2026-7-21, 12:27:35.273001, 29328.25, 29351.50, 29323.00, 29346.00, 4500, 4223, 29337.19, 29340.17, 29337.25, 2212, 2288, 0.00, 0.00
2026-7-21, 12:37:10.261001, 29346.00, 29356.75, 29333.25, 29356.00, 4500, 4142, 29348.00, 29348.67, 29345.00, 2190, 2310, 0.00, 0.00
2026-7-21, 12:49:53.902000, 29355.75, 29364.75, 29332.25, 29353.00, 4500, 4138, 29351.44, 29350.00, 29348.50, 2300, 2200, 0.00, 0.00
2026-7-21, 13:00:22.887000, 29352.75, 29361.75, 29338.25, 29349.75, 4500, 4280, 29350.63, 29349.92, 29350.00, 2153, 2347, 0.00, 0.00
2026-7-21, 13:12:11.723000, 29350.00, 29353.00, 29330.25, 29336.00, 4500, 4217, 29342.31, 29339.75, 29341.63, 2428, 2072, 0.00, 0.00
2026-7-21, 13:25:05.338001, 29335.75, 29336.50, 29310.50, 29327.75, 4500, 4184, 29327.63, 29324.92, 29323.50, 2435, 2065, 0.00, 0.00
2026-7-21, 13:35:28.803000, 29327.75, 29352.50, 29319.25, 29352.00, 4500, 4258, 29337.88, 29341.25, 29335.88, 2198, 2302, 0.00, 0.00
2026-7-21, 13:45:41.156000, 29352.25, 29355.75, 29319.25, 29319.75, 4500, 4219, 29336.75, 29331.58, 29337.50, 2475, 2025, 0.00, 0.00
2026-7-21, 13:56:33.093000, 29319.50, 29335.50, 29310.00, 29320.00, 4500, 4236, 29321.25, 29321.83, 29322.75, 2363, 2137, 0.00, 0.00
2026-7-21, 14:05:53.850001, 29320.00, 29327.25, 29304.25, 29313.00, 4500, 4160, 29316.13, 29314.83, 29315.75, 2303, 2197, 0.00, 0.00
2026-7-21, 14:15:30.762000, 29313.25, 29320.50, 29300.00, 29300.00, 4500, 4274, 29308.44, 29306.83, 29310.25, 2273, 2227, 0.00, 0.00
2026-7-21, 14:26:14.942019, 29300.00, 29313.00, 29290.75, 29307.25, 4500, 4160, 29302.75, 29303.67, 29301.88, 2146, 2354, 0.00, 0.00
2026-7-21, 14:32:04.022000, 29308.25, 29331.50, 29304.50, 29325.00, 4500, 4257, 29317.31, 29320.33, 29318.00, 2084, 2416, 0.00, 0.00
2026-7-21, 14:39:58.840000, 29324.25, 29340.50, 29320.50, 29327.25, 4500, 4262, 29328.13, 29329.42, 29330.50, 2180, 2320, 0.00, 0.00
2026-7-21, 14:47:58.703002, 29327.00, 29348.00, 29314.75, 29340.00, 4500, 4253, 29332.44, 29334.25, 29331.38, 2312, 2188, 0.00, 0.00
2026-7-21, 14:52:40.047004, 29340.00, 29352.00, 29329.75, 29336.25, 4500, 4244, 29339.50, 29339.33, 29340.88, 2347, 2153, 0.00, 0.00
2026-7-21, 14:55:49.173000, 29336.00, 29346.75, 29332.00, 29333.50, 4500, 4269, 29337.06, 29337.42, 29339.38, 2275, 2225, 0.00, 0.00
2026-7-21, 14:59:03.060000, 29333.75, 29335.50, 29323.00, 29324.25, 4500, 3861, 29329.13, 29327.58, 29329.25, 2377, 2123, 0.00, 0.00
2026-7-21, 14:59:42.091000, 29324.00, 29327.50, 29302.00, 29310.50, 4500, 3767, 29316.00, 29313.33, 29314.75, 2659, 1841, 0.00, 0.00
2026-7-21, 14:59:54.213000, 29310.75, 29316.75, 29300.25, 29316.00, 4500, 3991, 29310.94, 29311.00, 29308.50, 2233, 2267, 29295.25, 0.00
2026-7-21, 15:00:03.105000, 29316.75, 29316.75, 29291.50, 29296.50, 4500, 3970, 29305.38, 29301.58, 29304.13, 2205, 2295, 29286.50, 0.00
2026-7-21, 15:02:28.971000, 29296.50, 29309.00, 29285.25, 29302.75, 4500, 4174, 29298.38, 29299.00, 29297.13, 2150, 2350, 0.00, 0.00
2026-7-21, 15:15:02.358000, 29302.25, 29304.25, 29279.00, 29280.50, 4500, 4115, 29291.50, 29287.92, 29291.63, 2432, 2068, 0.00, 0.00
2026-7-21, 15:49:38.954001, 29280.50, 29310.75, 29253.00, 29260.50, 4500, 4088, 29276.19, 29274.75, 29281.88, 2298, 2202, 29248.00, 0.00
2026-7-21, 17:52:23.901000, 29259.25, 29308.00, 29256.00, 29291.00, 4500, 4274, 29278.56, 29285.00, 29282.00, 2169, 2331, 0.00, 0.00
2026-7-21, 19:00:34.433000, 29290.25, 29337.00, 29272.50, 29273.50, 4500, 4221, 29293.31, 29294.33, 29304.75, 2154, 2346, 0.00, 0.00
2026-7-21, 19:32:34.703000, 29273.50, 29298.25, 29234.50, 29247.25, 4500, 4002, 29263.38, 29260.00, 29266.38, 2283, 2217, 0.00, 0.00
2026-7-21, 20:08:38.852000, 29245.75, 29307.00, 29232.00, 29301.25, 4500, 4177, 29271.50, 29280.08, 29269.50, 2113, 2387, 0.00, 0.00
2026-7-21, 20:55:23.265000, 29302.00, 29302.50, 29238.25, 29262.50, 4500, 4247, 29276.31, 29267.75, 29270.38, 2311, 2189, 0.00, 0.00
2026-7-21, 21:48:13.973000, 29262.25, 29267.25, 29210.00, 29229.75, 4500, 4106, 29242.31, 29235.67, 29238.63, 2299, 2201, 0.00, 29272.25
2026-7-21, 22:35:03.646000, 29228.75, 29241.50, 29187.75, 29219.50, 4500, 4156, 29219.38, 29216.25, 29214.63, 2304, 2196, 0.00, 0.00
2026-7-21, 23:30:47.791004, 29219.50, 29232.50, 29162.00, 29178.75, 4500, 4283, 29198.19, 29191.08, 29197.25, 2557, 1943, 0.00, 0.00
2026-7-22, 00:34:27.704000, 29179.75, 29183.75, 29127.00, 29130.75, 4500, 4055, 29155.31, 29147.17, 29155.38, 2403, 2097, 0.00, 0.00
2026-7-22, 01:12:14.033000, 29130.50, 29140.75, 29060.00, 29110.25, 4500, 4127, 29110.38, 29103.67, 29100.38, 2392, 2108, 0.00, 0.00
2026-7-22, 01:38:01.323010, 29110.00, 29115.50, 29051.00, 29088.50, 4500, 4134, 29091.25, 29085.00, 29083.25, 2302, 2198, 0.00, 0.00
2026-7-22, 02:13:05.862000, 29089.00, 29124.50, 29025.75, 29050.25, 4500, 4058, 29072.38, 29066.83, 29075.13, 2334, 2166, 0.00, 0.00
2026-7-22, 02:43:39.824000, 29050.00, 29107.00, 29038.75, 29071.00, 4500, 4217, 29066.69, 29072.25, 29072.88, 2175, 2325, 0.00, 0.00
2026-7-22, 03:12:58.161002, 29071.00, 29143.00, 29061.50, 29143.00, 4500, 4037, 29104.63, 29115.83, 29102.25, 2165, 2335, 0.00, 0.00
2026-7-22, 04:07:38.320005, 29143.75, 29152.00, 29089.25, 29152.00, 4500, 4233, 29134.25, 29131.08, 29120.63, 2156, 2344, 0.00, 0.00
2026-7-22, 05:03:04.113001, 29152.00, 29169.75, 29113.00, 29152.75, 4500, 4175, 29146.88, 29145.17, 29141.38, 2155, 2345, 0.00, 0.00
2026-7-22, 05:48:30.840001, 29152.75, 29173.00, 29102.00, 29102.00, 4500, 4066, 29132.44, 29125.67, 29137.50, 2492, 2008, 0.00, 0.00
2026-7-22, 06:27:50.626000, 29102.00, 29114.50, 29017.50, 29057.25, 4500, 4171, 29072.81, 29063.08, 29066.00, 2414, 2086, 0.00, 0.00
2026-7-22, 06:47:15.417001, 29057.25, 29079.00, 29026.00, 29042.50, 4500, 4029, 29051.19, 29049.17, 29052.50, 2276, 2224, 0.00, 0.00
2026-7-22, 07:11:35.502000, 29041.00, 29057.25, 28995.00, 29055.75, 4500, 3842, 29037.25, 29036.00, 29026.13, 2247, 2253, 0.00, 0.00
2026-7-22, 07:30:03.396000, 29057.25, 29068.75, 29031.50, 29035.25, 4500, 4178, 29048.19, 29045.17, 29050.13, 2272, 2228, 0.00, 0.00
2026-7-22, 07:45:49.906003, 29035.25, 29047.25, 28952.00, 29005.25, 4500, 4041, 29009.94, 29001.50, 28999.63, 2533, 1967, 0.00, 0.00
2026-7-22, 07:57:12.676058, 29005.25, 29063.50, 28991.25, 29055.25, 4500, 3984, 29028.81, 29036.67, 29027.38, 2063, 2437, 0.00, 0.00
2026-7-22, 08:14:46.432000, 29055.25, 29099.00, 29053.75, 29078.25, 4500, 4098, 29071.56, 29077.00, 29076.38, 2203, 2297, 0.00, 0.00
2026-7-22, 08:28:00.034004, 29078.25, 29093.00, 29076.50, 29089.75, 943, 880, 29084.38, 29086.42, 29084.75, 474, 469, 0.00, 0.00
2026-7-22, 08:30:00.001000, 29090.50, 29124.00, 29090.00, 29123.75, 4500, 4322, 29107.06, 29112.58, 29107.00, 2120, 2380, 0.00, 0.00
2026-7-22, 08:31:00.082000, 29124.50, 29145.75, 29101.00, 29145.75, 4500, 4328, 29129.25, 29130.83, 29123.38, 2190, 2310, 0.00, 0.00
2026-7-22, 08:32:42.757000, 29144.50, 29162.25, 29131.50, 29149.00, 4500, 4289, 29146.81, 29147.58, 29146.88, 2267, 2233, 0.00, 29167.25
2026-7-22, 08:34:57.749001, 29148.75, 29158.25, 29121.50, 29158.25, 4500, 4297, 29146.69, 29146.00, 29139.88, 2286, 2214, 0.00, 0.00
2026-7-22, 08:37:40.851007, 29158.25, 29164.75, 29113.00, 29153.25, 4500, 4270, 29147.31, 29143.67, 29138.88, 2237, 2263, 0.00, 0.00
2026-7-22, 08:39:36.952000, 29152.75, 29170.75, 29132.50, 29166.75, 4500, 4338, 29155.69, 29156.67, 29151.63, 2190, 2310, 0.00, 0.00
2026-7-22, 08:42:17.905000, 29166.00, 29187.75, 29160.75, 29185.00, 4500, 4200, 29174.88, 29177.83, 29174.25, 2129, 2371, 0.00, 0.00
2026-7-22, 08:45:04.861000, 29185.00, 29218.25, 29183.50, 29201.50, 4500, 4177, 29197.06, 29201.08, 29200.88, 2174, 2326, 0.00, 0.00
2026-7-22, 08:47:01.751000, 29201.00, 29202.50, 29157.25, 29175.00, 4500, 4254, 29183.94, 29178.25, 29179.88, 2407, 2093, 0.00, 0.00
2026-7-22, 08:49:43.536000, 29174.00, 29212.25, 29153.00, 29210.50, 4500, 4219, 29187.44, 29191.92, 29182.63, 2073, 2427, 0.00, 0.00
2026-7-22, 08:52:07.850000, 29209.50, 29240.00, 29191.00, 29238.00, 4500, 4178, 29219.63, 29223.00, 29215.50, 2027, 2473, 0.00, 0.00
2026-7-22, 08:55:06.744002, 29237.75, 29261.50, 29229.25, 29257.75, 4500, 4259, 29246.56, 29249.50, 29245.38, 2157, 2343, 0.00, 0.00
2026-7-22, 08:58:07.536000, 29257.50, 29283.75, 29245.00, 29275.75, 4500, 4238, 29265.50, 29268.17, 29264.38, 2186, 2314, 0.00, 0.00
2026-7-22, 09:01:00.522000, 29276.00, 29279.25, 29238.25, 29244.75, 4500, 4026, 29259.56, 29254.08, 29258.75, 2654, 1846, 0.00, 0.00
2026-7-22, 09:03:57.834000, 29245.00, 29277.75, 29230.00, 29230.75, 4500, 4290, 29245.88, 29246.17, 29253.88, 2378, 2122, 0.00, 0.00
2026-7-22, 09:07:42.230000, 29231.25, 29254.25, 29216.75, 29253.25, 4500, 4197, 29238.88, 29241.42, 29235.50, 2252, 2248, 0.00, 0.00
2026-7-22, 09:11:12.189000, 29254.00, 29263.50, 29221.50, 29221.50, 4500, 4241, 29240.13, 29235.50, 29242.50, 2368, 2132, 0.00, 0.00
2026-7-22, 09:15:17.334000, 29221.00, 29233.75, 29196.00, 29225.25, 4500, 4037, 29219.00, 29218.33, 29214.88, 2294, 2206, 0.00, 0.00
2026-7-22, 09:18:10.056001, 29225.25, 29273.75, 29208.25, 29268.75, 4500, 4249, 29244.00, 29250.25, 29241.00, 2054, 2446, 0.00, 0.00
2026-7-22, 09:21:57.824002, 29268.50, 29269.75, 29198.75, 29214.75, 4500, 4272, 29237.94, 29227.75, 29234.25, 2423, 2077, 0.00, 0.00
2026-7-22, 09:24:54.552000, 29214.75, 29232.50, 29201.50, 29215.25, 4500, 4251, 29216.00, 29216.42, 29217.00, 2299, 2201, 0.00, 0.00
2026-7-22, 09:29:29.840000, 29214.25, 29260.25, 29214.00, 29251.00, 4500, 4201, 29234.88, 29241.75, 29237.13, 2053, 2447, 0.00, 0.00
2026-7-22, 09:33:47.981000, 29252.00, 29252.00, 29207.25, 29217.50, 4500, 4300, 29232.19, 29225.58, 29229.63, 2384, 2116, 0.00, 0.00
2026-7-22, 09:38:46.378000, 29217.50, 29232.75, 29172.75, 29194.25, 4500, 4211, 29204.31, 29199.92, 29202.75, 2413, 2087, 0.00, 0.00
2026-7-22, 09:42:35.876001, 29194.25, 29224.25, 29173.50, 29221.25, 4500, 4228, 29203.31, 29206.33, 29198.88, 2127, 2373, 0.00, 0.00
2026-7-22, 09:46:28.021001, 29221.25, 29231.25, 29203.00, 29208.00, 4500, 4245, 29215.88, 29214.08, 29217.13, 2371, 2129, 0.00, 0.00
2026-7-22, 09:51:04.969001, 29208.00, 29222.75, 29183.00, 29210.00, 4500, 4314, 29205.94, 29205.25, 29202.88, 2280, 2220, 0.00, 0.00
2026-7-22, 09:57:02.035001, 29210.00, 29266.00, 29209.50, 29263.25, 4500, 4226, 29237.19, 29246.25, 29237.75, 1966, 2534, 0.00, 0.00
2026-7-22, 10:01:03.773011, 29263.25, 29290.00, 29242.50, 29288.75, 4500, 4190, 29271.13, 29273.75, 29266.25, 2126, 2374, 0.00, 0.00
2026-7-22, 10:05:51.844000, 29288.50, 29309.25, 29286.25, 29308.75, 4500, 4182, 29298.19, 29301.42, 29297.75, 2116, 2384, 0.00, 0.00
2026-7-22, 10:10:59.294001, 29308.75, 29314.00, 29291.50, 29313.00, 4500, 4153, 29306.81, 29306.17, 29302.75, 2281, 2219, 0.00, 0.00
2026-7-22, 10:17:11.452007, 29313.00, 29328.25, 29291.75, 29305.25, 4500, 4113, 29309.56, 29308.42, 29310.00, 2170, 2330, 0.00, 0.00
2026-7-22, 10:22:29.518001, 29305.00, 29342.25, 29297.00, 29331.75, 4500, 4147, 29319.00, 29323.67, 29319.63, 2080, 2420, 0.00, 0.00
2026-7-22, 10:28:05.529000, 29331.75, 29335.50, 29289.75, 29289.75, 4500, 4208, 29311.69, 29305.00, 29312.63, 2445, 2055, 0.00, 0.00
2026-7-22, 10:34:18.368000, 29290.00, 29310.50, 29274.25, 29282.75, 4500, 4111, 29289.38, 29289.17, 29292.38, 2267, 2233, 0.00, 0.00
2026-7-22, 10:40:22.524000, 29281.75, 29309.50, 29280.00, 29298.50, 4500, 4252, 29292.44, 29296.00, 29294.75, 2165, 2335, 0.00, 0.00
2026-7-22, 10:47:44.238000, 29298.75, 29332.75, 29294.50, 29306.00, 4500, 4177, 29308.00, 29311.08, 29313.63, 2250, 2250, 0.00, 0.00
2026-7-22, 10:55:37.243002, 29306.00, 29333.50, 29300.75, 29317.00, 4500, 4155, 29314.31, 29317.08, 29317.13, 2296, 2204, 0.00, 0.00
2026-7-22, 11:05:39.155000, 29318.00, 29335.00, 29315.50, 29331.00, 4500, 4224, 29324.88, 29327.17, 29325.25, 2143, 2357, 0.00, 0.00
2026-7-22, 11:16:40.066000, 29330.75, 29333.25, 29300.25, 29306.50, 4500, 4182, 29317.69, 29313.33, 29316.75, 2380, 2120, 0.00, 0.00
2026-7-22, 11:26:59.017007, 29306.50, 29328.25, 29301.50, 29305.75, 4500, 4253, 29310.50, 29311.83, 29314.88, 2260, 2240, 0.00, 0.00
2026-7-22, 11:40:03.522000, 29304.75, 29304.75, 29276.75, 29289.75, 4500, 4155, 29294.00, 29290.42, 29290.75, 2340, 2160, 0.00, 0.00
2026-7-22, 11:49:30.943000, 29289.50, 29321.75, 29280.25, 29311.25, 4500, 4251, 29300.69, 29304.42, 29301.00, 2075, 2425, 0.00, 0.00
2026-7-22, 11:59:13.597000, 29311.00, 29331.25, 29303.00, 29325.25, 4500, 4310, 29317.63, 29319.83, 29317.13, 2065, 2435, 0.00, 0.00
2026-7-22, 12:09:11.163000, 29324.50, 29328.25, 29298.75, 29301.75, 4500, 4206, 29313.31, 29309.58, 29313.50, 2393, 2107, 0.00, 0.00
2026-7-22, 12:20:55.379001, 29301.75, 29320.00, 29295.00, 29317.75, 4500, 4269, 29308.63, 29310.92, 29307.50, 2070, 2430, 0.00, 0.00
2026-7-22, 12:31:25.765001, 29317.75, 29318.75, 29280.75, 29308.50, 4500, 4275, 29306.44, 29302.67, 29299.75, 2346, 2154, 0.00, 0.00
2026-7-22, 12:40:14.018003, 29308.50, 29309.75, 29270.00, 29272.00, 4500, 4206, 29290.06, 29283.92, 29289.88, 2525, 1975, 0.00, 0.00
2026-7-22, 12:52:41.416000, 29272.25, 29275.00, 29234.25, 29250.00, 4500, 4231, 29257.88, 29253.08, 29254.63, 2318, 2182, 0.00, 0.00
2026-7-22, 12:58:01.975000, 29249.75, 29261.75, 29231.75, 29244.50, 4500, 4196, 29246.94, 29246.00, 29246.75, 2289, 2211, 0.00, 0.00
2026-7-22, 13:04:19.020000, 29244.75, 29271.25, 29237.25, 29239.25, 4500, 4234, 29248.13, 29249.25, 29254.25, 2178, 2322, 0.00, 0.00
2026-7-22, 13:12:46.185000, 29239.25, 29245.75, 29222.25, 29245.25, 4500, 4190, 29238.13, 29237.75, 29234.00, 2184, 2316, 0.00, 0.00
2026-7-22, 13:21:05.809000, 29245.00, 29255.75, 29225.25, 29231.75, 4500, 4154, 29239.44, 29237.58, 29240.50, 2340, 2160, 0.00, 0.00
2026-7-22, 13:30:05.671002, 29231.75, 29235.25, 29207.75, 29230.75, 4500, 4151, 29226.38, 29224.58, 29221.50, 2355, 2145, 0.00, 0.00
2026-7-22, 13:36:18.188001, 29230.75, 29245.75, 29222.25, 29241.75, 4500, 4215, 29235.13, 29236.58, 29234.00, 2319, 2181, 0.00, 0.00
2026-7-22, 13:47:11.647000, 29242.50, 29259.00, 29224.25, 29248.50, 4500, 4207, 29243.56, 29243.92, 29241.63, 2291, 2209, 0.00, 0.00
2026-7-22, 13:57:21.809000, 29248.75, 29258.00, 29234.25, 29242.00, 4500, 4254, 29245.75, 29244.75, 29246.13, 2368, 2132, 0.00, 0.00
2026-7-22, 14:08:05.059001, 29242.00, 29251.75, 29215.50, 29239.50, 4500, 4104, 29237.19, 29235.58, 29233.63, 2408, 2092, 0.00, 0.00
2026-7-22, 14:16:53.601002, 29239.75, 29249.50, 29224.75, 29249.50, 4500, 4189, 29240.88, 29241.25, 29237.13, 2344, 2156, 0.00, 0.00
2026-7-22, 14:28:13.918006, 29249.75, 29260.00, 29225.50, 29229.50, 4500, 4129, 29241.19, 29238.33, 29242.75, 2400, 2100, 0.00, 0.00
2026-7-22, 14:35:02.451001, 29229.50, 29235.75, 29192.50, 29209.50, 4500, 4157, 29216.81, 29212.58, 29214.13, 2452, 2048, 0.00, 0.00
2026-7-22, 14:42:09.403000, 29209.50, 29229.50, 29208.25, 29229.50, 4500, 4190, 29219.19, 29222.42, 29218.88, 2152, 2348, 0.00, 0.00
2026-7-22, 14:50:00.016006, 29229.50, 29246.00, 29204.00, 29208.75, 4500, 4072, 29222.06, 29219.58, 29225.00, 2276, 2224, 0.00, 0.00
2026-7-22, 14:54:11.638017, 29208.75, 29212.50, 29174.75, 29188.00, 4500, 4129, 29196.00, 29191.75, 29193.63, 2446, 2054, 0.00, 0.00
2026-7-22, 14:57:31.918000, 29188.00, 29206.25, 29184.75, 29193.50, 4500, 4111, 29193.13, 29194.83, 29195.50, 2109, 2391, 0.00, 0.00
2026-7-22, 14:59:39.507000, 29193.75, 29197.25, 29158.25, 29158.50, 4500, 3657, 29176.94, 29171.33, 29177.75, 2598, 1902, 0.00, 0.00
2026-7-22, 14:59:59.655003, 29158.25, 29227.75, 29140.00, 29209.00, 4500, 3851, 29183.75, 29192.25, 29183.88, 2211, 2289, 29135.00, 0.00
2026-7-22, 15:01:58.824034, 29209.00, 29235.50, 29142.75, 29181.50, 4500, 3814, 29192.19, 29186.58, 29189.13, 2255, 2245, 0.00, 0.00
2026-7-22, 15:03:17.995002, 29181.50, 29217.50, 29119.00, 29175.00, 4500, 3592, 29173.25, 29170.50, 29168.25, 2337, 2163, 0.00, 0.00
2026-7-22, 15:07:31.800002, 29175.00, 29247.25, 29141.25, 29246.25, 4500, 3743, 29202.44, 29211.58, 29194.25, 2193, 2307, 0.00, 0.00
2026-7-22, 15:14:58.853000, 29245.75, 29260.00, 29210.75, 29215.75, 4500, 4140, 29233.06, 29228.83, 29235.38, 2467, 2033, 0.00, 0.00
2026-7-22, 15:26:44.313000, 29214.75, 29225.75, 29178.50, 29191.75, 4500, 3847, 29202.69, 29198.67, 29202.13, 2266, 2234, 0.00, 0.00
2026-7-22, 15:56:06.624000, 29192.00, 29196.00, 29060.50, 29077.75, 4500, 3963, 29131.56, 29111.42, 29128.25, 2466, 2034, 0.00, 0.00
2026-7-22, 17:17:29.577000, 29076.50, 29107.00, 29039.25, 29079.00, 4500, 4079, 29075.44, 29075.08, 29073.13, 2206, 2294, 0.00, 0.00
2026-7-22, 17:55:09.901002, 29079.00, 29098.25, 29021.75, 29097.75, 4500, 4149, 29074.19, 29072.58, 29060.00, 2271, 2229, 0.00, 0.00
2026-7-22, 18:44:52.433001, 29097.75, 29173.00, 29089.75, 29167.50, 4500, 3980, 29132.00, 29143.42, 29131.38, 2196, 2304, 0.00, 0.00
2026-7-22, 19:09:46.082003, 29167.50, 29255.50, 29143.50, 29226.75, 4500, 4042, 29198.31, 29208.58, 29199.50, 2211, 2289, 0.00, 0.00
2026-7-22, 19:30:04.275000, 29227.50, 29282.50, 29218.25, 29261.00, 4500, 4118, 29247.31, 29253.92, 29250.38, 2101, 2399, 0.00, 0.00
2026-7-22, 20:00:01.875000, 29261.00, 29273.50, 29207.25, 29247.00, 4500, 4208, 29247.19, 29242.58, 29240.38, 2270, 2230, 0.00, 0.00
2026-7-22, 20:34:57.700004, 29247.25, 29260.50, 29168.25, 29174.75, 4500, 3959, 29212.69, 29201.17, 29214.38, 2174, 2326, 0.00, 0.00
2026-7-22, 21:03:18.589001, 29174.50, 29201.00, 29092.00, 29107.00, 4500, 4122, 29143.63, 29133.33, 29146.50, 2423, 2077, 0.00, 0.00
2026-7-22, 21:35:42.218000, 29106.50, 29107.75, 29057.00, 29062.00, 4500, 4175, 29083.31, 29075.58, 29082.38, 2368, 2132, 0.00, 0.00
2026-7-22, 22:07:58.430000, 29062.75, 29114.50, 29029.50, 29082.00, 4500, 4106, 29072.19, 29075.33, 29072.00, 2177, 2323, 0.00, 0.00
2026-7-22, 22:35:10.409001, 29082.00, 29140.00, 29068.50, 29118.25, 4500, 4172, 29102.19, 29108.92, 29104.25, 2187, 2313, 0.00, 0.00
2026-7-22, 23:20:34.389002, 29118.25, 29165.25, 29105.00, 29107.00, 4500, 4163, 29123.88, 29125.75, 29135.13, 2281, 2219, 0.00, 0.00
2026-7-23, 00:11:57.122002, 29107.50, 29183.25, 29079.25, 29084.50, 4500, 4277, 29113.63, 29115.67, 29131.25, 2223, 2277, 0.00, 0.00
2026-7-23, 00:55:13.515000, 29084.50, 29116.50, 29077.25, 29114.00, 4500, 4197, 29098.06, 29102.58, 29096.88, 2325, 2175, 0.00, 0.00
2026-7-23, 01:46:53.753000, 29114.50, 29119.25, 28994.25, 28994.25, 4500, 4039, 29055.56, 29035.92, 29056.75, 2555, 1945, 0.00, 0.00
2026-7-23, 02:11:02.696001, 28994.00, 29038.75, 28954.00, 29005.25, 4500, 4224, 28998.00, 28999.33, 28996.38, 2178, 2322, 0.00, 0.00
2026-7-23, 02:31:59.763000, 29004.50, 29005.25, 28922.25, 28983.75, 4500, 4180, 28978.94, 28970.42, 28963.75, 2115, 2385, 0.00, 0.00
2026-7-23, 02:57:47.140002, 28983.75, 29061.25, 28958.25, 29027.25, 4500, 4144, 29007.63, 29015.58, 29009.75, 2127, 2373, 0.00, 0.00
2026-7-23, 03:23:27.657001, 29027.00, 29119.25, 29017.00, 29119.25, 4500, 4119, 29070.63, 29085.17, 29068.13, 2116, 2384, 0.00, 0.00
2026-7-23, 04:03:18.170000, 29117.75, 29137.75, 29059.00, 29065.75, 4500, 4134, 29095.06, 29087.50, 29098.38, 2327, 2173, 0.00, 0.00
2026-7-23, 04:52:19.548003, 29065.75, 29098.00, 29036.00, 29098.00, 4500, 4157, 29074.44, 29077.33, 29067.00, 2118, 2382, 0.00, 0.00
2026-7-23, 05:33:19.391004, 29098.25, 29122.25, 29033.75, 29068.50, 4500, 4173, 29080.69, 29074.83, 29078.00, 2313, 2187, 29028.75, 0.00
2026-7-23, 06:16:30.346003, 29068.50, 29069.25, 28950.25, 28950.25, 4500, 3902, 29009.56, 28989.92, 29009.75, 2596, 1904, 0.00, 0.00
2026-7-23, 06:35:29.846042, 28950.25, 28956.25, 28913.00, 28941.25, 4500, 4128, 28940.19, 28936.83, 28934.63, 2199, 2301, 0.00, 0.00
2026-7-23, 06:51:01.308007, 28941.25, 28985.00, 28915.25, 28921.00, 4500, 4153, 28940.63, 28940.42, 28950.13, 2189, 2311, 0.00, 0.00
2026-7-23, 07:11:16.748001, 28921.25, 28938.50, 28861.00, 28862.75, 4500, 3950, 28895.88, 28887.42, 28899.75, 2576, 1924, 0.00, 0.00
2026-7-23, 07:24:37.211001, 28862.50, 28878.75, 28815.50, 28817.00, 4500, 4056, 28843.44, 28837.08, 28847.13, 2496, 2004, 0.00, 0.00
2026-7-23, 07:36:23.545005, 28817.00, 28819.75, 28775.00, 28789.75, 4500, 4099, 28800.38, 28794.83, 28797.38, 2198, 2302, 0.00, 0.00
2026-7-23, 07:42:28.354001, 28789.75, 28797.75, 28754.75, 28791.75, 4500, 4159, 28783.50, 28781.42, 28776.25, 2243, 2257, 0.00, 0.00
2026-7-23, 07:51:11.161000, 28792.00, 28806.50, 28773.25, 28800.50, 4500, 4196, 28793.06, 28793.42, 28789.88, 2135, 2365, 0.00, 0.00
2026-7-23, 08:02:03.383000, 28801.25, 28803.50, 28738.25, 28759.75, 4500, 3772, 28775.69, 28767.17, 28770.88, 2512, 1988, 0.00, 0.00
2026-7-23, 08:07:37.209003, 28759.75, 28774.00, 28715.75, 28729.00, 4500, 3997, 28744.63, 28739.58, 28744.88, 2213, 2287, 0.00, 0.00
2026-7-23, 08:13:12.509004, 28729.00, 28737.00, 28703.00, 28715.75, 4500, 4110, 28721.19, 28718.58, 28720.00, 2170, 2330, 0.00, 0.00
2026-7-23, 08:20:03.802002, 28716.00, 28723.25, 28697.50, 28712.75, 4500, 3920, 28712.38, 28711.17, 28710.38, 2145, 2355, 0.00, 0.00
2026-7-23, 08:27:08.079000, 28713.25, 28725.00, 28697.00, 28719.25, 2845, 2595, 28713.63, 28713.75, 28711.00, 1471, 1374, 0.00, 0.00
2026-7-23, 08:30:00.000000, 28718.25, 28725.75, 28657.75, 28658.50, 4500, 4156, 28690.06, 28680.67, 28691.75, 2474, 2026, 0.00, 0.00
2026-7-23, 08:30:43.016005, 28658.50, 28719.50, 28657.00, 28717.50, 4500, 4098, 28688.13, 28698.00, 28688.25, 2270, 2230, 0.00, 0.00
2026-7-23, 08:31:54.488000, 28717.50, 28748.00, 28710.75, 28732.25, 4500, 4085, 28727.13, 28730.33, 28729.38, 2141, 2359, 0.00, 0.00
2026-7-23, 08:33:18.627000, 28732.00, 28761.00, 28691.00, 28760.00, 4500, 4086, 28736.00, 28737.33, 28726.00, 2121, 2379, 0.00, 0.00
2026-7-23, 08:34:51.461002, 28760.00, 28775.00, 28736.75, 28761.75, 4500, 4149, 28758.38, 28757.83, 28755.88, 2297, 2203, 0.00, 0.00
2026-7-23, 08:36:26.561000, 28762.50, 28812.25, 28759.25, 28812.25, 4500, 4154, 28786.56, 28794.58, 28785.75, 2045, 2455, 0.00, 0.00
2026-7-23, 08:38:05.884001, 28812.50, 28817.50, 28777.50, 28812.25, 4500, 4276, 28804.94, 28802.42, 28797.50, 2286, 2214, 0.00, 0.00
2026-7-23, 08:40:01.271001, 28812.00, 28835.00, 28806.25, 28835.00, 4500, 4109, 28822.06, 28825.42, 28820.63, 2112, 2388, 0.00, 0.00
2026-7-23, 08:42:08.658002, 28835.00, 28883.00, 28835.00, 28876.00, 4500, 3937, 28857.25, 28864.67, 28859.00, 2136, 2364, 0.00, 0.00
2026-7-23, 08:43:40.074000, 28876.25, 28878.00, 28834.00, 28835.25, 4500, 4084, 28855.88, 28849.08, 28856.00, 2575, 1925, 0.00, 0.00
2026-7-23, 08:45:24.362003, 28835.25, 28858.00, 28820.50, 28834.50, 4500, 4151, 28837.06, 28837.67, 28839.25, 2372, 2128, 0.00, 0.00
2026-7-23, 08:47:46.880000, 28835.00, 28846.00, 28767.00, 28769.25, 4500, 3586, 28804.31, 28794.08, 28806.50, 2897, 1603, 0.00, 0.00
2026-7-23, 08:49:21.894000, 28768.50, 28787.25, 28747.75, 28753.00, 4500, 4299, 28764.13, 28762.67, 28767.50, 2264, 2236, 0.00, 0.00
2026-7-23, 08:51:33.486004, 28753.00, 28755.50, 28717.50, 28738.00, 4500, 3635, 28741.00, 28737.00, 28736.50, 2613, 1887, 0.00, 0.00
2026-7-23, 08:53:11.089000, 28737.50, 28815.00, 28737.25, 28810.00, 4500, 3821, 28774.94, 28787.42, 28776.13, 1841, 2659, 28732.25, 0.00
2026-7-23, 08:54:51.487003, 28810.00, 28834.50, 28775.25, 28780.50, 4500, 3746, 28800.06, 28796.75, 28804.88, 2110, 2390, 0.00, 0.00
2026-7-23, 08:56:25.143000, 28780.75, 28781.50, 28697.00, 28698.50, 4500, 4160, 28739.44, 28725.67, 28739.25, 2419, 2081, 0.00, 0.00
2026-7-23, 08:58:28.597003, 28698.50, 28762.75, 28696.00, 28753.50, 4500, 4295, 28727.69, 28737.42, 28729.38, 2224, 2276, 0.00, 0.00
2026-7-23, 09:00:45.327000, 28753.75, 28769.75, 28708.00, 28727.50, 4500, 4223, 28739.75, 28735.08, 28738.88, 2298, 2202, 0.00, 0.00
2026-7-23, 09:03:23.840000, 28728.00, 28794.25, 28716.50, 28785.50, 4500, 4161, 28756.06, 28765.42, 28755.38, 2074, 2426, 0.00, 0.00
2026-7-23, 09:05:55.345009, 28785.50, 28801.25, 28735.50, 28749.00, 4500, 4249, 28767.81, 28761.92, 28768.38, 2340, 2160, 0.00, 0.00
2026-7-23, 09:08:29.894000, 28750.00, 28751.50, 28678.25, 28738.00, 4500, 4147, 28729.44, 28722.58, 28714.88, 2351, 2149, 0.00, 0.00
2026-7-23, 09:10:07.860000, 28738.25, 28763.00, 28695.50, 28752.00, 4500, 4048, 28737.19, 28736.83, 28729.25, 2134, 2366, 0.00, 0.00
2026-7-23, 09:12:14.421001, 28752.00, 28770.75, 28720.00, 28720.00, 4500, 4263, 28740.69, 28736.92, 28745.38, 2329, 2171, 0.00, 0.00
2026-7-23, 09:14:44.531079, 28720.00, 28727.50, 28686.50, 28708.75, 4500, 4221, 28710.69, 28707.58, 28707.00, 2294, 2206, 0.00, 0.00
2026-7-23, 09:17:09.059001, 28708.75, 28743.00, 28697.00, 28702.00, 4500, 4211, 28712.69, 28714.00, 28720.00, 2240, 2260, 0.00, 0.00
2026-7-23, 09:20:20.540001, 28702.00, 28780.25, 28696.00, 28739.25, 4500, 4180, 28729.38, 28738.50, 28738.13, 2118, 2382, 0.00, 0.00
2026-7-23, 09:23:16.811000, 28738.50, 28758.75, 28690.50, 28702.25, 4500, 4242, 28722.50, 28717.17, 28724.63, 2341, 2159, 0.00, 0.00
2026-7-23, 09:26:28.278001, 28702.25, 28747.00, 28693.75, 28731.75, 4500, 4236, 28718.69, 28724.17, 28720.38, 2147, 2353, 0.00, 0.00
2026-7-23, 09:30:21.719000, 28730.75, 28751.50, 28675.00, 28683.50, 4500, 4198, 28710.19, 28703.33, 28713.25, 2452, 2048, 0.00, 0.00
2026-7-23, 09:33:16.008000, 28683.75, 28688.75, 28640.00, 28657.50, 4500, 4081, 28667.50, 28662.08, 28664.38, 2342, 2158, 0.00, 0.00
2026-7-23, 09:35:19.782000, 28656.50, 28762.00, 28648.50, 28747.75, 4500, 4191, 28703.69, 28719.42, 28705.25, 1952, 2548, 0.00, 0.00
2026-7-23, 09:37:55.205001, 28747.75, 28772.50, 28724.25, 28767.75, 4500, 4176, 28753.06, 28754.83, 28748.38, 2210, 2290, 0.00, 0.00
2026-7-23, 09:40:27.905001, 28768.25, 28773.25, 28654.50, 28670.25, 4500, 4216, 28716.56, 28699.33, 28713.88, 2481, 2019, 0.00, 0.00
2026-7-23, 09:43:00.763001, 28670.50, 28672.50, 28625.50, 28649.00, 4500, 4203, 28654.38, 28649.00, 28649.00, 2365, 2135, 0.00, 0.00
2026-7-23, 09:45:36.148005, 28647.50, 28670.50, 28626.50, 28641.75, 4500, 4183, 28646.56, 28646.25, 28648.50, 2222, 2278, 28621.50, 0.00
2026-7-23, 09:48:51.719000, 28642.00, 28648.25, 28597.75, 28597.75, 4500, 4193, 28621.44, 28614.58, 28623.00, 2508, 1992, 0.00, 0.00
2026-7-23, 09:51:42.524020, 28597.50, 28619.50, 28579.00, 28580.50, 4500, 4258, 28594.13, 28593.00, 28599.25, 2181, 2319, 28574.00, 0.00
2026-7-23, 09:54:35.049014, 28580.50, 28618.50, 28577.25, 28612.50, 4500, 4293, 28597.19, 28602.75, 28597.88, 2130, 2370, 0.00, 0.00
2026-7-23, 09:57:46.139000, 28611.75, 28618.00, 28583.75, 28589.75, 4500, 4183, 28600.81, 28597.17, 28600.88, 2334, 2166, 0.00, 0.00
2026-7-23, 10:01:02.235000, 28588.75, 28590.50, 28561.25, 28562.00, 4500, 4194, 28575.63, 28571.25, 28575.88, 2338, 2162, 0.00, 0.00
2026-7-23, 10:04:22.052044, 28562.00, 28572.25, 28533.50, 28541.50, 4500, 4289, 28552.31, 28549.08, 28552.88, 2457, 2043, 0.00, 0.00
2026-7-23, 10:07:03.350000, 28541.50, 28560.00, 28528.25, 28528.75, 4500, 4067, 28539.63, 28539.00, 28544.13, 2372, 2128, 0.00, 0.00
2026-7-23, 10:09:48.211000, 28528.75, 28544.25, 28500.50, 28502.75, 4500, 4109, 28519.06, 28515.83, 28522.38, 2419, 2081, 0.00, 0.00
2026-7-23, 10:12:27.345000, 28502.50, 28509.75, 28483.00, 28489.00, 4500, 3883, 28496.06, 28493.92, 28496.38, 2441, 2059, 0.00, 0.00
2026-7-23, 10:14:44.861002, 28489.25, 28518.75, 28489.25, 28513.00, 4500, 4185, 28502.56, 28507.00, 28504.00, 2003, 2497, 0.00, 0.00
2026-7-23, 10:17:10.755001, 28513.00, 28555.00, 28510.00, 28555.00, 4500, 4100, 28533.25, 28540.00, 28532.50, 2088, 2412, 0.00, 0.00
2026-7-23, 10:20:14.196001, 28555.00, 28569.00, 28512.25, 28532.50, 4500, 4029, 28542.19, 28537.92, 28540.63, 2339, 2161, 0.00, 0.00
2026-7-23, 10:22:25.754000, 28532.25, 28534.75, 28459.00, 28490.25, 4500, 4197, 28504.06, 28494.67, 28496.88, 2621, 1879, 0.00, 0.00
2026-7-23, 10:23:34.862010, 28490.25, 28510.00, 28467.00, 28470.00, 4500, 4149, 28484.31, 28482.33, 28488.50, 2296, 2204, 0.00, 0.00
2026-7-23, 10:27:15.394000, 28469.75, 28480.75, 28447.75, 28459.75, 4500, 4252, 28464.50, 28462.75, 28464.25, 2294, 2206, 0.00, 0.00
2026-7-23, 10:30:27.894002, 28460.00, 28485.75, 28432.50, 28482.00, 4500, 4184, 28465.06, 28466.75, 28459.13, 2226, 2274, 0.00, 0.00
2026-7-23, 10:33:29.232023, 28482.00, 28518.50, 28470.50, 28508.00, 4500, 4165, 28494.75, 28499.00, 28494.50, 2106, 2394, 0.00, 0.00
2026-7-23, 10:37:10.685001, 28508.00, 28551.00, 28500.75, 28542.00, 4500, 4243, 28525.44, 28531.25, 28525.88, 2119, 2381, 0.00, 0.00
2026-7-23, 10:40:35.690001, 28541.75, 28547.50, 28497.00, 28498.25, 4500, 4263, 28521.13, 28514.25, 28522.25, 2423, 2077, 0.00, 0.00
2026-7-23, 10:44:44.566000, 28498.75, 28515.00, 28478.25, 28515.00, 4500, 4228, 28501.75, 28502.75, 28496.63, 2297, 2203, 0.00, 0.00
2026-7-23, 10:49:26.184001, 28515.00, 28556.25, 28504.50, 28554.00, 4500, 4245, 28532.44, 28538.25, 28530.38, 2030, 2470, 0.00, 0.00
2026-7-23, 10:54:35.766000, 28553.50, 28584.00, 28548.75, 28580.75, 4500, 4206, 28566.75, 28571.17, 28566.38, 2070, 2430, 0.00, 0.00
2026-7-23, 10:58:43.637002, 28580.75, 28614.00, 28573.25, 28610.75, 4500, 4223, 28594.69, 28599.33, 28593.63, 2096, 2404, 0.00, 0.00
2026-7-23, 11:02:34.156003, 28610.50, 28628.75, 28579.25, 28582.50, 4500, 4015, 28600.25, 28596.83, 28604.00, 2396, 2104, 0.00, 0.00
2026-7-23, 11:05:55.834000, 28583.75, 28633.25, 28576.75, 28630.50, 4500, 4220, 28606.06, 28613.50, 28605.00, 2162, 2338, 0.00, 0.00
2026-7-23, 11:11:07.317000, 28630.50, 28645.00, 28622.75, 28634.75, 4500, 4236, 28633.25, 28634.17, 28633.88, 2144, 2356, 0.00, 0.00
2026-7-23, 11:17:50.614000, 28634.50, 28672.75, 28609.50, 28670.50, 4500, 4131, 28646.81, 28650.92, 28641.13, 2247, 2253, 0.00, 0.00
2026-7-23, 11:23:00.714000, 28670.25, 28697.75, 28668.25, 28683.75, 4500, 4164, 28680.00, 28683.25, 28683.00, 2350, 2150, 0.00, 0.00
2026-7-23, 11:27:24.905003, 28683.75, 28715.00, 28683.50, 28695.75, 4500, 4143, 28694.50, 28698.08, 28699.25, 2223, 2277, 0.00, 0.00
2026-7-23, 11:32:26.300000, 28696.25, 28713.75, 28682.25, 28703.75, 4500, 4120, 28699.00, 28699.92, 28698.00, 2283, 2217, 0.00, 0.00
2026-7-23, 11:37:55.684001, 28704.00, 28738.25, 28700.50, 28703.00, 4500, 4134, 28711.44, 28713.92, 28719.38, 2126, 2374, 0.00, 0.00
2026-7-23, 11:41:40.853001, 28703.25, 28711.00, 28647.50, 28651.25, 4500, 4146, 28678.25, 28669.92, 28679.25, 2556, 1944, 0.00, 0.00
2026-7-23, 11:46:03.139000, 28650.50, 28658.00, 28623.75, 28636.25, 4500, 4216, 28642.13, 28639.33, 28640.88, 2229, 2271, 0.00, 0.00
2026-7-23, 11:50:32.722000, 28637.00, 28647.00, 28609.50, 28626.00, 4500, 4238, 28629.88, 28627.50, 28628.25, 2250, 2250, 0.00, 0.00
2026-7-23, 11:55:10.827000, 28625.50, 28646.50, 28613.00, 28622.50, 4500, 4256, 28626.88, 28627.33, 28629.75, 2220, 2280, 0.00, 0.00
2026-7-23, 12:00:21.546002, 28622.75, 28663.25, 28604.75, 28606.75, 4500, 4219, 28624.38, 28624.92, 28634.00, 2209, 2291, 0.00, 0.00
2026-7-23, 12:05:13.091001, 28607.00, 28635.75, 28588.00, 28628.25, 4500, 4128, 28614.75, 28617.33, 28611.88, 2276, 2224, 0.00, 0.00
2026-7-23, 12:10:09.661000, 28627.50, 28658.25, 28625.50, 28653.50, 4500, 4055, 28641.19, 28645.75, 28641.88, 2198, 2302, 0.00, 0.00
2026-7-23, 12:16:28.054001, 28653.50, 28674.25, 28614.75, 28653.25, 4500, 4164, 28648.94, 28647.42, 28644.50, 2163, 2337, 0.00, 0.00
2026-7-23, 12:21:37.375000, 28653.50, 28676.75, 28628.25, 28663.00, 4500, 4110, 28655.38, 28656.00, 28652.50, 2199, 2301, 0.00, 0.00
2026-7-23, 12:28:03.373000, 28663.00, 28666.75, 28606.00, 28621.00, 4500, 4205, 28639.19, 28631.25, 28636.38, 2300, 2200, 0.00, 0.00
2026-7-23, 12:34:43.032000, 28620.00, 28626.75, 28570.50, 28585.00, 4500, 4221, 28600.56, 28594.08, 28598.63, 2389, 2111, 0.00, 0.00
2026-7-23, 12:41:56.985001, 28584.75, 28629.25, 28580.00, 28619.50, 4500, 4276, 28603.38, 28609.58, 28604.63, 2156, 2344, 28575.00, 0.00
2026-7-23, 12:48:41.478000, 28618.75, 28629.00, 28571.00, 28571.25, 4500, 4263, 28597.50, 28590.42, 28600.00, 2308, 2192, 0.00, 0.00
2026-7-23, 12:57:18.109000, 28571.75, 28584.00, 28551.00, 28574.25, 4500, 4209, 28570.25, 28569.75, 28567.50, 2184, 2316, 0.00, 0.00
2026-7-23, 13:04:04.045001, 28574.25, 28576.75, 28542.50, 28565.00, 4500, 4276, 28564.63, 28561.42, 28559.63, 2275, 2225, 0.00, 0.00
2026-7-23, 13:12:27.469001, 28565.00, 28578.25, 28546.75, 28552.25, 4500, 4254, 28560.56, 28559.08, 28562.50, 2228, 2272, 0.00, 0.00
2026-7-23, 13:18:57.873003, 28552.25, 28584.25, 28545.25, 28570.00, 4500, 4154, 28562.94, 28566.50, 28564.75, 2031, 2469, 0.00, 0.00
2026-7-23, 13:26:00.750000, 28571.50, 28595.50, 28555.00, 28594.00, 4500, 4257, 28579.00, 28581.50, 28575.25, 2127, 2373, 0.00, 0.00
2026-7-23, 13:34:22.066000, 28595.25, 28603.50, 28554.25, 28560.25, 4500, 4117, 28578.31, 28572.67, 28578.88, 2186, 2314, 0.00, 0.00
2026-7-23, 13:41:42.477001, 28560.25, 28578.50, 28545.00, 28562.75, 4500, 4184, 28561.63, 28562.08, 28561.75, 2166, 2334, 0.00, 0.00
2026-7-23, 13:50:13.445001, 28562.75, 28569.25, 28526.75, 28534.00, 4500, 4163, 28548.19, 28543.33, 28548.00, 2365, 2135, 0.00, 0.00
2026-7-23, 13:58:12.856000, 28534.25, 28566.75, 28518.00, 28522.25, 4500, 4160, 28535.31, 28535.67, 28542.38, 2303, 2197, 0.00, 0.00
2026-7-23, 14:04:08.451002, 28522.25, 28528.25, 28501.00, 28520.00, 4500, 4213, 28517.88, 28516.42, 28514.63, 2253, 2247, 0.00, 0.00
2026-7-23, 14:12:27.010001, 28520.00, 28542.00, 28504.50, 28524.75, 4500, 4215, 28522.81, 28523.75, 28523.25, 2153, 2347, 0.00, 0.00
2026-7-23, 14:19:33.872001, 28524.75, 28595.25, 28519.75, 28590.50, 4500, 4147, 28557.56, 28568.50, 28557.50, 1956, 2544, 0.00, 0.00
2026-7-23, 14:25:23.736003, 28590.50, 28594.25, 28561.50, 28586.50, 4500, 4128, 28583.19, 28580.75, 28577.88, 2218, 2282, 0.00, 0.00
2026-7-23, 14:30:12.836000, 28585.75, 28595.50, 28530.75, 28568.25, 4500, 4217, 28570.06, 28564.83, 28563.13, 2278, 2222, 0.00, 0.00
2026-7-23, 14:34:39.577000, 28567.50, 28570.00, 28519.25, 28521.25, 4500, 4199, 28544.50, 28536.83, 28544.63, 2299, 2201, 0.00, 0.00
2026-7-23, 14:42:16.266000, 28520.75, 28520.75, 28486.25, 28510.75, 4500, 4257, 28509.63, 28505.92, 28503.50, 2289, 2211, 0.00, 0.00
2026-7-23, 14:47:36.989000, 28510.75, 28546.00, 28486.25, 28520.50, 4500, 4180, 28515.88, 28517.58, 28516.13, 2255, 2245, 0.00, 0.00
2026-7-23, 14:51:07.770000, 28520.50, 28540.75, 28507.75, 28510.50, 4500, 4147, 28519.88, 28519.67, 28524.25, 2275, 2225, 0.00, 0.00
2026-7-23, 14:54:08.115002, 28510.50, 28582.25, 28505.25, 28578.75, 4500, 4148, 28544.19, 28555.42, 28543.75, 2011, 2489, 0.00, 0.00
2026-7-23, 14:56:11.338000, 28579.25, 28631.00, 28576.75, 28620.75, 4500, 4301, 28601.94, 28609.50, 28603.88, 2282, 2218, 0.00, 0.00
2026-7-23, 14:58:39.405000, 28620.50, 28633.50, 28615.50, 28630.50, 4500, 3901, 28625.00, 28626.50, 28624.50, 2317, 2183, 0.00, 0.00
2026-7-23, 14:59:38.942001, 28630.50, 28632.50, 28610.75, 28617.75, 4500, 3847, 28622.88, 28620.33, 28621.63, 2539, 1961, 0.00, 0.00
2026-7-23, 14:59:56.982041, 28617.75, 28649.50, 28605.50, 28649.50, 4500, 3956, 28630.56, 28634.83, 28627.50, 2176, 2324, 28600.50, 0.00
2026-7-23, 15:00:23.444003, 28649.50, 28694.75, 28644.25, 28679.00, 4500, 3769, 28666.88, 28672.67, 28669.50, 1972, 2528, 0.00, 0.00
2026-7-23, 15:01:42.808000, 28679.50, 28726.75, 28664.00, 28722.75, 4500, 3644, 28698.25, 28704.50, 28695.38, 2264, 2236, 0.00, 0.00
2026-7-23, 15:04:10.916000, 28723.75, 28727.00, 28697.50, 28719.50, 4500, 3792, 28716.94, 28714.67, 28712.25, 2098, 2402, 0.00, 0.00
2026-7-23, 15:10:23.766004, 28718.75, 28767.50, 28717.00, 28754.00, 4500, 4076, 28739.31, 28746.17, 28742.25, 1986, 2514, 0.00, 0.00
2026-7-23, 15:21:10.202000, 28754.75, 28782.00, 28746.25, 28752.50, 4500, 3893, 28758.88, 28760.25, 28764.13, 2098, 2402, 0.00, 0.00
2026-7-23, 15:41:50.691001, 28752.50, 28752.75, 28655.00, 28660.25, 4500, 3774, 28705.13, 28689.33, 28703.88, 2288, 2212, 28650.00, 0.00
2026-7-23, 17:05:00.838001, 28660.75, 28707.50, 28624.00, 28698.00, 4500, 4267, 28672.56, 28676.50, 28665.75, 2117, 2383, 0.00, 0.00
2026-7-23, 17:46:32.307001, 28698.00, 28736.00, 28682.00, 28692.00, 4500, 4285, 28702.00, 28703.33, 28709.00, 2368, 2132, 0.00, 0.00
2026-7-23, 18:35:53.441000, 28692.00, 28724.00, 28658.25, 28682.25, 4500, 4295, 28689.13, 28688.17, 28691.13, 2283, 2217, 0.00, 0.00
2026-7-23, 19:03:59.388001, 28682.25, 28687.25, 28615.75, 28662.00, 4500, 4199, 28661.81, 28655.00, 28651.50, 2258, 2242, 0.00, 0.00
2026-7-23, 19:23:28.363000, 28662.25, 28684.25, 28618.00, 28627.50, 4500, 4202, 28648.00, 28643.25, 28651.13, 2304, 2196, 0.00, 0.00
2026-7-23, 19:55:14.323000, 28628.25, 28701.50, 28628.00, 28653.75, 4500, 4340, 28652.88, 28661.08, 28664.75, 2121, 2379, 0.00, 0.00
2026-7-23, 20:30:31.374001, 28653.50, 28685.50, 28593.75, 28630.75, 4500, 4241, 28640.88, 28636.67, 28639.63, 2311, 2189, 0.00, 0.00
2026-7-23, 21:11:52.306000, 28631.00, 28632.00, 28537.50, 28542.25, 4500, 3936, 28585.69, 28570.58, 28584.75, 2513, 1987, 0.00, 0.00
2026-7-23, 21:48:12.642000, 28542.75, 28560.75, 28515.00, 28522.75, 4500, 4144, 28535.31, 28532.83, 28537.88, 2179, 2321, 0.00, 0.00
2026-7-23, 22:23:22.969000, 28522.00, 28556.75, 28485.50, 28490.00, 4500, 4165, 28513.56, 28510.75, 28521.13, 2229, 2271, 0.00, 0.00
2026-7-23, 22:55:52.537000, 28491.00, 28558.00, 28465.50, 28545.25, 4500, 4162, 28514.94, 28522.92, 28511.75, 2102, 2398, 0.00, 0.00
2026-7-23, 23:32:57.321000, 28544.25, 28600.25, 28512.25, 28590.00, 4500, 4131, 28561.69, 28567.50, 28556.25, 2123, 2377, 0.00, 0.00
2026-7-24, 00:22:13.784000, 28589.50, 28607.00, 28513.75, 28521.00, 4500, 4064, 28557.81, 28547.25, 28560.38, 2298, 2202, 0.00, 0.00
2026-7-24, 01:08:11.948001, 28520.75, 28576.25, 28501.00, 28501.25, 4500, 4134, 28524.81, 28526.17, 28538.63, 2197, 2303, 0.00, 0.00
2026-7-24, 01:45:13.394000, 28503.25, 28630.00, 28481.00, 28630.00, 4500, 4139, 28561.06, 28580.33, 28555.50, 1987, 2513, 0.00, 0.00
2026-7-24, 02:12:33.799000, 28630.00, 28663.00, 28609.00, 28610.00, 4500, 4101, 28628.00, 28627.33, 28636.00, 2462, 2038, 0.00, 0.00
2026-7-24, 02:43:41.939002, 28610.00, 28633.00, 28556.50, 28599.25, 4500, 4091, 28599.69, 28596.25, 28594.75, 2152, 2348, 0.00, 0.00
2026-7-24, 03:23:04.679000, 28599.25, 28679.50, 28582.25, 28679.50, 4500, 4205, 28635.13, 28647.08, 28630.88, 2046, 2454, 0.00, 0.00
2026-7-24, 04:09:54.480000, 28679.50, 28703.25, 28632.00, 28691.50, 4500, 4155, 28676.56, 28675.58, 28667.63, 2188, 2312, 0.00, 0.00
2026-7-24, 04:51:25.912002, 28691.25, 28706.25, 28643.50, 28649.75, 4500, 4011, 28672.69, 28666.50, 28674.88, 2263, 2237, 0.00, 0.00
2026-7-24, 05:38:45.725000, 28649.75, 28666.75, 28632.00, 28639.50, 4500, 4146, 28647.00, 28646.08, 28649.38, 2319, 2181, 28627.00, 0.00
2026-7-24, 06:29:08.034000, 28640.25, 28650.00, 28601.50, 28650.00, 4500, 3850, 28635.44, 28633.83, 28625.75, 1982, 2518, 0.00, 0.00
2026-7-24, 06:58:52.634003, 28650.00, 28700.00, 28624.25, 28671.50, 4500, 4015, 28661.44, 28665.25, 28662.13, 2120, 2380, 28619.25, 0.00
2026-7-24, 07:12:37.290000, 28671.75, 28698.50, 28641.25, 28647.75, 4500, 4134, 28664.81, 28662.50, 28669.88, 2314, 2186, 0.00, 0.00
2026-7-24, 07:35:06.149000, 28647.75, 28664.50, 28590.75, 28591.75, 4500, 3936, 28623.69, 28615.67, 28627.63, 2496, 2004, 0.00, 0.00
2026-7-24, 07:57:13.275000, 28590.75, 28602.50, 28571.75, 28591.25, 4500, 4072, 28589.06, 28588.50, 28587.13, 2254, 2246, 0.00, 0.00
2026-7-24, 08:15:03.202002, 28591.25, 28616.00, 28551.00, 28562.75, 4500, 4235, 28580.25, 28576.58, 28583.50, 2420, 2080, 0.00, 0.00
2026-7-24, 08:28:29.873002, 28562.75, 28564.50, 28538.00, 28540.25, 1484, 1390, 28551.38, 28547.58, 28551.25, 846, 638, 0.00, 0.00
2026-7-24, 08:30:00.000000, 28540.00, 28541.75, 28504.50, 28526.25, 4500, 4175, 28528.13, 28524.17, 28523.13, 2157, 2343, 0.00, 0.00
2026-7-24, 08:30:41.631003, 28526.25, 28551.00, 28499.50, 28537.50, 4500, 4246, 28528.56, 28529.33, 28525.25, 2317, 2183, 0.00, 0.00
2026-7-24, 08:32:12.304002, 28537.25, 28588.25, 28517.50, 28586.50, 4500, 4238, 28557.38, 28564.08, 28552.88, 2032, 2468, 0.00, 0.00
2026-7-24, 08:34:22.769000, 28586.25, 28622.00, 28558.75, 28563.75, 4500, 4068, 28582.69, 28581.50, 28590.38, 2095, 2405, 0.00, 0.00
2026-7-24, 08:36:03.285000, 28565.50, 28566.50, 28518.50, 28552.50, 4500, 4254, 28550.75, 28545.83, 28542.50, 2330, 2170, 0.00, 0.00
2026-7-24, 08:38:05.888000, 28553.50, 28564.50, 28501.00, 28509.50, 4500, 4127, 28532.13, 28525.00, 28532.75, 2336, 2164, 0.00, 0.00
2026-7-24, 08:40:16.554000, 28510.00, 28520.25, 28475.25, 28479.25, 4500, 4240, 28496.19, 28491.58, 28497.75, 2304, 2196, 0.00, 0.00
2026-7-24, 08:42:09.916000, 28479.75, 28500.00, 28458.25, 28492.50, 4500, 4289, 28482.63, 28483.58, 28479.13, 2251, 2249, 0.00, 0.00
2026-7-24, 08:45:05.446000, 28492.50, 28498.00, 28445.00, 28469.75, 4500, 4202, 28476.31, 28470.92, 28471.50, 2368, 2132, 0.00, 0.00
2026-7-24, 08:47:19.824000, 28471.25, 28511.75, 28450.00, 28499.00, 4500, 4255, 28483.00, 28486.92, 28480.88, 2184, 2316, 0.00, 0.00
2026-7-24, 08:49:50.847009, 28499.00, 28505.50, 28406.75, 28406.75, 4500, 4194, 28454.50, 28439.67, 28456.13, 2585, 1915, 0.00, 0.00
2026-7-24, 08:51:11.402063, 28406.75, 28415.00, 28356.25, 28365.75, 4500, 4189, 28385.94, 28379.00, 28385.63, 2334, 2166, 0.00, 0.00
2026-7-24, 08:52:40.375001, 28365.75, 28371.50, 28326.00, 28334.00, 4500, 4253, 28349.31, 28343.83, 28348.75, 2389, 2111, 0.00, 0.00
2026-7-24, 08:55:03.024004, 28335.25, 28354.25, 28313.50, 28332.50, 4500, 4280, 28333.88, 28333.42, 28333.88, 2195, 2305, 28308.50, 0.00
2026-7-24, 08:56:57.377000, 28332.50, 28368.50, 28317.75, 28339.00, 4500, 4094, 28339.44, 28341.75, 28343.13, 2299, 2201, 0.00, 0.00
2026-7-24, 08:59:20.257008, 28339.25, 28382.50, 28304.25, 28381.50, 4500, 3921, 28351.88, 28356.08, 28343.38, 2305, 2195, 0.00, 0.00
2026-7-24, 09:01:01.527000, 28381.25, 28394.75, 28350.75, 28350.75, 4500, 4208, 28369.38, 28365.42, 28372.75, 2297, 2203, 0.00, 0.00
2026-7-24, 09:03:02.501001, 28350.75, 28379.00, 28328.50, 28375.75, 4500, 4180, 28358.50, 28361.08, 28353.75, 2183, 2317, 0.00, 0.00
2026-7-24, 09:05:27.051000, 28375.50, 28408.50, 28347.50, 28403.50, 4500, 4197, 28383.75, 28386.50, 28378.00, 2205, 2295, 0.00, 0.00
2026-7-24, 09:08:22.390003, 28403.50, 28440.25, 28402.25, 28410.25, 4500, 4210, 28414.06, 28417.58, 28421.25, 2210, 2290, 0.00, 0.00
2026-7-24, 09:10:18.154001, 28410.25, 28439.25, 28391.00, 28391.00, 4500, 4266, 28407.88, 28407.08, 28415.13, 2270, 2230, 0.00, 0.00
2026-7-24, 09:13:04.625000, 28391.00, 28451.25, 28386.00, 28415.00, 4500, 4091, 28410.81, 28417.42, 28418.63, 2157, 2343, 0.00, 0.00
2026-7-24, 09:15:19.288001, 28415.00, 28416.75, 28331.00, 28339.00, 4500, 4203, 28375.44, 28362.25, 28373.88, 2483, 2017, 0.00, 0.00
2026-7-24, 09:17:29.227000, 28339.50, 28364.00, 28299.00, 28321.75, 4500, 4167, 28331.06, 28328.25, 28331.50, 2330, 2170, 0.00, 0.00
2026-7-24, 09:19:32.174000, 28320.75, 28388.00, 28306.25, 28384.50, 4500, 4245, 28349.88, 28359.58, 28347.13, 2049, 2451, 28301.25, 0.00
2026-7-24, 09:22:17.142000, 28384.50, 28423.50, 28366.75, 28367.75, 4500, 4250, 28385.63, 28386.00, 28395.13, 2279, 2221, 0.00, 0.00
2026-7-24, 09:25:21.051000, 28368.00, 28406.75, 28363.50, 28397.25, 4500, 4366, 28383.88, 28389.17, 28385.13, 2134, 2366, 0.00, 0.00
2026-7-24, 09:29:01.439000, 28397.75, 28407.50, 28330.00, 28332.00, 4500, 4256, 28366.81, 28356.50, 28368.75, 2375, 2125, 0.00, 0.00
2026-7-24, 09:32:20.609003, 28332.00, 28350.00, 28302.25, 28338.00, 4500, 4321, 28330.56, 28330.08, 28326.13, 2205, 2295, 0.00, 0.00
2026-7-24, 09:36:03.219000, 28339.00, 28344.25, 28274.75, 28280.00, 4500, 3849, 28309.50, 28299.67, 28309.50, 2694, 1806, 0.00, 0.00
2026-7-24, 09:39:30.544002, 28279.75, 28296.75, 28266.25, 28274.00, 4500, 4190, 28279.19, 28279.00, 28281.50, 2153, 2347, 0.00, 0.00
2026-7-24, 09:42:43.095000, 28273.75, 28307.50, 28262.75, 28264.25, 4500, 3858, 28277.06, 28278.17, 28285.13, 2251, 2249, 0.00, 0.00
2026-7-24, 09:45:38.858001, 28264.25, 28308.25, 28254.50, 28274.25, 4500, 3822, 28275.31, 28279.00, 28281.38, 2177, 2323, 0.00, 0.00
2026-7-24, 09:48:01.621000, 28274.25, 28359.50, 28272.75, 28352.50, 4500, 3736, 28314.75, 28328.25, 28316.13, 1993, 2507, 0.00, 0.00
2026-7-24, 09:50:55.710000, 28352.75, 28365.50, 28311.25, 28331.25, 4500, 4166, 28340.19, 28336.00, 28338.38, 2360, 2140, 0.00, 0.00
2026-7-24, 09:54:43.298000, 28331.25, 28421.75, 28331.25, 28416.50, 4500, 4276, 28375.19, 28389.83, 28376.50, 1958, 2542, 0.00, 0.00
2026-7-24, 09:57:56.703001, 28416.50, 28461.50, 28400.75, 28434.75, 4500, 4199, 28428.38, 28432.33, 28431.13, 2064, 2436, 0.00, 0.00
2026-7-24, 10:00:02.491031, 28434.75, 28478.50, 28425.50, 28425.75, 4500, 4101, 28441.13, 28443.25, 28452.00, 2310, 2190, 0.00, 0.00
2026-7-24, 10:02:01.646000, 28425.50, 28438.25, 28401.25, 28417.00, 4500, 4257, 28420.50, 28418.83, 28419.75, 2266, 2234, 0.00, 0.00
2026-7-24, 10:05:40.425000, 28415.50, 28423.75, 28373.00, 28407.25, 4500, 4237, 28404.88, 28401.33, 28398.38, 2336, 2164, 0.00, 0.00
2026-7-24, 10:09:04.263002, 28407.50, 28470.75, 28355.00, 28470.75, 4500, 4264, 28426.00, 28432.17, 28412.88, 2025, 2475, 0.00, 0.00
2026-7-24, 10:11:07.446000, 28470.50, 28486.75, 28415.25, 28439.00, 4500, 4278, 28452.88, 28447.00, 28451.00, 2239, 2261, 0.00, 0.00
2026-7-24, 10:13:22.642008, 28439.00, 28544.00, 28427.75, 28507.50, 4500, 3933, 28479.56, 28493.08, 28485.88, 1969, 2531, 0.00, 0.00
2026-7-24, 10:15:18.739000, 28507.00, 28557.25, 28499.25, 28515.25, 4500, 4072, 28519.69, 28523.92, 28528.25, 2262, 2238, 0.00, 0.00
2026-7-24, 10:17:36.265000, 28513.75, 28517.00, 28453.50, 28506.75, 4500, 3948, 28497.75, 28492.42, 28485.25, 2038, 2462, 0.00, 0.00
2026-7-24, 10:20:29.800000, 28507.00, 28525.00, 28494.00, 28509.50, 4500, 4055, 28508.88, 28509.50, 28509.50, 2318, 2182, 0.00, 0.00
2026-7-24, 10:24:36.642000, 28510.50, 28551.75, 28499.00, 28536.00, 4500, 4215, 28524.31, 28528.92, 28525.38, 2079, 2421, 0.00, 0.00
2026-7-24, 10:28:45.017003, 28536.00, 28537.25, 28484.50, 28534.50, 4500, 4211, 28523.06, 28518.75, 28510.88, 2328, 2172, 0.00, 0.00
2026-7-24, 10:31:42.150001, 28534.50, 28542.25, 28485.00, 28496.50, 4500, 3916, 28514.56, 28507.92, 28513.63, 2402, 2098, 0.00, 0.00
2026-7-24, 10:35:13.534000, 28496.50, 28563.25, 28495.25, 28559.75, 4500, 4176, 28528.69, 28539.42, 28529.25, 2025, 2475, 0.00, 0.00
2026-7-24, 10:39:16.138000, 28560.50, 28577.50, 28514.25, 28519.00, 4500, 4013, 28542.81, 28536.92, 28545.88, 2264, 2236, 0.00, 0.00
2026-7-24, 10:43:02.180004, 28519.00, 28530.75, 28490.00, 28502.25, 4500, 4155, 28510.50, 28507.67, 28510.38, 2211, 2289, 0.00, 0.00
2026-7-24, 10:48:09.924000, 28501.25, 28548.25, 28494.50, 28534.75, 4500, 4114, 28519.69, 28525.83, 28521.38, 2245, 2255, 0.00, 0.00
2026-7-24, 10:52:40.087000, 28534.75, 28576.00, 28515.50, 28575.25, 4500, 4231, 28550.38, 28555.58, 28545.75, 2163, 2337, 0.00, 0.00
2026-7-24, 10:57:48.655042, 28575.00, 28583.75, 28549.50, 28566.25, 4500, 4189, 28568.63, 28566.50, 28566.63, 2280, 2220, 0.00, 28588.75
2026-7-24, 11:03:03.868001, 28566.25, 28618.00, 28561.25, 28608.25, 4500, 4220, 28588.44, 28595.83, 28589.63, 2070, 2430, 0.00, 0.00
2026-7-24, 11:08:23.440002, 28608.25, 28630.75, 28600.25, 28608.75, 4500, 3775, 28612.00, 28613.25, 28615.50, 1950, 2550, 0.00, 0.00
2026-7-24, 11:12:38.903000, 28608.25, 28608.25, 28558.50, 28561.50, 4500, 3998, 28584.13, 28576.08, 28583.38, 2411, 2089, 0.00, 28613.25
2026-7-24, 11:16:58.328000, 28560.25, 28592.50, 28552.50, 28588.75, 4500, 4108, 28573.50, 28577.92, 28572.50, 2070, 2430, 0.00, 0.00
2026-7-24, 11:23:38.472001, 28588.75, 28594.00, 28539.25, 28544.00, 4500, 4174, 28566.50, 28559.08, 28566.63, 2462, 2038, 0.00, 0.00
2026-7-24, 11:30:40.863004, 28544.00, 28552.50, 28527.00, 28544.25, 4500, 4173, 28541.94, 28541.25, 28539.75, 2190, 2310, 0.00, 0.00
2026-7-24, 11:34:35.462000, 28544.75, 28555.75, 28505.00, 28510.25, 4500, 4094, 28528.94, 28523.67, 28530.38, 2259, 2241, 0.00, 0.00
2026-7-24, 11:41:13.871002, 28510.25, 28517.25, 28477.75, 28483.25, 4500, 4241, 28497.13, 28492.75, 28497.50, 2278, 2222, 0.00, 0.00
2026-7-24, 11:47:57.320000, 28482.75, 28488.00, 28460.25, 28478.00, 4500, 4164, 28477.25, 28475.42, 28474.13, 2185, 2315, 0.00, 0.00
2026-7-24, 11:54:35.817005, 28478.00, 28511.00, 28462.50, 28478.25, 4500, 4317, 28482.44, 28483.92, 28486.75, 2188, 2312, 0.00, 0.00
2026-7-24, 12:02:03.773001, 28478.25, 28487.50, 28445.50, 28463.25, 4500, 3253, 28468.63, 28465.42, 28466.50, 2332, 2168, 0.00, 0.00
2026-7-24, 12:06:11.951001, 28463.25, 28476.25, 28427.00, 28442.25, 4500, 4268, 28452.19, 28448.50, 28451.63, 2244, 2256, 0.00, 0.00
2026-7-24, 12:11:02.505012, 28442.50, 28471.00, 28439.25, 28463.75, 4500, 3832, 28454.13, 28458.00, 28455.13, 2181, 2319, 0.00, 0.00
2026-7-24, 12:17:31.787000, 28464.25, 28494.50, 28461.50, 28473.50, 4500, 4099, 28473.44, 28476.50, 28478.00, 2302, 2198, 0.00, 0.00
2026-7-24, 12:24:33.694000, 28474.00, 28523.50, 28472.00, 28517.75, 4500, 3952, 28496.81, 28504.42, 28497.75, 2126, 2374, 0.00, 0.00
2026-7-24, 12:30:31.078001, 28517.75, 28544.00, 28498.00, 28507.25, 4500, 3991, 28516.75, 28516.42, 28521.00, 2242, 2258, 0.00, 0.00
2026-7-24, 12:38:55.204001, 28507.75, 28508.25, 28453.50, 28455.25, 4500, 3998, 28481.19, 28472.33, 28480.88, 2405, 2095, 0.00, 0.00
2026-7-24, 12:45:44.212000, 28455.25, 28501.75, 28452.00, 28484.25, 4500, 4085, 28473.31, 28479.33, 28476.88, 2241, 2259, 0.00, 0.00
2026-7-24, 12:55:17.550002, 28484.25, 28492.00, 28450.50, 28450.50, 4500, 4196, 28469.31, 28464.33, 28471.25, 2360, 2140, 0.00, 0.00
2026-7-24, 13:05:02.915035, 28450.50, 28467.25, 28420.25, 28430.75, 4500, 4217, 28442.19, 28439.42, 28443.75, 2324, 2176, 0.00, 0.00
2026-7-24, 13:14:33.943000, 28431.00, 28434.00, 28381.25, 28384.50, 4500, 4089, 28407.69, 28399.92, 28407.63, 2315, 2185, 0.00, 0.00
2026-7-24, 13:21:32.970001, 28384.50, 28391.00, 28350.75, 28352.50, 4500, 4107, 28369.69, 28364.75, 28370.88, 2247, 2253, 0.00, 0.00
2026-7-24, 13:27:53.330010, 28352.25, 28354.75, 28311.50, 28326.00, 4500, 4005, 28336.13, 28330.75, 28333.13, 2106, 2394, 0.00, 0.00
2026-7-24, 13:32:14.754000, 28325.50, 28327.50, 28278.75, 28303.75, 4500, 4187, 28308.88, 28303.33, 28303.13, 2228, 2272, 0.00, 0.00
2026-7-24, 13:36:04.557030, 28303.75, 28321.75, 28281.25, 28288.50, 4500, 4179, 28298.81, 28297.17, 28301.50, 2231, 2269, 0.00, 0.00
2026-7-24, 13:39:51.195064, 28288.50, 28297.25, 28259.00, 28289.50, 4500, 4196, 28283.56, 28281.92, 28278.13, 2204, 2296, 0.00, 0.00
2026-7-24, 13:43:44.927000, 28288.75, 28325.50, 28269.75, 28306.25, 4500, 4161, 28297.56, 28300.50, 28297.63, 2234, 2266, 0.00, 0.00
2026-7-24, 13:48:55.636006, 28306.25, 28320.00, 28288.50, 28308.50, 4500, 4241, 28305.81, 28305.67, 28304.25, 2221, 2279, 0.00, 0.00
2026-7-24, 13:56:38.985000, 28310.50, 28328.50, 28289.00, 28289.00, 4500, 4207, 28304.25, 28302.17, 28308.75, 2380, 2120, 0.00, 0.00
2026-7-24, 14:02:43.022015, 28289.00, 28312.00, 28248.00, 28250.50, 4500, 4232, 28274.88, 28270.17, 28280.00, 2473, 2027, 0.00, 0.00
2026-7-24, 14:07:35.312002, 28250.75, 28253.50, 28221.25, 28240.25, 4500, 4169, 28241.44, 28238.33, 28237.38, 2222, 2278, 0.00, 0.00
2026-7-24, 14:12:06.414000, 28240.25, 28259.50, 28212.50, 28236.50, 4500, 4232, 28237.19, 28236.17, 28236.00, 2188, 2312, 0.00, 0.00
2026-7-24, 14:17:33.820009, 28236.50, 28257.00, 28225.00, 28230.75, 4500, 4285, 28237.31, 28237.58, 28241.00, 2202, 2298, 0.00, 0.00
2026-7-24, 14:24:20.991000, 28230.50, 28271.50, 28219.00, 28256.00, 4500, 4264, 28244.25, 28248.83, 28245.25, 2215, 2285, 0.00, 0.00
2026-7-24, 14:31:02.687007, 28256.00, 28298.25, 28250.75, 28287.75, 4500, 4051, 28273.19, 28278.92, 28274.50, 2225, 2275, 0.00, 0.00
2026-7-24, 14:34:57.044000, 28287.25, 28304.75, 28275.25, 28282.25, 4500, 4004, 28287.38, 28287.42, 28290.00, 2387, 2113, 0.00, 0.00
2026-7-24, 14:39:40.067000, 28282.50, 28284.25, 28238.75, 28255.00, 4500, 3902, 28265.13, 28259.33, 28261.50, 2326, 2174, 0.00, 0.00
2026-7-24, 14:43:52.384000, 28255.00, 28283.25, 28242.75, 28257.75, 4500, 4226, 28259.69, 28261.25, 28263.00, 2306, 2194, 0.00, 0.00
2026-7-24, 14:49:34.008003, 28257.75, 28291.00, 28225.75, 28234.00, 4500, 4207, 28252.13, 28250.25, 28258.38, 2371, 2129, 0.00, 0.00
2026-7-24, 14:52:20.019000, 28234.25, 28280.00, 28224.50, 28266.00, 4500, 3975, 28251.19, 28256.83, 28252.25, 2235, 2265, 0.00, 0.00
2026-7-24, 14:55:00.405001, 28266.50, 28275.50, 28247.50, 28270.00, 4500, 3903, 28264.88, 28264.33, 28261.50, 2146, 2354, 0.00, 0.00
2026-7-24, 14:58:08.017000, 28270.00, 28282.00, 28251.00, 28281.25, 4500, 4009, 28271.06, 28271.42, 28266.50, 2159, 2341, 0.00, 0.00
2026-7-24, 14:59:41.020000, 28281.00, 28295.00, 28274.75, 28289.50, 4500, 3744, 28285.06, 28286.42, 28284.88, 2060, 2440, 0.00, 0.00
2026-7-24, 14:59:58.839004, 28289.50, 28303.25, 28266.75, 28296.75, 4500, 3957, 28289.06, 28288.92, 28285.00, 2184, 2316, 0.00, 0.00
2026-7-24, 15:01:58.350000, 28297.25, 28298.50, 28259.25, 28274.75, 4500, 4045, 28282.44, 28277.50, 28278.88, 2467, 2033, 0.00, 0.00
2026-7-24, 15:11:14.734000, 28273.00, 28329.50, 28272.75, 28286.25, 4500, 4151, 28290.38, 28296.17, 28301.13, 2095, 2405, 0.00, 0.00
2026-7-24, 15:34:14.709051, 28286.25, 28313.50, 28283.75, 28306.50, 2420, 2270, 28297.50, 28301.25, 28298.63, 1280, 1140, 28278.75, 0.00
2026-7-26, 17:00:00.000000, 28500.00, 28682.25, 28500.00, 28602.00, 4500, 3851, 28571.06, 28594.75, 28591.13, 2391, 2109, 0.00, 0.00
2026-7-26, 17:09:15.412000, 28601.50, 28647.00, 28578.50, 28623.25, 4500, 4098, 28612.56, 28616.25, 28612.75, 2138, 2362, 0.00, 0.00
2026-7-26, 17:49:30.958000, 28622.75, 28669.75, 28597.75, 28648.25, 4500, 4167, 28634.63, 28638.58, 28633.75, 2172, 2328, 0.00, 0.00
2026-7-26, 18:45:16.065000, 28644.50, 28733.75, 28638.00, 28674.75, 4500, 4103, 28672.75, 28682.17, 28685.88, 2083, 2417, 0.00, 0.00
2026-7-26, 19:02:39.245000, 28674.75, 28676.25, 28614.50, 28614.50, 4500, 4095, 28645.00, 28635.08, 28645.38, 2413, 2087, 0.00, 0.00
2026-7-26, 19:18:04.651000, 28614.25, 28656.00, 28581.75, 28611.00, 4500, 4201, 28615.75, 28616.25, 28618.88, 2311, 2189, 0.00, 0.00
2026-7-26, 19:41:39.507004, 28611.25, 28655.25, 28565.75, 28575.50, 4500, 4303, 28601.94, 28598.83, 28610.50, 2347, 2153, 0.00, 0.00
2026-7-26, 20:14:57.810000, 28574.25, 28592.75, 28525.00, 28572.75, 4500, 4130, 28566.19, 28563.50, 28558.88, 2309, 2191, 0.00, 0.00
2026-7-26, 20:36:24.519000, 28574.75, 28627.75, 28564.25, 28611.25, 4500, 4139, 28594.50, 28601.08, 28596.00, 2191, 2309, 0.00, 0.00
2026-7-26, 21:11:12.945000, 28607.50, 28658.50, 28597.25, 28641.00, 4500, 4222, 28626.06, 28632.25, 28627.88, 2227, 2273, 0.00, 0.00
2026-7-26, 22:02:24.972000, 28641.25, 28650.75, 28592.75, 28630.00, 4500, 4306, 28628.69, 28624.50, 28621.75, 2318, 2182, 0.00, 0.00
2026-7-26, 23:16:37.838004, 28630.00, 28684.00, 28606.75, 28677.00, 4500, 4263, 28649.44, 28655.92, 28645.38, 2208, 2292, 0.00, 0.00
2026-7-27, 00:27:11.375000, 28676.75, 28728.50, 28673.50, 28720.00, 4500, 4134, 28699.69, 28707.33, 28701.00, 2122, 2378, 0.00, 0.00
2026-7-27, 01:17:24.001000, 28720.00, 28725.25, 28680.00, 28717.25, 4500, 4121, 28710.63, 28707.50, 28702.63, 2272, 2228, 0.00, 0.00
2026-7-27, 02:04:28.328000, 28717.00, 28732.00, 28672.00, 28678.75, 4500, 4126, 28699.94, 28694.25, 28702.00, 2379, 2121, 0.00, 0.00
2026-7-27, 02:57:45.879001, 28678.75, 28744.00, 28658.50, 28736.25, 4500, 4074, 28704.38, 28712.92, 28701.25, 2081, 2419, 0.00, 0.00
2026-7-27, 03:44:19.193002, 28736.50, 28749.50, 28718.25, 28744.50, 4500, 4027, 28737.19, 28737.42, 28733.88, 2130, 2370, 0.00, 0.00
2026-7-27, 04:44:57.264006, 28744.50, 28763.25, 28726.25, 28743.00, 4500, 4015, 28744.25, 28744.17, 28744.75, 2210, 2290, 0.00, 0.00
2026-7-27, 05:46:05.574000, 28743.50, 28758.00, 28651.00, 28656.50, 4500, 4171, 28702.25, 28688.50, 28704.50, 2492, 2008, 0.00, 0.00
2026-7-27, 06:29:59.010001, 28655.50, 28685.00, 28645.50, 28671.50, 4500, 4077, 28664.38, 28667.33, 28665.25, 2205, 2295, 0.00, 0.00
2026-7-27, 06:59:20.272003, 28671.50, 28697.75, 28629.25, 28646.00, 4500, 4028, 28661.13, 28657.67, 28663.50, 2263, 2237, 0.00, 0.00
2026-7-27, 07:26:04.435000, 28646.00, 28692.50, 28631.75, 28681.00, 4500, 4178, 28662.81, 28668.42, 28662.13, 2246, 2254, 0.00, 0.00
2026-7-27, 07:53:20.474000, 28681.00, 28700.00, 28647.75, 28669.75, 4500, 4128, 28674.63, 28672.50, 28673.88, 2197, 2303, 28642.75, 0.00
2026-7-27, 08:15:03.574001, 28669.75, 28676.00, 28595.00, 28598.75, 4500, 4158, 28634.88, 28623.25, 28635.50, 2559, 1941, 0.00, 0.00
2026-7-27, 08:28:19.769000, 28599.25, 28609.00, 28588.00, 28590.50, 1538, 1374, 28596.69, 28595.83, 28598.50, 839, 699, 0.00, 0.00
2026-7-27, 08:30:00.000000, 28590.50, 28615.75, 28569.00, 28581.00, 4500, 4272, 28589.06, 28588.58, 28592.38, 2191, 2309, 0.00, 0.00
2026-7-27, 08:30:59.688000, 28581.75, 28597.00, 28537.00, 28538.00, 4500, 4306, 28563.44, 28557.33, 28567.00, 2243, 2257, 0.00, 0.00
2026-7-27, 08:32:29.280000, 28538.00, 28541.50, 28487.00, 28496.25, 4500, 4287, 28515.69, 28508.25, 28514.25, 2438, 2062, 0.00, 0.00
2026-7-27, 08:34:06.798003, 28496.00, 28593.50, 28495.75, 28593.25, 4500, 4220, 28544.63, 28560.83, 28544.63, 2004, 2496, 28490.75, 0.00
2026-7-27, 08:35:54.254001, 28593.25, 28613.75, 28580.25, 28587.25, 4500, 4218, 28593.63, 28593.75, 28597.00, 2224, 2276, 0.00, 0.00
2026-7-27, 08:37:37.325003, 28587.25, 28602.00, 28525.75, 28536.50, 4500, 4264, 28562.88, 28554.75, 28563.88, 2440, 2060, 0.00, 0.00
2026-7-27, 08:39:36.029000, 28536.75, 28557.75, 28499.75, 28515.75, 4500, 4209, 28527.50, 28524.42, 28528.75, 2211, 2289, 0.00, 0.00
2026-7-27, 08:41:32.161001, 28515.75, 28517.50, 28441.00, 28444.25, 4500, 4115, 28479.63, 28467.58, 28479.25, 2471, 2029, 0.00, 0.00
2026-7-27, 08:43:13.738000, 28443.75, 28461.75, 28428.00, 28454.00, 4500, 4267, 28446.88, 28447.92, 28444.88, 2133, 2367, 28423.00, 0.00
2026-7-27, 08:45:16.194000, 28456.25, 28484.75, 28423.00, 28446.75, 4500, 4238, 28452.69, 28451.50, 28453.88, 2141, 2359, 0.00, 0.00
2026-7-27, 08:47:14.086000, 28446.00, 28489.00, 28422.75, 28472.00, 4500, 4312, 28457.44, 28461.25, 28455.88, 2116, 2384, 0.00, 0.00
2026-7-27, 08:49:54.019002, 28472.00, 28504.00, 28446.50, 28469.25, 4500, 4251, 28472.94, 28473.25, 28475.25, 2202, 2298, 0.00, 0.00
2026-7-27, 08:52:09.404000, 28468.25, 28494.75, 28449.00, 28456.25, 4500, 4310, 28467.06, 28466.67, 28471.88, 2270, 2230, 0.00, 0.00
2026-7-27, 08:55:00.119001, 28456.00, 28464.25, 28400.75, 28403.75, 4500, 4212, 28431.19, 28422.92, 28432.50, 2525, 1975, 0.00, 0.00
2026-7-27, 08:57:15.389000, 28402.25, 28413.25, 28344.50, 28359.50, 4500, 4243, 28379.88, 28372.42, 28378.88, 2356, 2144, 0.00, 0.00
2026-7-27, 08:59:24.943000, 28359.00, 28372.25, 28326.75, 28368.25, 4500, 4299, 28356.56, 28355.75, 28349.50, 2204, 2296, 28321.75, 0.00
2026-7-27, 09:01:00.763000, 28369.50, 28372.75, 28303.25, 28323.50, 4500, 4013, 28342.25, 28333.17, 28338.00, 2354, 2146, 0.00, 0.00
2026-7-27, 09:02:34.823003, 28323.75, 28333.25, 28287.50, 28315.50, 4500, 4178, 28315.00, 28312.08, 28310.38, 2315, 2185, 0.00, 0.00
2026-7-27, 09:04:53.698002, 28315.50, 28341.50, 28277.00, 28301.75, 4500, 4241, 28308.94, 28306.75, 28309.25, 2255, 2245, 0.00, 0.00
2026-7-27, 09:07:01.636007, 28302.00, 28347.75, 28300.00, 28344.00, 4500, 4288, 28323.44, 28330.58, 28323.88, 2119, 2381, 0.00, 0.00
2026-7-27, 09:09:33.165000, 28344.00, 28346.25, 28240.00, 28249.25, 4500, 4229, 28294.88, 28278.50, 28293.13, 2597, 1903, 0.00, 0.00
2026-7-27, 09:11:21.396001, 28249.25, 28287.00, 28230.75, 28269.00, 4500, 4272, 28259.00, 28262.25, 28258.88, 2197, 2303, 0.00, 0.00
2026-7-27, 09:13:23.154001, 28268.75, 28299.00, 28233.25, 28260.50, 4500, 4313, 28265.38, 28264.25, 28266.13, 2194, 2306, 0.00, 0.00
2026-7-27, 09:15:53.537000, 28262.75, 28286.00, 28224.25, 28242.25, 4500, 4304, 28253.81, 28250.83, 28255.13, 2322, 2178, 0.00, 0.00
2026-7-27, 09:18:53.943004, 28241.75, 28281.75, 28211.00, 28244.75, 4500, 4193, 28244.81, 28245.83, 28246.38, 2362, 2138, 0.00, 0.00
2026-7-27, 09:21:33.813000, 28243.25, 28249.75, 28178.75, 28186.25, 4500, 4258, 28214.50, 28204.92, 28214.25, 2489, 2011, 0.00, 0.00
2026-7-27, 09:24:06.108002, 28186.25, 28200.25, 28150.00, 28163.25, 4500, 4184, 28174.94, 28171.17, 28175.13, 2221, 2279, 0.00, 0.00
2026-7-27, 09:26:31.560000, 28164.25, 28177.50, 28114.50, 28124.75, 4500, 3948, 28145.25, 28138.92, 28146.00, 2551, 1949, 0.00, 0.00
2026-7-27, 09:28:45.872005, 28124.75, 28126.50, 28075.25, 28090.25, 4500, 3970, 28104.19, 28097.33, 28100.88, 2640, 1860, 0.00, 0.00
2026-7-27, 09:30:17.869000, 28088.75, 28094.00, 28051.75, 28064.50, 4500, 4048, 28074.75, 28070.08, 28072.88, 2369, 2131, 0.00, 0.00
2026-7-27, 09:32:04.643001, 28065.00, 28090.00, 28041.00, 28060.50, 4500, 4124, 28064.13, 28063.83, 28065.50, 2337, 2163, 0.00, 0.00
2026-7-27, 09:34:41.111002, 28060.50, 28078.50, 28017.75, 28024.75, 4500, 4268, 28045.38, 28040.33, 28048.13, 2385, 2115, 0.00, 0.00
2026-7-27, 09:36:27.336003, 28024.75, 28043.00, 27995.50, 28043.00, 4500, 4035, 28026.56, 28027.17, 28019.25, 2366, 2134, 0.00, 0.00
2026-7-27, 09:38:18.281005, 28043.25, 28058.00, 27998.50, 28001.00, 4500, 4207, 28025.19, 28019.17, 28028.25, 2215, 2285, 0.00, 0.00
2026-7-27, 09:40:23.376000, 28000.25, 28014.50, 27943.25, 27960.25, 4500, 4074, 27979.56, 27972.67, 27978.88, 2520, 1980, 0.00, 0.00
2026-7-27, 09:41:57.747000, 27961.00, 27984.00, 27939.00, 27974.75, 4500, 4056, 27964.69, 27965.92, 27961.50, 2256, 2244, 27934.00, 0.00
2026-7-27, 09:44:02.070000, 27973.75, 28015.25, 27945.50, 27989.50, 4500, 4176, 27981.00, 27983.42, 27980.38, 2198, 2302, 0.00, 0.00
2026-7-27, 09:46:01.490000, 27989.50, 28045.00, 27989.25, 28030.00, 4500, 4186, 28013.44, 28021.42, 28017.13, 2109, 2391, 0.00, 0.00
2026-7-27, 09:47:59.508007, 28030.00, 28083.00, 28023.25, 28080.00, 4500, 4037, 28054.06, 28062.08, 28053.13, 2048, 2452, 0.00, 0.00
2026-7-27, 09:50:19.345000, 28079.50, 28116.25, 28077.25, 28084.50, 4500, 4052, 28089.38, 28092.67, 28096.75, 2360, 2140, 0.00, 0.00
2026-7-27, 09:52:03.179003, 28084.50, 28127.50, 28063.50, 28101.50, 4500, 4148, 28094.25, 28097.50, 28095.50, 2128, 2372, 0.00, 0.00
2026-7-27, 09:53:52.041022, 28101.50, 28137.50, 28086.75, 28121.50, 4500, 3929, 28111.81, 28115.25, 28112.13, 2233, 2267, 0.00, 0.00
2026-7-27, 09:56:10.429000, 28121.25, 28160.00, 28114.50, 28160.00, 4500, 4084, 28138.94, 28144.83, 28137.25, 2122, 2378, 0.00, 0.00
2026-7-27, 09:58:48.470001, 28160.00, 28186.75, 28146.00, 28172.00, 4500, 4107, 28166.19, 28168.25, 28166.38, 2251, 2249, 0.00, 0.00
2026-7-27, 10:00:54.621000, 28171.25, 28178.00, 28138.00, 28172.25, 4500, 4246, 28164.88, 28162.75, 28158.00, 2384, 2116, 0.00, 0.00
2026-7-27, 10:03:33.530005, 28172.25, 28198.50, 28146.75, 28175.75, 4500, 4185, 28173.31, 28173.67, 28172.63, 2178, 2322, 0.00, 0.00
2026-7-27, 10:06:43.093000, 28175.25, 28190.00, 28138.25, 28143.50, 4500, 4240, 28161.75, 28157.25, 28164.13, 2460, 2040, 0.00, 0.00
2026-7-27, 10:10:04.417000, 28144.00, 28181.00, 28139.00, 28141.50, 4500, 4249, 28151.38, 28153.83, 28160.00, 2300, 2200, 0.00, 0.00
2026-7-27, 10:13:24.658001, 28141.75, 28164.00, 28087.00, 28097.25, 4500, 4280, 28122.50, 28116.08, 28125.50, 2394, 2106, 0.00, 0.00
2026-7-27, 10:16:13.812000, 28097.75, 28107.00, 28048.00, 28091.00, 4500, 4162, 28085.94, 28082.00, 28077.50, 2241, 2259, 0.00, 0.00
2026-7-27, 10:19:16.294000, 28090.50, 28151.50, 28085.00, 28131.75, 4500, 4159, 28114.69, 28122.75, 28118.25, 2073, 2427, 0.00, 0.00
2026-7-27, 10:21:42.802000, 28130.75, 28143.25, 28062.25, 28087.00, 4500, 4299, 28105.81, 28097.50, 28102.75, 2268, 2232, 0.00, 0.00
2026-7-27, 10:25:07.658000, 28086.75, 28094.00, 28046.00, 28075.00, 4500, 4312, 28075.44, 28071.67, 28070.00, 2305, 2195, 0.00, 0.00
2026-7-27, 10:29:19.060000, 28075.75, 28085.75, 28011.50, 28027.25, 4500, 4102, 28050.06, 28041.50, 28048.63, 2377, 2123, 0.00, 0.00
2026-7-27, 10:33:24.783000, 28026.50, 28039.75, 27996.75, 28000.75, 4500, 4168, 28015.94, 28012.42, 28018.25, 2304, 2196, 0.00, 0.00
2026-7-27, 10:37:45.889000, 28000.00, 28030.00, 27980.25, 28009.25, 4500, 4141, 28004.88, 28006.50, 28005.13, 2184, 2316, 0.00, 0.00
2026-7-27, 10:41:26.791004, 28009.50, 28048.75, 28005.75, 28020.75, 4500, 4288, 28021.19, 28025.08, 28027.25, 2140, 2360, 0.00, 0.00
2026-7-27, 10:45:56.594000, 28021.50, 28039.75, 27995.25, 28019.00, 4500, 4274, 28018.88, 28018.00, 28017.50, 2222, 2278, 0.00, 0.00
2026-7-27, 10:51:18.167001, 28019.00, 28058.75, 27996.75, 28052.75, 4500, 4255, 28031.81, 28036.08, 28027.75, 2078, 2422, 0.00, 0.00
2026-7-27, 10:56:50.927001, 28053.00, 28087.50, 28033.75, 28065.75, 4500, 4210, 28060.00, 28062.33, 28060.63, 2126, 2374, 0.00, 0.00
2026-7-27, 11:01:20.933000, 28065.50, 28134.25, 28059.75, 28110.50, 4500, 4291, 28092.50, 28101.50, 28097.00, 2079, 2421, 0.00, 0.00
2026-7-27, 11:06:17.196005, 28110.50, 28154.25, 28090.75, 28139.50, 4500, 4106, 28123.75, 28128.17, 28122.50, 2201, 2299, 0.00, 0.00
2026-7-27, 11:11:16.927000, 28140.25, 28148.75, 28068.25, 28078.50, 4500, 4165, 28108.94, 28098.50, 28108.50, 2398, 2102, 0.00, 0.00
2026-7-27, 11:15:29.534000, 28078.50, 28085.25, 28043.50, 28051.75, 4500, 4304, 28064.75, 28060.17, 28064.38, 2255, 2245, 0.00, 0.00
2026-7-27, 11:20:21.680000, 28052.00, 28141.25, 28049.00, 28141.25, 4500, 4199, 28095.88, 28110.50, 28095.13, 1972, 2528, 0.00, 0.00
2026-7-27, 11:25:08.844001, 28141.50, 28204.50, 28141.25, 28173.25, 4500, 4163, 28165.13, 28173.00, 28172.88, 1998, 2502, 0.00, 0.00
2026-7-27, 11:26:14.821000, 28173.00, 28199.75, 28152.00, 28160.25, 4500, 4197, 28171.25, 28170.67, 28175.88, 2367, 2133, 0.00, 28204.75
2026-7-27, 11:29:23.908000, 28160.75, 28196.75, 28142.25, 28145.00, 4500, 4117, 28161.19, 28161.33, 28169.50, 2185, 2315, 0.00, 0.00
2026-7-27, 11:33:17.482000, 28144.75, 28180.50, 28112.50, 28157.50, 4500, 4230, 28148.81, 28150.17, 28146.50, 2185, 2315, 0.00, 0.00
2026-7-27, 11:38:22.317001, 28157.25, 28178.75, 28118.50, 28136.25, 4500, 4300, 28147.69, 28144.50, 28148.63, 2246, 2254, 0.00, 0.00
2026-7-27, 11:45:01.032000, 28136.50, 28156.00, 28075.75, 28079.50, 4500, 4271, 28111.94, 28103.75, 28115.88, 2308, 2192, 0.00, 0.00
2026-7-27, 11:51:07.103001, 28079.75, 28087.50, 28028.00, 28030.75, 4500, 4173, 28056.50, 28048.75, 28057.75, 2177, 2323, 0.00, 0.00
2026-7-27, 11:55:35.533000, 28030.50, 28056.25, 28027.75, 28037.25, 4500, 4194, 28037.94, 28040.42, 28042.00, 2098, 2402, 0.00, 0.00
2026-7-27, 12:01:14.992000, 28036.75, 28043.00, 27995.50, 28003.00, 4500, 4014, 28019.56, 28013.83, 28019.25, 2334, 2166, 0.00, 0.00
2026-7-27, 12:05:24.682001, 28002.25, 28030.00, 27993.75, 28007.50, 4500, 4275, 28008.38, 28010.42, 28011.88, 2161, 2339, 0.00, 0.00
2026-7-27, 12:12:02.448000, 28007.50, 28044.25, 27986.00, 27988.25, 4500, 4285, 28006.50, 28006.17, 28015.13, 2234, 2266, 0.00, 0.00
2026-7-27, 12:18:20.026000, 27989.50, 28034.25, 27986.50, 28006.00, 4500, 4285, 28004.06, 28008.92, 28010.38, 2070, 2430, 0.00, 0.00
2026-7-27, 12:26:50.500000, 28006.00, 28056.00, 27996.00, 28051.75, 4500, 4275, 28027.44, 28034.58, 28026.00, 1996, 2504, 0.00, 0.00
2026-7-27, 12:34:13.111000, 28052.50, 28065.00, 28015.50, 28039.25, 4500, 4191, 28043.06, 28039.92, 28040.25, 2148, 2352, 0.00, 0.00
2026-7-27, 12:41:51.316021, 28039.25, 28059.00, 28013.75, 28038.75, 4500, 4291, 28037.69, 28037.17, 28036.38, 2197, 2303, 0.00, 0.00
2026-7-27, 12:51:41.051000, 28038.00, 28102.00, 28038.00, 28089.00, 4500, 4282, 28066.75, 28076.33, 28070.00, 1993, 2507, 0.00, 0.00
2026-7-27, 12:58:22.490000, 28089.00, 28121.25, 28087.75, 28088.50, 4500, 4158, 28096.63, 28099.17, 28104.50, 2217, 2283, 0.00, 0.00
2026-7-27, 13:05:02.033000, 28089.25, 28115.25, 28085.50, 28108.75, 4500, 4245, 28099.69, 28103.17, 28100.38, 2188, 2312, 0.00, 0.00
2026-7-27, 13:14:23.662000, 28108.00, 28112.75, 28049.75, 28065.25, 4500, 4218, 28083.94, 28075.92, 28081.25, 2265, 2235, 0.00, 0.00
2026-7-27, 13:21:38.878000, 28065.00, 28091.50, 28050.50, 28059.75, 4500, 4087, 28066.69, 28067.25, 28071.00, 2165, 2335, 0.00, 0.00
2026-7-27, 13:30:53.798000, 28058.50, 28065.25, 28019.25, 28020.25, 4500, 4081, 28040.81, 28034.92, 28042.25, 2305, 2195, 0.00, 0.00
2026-7-27, 13:40:12.587000, 28021.00, 28079.00, 28020.00, 28049.00, 4500, 4138, 28042.25, 28049.33, 28049.50, 2086, 2414, 0.00, 0.00
2026-7-27, 13:43:19.512000, 28048.50, 28101.75, 28048.25, 28100.75, 4500, 4205, 28074.81, 28083.58, 28075.00, 2069, 2431, 0.00, 0.00
2026-7-27, 13:51:48.287000, 28101.25, 28180.00, 28100.75, 28174.75, 4500, 4080, 28139.19, 28151.83, 28140.38, 2132, 2368, 0.00, 0.00
2026-7-27, 13:55:22.834001, 28174.50, 28193.25, 28153.75, 28190.75, 4500, 4242, 28178.06, 28179.25, 28173.50, 2404, 2096, 0.00, 0.00
2026-7-27, 14:00:02.363005, 28191.00, 28197.00, 28165.25, 28185.00, 4500, 4245, 28184.56, 28182.42, 28181.13, 2338, 2162, 0.00, 0.00
2026-7-27, 14:06:38.602000, 28185.75, 28232.25, 28185.00, 28217.00, 4500, 4088, 28205.00, 28211.42, 28208.63, 1936, 2564, 0.00, 0.00
2026-7-27, 14:11:25.239000, 28218.00, 28230.00, 28192.75, 28207.00, 4500, 4095, 28211.94, 28209.92, 28211.38, 2305, 2195, 0.00, 0.00
2026-7-27, 14:19:10.957000, 28207.25, 28236.00, 28201.25, 28211.25, 4500, 4031, 28213.94, 28216.17, 28218.63, 2148, 2352, 0.00, 0.00
2026-7-27, 14:25:49.360010, 28211.25, 28249.25, 28209.50, 28240.50, 4500, 4178, 28227.63, 28233.08, 28229.38, 2140, 2360, 0.00, 0.00
2026-7-27, 14:32:10.555000, 28240.75, 28255.75, 28192.00, 28194.50, 4500, 4187, 28220.75, 28214.08, 28223.88, 2498, 2002, 0.00, 0.00
2026-7-27, 14:38:52.061001, 28194.50, 28204.50, 28163.25, 28163.50, 4500, 4105, 28181.44, 28177.08, 28183.88, 2349, 2151, 0.00, 0.00
2026-7-27, 14:45:46.469001, 28163.50, 28200.00, 28155.25, 28170.00, 4500, 4261, 28172.19, 28175.08, 28177.63, 2185, 2315, 0.00, 0.00
2026-7-27, 14:51:02.080000, 28169.50, 28194.25, 28159.25, 28177.00, 4500, 4292, 28175.00, 28176.83, 28176.75, 2248, 2252, 0.00, 0.00
2026-7-27, 14:55:06.863000, 28177.25, 28205.00, 28173.75, 28189.75, 4500, 4182, 28186.44, 28189.50, 28189.38, 2059, 2441, 0.00, 0.00
2026-7-27, 14:58:54.124000, 28190.00, 28198.00, 28183.00, 28184.25, 4500, 3723, 28188.81, 28188.42, 28190.50, 2484, 2016, 0.00, 0.00
2026-7-27, 14:59:52.817005, 28184.25, 28211.00, 28177.75, 28208.75, 4500, 3992, 28195.44, 28199.17, 28194.38, 2062, 2438, 0.00, 0.00
2026-7-27, 15:00:08.170000, 28210.50, 28219.50, 28182.00, 28188.00, 4500, 4058, 28200.00, 28196.50, 28200.75, 1922, 2578, 0.00, 0.00
2026-7-27, 15:06:22.380000, 28187.00, 28199.75, 28169.25, 28194.00, 4500, 4076, 28187.50, 28187.67, 28184.50, 2218, 2282, 0.00, 0.00
2026-7-27, 15:31:45.599007, 28193.75, 28230.00, 28170.00, 28170.00, 4500, 4029, 28190.94, 28190.00, 28200.00, 2044, 2456, 28165.00, 0.00
2026-7-27, 17:13:06.586001, 28169.50, 28169.50, 28110.00, 28112.50, 4500, 4172, 28140.38, 28130.67, 28139.75, 2381, 2119, 0.00, 0.00
2026-7-27, 18:03:00.197000, 28111.50, 28173.75, 28105.25, 28166.50, 4500, 4208, 28139.25, 28148.50, 28139.50, 2151, 2349, 0.00, 0.00
2026-7-27, 18:52:07.062000, 28167.75, 28195.00, 28094.75, 28125.75, 4500, 4281, 28145.81, 28138.50, 28144.88, 2298, 2202, 0.00, 0.00
2026-7-27, 19:15:53.803000, 28125.75, 28139.75, 28059.75, 28136.25, 4500, 4242, 28115.38, 28111.92, 28099.75, 2269, 2231, 0.00, 0.00
2026-7-27, 19:43:53.437000, 28136.75, 28138.00, 27996.50, 28000.25, 4500, 4191, 28067.88, 28044.92, 28067.25, 2506, 1994, 0.00, 0.00
2026-7-27, 20:09:39.809000, 28000.50, 28051.75, 27969.00, 28051.75, 4500, 4093, 28018.25, 28024.17, 28010.38, 2078, 2422, 0.00, 0.00
2026-7-27, 20:28:08.030001, 28051.75, 28097.00, 28008.75, 28020.00, 4500, 4137, 28044.38, 28041.92, 28052.88, 2282, 2218, 0.00, 0.00
2026-7-27, 21:00:03.238000, 28020.00, 28030.25, 27967.50, 27971.25, 4500, 4182, 27997.25, 27989.67, 27998.88, 2303, 2197, 0.00, 0.00
2026-7-27, 21:32:04.616001, 27971.25, 28006.75, 27951.50, 27956.00, 4500, 4209, 27971.38, 27971.42, 27979.13, 2234, 2266, 0.00, 0.00
2026-7-27, 22:05:34.650000, 27956.75, 28047.25, 27932.50, 27986.25, 4500, 4222, 27980.69, 27988.67, 27989.88, 2288, 2212, 0.00, 0.00
2026-7-27, 22:29:10.478000, 27987.50, 28070.50, 27951.50, 28037.00, 4500, 4186, 28011.63, 28019.67, 28011.00, 2277, 2223, 0.00, 0.00
2026-7-27, 22:57:14.181002, 28037.00, 28053.25, 27960.00, 27996.50, 4500, 4130, 28011.69, 28003.25, 28006.63, 2145, 2355, 0.00, 0.00
2026-7-27, 23:46:50.331003, 27996.50, 28003.00, 27896.25, 27904.50, 4500, 4197, 27950.06, 27934.58, 27949.63, 2430, 2070, 0.00, 0.00
2026-7-28, 00:31:53.832000, 27904.25, 27924.00, 27870.75, 27888.50, 4500, 4104, 27896.88, 27894.42, 27897.38, 2401, 2099, 0.00, 0.00
2026-7-28, 01:00:18.403000, 27888.25, 27902.25, 27839.50, 27863.00, 4500, 3988, 27873.25, 27868.25, 27870.88, 2518, 1982, 0.00, 0.00
2026-7-28, 01:20:12.408001, 27862.75, 27936.00, 27849.75, 27908.25, 4500, 4141, 27889.19, 27898.00, 27892.88, 2111, 2389, 0.00, 0.00
2026-7-28, 01:45:50.934001, 27908.00, 27982.75, 27902.50, 27974.75, 4500, 4089, 27942.00, 27953.33, 27942.63, 2275, 2225, 0.00, 0.00
2026-7-28, 02:15:48.701003, 27974.75, 27989.00, 27908.00, 27910.50, 4500, 4060, 27945.56, 27935.83, 27948.50, 2385, 2115, 0.00, 0.00
2026-7-28, 02:51:34.358000, 27911.00, 27954.75, 27880.00, 27932.75, 4500, 4126, 27919.63, 27922.50, 27917.38, 2179, 2321, 0.00, 0.00
2026-7-28, 03:18:00.020000, 27932.00, 28020.50, 27927.50, 28019.75, 4500, 4093, 27974.94, 27989.25, 27974.00, 2193, 2307, 0.00, 0.00
2026-7-28, 03:38:43.745000, 28019.75, 28052.00, 27986.75, 28004.50, 4500, 3856, 28015.75, 28014.42, 28019.38, 2225, 2275, 0.00, 0.00
2026-7-28, 04:08:25.237001, 28004.50, 28016.50, 27943.50, 27943.50, 4500, 4103, 27977.00, 27967.83, 27980.00, 2336, 2164, 0.00, 0.00
2026-7-28, 04:58:14.048003, 27943.50, 27980.50, 27927.25, 27930.00, 4500, 4207, 27945.31, 27945.92, 27953.88, 2337, 2163, 0.00, 0.00
2026-7-28, 05:35:33.167001, 27930.50, 27953.75, 27898.00, 27901.75, 4500, 4117, 27921.00, 27917.83, 27925.88, 2263, 2237, 0.00, 0.00
2026-7-28, 06:03:27.314018, 27901.50, 27947.50, 27864.75, 27946.50, 4500, 4214, 27915.06, 27919.58, 27906.13, 2166, 2334, 0.00, 0.00
2026-7-28, 06:18:23.528000, 27946.50, 27958.00, 27868.00, 27882.75, 4500, 4281, 27913.81, 27902.92, 27913.00, 2320, 2180, 0.00, 0.00
2026-7-28, 06:39:22.855001, 27882.75, 27939.75, 27848.25, 27939.75, 4500, 4149, 27902.63, 27909.25, 27894.00, 2218, 2282, 0.00, 0.00
2026-7-28, 06:58:17.926001, 27940.00, 28001.75, 27938.50, 27967.25, 4500, 4130, 27961.88, 27969.17, 27970.13, 2215, 2285, 0.00, 0.00
2026-7-28, 07:19:17.689000, 27966.75, 28027.75, 27954.25, 27975.00, 4500, 3987, 27980.94, 27985.67, 27991.00, 2441, 2059, 0.00, 0.00
2026-7-28, 07:35:03.916000, 27974.50, 28032.75, 27956.25, 28026.50, 4500, 3969, 27997.50, 28005.17, 27994.50, 2148, 2352, 0.00, 0.00
2026-7-28, 07:46:30.293004, 28026.50, 28027.75, 27977.25, 27983.00, 4500, 4239, 28003.63, 27996.00, 28002.50, 2203, 2297, 0.00, 0.00
2026-7-28, 08:02:54.361003, 27983.00, 28028.50, 27974.00, 28013.00, 4500, 4095, 27999.63, 28005.17, 28001.25, 2209, 2291, 0.00, 0.00
2026-7-28, 08:19:44.453000, 28015.25, 28021.00, 27938.25, 27949.00, 4500, 4241, 27980.88, 27969.42, 27979.63, 2498, 2002, 0.00, 0.00
2026-7-28, 08:29:37.859000, 27948.00, 27954.00, 27938.00, 27950.00, 521, 501, 27947.50, 27947.33, 27946.00, 234, 287, 0.00, 0.00
2026-7-28, 08:30:00.000000, 27948.75, 27992.00, 27928.75, 27933.50, 4500, 4260, 27950.75, 27951.42, 27960.38, 2215, 2285, 27923.75, 0.00
2026-7-28, 08:30:44.085001, 27933.50, 27958.75, 27899.25, 27914.25, 4500, 4318, 27926.44, 27924.08, 27929.00, 2332, 2168, 0.00, 0.00
2026-7-28, 08:31:51.888000, 27915.00, 27926.00, 27871.25, 27910.25, 4500, 4311, 27905.63, 27902.50, 27898.63, 2145, 2355, 0.00, 0.00
2026-7-28, 08:33:15.147002, 27910.50, 27918.25, 27878.00, 27885.50, 4500, 4129, 27898.06, 27893.92, 27898.13, 2028, 2472, 0.00, 0.00
2026-7-28, 08:34:55.072000, 27885.50, 27926.25, 27867.50, 27867.50, 4500, 4045, 27886.69, 27887.08, 27896.88, 2206, 2294, 0.00, 0.00
2026-7-28, 08:36:22.389017, 27867.50, 27878.50, 27825.50, 27825.50, 4500, 4066, 27849.25, 27843.17, 27852.00, 2500, 2000, 0.00, 0.00
2026-7-28, 08:37:49.448013, 27825.50, 27847.25, 27799.25, 27799.25, 4500, 4176, 27817.81, 27815.25, 27823.25, 2217, 2283, 0.00, 0.00
2026-7-28, 08:39:28.635001, 27799.00, 27835.00, 27787.50, 27823.25, 4500, 4229, 27811.19, 27815.25, 27811.25, 2183, 2317, 0.00, 0.00
2026-7-28, 08:40:54.344001, 27823.75, 27841.50, 27780.00, 27785.00, 4500, 4220, 27807.56, 27802.17, 27810.75, 2409, 2091, 0.00, 0.00
2026-7-28, 08:42:33.721001, 27785.00, 27785.75, 27729.50, 27730.00, 4500, 4005, 27757.56, 27748.42, 27757.63, 2409, 2091, 0.00, 0.00
2026-7-28, 08:43:51.662001, 27730.00, 27771.25, 27712.25, 27713.25, 4500, 4208, 27731.69, 27732.25, 27741.75, 2224, 2276, 27707.25, 0.00
2026-7-28, 08:45:20.096001, 27713.75, 27733.25, 27673.00, 27685.50, 4500, 4117, 27701.38, 27697.25, 27703.13, 2398, 2102, 0.00, 0.00
2026-7-28, 08:46:35.919052, 27685.50, 27702.50, 27658.75, 27695.50, 4500, 4089, 27685.56, 27685.58, 27680.63, 2190, 2310, 27653.75, 0.00
2026-7-28, 08:48:08.984000, 27695.00, 27755.50, 27689.50, 27753.00, 4500, 4119, 27723.25, 27732.67, 27722.50, 1941, 2559, 0.00, 0.00
2026-7-28, 08:49:23.229000, 27751.25, 27799.00, 27724.00, 27776.25, 4500, 4019, 27762.63, 27766.42, 27761.50, 2204, 2296, 0.00, 0.00
2026-7-28, 08:50:27.306000, 27777.25, 27778.00, 27702.75, 27734.50, 4500, 4227, 27748.13, 27738.42, 27740.38, 2164, 2336, 0.00, 0.00
2026-7-28, 08:52:01.317001, 27734.75, 27786.25, 27682.25, 27695.25, 4500, 4400, 27724.63, 27721.25, 27734.25, 2276, 2224, 0.00, 0.00
2026-7-28, 08:53:32.787001, 27695.25, 27735.00, 27677.50, 27682.00, 4500, 4395, 27697.44, 27698.17, 27706.25, 2213, 2287, 0.00, 0.00
2026-7-28, 08:55:23.450001, 27682.00, 27710.25, 27662.25, 27708.25, 4500, 4112, 27690.69, 27693.58, 27686.25, 2196, 2304, 0.00, 0.00
2026-7-28, 08:57:01.711004, 27708.25, 27720.50, 27645.50, 27645.50, 4500, 4046, 27679.94, 27670.50, 27683.00, 2479, 2021, 0.00, 0.00
2026-7-28, 08:59:01.768009, 27645.50, 27731.75, 27641.75, 27730.00, 4500, 4119, 27687.25, 27701.17, 27686.75, 2120, 2380, 0.00, 0.00
2026-7-28, 09:00:47.936000, 27731.00, 27749.50, 27692.00, 27736.00, 4500, 4064, 27727.13, 27725.83, 27720.75, 2267, 2233, 0.00, 0.00
2026-7-28, 09:02:48.687000, 27735.00, 27757.00, 27695.75, 27756.75, 4500, 4263, 27736.13, 27736.50, 27726.38, 2162, 2338, 0.00, 0.00
2026-7-28, 09:05:30.073000, 27757.25, 27793.50, 27740.50, 27764.75, 4500, 4216, 27764.00, 27766.25, 27767.00, 2161, 2339, 0.00, 0.00
2026-7-28, 09:07:21.340000, 27765.00, 27765.75, 27666.75, 27674.75, 4500, 4327, 27718.06, 27702.42, 27716.25, 2441, 2059, 0.00, 0.00
2026-7-28, 09:09:13.703001, 27674.50, 27719.50, 27665.50, 27702.25, 4500, 4287, 27690.44, 27695.75, 27692.50, 2207, 2293, 0.00, 0.00
2026-7-28, 09:11:45.462000, 27703.25, 27731.00, 27647.25, 27662.25, 4500, 4344, 27685.94, 27680.17, 27689.13, 2332, 2168, 0.00, 0.00
2026-7-28, 09:13:49.147001, 27662.50, 27664.75, 27608.75, 27634.75, 4500, 3951, 27642.69, 27636.08, 27636.75, 2341, 2159, 0.00, 0.00
2026-7-28, 09:15:02.639001, 27634.75, 27655.25, 27606.00, 27609.50, 4500, 4216, 27626.38, 27623.58, 27630.63, 2280, 2220, 0.00, 0.00
2026-7-28, 09:16:50.590004, 27609.50, 27640.75, 27603.50, 27640.75, 4500, 4227, 27623.63, 27628.33, 27622.13, 2146, 2354, 0.00, 0.00
2026-7-28, 09:18:48.925062, 27640.75, 27647.00, 27607.00, 27610.00, 4500, 4096, 27626.19, 27621.33, 27627.00, 2332, 2168, 0.00, 0.00
2026-7-28, 09:21:14.763000, 27609.75, 27687.75, 27606.00, 27635.75, 4500, 4187, 27634.81, 27643.17, 27646.88, 2094, 2406, 0.00, 0.00
2026-7-28, 09:22:58.290000, 27636.00, 27717.50, 27625.00, 27708.50, 4500, 4293, 27671.75, 27683.67, 27671.25, 1994, 2506, 0.00, 0.00
2026-7-28, 09:24:19.685000, 27709.00, 27713.75, 27660.00, 27691.75, 4500, 4225, 27693.63, 27688.50, 27686.88, 2179, 2321, 0.00, 0.00
2026-7-28, 09:27:19.304001, 27691.25, 27724.00, 27677.25, 27716.00, 4500, 4300, 27702.13, 27705.75, 27700.63, 2133, 2367, 0.00, 0.00
2026-7-28, 09:30:30.559000, 27715.50, 27728.50, 27669.00, 27703.25, 4500, 4279, 27704.06, 27700.25, 27698.75, 2236, 2264, 0.00, 0.00
2026-7-28, 09:33:31.913000, 27705.00, 27752.25, 27672.25, 27750.25, 4500, 4268, 27719.94, 27724.92, 27712.25, 2109, 2391, 0.00, 0.00
2026-7-28, 09:36:14.750007, 27750.25, 27763.00, 27719.50, 27721.50, 4500, 4261, 27738.56, 27734.67, 27741.25, 2278, 2222, 0.00, 0.00
2026-7-28, 09:38:55.785003, 27721.50, 27773.50, 27695.25, 27773.50, 4500, 4256, 27740.94, 27747.42, 27734.38, 2144, 2356, 0.00, 0.00
2026-7-28, 09:41:31.278000, 27773.75, 27793.00, 27753.75, 27775.00, 4500, 4121, 27773.88, 27773.92, 27773.38, 2256, 2244, 0.00, 0.00
2026-7-28, 09:44:13.976006, 27775.00, 27795.00, 27745.50, 27793.75, 4500, 4259, 27777.31, 27778.08, 27770.25, 2155, 2345, 0.00, 0.00
2026-7-28, 09:47:04.728000, 27793.75, 27844.75, 27784.75, 27839.00, 4500, 3936, 27815.56, 27822.83, 27814.75, 1990, 2510, 0.00, 0.00
2026-7-28, 09:48:55.344001, 27839.00, 27877.75, 27834.50, 27859.25, 4500, 4206, 27852.63, 27857.17, 27856.13, 2101, 2399, 0.00, 0.00
2026-7-28, 09:51:03.371001, 27859.50, 27888.50, 27852.00, 27874.25, 4500, 4039, 27868.56, 27871.58, 27870.25, 2239, 2261, 0.00, 0.00
2026-7-28, 09:53:05.239003, 27874.50, 27890.00, 27843.25, 27843.25, 4500, 4225, 27862.75, 27858.83, 27866.63, 2351, 2149, 0.00, 0.00
2026-7-28, 09:55:33.403001, 27843.25, 27876.00, 27809.25, 27820.25, 4500, 4318, 27837.19, 27835.17, 27842.63, 2304, 2196, 0.00, 0.00
2026-7-28, 09:57:58.864005, 27820.25, 27832.00, 27797.25, 27831.25, 4500, 4090, 27820.19, 27820.17, 27814.63, 2083, 2417, 0.00, 0.00
2026-7-28, 10:00:57.037000, 27831.50, 27838.00, 27793.50, 27801.50, 4500, 4321, 27816.13, 27811.00, 27815.75, 2277, 2223, 0.00, 0.00
2026-7-28, 10:04:10.292002, 27801.25, 27837.25, 27768.00, 27809.00, 4500, 4332, 27803.88, 27804.75, 27802.63, 2282, 2218, 0.00, 0.00
2026-7-28, 10:07:00.524003, 27808.75, 27853.25, 27779.00, 27839.75, 4500, 4323, 27820.19, 27824.00, 27816.13, 2064, 2436, 0.00, 0.00
2026-7-28, 10:10:01.971001, 27839.50, 27882.00, 27801.25, 27837.00, 4500, 4378, 27839.94, 27840.08, 27841.63, 2172, 2328, 0.00, 0.00
2026-7-28, 10:12:16.595000, 27836.50, 27877.25, 27830.75, 27850.75, 4500, 4270, 27848.81, 27852.92, 27854.00, 2230, 2270, 0.00, 0.00
2026-7-28, 10:15:17.980000, 27849.25, 27917.75, 27842.00, 27913.25, 4500, 4132, 27880.56, 27891.00, 27879.88, 2017, 2483, 0.00, 0.00
2026-7-28, 10:18:24.650006, 27913.50, 27963.25, 27896.00, 27945.75, 4500, 3945, 27929.63, 27935.00, 27929.63, 2345, 2155, 0.00, 27968.25
2026-7-28, 10:21:00.584004, 27945.75, 27970.75, 27944.00, 27961.25, 4500, 4064, 27955.44, 27958.67, 27957.38, 2108, 2392, 0.00, 0.00
2026-7-28, 10:23:33.653000, 27961.00, 27996.50, 27951.00, 27994.50, 4500, 3993, 27975.75, 27980.67, 27973.75, 2219, 2281, 0.00, 0.00
2026-7-28, 10:26:22.896006, 27994.50, 28010.00, 27963.50, 27968.00, 4500, 4029, 27984.00, 27980.50, 27986.75, 2297, 2203, 0.00, 0.00
2026-7-28, 10:28:37.765000, 27968.50, 27985.75, 27948.75, 27956.75, 4500, 4213, 27964.94, 27963.75, 27967.25, 2289, 2211, 0.00, 0.00
2026-7-28, 10:31:53.585000, 27957.75, 28002.50, 27955.00, 28000.50, 4500, 3779, 27978.94, 27986.00, 27978.75, 2171, 2329, 0.00, 0.00
2026-7-28, 10:35:32.732001, 28000.50, 28019.25, 27987.00, 28011.50, 4500, 4233, 28004.56, 28005.92, 28003.13, 2138, 2362, 0.00, 0.00
2026-7-28, 10:39:49.213001, 28011.50, 28033.00, 27989.25, 28033.00, 4500, 4274, 28016.69, 28018.42, 28011.13, 2154, 2346, 0.00, 0.00
2026-7-28, 10:44:46.903005, 28033.00, 28059.75, 28029.25, 28057.75, 4500, 4203, 28044.94, 28048.92, 28044.50, 2019, 2481, 0.00, 0.00
2026-7-28, 10:49:01.007000, 28057.75, 28062.50, 28010.50, 28022.75, 4500, 4226, 28038.38, 28031.92, 28036.50, 2394, 2106, 0.00, 0.00
2026-7-28, 10:52:52.485000, 28023.25, 28057.75, 28015.50, 28040.50, 4500, 4224, 28034.25, 28037.92, 28036.63, 2219, 2281, 0.00, 0.00
2026-7-28, 10:57:17.674000, 28040.75, 28063.50, 28033.50, 28062.50, 4500, 4135, 28050.06, 28053.17, 28048.50, 2171, 2329, 0.00, 0.00
2026-7-28, 11:01:00.771022, 28062.50, 28068.75, 28040.00, 28058.50, 4500, 4158, 28057.44, 28055.75, 28054.38, 2327, 2173, 0.00, 0.00
2026-7-28, 11:05:38.854001, 28058.75, 28065.00, 28009.50, 28017.00, 4500, 4168, 28037.56, 28030.50, 28037.25, 2297, 2203, 0.00, 0.00
2026-7-28, 11:09:14.973001, 28017.00, 28028.50, 27998.00, 27998.25, 4500, 4180, 28010.44, 28008.25, 28013.25, 2295, 2205, 0.00, 0.00
2026-7-28, 11:14:16.571000, 27999.00, 28032.00, 27992.25, 28031.00, 4500, 4273, 28013.56, 28018.42, 28012.13, 2154, 2346, 0.00, 0.00
2026-7-28, 11:19:57.015001, 28031.00, 28045.25, 27988.75, 27994.25, 4500, 4061, 28014.81, 28009.42, 28017.00, 2598, 1902, 0.00, 0.00
2026-7-28, 11:24:37.482000, 27994.75, 28009.00, 27961.50, 27961.50, 4500, 4179, 27981.69, 27977.33, 27985.25, 2356, 2144, 0.00, 0.00
2026-7-28, 11:31:00.699000, 27961.75, 27996.25, 27953.50, 27970.00, 4500, 4142, 27970.38, 27973.25, 27974.88, 2155, 2345, 0.00, 0.00
2026-7-28, 11:36:18.619000, 27970.00, 28032.50, 27967.50, 28028.50, 4500, 4123, 27999.63, 28009.50, 28000.00, 2072, 2428, 0.00, 0.00
2026-7-28, 11:41:46.520004, 28028.50, 28043.75, 27993.00, 28011.75, 4500, 4235, 28019.25, 28016.17, 28018.38, 2364, 2136, 0.00, 0.00
2026-7-28, 11:47:14.194002, 28011.00, 28070.75, 28001.00, 28066.75, 4500, 3853, 28037.38, 28046.17, 28035.88, 2055, 2445, 0.00, 0.00
2026-7-28, 11:51:52.611000, 28067.00, 28080.00, 28052.75, 28054.50, 4500, 4152, 28063.56, 28062.42, 28066.38, 2326, 2174, 0.00, 0.00
2026-7-28, 11:58:34.873000, 28053.50, 28066.50, 28020.25, 28022.00, 4500, 4195, 28040.56, 28036.25, 28043.38, 2389, 2111, 0.00, 0.00
2026-7-28, 12:04:47.508002, 28022.00, 28031.25, 27991.00, 27992.75, 4500, 4078, 28009.25, 28005.00, 28011.13, 2244, 2256, 0.00, 0.00
2026-7-28, 12:09:20.359004, 27992.75, 28008.50, 27969.00, 27987.25, 4500, 4117, 27989.38, 27988.25, 27988.75, 2225, 2275, 0.00, 0.00
2026-7-28, 12:13:58.487003, 27987.25, 27996.75, 27973.50, 27986.25, 4500, 3879, 27985.94, 27985.50, 27985.13, 1947, 2553, 0.00, 0.00
2026-7-28, 12:20:05.112001, 27986.25, 28045.75, 27984.50, 27985.25, 4500, 4328, 28000.44, 28005.17, 28015.13, 2183, 2317, 0.00, 0.00
2026-7-28, 12:25:05.180000, 27983.75, 28020.50, 27975.00, 27997.00, 4500, 4212, 27994.06, 27997.50, 27997.75, 2332, 2168, 0.00, 0.00
2026-7-28, 12:33:06.301000, 27996.75, 28043.50, 27986.50, 27998.25, 4500, 3972, 28006.25, 28009.42, 28015.00, 1954, 2546, 0.00, 0.00
2026-7-28, 12:40:07.741001, 27998.25, 28010.00, 27943.25, 27951.75, 4500, 3866, 27975.81, 27968.33, 27976.63, 2277, 2223, 0.00, 0.00
2026-7-28, 12:45:53.607000, 27951.75, 27987.00, 27939.00, 27955.75, 4500, 3901, 27958.38, 27960.58, 27963.00, 2075, 2425, 0.00, 0.00
2026-7-28, 12:51:04.481001, 27955.50, 27969.00, 27925.00, 27969.00, 4500, 4229, 27954.63, 27954.33, 27947.00, 2308, 2192, 0.00, 0.00
2026-7-28, 12:59:25.334002, 27969.25, 27999.50, 27953.00, 27971.50, 4500, 4048, 27973.31, 27974.67, 27976.25, 2140, 2360, 0.00, 0.00
2026-7-28, 13:05:07.353002, 27971.50, 27974.00, 27924.50, 27935.00, 4500, 4023, 27951.25, 27944.50, 27949.25, 2361, 2139, 0.00, 0.00
2026-7-28, 13:12:15.011000, 27935.50, 27939.50, 27912.50, 27919.50, 4500, 4142, 27926.75, 27923.83, 27926.00, 2287, 2213, 0.00, 0.00
2026-7-28, 13:19:14.929003, 27919.50, 27947.75, 27916.75, 27921.75, 4500, 4199, 27926.44, 27928.75, 27932.25, 2271, 2229, 0.00, 0.00
2026-7-28, 13:27:28.396000, 27921.25, 27963.75, 27914.75, 27943.75, 4500, 4217, 27935.88, 27940.75, 27939.25, 2237, 2263, 0.00, 0.00
2026-7-28, 13:34:41.768000, 27944.00, 27957.25, 27921.50, 27938.25, 4500, 4241, 27940.25, 27939.00, 27939.38, 2314, 2186, 0.00, 0.00
2026-7-28, 13:44:21.958001, 27938.50, 27978.00, 27929.00, 27960.75, 4500, 4117, 27951.56, 27955.92, 27953.50, 2250, 2250, 0.00, 0.00
2026-7-28, 13:52:10.527000, 27961.00, 27996.50, 27938.75, 27995.25, 4500, 4177, 27972.88, 27976.83, 27967.63, 2266, 2234, 0.00, 0.00
2026-7-28, 14:00:33.865003, 27995.00, 28021.75, 27988.00, 28003.75, 4500, 4141, 28002.13, 28004.50, 28004.88, 2424, 2076, 0.00, 0.00
2026-7-28, 14:06:35.077003, 28003.75, 28010.25, 27972.00, 27978.25, 4500, 4292, 27991.06, 27986.83, 27991.13, 2402, 2098, 0.00, 0.00
2026-7-28, 14:13:34.183000, 27978.00, 27997.50, 27965.25, 27983.75, 4500, 4241, 27981.13, 27982.17, 27981.38, 2397, 2103, 0.00, 0.00
2026-7-28, 14:21:54.374002, 27983.75, 28020.75, 27983.25, 27990.75, 4500, 4088, 27994.63, 27998.25, 28002.00, 2434, 2066, 0.00, 0.00
2026-7-28, 14:28:06.801000, 27991.25, 28023.75, 27990.00, 28005.50, 4500, 4071, 28002.63, 28006.42, 28006.88, 2375, 2125, 0.00, 0.00
2026-7-28, 14:33:28.118000, 28006.50, 28009.75, 27943.75, 27954.75, 4500, 4164, 27978.69, 27969.42, 27976.75, 2568, 1932, 0.00, 0.00
2026-7-28, 14:39:09.960001, 27954.75, 27962.00, 27941.50, 27949.75, 4500, 4276, 27952.00, 27951.08, 27951.75, 2444, 2056, 0.00, 0.00
2026-7-28, 14:45:18.563000, 27948.75, 27959.00, 27929.00, 27940.50, 4500, 4217, 27944.31, 27942.83, 27944.00, 2515, 1985, 0.00, 0.00
2026-7-28, 14:50:54.202002, 27940.00, 27988.25, 27934.75, 27979.00, 4500, 4181, 27960.50, 27967.33, 27961.50, 2140, 2360, 0.00, 0.00
2026-7-28, 14:55:00.008044, 27978.75, 27979.25, 27931.75, 27936.00, 4500, 4161, 27956.44, 27949.00, 27955.50, 2421, 2079, 0.00, 0.00
2026-7-28, 14:57:34.179001, 27936.00, 27943.00, 27927.75, 27929.75, 4500, 3953, 27934.13, 27933.50, 27935.38, 2359, 2141, 0.00, 0.00
2026-7-28, 14:59:33.490000, 27929.75, 27933.25, 27911.00, 27922.25, 4500, 3871, 27924.06, 27922.17, 27922.13, 2321, 2179, 0.00, 0.00
2026-7-28, 14:59:59.597008, 27922.25, 27955.00, 27915.00, 27916.00, 4500, 3964, 27927.06, 27928.67, 27935.00, 2362, 2138, 0.00, 0.00
2026-7-28, 15:02:44.950000, 27917.00, 27967.75, 27884.25, 27928.50, 4500, 3952, 27924.38, 27926.83, 27926.00, 2223, 2277, 0.00, 0.00
2026-7-28, 15:07:13.548002, 27929.00, 27943.50, 27894.75, 27941.75, 4500, 4246, 27927.25, 27926.67, 27919.13, 2282, 2218, 0.00, 0.00
2026-7-28, 15:18:54.519001, 27941.50, 27991.25, 27937.75, 27951.50, 4500, 3832, 27955.50, 27960.17, 27964.50, 2114, 2386, 0.00, 0.00
2026-7-28, 15:37:24.286058, 27951.50, 28011.50, 27935.75, 28001.00, 4500, 4083, 27974.94, 27982.75, 27973.63, 2096, 2404, 27930.75, 0.00
2026-7-28, 17:06:06.143000, 28003.25, 28013.25, 27883.25, 27894.25, 4500, 4066, 27948.50, 27930.25, 27948.25, 2465, 2035, 0.00, 0.00
2026-7-28, 17:34:58.705000, 27895.25, 27910.75, 27787.00, 27797.25, 4500, 4155, 27847.56, 27831.67, 27848.88, 2485, 2015, 0.00, 0.00
2026-7-28, 17:53:40.693001, 27797.25, 27810.25, 27728.50, 27778.00, 4500, 4012, 27778.50, 27772.25, 27769.38, 2282, 2218, 0.00, 0.00
2026-7-28, 18:05:43.573001, 27779.25, 27857.75, 27740.00, 27842.75, 4500, 4211, 27804.94, 27813.50, 27798.88, 2232, 2268, 27735.00, 0.00
2026-7-28, 18:21:46.442002, 27844.25, 27950.00, 27841.75, 27949.00, 4500, 4055, 27896.25, 27913.58, 27895.88, 1997, 2503, 0.00, 0.00
2026-7-28, 18:44:20.738005, 27949.00, 28096.50, 27949.00, 28074.50, 4500, 3967, 28017.25, 28040.00, 28022.75, 1938, 2562, 0.00, 0.00
2026-7-28, 18:51:48.916000, 28074.25, 28151.00, 28046.00, 28147.75, 4500, 4117, 28104.75, 28114.92, 28098.50, 2096, 2404, 0.00, 0.00
2026-7-28, 19:02:12.420004, 28147.75, 28178.25, 28109.75, 28129.25, 4500, 4245, 28141.25, 28139.08, 28144.00, 2270, 2230, 0.00, 0.00
2026-7-28, 19:18:48.277000, 28128.00, 28161.50, 28018.00, 28036.75, 4500, 4199, 28086.06, 28072.08, 28089.75, 2348, 2152, 0.00, 0.00
2026-7-28, 19:35:00.232001, 28036.75, 28085.00, 28000.25, 28024.25, 4500, 4308, 28036.56, 28036.50, 28042.63, 2254, 2246, 0.00, 0.00
2026-7-28, 20:04:23.588000, 28023.00, 28025.25, 27896.25, 27960.50, 4500, 4098, 27976.25, 27960.67, 27960.75, 2312, 2188, 0.00, 0.00
2026-7-28, 20:22:06.444002, 27960.50, 28007.00, 27880.00, 27880.00, 4500, 4076, 27931.88, 27922.33, 27943.50, 2402, 2098, 0.00, 0.00
2026-7-28, 20:44:57.496000, 27879.25, 27892.00, 27770.25, 27777.75, 4500, 3887, 27829.81, 27813.33, 27831.13, 2310, 2190, 0.00, 0.00
2026-7-28, 21:00:45.886000, 27779.50, 27868.00, 27773.50, 27827.25, 4500, 3795, 27812.06, 27822.92, 27820.75, 2355, 2145, 0.00, 0.00
2026-7-28, 21:16:33.654000, 27825.00, 27912.75, 27796.00, 27895.00, 4500, 4151, 27857.19, 27867.92, 27854.38, 2080, 2420, 27791.00, 0.00
2026-7-28, 21:41:13.006000, 27895.25, 27905.75, 27788.00, 27869.00, 4500, 3931, 27864.50, 27854.25, 27846.88, 2213, 2287, 0.00, 0.00
2026-7-28, 22:11:12.819001, 27869.00, 27874.50, 27744.00, 27748.00, 4500, 4050, 27808.88, 27788.83, 27809.25, 2418, 2082, 0.00, 0.00
2026-7-28, 22:43:18.949000, 27746.50, 27786.00, 27679.75, 27710.25, 4500, 4012, 27730.63, 27725.33, 27732.88, 2398, 2102, 0.00, 0.00
2026-7-28, 23:09:42.020002, 27710.50, 27715.75, 27648.00, 27692.00, 4500, 4074, 27691.56, 27685.25, 27681.88, 2262, 2238, 0.00, 0.00
2026-7-28, 23:35:45.639000, 27689.75, 27770.25, 27640.00, 27769.75, 4500, 4209, 27717.44, 27726.67, 27705.13, 2092, 2408, 0.00, 0.00
2026-7-29, 00:01:58.618001, 27770.00, 27834.75, 27748.75, 27822.25, 4500, 4062, 27793.94, 27801.92, 27791.75, 2199, 2301, 0.00, 0.00
2026-7-29, 00:25:10.321000, 27821.00, 27852.75, 27787.00, 27823.00, 4500, 4101, 27820.94, 27820.92, 27819.88, 2338, 2162, 0.00, 0.00
2026-7-29, 00:55:28.450001, 27823.00, 27824.75, 27736.25, 27807.00, 4500, 4148, 27797.75, 27789.33, 27780.50, 2135, 2365, 0.00, 0.00
2026-7-29, 01:27:34.459004, 27807.00, 27935.00, 27787.25, 27919.50, 4500, 4104, 27862.19, 27880.58, 27861.13, 2152, 2348, 0.00, 0.00
2026-7-29, 01:51:14.788000, 27918.25, 27953.00, 27895.75, 27930.75, 4500, 3997, 27924.44, 27926.50, 27924.38, 2298, 2202, 0.00, 0.00
2026-7-29, 02:19:28.814000, 27929.50, 27962.75, 27891.25, 27909.50, 4500, 4067, 27923.25, 27921.17, 27927.00, 2329, 2171, 0.00, 0.00
2026-7-29, 02:57:31.207000, 27909.25, 27924.75, 27820.00, 27837.00, 4500, 4084, 27872.75, 27860.58, 27872.38, 2414, 2086, 0.00, 0.00
2026-7-29, 03:27:59.388000, 27837.50, 27954.75, 27824.00, 27954.75, 4500, 4043, 27892.75, 27911.17, 27889.38, 2179, 2321, 0.00, 0.00
2026-7-29, 04:06:41.015006, 27954.75, 28012.50, 27933.75, 28008.00, 4500, 4095, 27977.25, 27984.75, 27973.13, 2100, 2400, 0.00, 0.00
2026-7-29, 04:43:24.552001, 28008.00, 28060.00, 27996.50, 28018.00, 4500, 4095, 28020.63, 28024.83, 28028.25, 2134, 2366, 0.00, 0.00
2026-7-29, 05:08:29.468002, 28018.00, 28030.00, 27953.25, 27960.75, 4500, 4118, 27990.50, 27981.33, 27991.63, 2408, 2092, 0.00, 0.00
2026-7-29, 05:46:10.145000, 27960.50, 28003.75, 27931.50, 27993.25, 4500, 4298, 27972.25, 27976.17, 27967.63, 2257, 2243, 0.00, 0.00
2026-7-29, 06:15:14.589004, 27993.25, 28023.75, 27957.50, 27990.25, 4500, 4175, 27991.19, 27990.50, 27990.63, 2089, 2411, 0.00, 0.00
2026-7-29, 06:48:43.957007, 27990.25, 28007.75, 27900.00, 27907.25, 4500, 4244, 27951.31, 27938.33, 27953.88, 2372, 2128, 0.00, 0.00
2026-7-29, 07:16:21.265003, 27907.50, 27914.25, 27852.75, 27893.50, 4500, 4207, 27892.00, 27886.83, 27883.50, 2299, 2201, 0.00, 0.00
2026-7-29, 07:28:43.113000, 27892.75, 27929.25, 27844.25, 27921.25, 4500, 4281, 27896.88, 27898.25, 27886.75, 2110, 2390, 0.00, 0.00
2026-7-29, 07:51:57.794002, 27921.25, 27933.25, 27870.75, 27881.50, 4500, 4249, 27901.69, 27895.17, 27902.00, 2239, 2261, 0.00, 0.00
2026-7-29, 08:12:53.978001, 27882.00, 27912.25, 27856.00, 27909.25, 4500, 3764, 27889.88, 27892.50, 27884.13, 2185, 2315, 0.00, 0.00
2026-7-29, 08:25:57.569000, 27909.50, 27942.50, 27904.50, 27914.00, 2527, 2367, 27917.63, 27920.33, 27923.50, 1232, 1295, 0.00, 0.00
2026-7-29, 08:30:00.000000, 27914.50, 27950.00, 27862.00, 27873.25, 4500, 4345, 27899.94, 27895.08, 27906.00, 2372, 2128, 0.00, 0.00
2026-7-29, 08:30:48.812002, 27873.50, 27892.50, 27836.50, 27879.00, 4500, 4333, 27870.38, 27869.33, 27864.50, 2334, 2166, 0.00, 0.00
2026-7-29, 08:32:28.471000, 27877.00, 27955.00, 27868.00, 27953.50, 4500, 4214, 27913.38, 27925.50, 27911.50, 2172, 2328, 0.00, 0.00
2026-7-29, 08:33:57.058000, 27951.75, 27996.00, 27949.00, 27985.00, 4500, 4150, 27970.44, 27976.67, 27972.50, 2193, 2307, 0.00, 0.00
2026-7-29, 08:35:36.228002, 27985.00, 27990.75, 27893.00, 27902.75, 4500, 4092, 27942.88, 27928.83, 27941.88, 2427, 2073, 0.00, 0.00
2026-7-29, 08:37:28.785000, 27901.50, 27938.75, 27863.00, 27883.50, 4500, 4298, 27896.69, 27895.08, 27900.88, 2390, 2110, 0.00, 0.00
2026-7-29, 08:39:41.327000, 27882.25, 27907.75, 27858.00, 27899.00, 4500, 4326, 27886.75, 27888.25, 27882.88, 2219, 2281, 0.00, 0.00
2026-7-29, 08:42:10.646003, 27899.25, 27944.00, 27865.50, 27941.00, 4500, 4228, 27912.44, 27916.83, 27904.75, 2148, 2352, 0.00, 0.00
2026-7-29, 08:45:03.981001, 27941.25, 27948.00, 27828.75, 27828.75, 4500, 4181, 27886.69, 27868.50, 27888.38, 2451, 2049, 0.00, 0.00
2026-7-29, 08:47:20.367000, 27828.25, 27862.25, 27816.00, 27853.50, 4500, 4295, 27840.00, 27843.92, 27839.13, 2288, 2212, 0.00, 0.00
2026-7-29, 08:50:00.739000, 27853.50, 27855.75, 27756.00, 27756.00, 4500, 4286, 27805.31, 27789.25, 27805.88, 2417, 2083, 0.00, 0.00
2026-7-29, 08:52:04.795000, 27756.50, 27780.25, 27721.75, 27773.75, 4500, 4328, 27758.06, 27758.58, 27751.00, 2209, 2291, 0.00, 0.00
2026-7-29, 08:54:04.050000, 27773.50, 27777.75, 27695.00, 27695.00, 4500, 4269, 27735.31, 27722.58, 27736.38, 2322, 2178, 0.00, 0.00
2026-7-29, 08:56:16.032000, 27695.00, 27717.25, 27667.75, 27714.75, 4500, 4302, 27698.69, 27699.92, 27692.50, 2282, 2218, 0.00, 0.00
2026-7-29, 08:58:17.639000, 27715.00, 27770.00, 27707.25, 27766.75, 4500, 4192, 27739.75, 27748.00, 27738.63, 2134, 2366, 0.00, 0.00
2026-7-29, 09:00:09.685001, 27767.00, 27774.00, 27734.00, 27763.25, 4500, 4163, 27759.56, 27757.08, 27754.00, 2162, 2338, 0.00, 0.00
2026-7-29, 09:01:49.779004, 27763.25, 27790.00, 27743.50, 27769.00, 4500, 4339, 27766.44, 27767.50, 27766.75, 2149, 2351, 0.00, 0.00
2026-7-29, 09:03:54.589000, 27768.50, 27826.50, 27751.00, 27791.00, 4500, 4309, 27784.25, 27789.50, 27788.75, 2143, 2357, 0.00, 0.00
2026-7-29, 09:06:04.258000, 27790.75, 27806.25, 27717.25, 27729.00, 4500, 4273, 27760.81, 27750.83, 27761.75, 2270, 2230, 0.00, 0.00
2026-7-29, 09:08:13.041004, 27729.00, 27754.75, 27700.25, 27719.50, 4500, 4374, 27725.88, 27724.83, 27727.50, 2337, 2163, 0.00, 0.00
2026-7-29, 09:10:59.352000, 27721.00, 27747.50, 27659.00, 27663.50, 4500, 4262, 27697.75, 27690.00, 27703.25, 2420, 2080, 0.00, 0.00
2026-7-29, 09:13:03.264000, 27663.25, 27665.75, 27635.75, 27648.25, 4500, 4272, 27653.25, 27649.92, 27650.75, 2273, 2227, 0.00, 0.00
2026-7-29, 09:15:04.204002, 27648.50, 27682.25, 27645.50, 27674.75, 4500, 4296, 27662.75, 27667.50, 27663.88, 2168, 2332, 0.00, 0.00
2026-7-29, 09:17:19.407000, 27673.75, 27690.00, 27643.50, 27656.00, 4500, 4215, 27665.81, 27663.17, 27666.75, 2208, 2292, 0.00, 0.00
2026-7-29, 09:19:57.251002, 27656.00, 27695.75, 27649.75, 27673.75, 4500, 4195, 27668.81, 27673.08, 27672.75, 2283, 2217, 0.00, 0.00
2026-7-29, 09:23:06.470000, 27674.25, 27690.50, 27601.75, 27604.50, 4500, 4007, 27642.75, 27632.25, 27646.13, 2481, 2019, 0.00, 0.00
2026-7-29, 09:25:17.202001, 27603.75, 27614.50, 27538.75, 27559.00, 4500, 4256, 27579.00, 27570.75, 27576.63, 2469, 2031, 0.00, 0.00
2026-7-29, 09:26:54.673002, 27559.00, 27590.75, 27539.50, 27579.50, 4500, 4167, 27567.19, 27569.92, 27565.13, 2088, 2412, 27534.50, 0.00
2026-7-29, 09:29:17.759000, 27579.25, 27613.50, 27565.75, 27605.75, 4500, 4240, 27591.06, 27595.00, 27589.63, 2175, 2325, 0.00, 0.00
2026-7-29, 09:32:01.806000, 27605.50, 27652.25, 27602.75, 27606.50, 4500, 4134, 27616.75, 27620.50, 27627.50, 2273, 2227, 0.00, 0.00
2026-7-29, 09:34:29.586002, 27606.50, 27636.25, 27591.00, 27595.50, 4500, 4177, 27607.31, 27607.58, 27613.63, 2242, 2258, 0.00, 0.00
2026-7-29, 09:37:29.061001, 27595.50, 27607.00, 27536.50, 27536.50, 4500, 4190, 27568.88, 27560.00, 27571.75, 2463, 2037, 0.00, 0.00
2026-7-29, 09:40:27.062063, 27536.50, 27572.25, 27521.75, 27529.25, 4500, 4150, 27539.94, 27541.08, 27547.00, 2287, 2213, 0.00, 0.00
2026-7-29, 09:42:49.325000, 27530.00, 27550.50, 27510.00, 27529.25, 4500, 4248, 27529.94, 27529.92, 27530.25, 2262, 2238, 0.00, 0.00
2026-7-29, 09:45:27.916000, 27529.25, 27575.25, 27518.25, 27532.75, 4500, 4277, 27538.88, 27542.08, 27546.75, 2247, 2253, 0.00, 0.00
2026-7-29, 09:48:38.732000, 27532.50, 27590.75, 27520.75, 27581.50, 4500, 4252, 27556.38, 27564.33, 27555.75, 2169, 2331, 0.00, 0.00
2026-7-29, 09:51:25.290001, 27581.25, 27615.75, 27558.50, 27590.50, 4500, 4222, 27586.50, 27588.25, 27587.13, 2208, 2292, 0.00, 0.00
2026-7-29, 09:54:28.656001, 27590.50, 27606.75, 27551.25, 27564.25, 4500, 4130, 27578.19, 27574.08, 27579.00, 2278, 2222, 0.00, 0.00
2026-7-29, 09:57:56.344001, 27564.25, 27626.75, 27557.25, 27605.00, 4500, 4243, 27588.31, 27596.33, 27592.00, 2165, 2335, 0.00, 0.00
2026-7-29, 10:00:45.145002, 27604.75, 27647.25, 27581.00, 27642.50, 4500, 4255, 27618.88, 27623.58, 27614.13, 2126, 2374, 0.00, 0.00
2026-7-29, 10:03:44.164000, 27643.00, 27643.00, 27590.50, 27628.50, 4500, 4372, 27626.25, 27620.67, 27616.75, 2314, 2186, 0.00, 0.00
2026-7-29, 10:06:02.152001, 27628.50, 27657.50, 27605.00, 27632.75, 4500, 4258, 27630.94, 27631.75, 27631.25, 2162, 2338, 0.00, 0.00
2026-7-29, 10:08:56.188000, 27634.50, 27650.25, 27565.75, 27585.25, 4500, 4239, 27608.94, 27600.42, 27608.00, 2400, 2100, 0.00, 0.00
2026-7-29, 10:12:02.356000, 27585.25, 27605.25, 27564.00, 27589.25, 4500, 4284, 27585.94, 27586.17, 27584.63, 2307, 2193, 0.00, 0.00
2026-7-29, 10:15:55.474000, 27589.50, 27625.00, 27570.75, 27570.75, 4500, 4332, 27589.00, 27588.83, 27597.88, 2234, 2266, 0.00, 0.00
2026-7-29, 10:19:38.768000, 27570.25, 27588.50, 27547.00, 27586.00, 4500, 4271, 27572.94, 27573.83, 27567.75, 2153, 2347, 0.00, 0.00
2026-7-29, 10:23:11.252001, 27586.25, 27617.50, 27564.00, 27570.75, 4500, 4337, 27584.63, 27584.08, 27590.75, 2276, 2224, 0.00, 0.00
2026-7-29, 10:27:54.766001, 27570.75, 27578.00, 27540.00, 27560.75, 4500, 4232, 27562.38, 27559.58, 27559.00, 2181, 2319, 0.00, 0.00
2026-7-29, 10:32:39.047000, 27560.75, 27596.75, 27544.75, 27570.00, 4500, 4200, 27568.06, 27570.50, 27570.75, 2164, 2336, 0.00, 0.00
2026-7-29, 10:37:20.931001, 27570.00, 27590.75, 27527.25, 27528.25, 4500, 4294, 27554.06, 27548.75, 27559.00, 2295, 2205, 0.00, 0.00
2026-7-29, 10:43:19.453008, 27528.00, 27565.75, 27518.00, 27549.75, 4500, 4166, 27540.38, 27544.50, 27541.88, 2163, 2337, 0.00, 0.00
2026-7-29, 10:48:55.683004, 27549.75, 27566.50, 27513.25, 27513.25, 4500, 4185, 27535.69, 27531.00, 27539.88, 2435, 2065, 0.00, 0.00
2026-7-29, 10:54:30.658000, 27513.00, 27514.25, 27464.50, 27487.50, 4500, 4065, 27494.81, 27488.75, 27489.38, 2514, 1986, 0.00, 0.00
2026-7-29, 10:57:01.144000, 27487.00, 27542.00, 27476.25, 27514.25, 4500, 4230, 27504.88, 27510.83, 27509.13, 2091, 2409, 0.00, 0.00
2026-7-29, 11:00:40.948000, 27515.00, 27515.50, 27455.00, 27457.00, 4500, 4105, 27485.63, 27475.83, 27485.25, 2412, 2088, 0.00, 0.00
2026-7-29, 11:04:49.389000, 27457.50, 27463.00, 27426.00, 27455.25, 4500, 4159, 27450.44, 27448.08, 27444.50, 2253, 2247, 0.00, 0.00
2026-7-29, 11:08:14.479006, 27455.25, 27466.75, 27425.50, 27429.50, 4500, 4143, 27444.25, 27440.58, 27446.13, 2249, 2251, 0.00, 0.00
2026-7-29, 11:14:44.131000, 27429.75, 27451.50, 27409.25, 27446.75, 4500, 4200, 27434.31, 27435.83, 27430.38, 2246, 2254, 0.00, 0.00
2026-7-29, 11:19:11.581000, 27446.25, 27520.75, 27437.25, 27520.75, 4500, 4015, 27481.25, 27492.92, 27479.00, 2054, 2446, 0.00, 0.00
2026-7-29, 11:23:15.942039, 27520.75, 27542.25, 27503.75, 27536.25, 4500, 4154, 27525.75, 27527.42, 27523.00, 2376, 2124, 0.00, 0.00
2026-7-29, 11:28:00.047002, 27536.50, 27586.00, 27527.50, 27555.00, 4500, 3967, 27551.25, 27556.17, 27556.75, 2356, 2144, 0.00, 0.00
2026-7-29, 11:32:09.673000, 27555.50, 27560.00, 27500.75, 27518.00, 4500, 3992, 27533.56, 27526.25, 27530.38, 2436, 2064, 0.00, 0.00
2026-7-29, 11:36:06.151000, 27517.25, 27539.25, 27495.50, 27519.75, 4500, 4253, 27517.94, 27518.17, 27517.38, 2237, 2263, 0.00, 0.00
2026-7-29, 11:42:02.101000, 27520.00, 27531.25, 27485.25, 27521.25, 4500, 4237, 27514.44, 27512.58, 27508.25, 2322, 2178, 0.00, 0.00
2026-7-29, 11:47:45.455000, 27522.50, 27570.50, 27520.00, 27566.00, 4500, 4218, 27544.75, 27552.17, 27545.25, 2136, 2364, 0.00, 0.00
2026-7-29, 11:52:54.049000, 27566.00, 27593.00, 27552.25, 27577.50, 4500, 4211, 27572.19, 27574.25, 27572.63, 2220, 2280, 0.00, 0.00
2026-7-29, 11:58:52.412001, 27577.50, 27624.00, 27575.50, 27620.00, 4500, 3984, 27599.25, 27606.50, 27599.75, 2250, 2250, 0.00, 0.00
2026-7-29, 12:03:20.433010, 27620.00, 27665.00, 27619.75, 27651.25, 4500, 4023, 27639.00, 27645.33, 27642.38, 2323, 2177, 0.00, 0.00
2026-7-29, 12:07:11.509002, 27651.25, 27691.25, 27635.75, 27678.25, 4500, 3906, 27664.13, 27668.42, 27663.50, 2291, 2209, 0.00, 0.00
2026-7-29, 12:12:14.857000, 27679.00, 27739.75, 27673.00, 27722.25, 4500, 4057, 27703.50, 27711.67, 27706.38, 2284, 2216, 0.00, 0.00
2026-7-29, 12:15:47.610000, 27721.75, 27734.50, 27709.00, 27732.25, 4500, 3951, 27724.38, 27725.25, 27721.75, 2380, 2120, 0.00, 0.00
2026-7-29, 12:20:30.030000, 27732.50, 27750.00, 27689.25, 27692.50, 4500, 4150, 27716.06, 27710.58, 27719.63, 2615, 1885, 0.00, 0.00
2026-7-29, 12:25:16.607000, 27692.50, 27702.50, 27636.50, 27638.75, 4500, 4223, 27667.56, 27659.25, 27669.50, 2484, 2016, 0.00, 0.00
2026-7-29, 12:30:39.559000, 27637.75, 27695.00, 27629.50, 27648.25, 4500, 4246, 27652.63, 27657.58, 27662.25, 2299, 2201, 0.00, 0.00
2026-7-29, 12:36:19.363010, 27648.25, 27687.00, 27638.50, 27663.25, 4500, 4368, 27659.25, 27662.92, 27662.75, 2179, 2321, 0.00, 0.00
2026-7-29, 12:43:13.427000, 27663.25, 27727.75, 27656.00, 27717.50, 4500, 4201, 27691.13, 27700.42, 27691.88, 2184, 2316, 0.00, 0.00
2026-7-29, 12:52:19.055001, 27717.25, 27723.00, 27677.75, 27719.50, 4500, 3867, 27709.38, 27706.75, 27700.38, 2527, 1973, 0.00, 0.00
2026-7-29, 12:59:40.351000, 27719.50, 27849.00, 27713.50, 27849.00, 4500, 3544, 27782.75, 27803.83, 27781.25, 1773, 2727, 0.00, 0.00
2026-7-29, 13:00:43.538001, 27849.00, 27879.25, 27810.00, 27858.50, 4500, 3838, 27849.19, 27849.25, 27844.63, 1872, 2628, 0.00, 0.00
2026-7-29, 13:02:08.289001, 27857.00, 27888.50, 27806.00, 27806.00, 4500, 4095, 27839.38, 27833.50, 27847.25, 2323, 2177, 0.00, 27893.50
2026-7-29, 13:04:06.524000, 27806.25, 27874.50, 27778.75, 27874.50, 4500, 4191, 27833.50, 27842.58, 27826.63, 2197, 2303, 0.00, 0.00
2026-7-29, 13:06:10.609000, 27875.00, 27886.25, 27835.00, 27837.75, 4500, 4220, 27858.50, 27853.00, 27860.63, 2296, 2204, 0.00, 0.00
2026-7-29, 13:08:19.073002, 27837.75, 27872.25, 27824.50, 27836.00, 4500, 4340, 27842.63, 27844.25, 27848.38, 2243, 2257, 0.00, 0.00
2026-7-29, 13:11:25.292006, 27836.00, 27863.25, 27783.75, 27792.75, 4500, 4345, 27818.94, 27813.25, 27823.50, 2321, 2179, 0.00, 0.00
2026-7-29, 13:14:39.464000, 27790.50, 27843.50, 27772.00, 27782.00, 4500, 4190, 27797.00, 27799.17, 27807.75, 2143, 2357, 0.00, 0.00
2026-7-29, 13:17:43.290001, 27781.75, 27796.25, 27739.00, 27765.25, 4500, 4243, 27770.56, 27766.83, 27767.63, 2284, 2216, 0.00, 0.00
2026-7-29, 13:21:18.958002, 27765.50, 27767.75, 27728.50, 27748.50, 4500, 4182, 27752.56, 27748.25, 27748.13, 2181, 2319, 0.00, 0.00
2026-7-29, 13:25:15.724000, 27749.00, 27796.00, 27727.50, 27783.00, 4500, 4187, 27763.88, 27768.83, 27761.75, 2163, 2337, 0.00, 0.00
2026-7-29, 13:30:18.402000, 27783.75, 27820.00, 27710.25, 27721.00, 4500, 4083, 27758.75, 27750.42, 27765.13, 2388, 2112, 0.00, 0.00
2026-7-29, 13:32:25.166000, 27721.00, 27783.50, 27709.00, 27746.00, 4500, 4284, 27739.88, 27746.17, 27746.25, 2242, 2258, 27704.00, 0.00
2026-7-29, 13:36:28.862000, 27745.50, 27878.75, 27731.00, 27877.00, 4500, 4073, 27808.06, 27828.92, 27804.88, 2068, 2432, 0.00, 0.00
2026-7-29, 13:38:44.112000, 27877.25, 27917.00, 27838.00, 27912.25, 4500, 3956, 27886.13, 27889.08, 27877.50, 1904, 2596, 0.00, 0.00
2026-7-29, 13:40:51.071000, 27912.75, 27953.00, 27898.50, 27926.00, 4500, 4214, 27922.56, 27925.83, 27925.75, 2131, 2369, 0.00, 0.00
2026-7-29, 13:43:00.245002, 27926.00, 27994.50, 27914.75, 27993.00, 4500, 4187, 27957.06, 27967.42, 27954.63, 2219, 2281, 0.00, 0.00
2026-7-29, 13:45:22.294000, 27992.50, 28022.25, 27964.50, 28015.75, 4500, 3855, 27998.75, 28000.83, 27993.38, 2303, 2197, 0.00, 0.00
2026-7-29, 13:47:38.953000, 28016.50, 28053.25, 27993.75, 28038.00, 4500, 4269, 28025.38, 28028.33, 28023.50, 2256, 2244, 0.00, 0.00
2026-7-29, 13:50:17.348003, 28038.00, 28070.75, 28000.50, 28070.75, 4500, 4229, 28045.00, 28047.33, 28035.63, 2216, 2284, 0.00, 0.00
2026-7-29, 13:53:24.666000, 28071.25, 28096.75, 28057.25, 28058.25, 4500, 4139, 28070.88, 28070.75, 28077.00, 2275, 2225, 0.00, 0.00
2026-7-29, 13:56:24.235003, 28058.25, 28074.00, 28021.00, 28043.00, 4500, 4198, 28049.06, 28046.00, 28047.50, 2284, 2216, 0.00, 0.00
2026-7-29, 13:59:26.735000, 28042.75, 28092.00, 28023.25, 28090.50, 4500, 4230, 28062.13, 28068.58, 28057.63, 2231, 2269, 0.00, 0.00
2026-7-29, 14:02:01.288000, 28089.50, 28099.50, 27981.25, 27987.00, 4500, 4220, 28039.31, 28022.58, 28040.38, 2426, 2074, 0.00, 0.00
2026-7-29, 14:04:26.122003, 27987.00, 27999.25, 27948.50, 27958.50, 4500, 4331, 27973.31, 27968.75, 27973.88, 2315, 2185, 0.00, 0.00
2026-7-29, 14:06:55.859000, 27958.75, 27963.25, 27890.00, 27904.25, 4500, 4205, 27929.06, 27919.17, 27926.63, 2457, 2043, 0.00, 0.00
2026-7-29, 14:09:09.795000, 27904.75, 27914.25, 27839.50, 27890.00, 4500, 4161, 27887.13, 27881.25, 27876.88, 2333, 2167, 0.00, 0.00
2026-7-29, 14:11:14.851000, 27890.00, 27928.50, 27872.75, 27918.50, 4500, 4194, 27902.44, 27906.58, 27900.63, 2114, 2386, 27867.75, 0.00
2026-7-29, 14:13:25.971000, 27918.25, 27938.00, 27885.50, 27890.00, 4500, 4258, 27907.94, 27904.50, 27911.75, 2362, 2138, 0.00, 0.00
2026-7-29, 14:16:43.258000, 27889.00, 27897.25, 27805.75, 27812.00, 4500, 4239, 27851.00, 27838.33, 27851.50, 2351, 2149, 0.00, 0.00
2026-7-29, 14:19:15.426000, 27812.00, 27828.25, 27725.25, 27742.75, 4500, 4236, 27777.06, 27765.42, 27776.75, 2548, 1952, 0.00, 0.00
2026-7-29, 14:21:12.754004, 27742.75, 27749.00, 27680.00, 27713.75, 4500, 4163, 27721.38, 27714.25, 27714.50, 2439, 2061, 0.00, 0.00
2026-7-29, 14:23:01.273000, 27714.75, 27745.00, 27701.75, 27721.75, 4500, 4345, 27720.81, 27722.83, 27723.38, 2228, 2272, 0.00, 0.00
2026-7-29, 14:25:32.809001, 27721.75, 27721.75, 27640.75, 27689.00, 4500, 4112, 27693.31, 27683.83, 27681.25, 2269, 2231, 0.00, 0.00
2026-7-29, 14:27:36.568000, 27688.25, 27720.50, 27668.75, 27705.00, 4500, 4189, 27695.63, 27698.08, 27694.63, 2166, 2334, 0.00, 0.00
2026-7-29, 14:30:02.255003, 27705.00, 27744.00, 27688.50, 27688.50, 4500, 4356, 27706.50, 27707.00, 27716.25, 2284, 2216, 0.00, 0.00
2026-7-29, 14:32:28.808004, 27688.50, 27694.25, 27572.00, 27585.25, 4500, 4230, 27635.00, 27617.17, 27633.13, 2428, 2072, 0.00, 0.00
2026-7-29, 14:34:32.951001, 27585.25, 27625.00, 27580.25, 27624.75, 4500, 4249, 27603.81, 27610.00, 27602.63, 2198, 2302, 0.00, 0.00
2026-7-29, 14:36:55.640002, 27624.75, 27630.75, 27504.25, 27521.75, 4500, 4181, 27570.38, 27552.25, 27567.50, 2407, 2093, 0.00, 0.00
2026-7-29, 14:39:03.997004, 27522.00, 27529.00, 27472.00, 27499.75, 4500, 3958, 27505.69, 27500.25, 27500.50, 2221, 2279, 0.00, 0.00
2026-7-29, 14:40:47.909000, 27500.25, 27542.00, 27495.75, 27513.50, 4500, 4307, 27512.88, 27517.08, 27518.88, 2257, 2243, 0.00, 0.00
2026-7-29, 14:42:51.249000, 27516.00, 27517.50, 27458.75, 27475.00, 4500, 4242, 27491.81, 27483.75, 27488.13, 2333, 2167, 0.00, 0.00
2026-7-29, 14:45:06.832000, 27472.75, 27488.50, 27442.50, 27449.50, 4500, 4282, 27463.31, 27460.17, 27465.50, 2264, 2236, 0.00, 0.00
2026-7-29, 14:46:54.177002, 27449.50, 27484.00, 27421.00, 27460.50, 4500, 4172, 27453.75, 27455.17, 27452.50, 2130, 2370, 0.00, 0.00
2026-7-29, 14:49:03.483000, 27461.50, 27512.25, 27433.50, 27453.25, 4500, 4325, 27465.13, 27466.33, 27472.88, 2256, 2244, 0.00, 0.00
2026-7-29, 14:51:00.553000, 27452.00, 27456.00, 27394.00, 27401.50, 4500, 4052, 27425.88, 27417.17, 27425.00, 2537, 1963, 0.00, 0.00
2026-7-29, 14:52:45.473000, 27401.00, 27449.00, 27401.00, 27414.75, 4500, 4322, 27416.44, 27421.58, 27425.00, 2310, 2190, 0.00, 0.00
2026-7-29, 14:55:00.068000, 27415.50, 27415.50, 27364.75, 27373.25, 4500, 4252, 27392.25, 27384.50, 27390.13, 2394, 2106, 0.00, 0.00
2026-7-29, 14:56:29.494000, 27373.75, 27377.25, 27335.25, 27337.25, 4500, 4119, 27355.88, 27349.92, 27356.25, 2282, 2218, 27330.25, 0.00
2026-7-29, 14:58:17.842000, 27337.50, 27346.75, 27317.50, 27322.00, 4500, 4075, 27330.94, 27328.75, 27332.13, 2230, 2270, 0.00, 0.00
2026-7-29, 14:59:26.522004, 27322.00, 27342.75, 27320.00, 27341.75, 4500, 3906, 27331.63, 27334.83, 27331.38, 2386, 2114, 0.00, 0.00
2026-7-29, 14:59:52.643000, 27341.25, 27370.75, 27330.75, 27345.25, 4500, 4035, 27347.00, 27348.92, 27350.75, 2123, 2377, 27325.75, 0.00
2026-7-29, 15:00:01.642001, 27345.25, 27362.25, 27278.25, 27281.25, 4500, 3890, 27316.75, 27307.25, 27320.25, 2400, 2100, 0.00, 0.00
2026-7-29, 15:01:00.244000, 27293.00, 27352.00, 27225.50, 27241.25, 4500, 3928, 27277.94, 27272.92, 27288.75, 2338, 2162, 0.00, 0.00
2026-7-29, 15:02:08.255001, 27241.25, 27299.00, 27213.75, 27219.25, 4500, 3962, 27243.31, 27244.00, 27256.38, 2361, 2139, 0.00, 0.00
2026-7-29, 15:04:10.196002, 27219.50, 27341.00, 27201.50, 27341.00, 4500, 3903, 27275.75, 27294.50, 27271.25, 2018, 2482, 0.00, 0.00
2026-7-29, 15:06:15.388019, 27341.25, 27364.00, 27244.75, 27254.75, 4500, 3871, 27301.19, 27287.83, 27304.38, 2181, 2319, 0.00, 0.00
2026-7-29, 15:10:22.421003, 27254.50, 27331.75, 27231.75, 27291.75, 4500, 3990, 27277.44, 27285.08, 27281.75, 2272, 2228, 0.00, 0.00
2026-7-29, 15:15:01.222002, 27292.00, 27338.75, 27251.00, 27251.25, 4500, 4010, 27283.25, 27280.33, 27294.88, 2099, 2401, 0.00, 0.00
2026-7-29, 15:26:24.886002, 27251.00, 27295.25, 27207.00, 27295.00, 4500, 3869, 27262.06, 27265.75, 27251.13, 2232, 2268, 0.00, 0.00
2026-7-29, 15:37:58.797006, 27295.00, 27331.25, 27267.00, 27291.00, 4500, 3898, 27296.06, 27296.42, 27299.13, 2249, 2251, 27262.00, 0.00
2026-7-29, 15:55:56.404000, 27292.00, 27399.75, 27202.00, 27390.50, 4500, 3851, 27321.06, 27330.75, 27300.88, 2102, 2398, 0.00, 0.00
2026-7-29, 17:07:10.273000, 27388.00, 27489.50, 27381.25, 27441.00, 4500, 3913, 27424.94, 27437.25, 27435.38, 2251, 2249, 0.00, 0.00
2026-7-29, 17:14:58.345000, 27442.25, 27484.00, 27395.50, 27424.25, 4500, 4055, 27436.50, 27434.58, 27439.75, 2503, 1997, 0.00, 0.00
2026-7-29, 17:31:00.169001, 27424.25, 27479.50, 27414.50, 27450.00, 4500, 4083, 27442.06, 27448.00, 27447.00, 2187, 2313, 0.00, 0.00
2026-7-29, 17:59:59.228000, 27450.25, 27524.25, 27446.25, 27505.50, 4500, 4220, 27481.56, 27492.00, 27485.25, 2151, 2349, 0.00, 0.00
2026-7-29, 18:18:54.878003, 27505.50, 27559.25, 27497.25, 27523.75, 4500, 4168, 27521.44, 27526.75, 27528.25, 2173, 2327, 0.00, 0.00
2026-7-29, 18:44:56.071000, 27523.50, 27555.50, 27490.50, 27490.50, 4500, 4234, 27515.00, 27512.17, 27523.00, 2280, 2220, 0.00, 0.00
2026-7-29, 19:02:15.579002, 27490.25, 27608.00, 27472.25, 27593.75, 4500, 4182, 27541.06, 27558.00, 27540.13, 2078, 2422, 0.00, 0.00
2026-7-29, 19:14:45.505000, 27592.75, 27611.00, 27550.50, 27572.75, 4500, 4234, 27581.75, 27578.08, 27580.75, 2250, 2250, 0.00, 0.00
2026-7-29, 19:32:44.755000, 27572.50, 27577.00, 27489.75, 27527.25, 4500, 4184, 27541.63, 27531.33, 27533.38, 2439, 2061, 0.00, 0.00
2026-7-29, 19:49:58.621001, 27527.25, 27640.25, 27504.25, 27636.25, 4500, 4139, 27577.00, 27593.58, 27572.25, 2179, 2321, 0.00, 0.00
2026-7-29, 20:07:21.683000, 27634.75, 27664.25, 27565.00, 27626.75, 4500, 4202, 27622.69, 27618.67, 27614.63, 2239, 2261, 0.00, 0.00
2026-7-29, 20:26:59.218000, 27628.00, 27696.75, 27623.50, 27686.00, 4500, 4020, 27658.56, 27668.75, 27660.13, 1994, 2506, 0.00, 0.00
2026-7-29, 20:48:36.970007, 27685.75, 27688.00, 27629.25, 27635.00, 4500, 4091, 27659.50, 27650.75, 27658.63, 2307, 2193, 0.00, 0.00
2026-7-29, 21:15:03.981000, 27635.50, 27653.25, 27559.50, 27602.75, 4500, 4057, 27612.75, 27605.17, 27606.38, 2378, 2122, 0.00, 0.00
2026-7-29, 21:44:12.496007, 27602.75, 27631.00, 27502.50, 27502.50, 4500, 4241, 27559.69, 27545.33, 27566.75, 2398, 2102, 0.00, 0.00
2026-7-29, 22:12:11.240001, 27502.50, 27556.75, 27471.25, 27516.25, 4500, 4257, 27511.69, 27514.75, 27514.00, 2268, 2232, 0.00, 0.00
2026-7-29, 22:36:31.579002, 27515.75, 27563.50, 27467.75, 27471.50, 4500, 4116, 27504.63, 27500.92, 27515.63, 2289, 2211, 0.00, 0.00
2026-7-29, 23:17:09.074000, 27470.00, 27543.75, 27445.00, 27448.25, 4500, 4181, 27476.75, 27479.00, 27494.38, 2364, 2136, 0.00, 0.00
2026-7-29, 23:55:54.077000, 27447.00, 27510.75, 27421.00, 27476.00, 4500, 4205, 27463.69, 27469.25, 27465.88, 2276, 2224, 0.00, 0.00
2026-7-30, 00:36:00.098000, 27476.25, 27546.25, 27456.25, 27456.25, 4500, 4192, 27483.75, 27486.25, 27501.25, 2318, 2182, 0.00, 0.00
2026-7-30, 01:15:28.056000, 27456.25, 27498.00, 27415.00, 27444.00, 4500, 4208, 27453.31, 27452.33, 27456.50, 2272, 2228, 0.00, 0.00
2026-7-30, 02:00:37.580004, 27444.00, 27521.75, 27441.50, 27448.75, 4500, 4124, 27464.00, 27470.67, 27481.63, 2227, 2273, 0.00, 0.00
2026-7-30, 02:17:18.030001, 27449.00, 27449.00, 27351.25, 27399.50, 4500, 4141, 27412.19, 27399.92, 27400.13, 2321, 2179, 0.00, 0.00
2026-7-30, 02:39:11.378000, 27399.25, 27447.50, 27337.50, 27348.00, 4500, 4141, 27383.06, 27377.67, 27392.50, 2323, 2177, 0.00, 0.00
2026-7-30, 03:05:07.369001, 27347.00, 27508.50, 27346.75, 27506.75, 4500, 4161, 27427.25, 27454.00, 27427.63, 2294, 2206, 0.00, 0.00
2026-7-30, 03:25:59.970000, 27508.00, 27527.25, 27460.50, 27511.00, 4500, 4143, 27501.69, 27499.58, 27493.88, 2300, 2200, 0.00, 0.00
2026-7-30, 04:13:12.395000, 27511.25, 27586.00, 27509.25, 27553.50, 4500, 4142, 27540.00, 27549.58, 27547.63, 2297, 2203, 0.00, 0.00
2026-7-30, 04:40:16.299001, 27553.25, 27564.50, 27488.25, 27557.75, 4500, 3932, 27540.94, 27536.83, 27526.38, 2484, 2016, 0.00, 0.00
2026-7-30, 05:16:13.008000, 27560.00, 27643.00, 27558.00, 27623.75, 4500, 3979, 27596.19, 27608.25, 27600.50, 2259, 2241, 0.00, 0.00
2026-7-30, 05:41:30.057000, 27623.75, 27683.25, 27611.00, 27680.75, 4500, 4141, 27649.69, 27658.33, 27647.13, 2241, 2259, 0.00, 0.00
2026-7-30, 06:07:22.570000, 27682.50, 27730.00, 27655.25, 27710.25, 4500, 4043, 27694.50, 27698.50, 27692.63, 2265, 2235, 0.00, 0.00
2026-7-30, 06:29:43.561001, 27710.50, 27735.00, 27673.00, 27731.50, 4500, 4055, 27712.50, 27713.17, 27704.00, 2338, 2162, 0.00, 0.00
2026-7-30, 06:50:16.291000, 27731.50, 27758.25, 27695.75, 27746.25, 4500, 3958, 27732.94, 27733.42, 27727.00, 2167, 2333, 0.00, 0.00
2026-7-30, 07:09:17.228000, 27746.25, 27766.25, 27714.00, 27725.75, 4500, 4209, 27738.06, 27735.33, 27740.13, 2260, 2240, 0.00, 0.00
2026-7-30, 07:29:01.460000, 27726.75, 27787.75, 27715.25, 27775.25, 4500, 3845, 27751.25, 27759.42, 27751.50, 2132, 2368, 0.00, 0.00
2026-7-30, 07:36:59.141000, 27775.25, 27808.75, 27755.00, 27778.75, 4500, 3937, 27779.44, 27780.83, 27781.88, 2239, 2261, 0.00, 0.00
2026-7-30, 07:48:19.362009, 27778.75, 27837.00, 27774.50, 27830.00, 4500, 4059, 27805.06, 27813.83, 27805.75, 2194, 2306, 0.00, 0.00
2026-7-30, 08:00:35.776000, 27830.75, 27857.00, 27823.75, 27853.75, 4500, 3381, 27841.31, 27844.83, 27840.38, 2571, 1929, 0.00, 0.00
2026-7-30, 08:04:02.391000, 27854.50, 27876.25, 27840.00, 27840.50, 4500, 3551, 27852.81, 27852.25, 27858.13, 2705, 1795, 0.00, 0.00
2026-7-30, 08:09:57.144002, 27840.50, 27864.00, 27827.25, 27840.00, 4500, 3991, 27842.94, 27843.75, 27845.63, 2399, 2101, 0.00, 0.00
2026-7-30, 08:22:00.848000, 27840.00, 27877.75, 27834.75, 27868.00, 4500, 3824, 27855.13, 27860.17, 27856.25, 2287, 2213, 0.00, 0.00
2026-7-30, 08:29:21.116004, 27868.00, 27883.25, 27862.00, 27876.25, 1465, 1153, 27872.38, 27873.83, 27872.63, 615, 850, 0.00, 0.00
2026-7-30, 08:30:00.000000, 27877.25, 27891.50, 27842.00, 27846.25, 4500, 4105, 27864.25, 27859.92, 27866.75, 2191, 2309, 0.00, 0.00
2026-7-30, 08:30:30.972000, 27846.25, 27892.00, 27835.50, 27873.25, 4500, 4161, 27861.75, 27866.92, 27863.75, 2165, 2335, 0.00, 0.00
2026-7-30, 08:31:40.007000, 27873.50, 27885.75, 27842.25, 27844.25, 4500, 4178, 27861.44, 27857.42, 27864.00, 2281, 2219, 0.00, 0.00
2026-7-30, 08:33:09.894006, 27844.50, 27880.75, 27813.25, 27848.25, 4500, 4326, 27846.69, 27847.42, 27847.00, 2344, 2156, 0.00, 0.00
2026-7-30, 08:34:37.728000, 27849.25, 27912.00, 27843.50, 27912.00, 4500, 4268, 27879.19, 27889.17, 27877.75, 2082, 2418, 0.00, 0.00
2026-7-30, 08:36:05.531001, 27912.00, 27919.50, 27864.75, 27874.25, 4500, 4201, 27892.63, 27886.17, 27892.13, 2388, 2112, 0.00, 0.00
2026-7-30, 08:37:26.467000, 27875.00, 27908.25, 27847.50, 27891.50, 4500, 4020, 27880.56, 27882.42, 27877.88, 2414, 2086, 0.00, 0.00
2026-7-30, 08:38:53.480004, 27891.50, 27901.50, 27849.75, 27869.50, 4500, 4157, 27878.06, 27873.58, 27875.63, 2453, 2047, 0.00, 0.00
2026-7-30, 08:40:42.569001, 27869.50, 27941.25, 27865.50, 27926.00, 4500, 4229, 27900.56, 27910.92, 27903.38, 2140, 2360, 27860.50, 0.00
2026-7-30, 08:42:47.871000, 27926.25, 27996.50, 27923.50, 27992.00, 4500, 4270, 27959.56, 27970.67, 27960.00, 2118, 2382, 0.00, 0.00
2026-7-30, 08:44:20.120000, 27991.25, 28009.50, 27973.00, 28002.50, 4500, 4249, 27994.06, 27995.00, 27991.25, 2214, 2286, 0.00, 0.00
2026-7-30, 08:45:37.358001, 28002.00, 28037.25, 27996.75, 28021.25, 4500, 4154, 28014.31, 28018.42, 28017.00, 2304, 2196, 0.00, 0.00
2026-7-30, 08:47:23.465000, 28021.50, 28055.00, 28008.50, 28055.00, 4500, 3872, 28035.00, 28039.50, 28031.75, 2278, 2222, 0.00, 0.00
2026-7-30, 08:49:26.132000, 28054.50, 28086.50, 28043.25, 28086.50, 4500, 3694, 28067.69, 28072.08, 28064.88, 1821, 2679, 0.00, 0.00
2026-7-30, 08:50:54.672123, 28086.50, 28125.50, 28078.25, 28098.00, 4500, 3804, 28097.06, 28100.58, 28101.88, 1832, 2668, 0.00, 0.00
2026-7-30, 08:51:46.439000, 28097.75, 28102.25, 28049.00, 28083.50, 4500, 4195, 28083.13, 28078.25, 28075.63, 2342, 2158, 0.00, 0.00
2026-7-30, 08:53:24.377000, 28083.50, 28111.50, 28077.50, 28101.50, 4500, 4291, 28093.50, 28096.83, 28094.50, 2257, 2243, 0.00, 0.00
2026-7-30, 08:55:33.381000, 28102.25, 28137.75, 28091.00, 28100.50, 4500, 4135, 28107.88, 28109.75, 28114.38, 2240, 2260, 0.00, 0.00
2026-7-30, 08:57:22.541000, 28099.75, 28162.25, 28091.50, 28144.25, 4500, 4169, 28124.44, 28132.67, 28126.88, 2016, 2484, 0.00, 0.00
2026-7-30, 08:59:28.992000, 28144.50, 28168.00, 28127.75, 28166.75, 4500, 4023, 28151.75, 28154.17, 28147.88, 1963, 2537, 0.00, 0.00
2026-7-30, 09:01:12.245000, 28166.25, 28183.75, 28152.00, 28168.25, 4500, 3940, 28167.56, 28168.00, 28167.88, 2003, 2497, 0.00, 0.00
2026-7-30, 09:02:28.662000, 28167.50, 28177.50, 28137.75, 28171.00, 4500, 4343, 28163.44, 28162.08, 28157.63, 2379, 2121, 0.00, 28182.50
2026-7-30, 09:04:36.271001, 28170.75, 28174.25, 28121.25, 28123.75, 4500, 4258, 28147.50, 28139.75, 28147.75, 2386, 2114, 0.00, 0.00
2026-7-30, 09:06:27.586000, 28124.50, 28149.50, 28101.00, 28101.00, 4500, 4109, 28119.00, 28117.17, 28125.25, 2456, 2044, 0.00, 0.00
2026-7-30, 09:08:03.613000, 28100.75, 28111.50, 28073.25, 28087.00, 4500, 4046, 28093.13, 28090.58, 28092.38, 2402, 2098, 0.00, 0.00
2026-7-30, 09:09:39.547001, 28087.00, 28107.75, 28066.75, 28074.25, 4500, 4208, 28083.94, 28082.92, 28087.25, 2197, 2303, 0.00, 0.00
2026-7-30, 09:11:38.685003, 28074.25, 28116.75, 28071.75, 28090.75, 4500, 4309, 28088.38, 28093.08, 28094.25, 2209, 2291, 0.00, 0.00
2026-7-30, 09:13:45.793002, 28091.00, 28131.00, 28083.50, 28112.50, 4500, 4267, 28104.50, 28109.00, 28107.25, 2150, 2350, 0.00, 0.00
2026-7-30, 09:16:19.075001, 28112.75, 28140.00, 28082.50, 28083.00, 4500, 4264, 28104.56, 28101.83, 28111.25, 2370, 2130, 0.00, 0.00
2026-7-30, 09:18:31.947000, 28083.00, 28133.00, 28080.25, 28132.25, 4500, 4248, 28107.13, 28115.17, 28106.63, 2253, 2247, 0.00, 0.00
2026-7-30, 09:21:04.941001, 28132.25, 28173.75, 28129.75, 28167.50, 4500, 4260, 28150.81, 28157.00, 28151.75, 1951, 2549, 0.00, 0.00
2026-7-30, 09:23:27.445000, 28167.25, 28175.25, 28149.75, 28172.25, 4500, 3909, 28166.13, 28165.75, 28162.50, 2335, 2165, 0.00, 0.00
2026-7-30, 09:26:00.201000, 28171.75, 28201.00, 28149.75, 28201.00, 4500, 3560, 28180.88, 28183.92, 28175.38, 1694, 2806, 0.00, 0.00
2026-7-30, 09:27:43.123000, 28199.75, 28240.00, 28199.75, 28223.00, 4500, 4192, 28215.63, 28220.92, 28219.88, 2042, 2458, 0.00, 0.00
2026-7-30, 09:29:34.109007, 28223.00, 28239.75, 28188.50, 28239.75, 4500, 4317, 28222.75, 28222.67, 28214.13, 2316, 2184, 0.00, 28244.75
2026-7-30, 09:31:55.912002, 28239.75, 28246.50, 28216.00, 28227.50, 4500, 4217, 28232.44, 28230.00, 28231.25, 2323, 2177, 0.00, 0.00
2026-7-30, 09:34:36.799003, 28227.50, 28241.00, 28202.50, 28236.50, 4500, 4201, 28226.88, 28226.67, 28221.75, 2275, 2225, 0.00, 0.00
2026-7-30, 09:37:15.774000, 28236.50, 28244.50, 28210.00, 28227.50, 4500, 4142, 28229.63, 28227.33, 28227.25, 2327, 2173, 0.00, 0.00
2026-7-30, 09:40:37.425002, 28227.50, 28241.00, 28171.25, 28178.00, 4500, 4238, 28204.44, 28196.75, 28206.13, 2427, 2073, 0.00, 0.00
2026-7-30, 09:44:13.553000, 28177.25, 28196.00, 28158.00, 28160.00, 4500, 4136, 28172.81, 28171.33, 28177.00, 2313, 2187, 0.00, 0.00
2026-7-30, 09:46:35.571008, 28160.00, 28173.00, 28130.50, 28157.25, 4500, 4134, 28155.19, 28153.58, 28151.75, 2385, 2115, 0.00, 0.00
2026-7-30, 09:49:04.140003, 28157.25, 28176.25, 28117.00, 28124.00, 4500, 4190, 28143.63, 28139.08, 28146.63, 2414, 2086, 0.00, 0.00
2026-7-30, 09:51:33.168002, 28124.25, 28129.00, 28066.25, 28066.25, 4500, 4098, 28096.44, 28087.17, 28097.63, 2396, 2104, 0.00, 0.00
2026-7-30, 09:54:26.245003, 28066.25, 28079.25, 28024.00, 28041.50, 4500, 4124, 28052.75, 28048.25, 28051.63, 2488, 2012, 0.00, 0.00
2026-7-30, 09:56:31.795002, 28041.50, 28072.50, 28022.50, 28070.25, 4500, 4311, 28051.69, 28055.08, 28047.50, 1996, 2504, 28017.50, 0.00
2026-7-30, 09:58:57.278002, 28070.25, 28094.75, 28013.50, 28020.25, 4500, 4210, 28049.69, 28042.83, 28054.13, 2405, 2095, 0.00, 0.00
2026-7-30, 10:00:50.428001, 28020.50, 28060.00, 28012.75, 28060.00, 4500, 3964, 28038.31, 28044.25, 28036.38, 1986, 2514, 0.00, 0.00
2026-7-30, 10:02:58.782010, 28060.00, 28113.50, 28059.50, 28090.75, 4500, 3705, 28080.94, 28087.92, 28086.50, 1776, 2724, 0.00, 0.00
2026-7-30, 10:04:53.032003, 28090.75, 28123.25, 28064.50, 28066.50, 4500, 4259, 28086.25, 28084.75, 28093.88, 2335, 2165, 0.00, 0.00
2026-7-30, 10:07:44.521001, 28067.00, 28137.75, 28054.75, 28083.75, 4500, 4286, 28085.81, 28092.08, 28096.25, 2104, 2396, 0.00, 0.00
2026-7-30, 10:10:41.744002, 28083.75, 28084.75, 28020.25, 28032.00, 4500, 3914, 28055.19, 28045.67, 28052.50, 2568, 1932, 0.00, 0.00
2026-7-30, 10:13:19.279000, 28033.50, 28069.75, 28006.25, 28060.25, 4500, 4193, 28042.44, 28045.42, 28038.00, 2293, 2207, 0.00, 0.00
2026-7-30, 10:16:37.987001, 28060.25, 28076.25, 28022.25, 28040.25, 4500, 3737, 28049.75, 28046.25, 28049.25, 2565, 1935, 0.00, 0.00
2026-7-30, 10:19:46.964001, 28040.25, 28099.50, 28037.50, 28065.50, 4500, 4191, 28060.69, 28067.50, 28068.50, 2203, 2297, 0.00, 0.00
2026-7-30, 10:23:10.792000, 28065.00, 28078.75, 27996.25, 28012.00, 4500, 4138, 28038.00, 28029.00, 28037.50, 2435, 2065, 0.00, 0.00
2026-7-30, 10:26:29.563000, 28011.25, 28052.00, 28001.00, 28009.75, 4500, 4211, 28018.50, 28020.92, 28026.50, 2303, 2197, 0.00, 0.00
2026-7-30, 10:30:22.353000, 28009.00, 28059.75, 28005.25, 28038.25, 4500, 4073, 28028.06, 28034.42, 28032.50, 2305, 2195, 0.00, 0.00
2026-7-30, 10:34:20.054000, 28038.75, 28089.25, 28038.50, 28045.00, 4500, 4294, 28052.88, 28057.58, 28063.88, 2291, 2209, 0.00, 0.00
2026-7-30, 10:38:07.989000, 28045.00, 28086.25, 28036.50, 28064.50, 4500, 4165, 28058.06, 28062.42, 28061.38, 2306, 2194, 0.00, 0.00
2026-7-30, 10:42:38.860000, 28064.75, 28122.25, 28062.50, 28119.00, 4500, 4204, 28092.13, 28101.25, 28092.38, 2155, 2345, 0.00, 0.00
2026-7-30, 10:46:31.904003, 28119.00, 28133.75, 28087.75, 28088.75, 4500, 4274, 28107.31, 28103.42, 28110.75, 2312, 2188, 0.00, 0.00
2026-7-30, 10:50:53.506003, 28088.75, 28106.50, 28049.25, 28090.50, 4500, 4120, 28083.75, 28082.08, 28077.88, 2034, 2466, 0.00, 0.00
2026-7-30, 10:54:01.176000, 28090.50, 28131.25, 28077.75, 28084.00, 4500, 4332, 28095.88, 28097.67, 28104.50, 2401, 2099, 0.00, 0.00
2026-7-30, 10:59:09.776000, 28084.75, 28103.50, 28059.00, 28091.50, 4500, 3942, 28084.69, 28084.67, 28081.25, 2104, 2396, 0.00, 0.00
2026-7-30, 11:02:17.487000, 28091.00, 28161.50, 28083.75, 28157.25, 4500, 3824, 28123.38, 28134.17, 28122.63, 1824, 2676, 0.00, 0.00
2026-7-30, 11:05:16.084000, 28157.25, 28165.75, 28135.75, 28158.00, 4500, 4234, 28154.19, 28153.17, 28150.75, 2334, 2166, 0.00, 28170.75
2026-7-30, 11:11:26.566000, 28157.25, 28191.00, 28153.50, 28187.25, 4500, 4224, 28172.25, 28177.25, 28172.25, 2295, 2205, 0.00, 0.00
2026-7-30, 11:16:38.630000, 28186.50, 28192.75, 28165.50, 28185.50, 4500, 4186, 28182.56, 28181.25, 28179.13, 2249, 2251, 0.00, 0.00
2026-7-30, 11:22:06.736000, 28184.25, 28185.25, 28144.00, 28152.00, 4500, 4237, 28166.38, 28160.42, 28164.63, 2329, 2171, 0.00, 0.00
2026-7-30, 11:28:33.859000, 28151.50, 28152.75, 28111.75, 28123.75, 4500, 4280, 28134.94, 28129.42, 28132.25, 2373, 2127, 0.00, 0.00
2026-7-30, 11:34:52.266001, 28123.75, 28141.50, 28082.00, 28087.75, 4500, 4274, 28108.75, 28103.75, 28111.75, 2312, 2188, 0.00, 0.00
2026-7-30, 11:40:53.509008, 28087.75, 28090.75, 28054.50, 28078.25, 4500, 4070, 28077.81, 28074.50, 28072.63, 2203, 2297, 0.00, 0.00
2026-7-30, 11:45:10.486000, 28078.50, 28107.75, 28077.25, 28104.75, 4500, 3831, 28092.06, 28096.58, 28092.50, 1935, 2565, 0.00, 0.00
2026-7-30, 11:50:01.339000, 28105.00, 28136.50, 28078.25, 28112.00, 4500, 4190, 28107.94, 28108.92, 28107.38, 2040, 2460, 0.00, 0.00
2026-7-30, 11:55:23.506001, 28112.00, 28170.50, 28110.25, 28158.00, 4500, 4220, 28137.69, 28146.25, 28140.38, 2112, 2388, 0.00, 0.00
2026-7-30, 12:01:01.536000, 28159.00, 28183.75, 28148.00, 28178.25, 4500, 4140, 28167.25, 28170.00, 28165.88, 2126, 2374, 0.00, 0.00
2026-7-30, 12:06:46.563004, 28178.25, 28182.75, 28153.25, 28160.00, 4500, 4283, 28168.56, 28165.33, 28168.00, 2399, 2101, 0.00, 0.00
2026-7-30, 12:14:39.916000, 28159.25, 28207.25, 28156.25, 28196.75, 4500, 4093, 28179.88, 28186.75, 28181.75, 2162, 2338, 0.00, 0.00
2026-7-30, 12:21:14.012001, 28197.00, 28207.75, 28164.25, 28175.00, 4500, 4208, 28186.00, 28182.33, 28186.00, 2384, 2116, 0.00, 0.00
2026-7-30, 12:30:09.054002, 28175.00, 28184.00, 28153.25, 28155.50, 4500, 4153, 28166.94, 28164.25, 28168.63, 2417, 2083, 0.00, 0.00
2026-7-30, 12:38:01.534000, 28155.00, 28197.75, 28139.50, 28197.00, 4500, 4288, 28172.31, 28178.08, 28168.63, 2137, 2363, 0.00, 0.00
2026-7-30, 12:43:26.747001, 28196.50, 28208.50, 28180.25, 28202.75, 4500, 4265, 28197.00, 28197.17, 28194.38, 2308, 2192, 0.00, 0.00
2026-7-30, 12:51:52.098001, 28202.75, 28204.25, 28165.50, 28194.75, 4500, 3976, 28191.81, 28188.17, 28184.88, 2506, 1994, 0.00, 0.00
2026-7-30, 13:00:14.365000, 28194.50, 28202.25, 28167.00, 28189.50, 4500, 4340, 28188.31, 28186.25, 28184.63, 2350, 2150, 0.00, 0.00
2026-7-30, 13:10:53.652001, 28189.50, 28205.00, 28165.50, 28165.50, 4500, 4212, 28181.38, 28178.67, 28185.25, 2411, 2089, 0.00, 0.00
2026-7-30, 13:19:36.047000, 28166.75, 28192.75, 28162.25, 28189.75, 4500, 4110, 28177.88, 28181.58, 28177.50, 2339, 2161, 0.00, 0.00
2026-7-30, 13:30:38.235001, 28189.75, 28199.00, 28158.00, 28165.00, 4500, 4173, 28177.94, 28174.00, 28178.50, 2452, 2048, 0.00, 0.00
2026-7-30, 13:38:48.314000, 28165.25, 28186.00, 28148.50, 28183.25, 4500, 4205, 28170.75, 28172.58, 28167.25, 2249, 2251, 0.00, 0.00
2026-7-30, 13:47:09.519000, 28183.25, 28189.50, 28154.75, 28166.75, 4500, 4076, 28173.56, 28170.33, 28172.13, 2344, 2156, 0.00, 0.00
2026-7-30, 13:56:51.358000, 28166.75, 28200.25, 28160.50, 28195.75, 4500, 3868, 28180.81, 28185.50, 28180.38, 1937, 2563, 0.00, 0.00
2026-7-30, 14:02:06.004000, 28196.00, 28229.25, 28191.25, 28228.25, 4500, 4066, 28211.19, 28216.25, 28210.25, 2039, 2461, 0.00, 0.00
2026-7-30, 14:07:15.756006, 28228.25, 28273.00, 28226.75, 28270.75, 4500, 4163, 28249.69, 28256.83, 28249.88, 1947, 2553, 0.00, 0.00
2026-7-30, 14:10:30.554007, 28270.75, 28296.50, 28269.00, 28288.50, 4500, 3626, 28281.19, 28284.67, 28282.75, 1851, 2649, 0.00, 0.00
2026-7-30, 14:13:05.120003, 28288.50, 28292.50, 28262.00, 28289.50, 4500, 4189, 28283.13, 28281.33, 28277.25, 2356, 2144, 0.00, 0.00
2026-7-30, 14:17:09.454002, 28289.50, 28297.75, 28257.50, 28258.25, 4500, 4087, 28275.75, 28271.17, 28277.63, 2408, 2092, 0.00, 0.00
2026-7-30, 14:22:32.336000, 28257.75, 28273.75, 28249.25, 28249.25, 4500, 4239, 28257.50, 28257.42, 28261.50, 2316, 2184, 0.00, 0.00
2026-7-30, 14:29:14.089001, 28249.25, 28257.25, 28235.00, 28243.00, 4500, 4231, 28246.13, 28245.08, 28246.13, 2392, 2108, 0.00, 0.00
2026-7-30, 14:34:20.360000, 28242.75, 28247.50, 28219.75, 28239.00, 4500, 4114, 28237.25, 28235.42, 28233.63, 2353, 2147, 0.00, 0.00
2026-7-30, 14:39:44.726000, 28238.25, 28244.25, 28221.75, 28244.25, 4500, 4267, 28237.13, 28236.75, 28233.00, 2510, 1990, 0.00, 0.00
2026-7-30, 14:45:40.347003, 28244.25, 28244.75, 28217.00, 28221.00, 4500, 4134, 28231.75, 28227.58, 28230.88, 2463, 2037, 0.00, 0.00
2026-7-30, 14:50:10.065000, 28222.50, 28239.50, 28207.00, 28231.00, 4500, 4209, 28225.00, 28225.83, 28223.25, 2371, 2129, 0.00, 0.00
2026-7-30, 14:53:13.609000, 28231.25, 28241.00, 28202.50, 28205.50, 4500, 4248, 28220.06, 28216.33, 28221.75, 2409, 2091, 0.00, 0.00
2026-7-30, 14:55:14.600000, 28205.25, 28238.50, 28205.25, 28231.25, 4500, 4082, 28220.06, 28225.00, 28221.88, 2160, 2340, 0.00, 0.00
2026-7-30, 14:57:28.446000, 28231.00, 28246.75, 28229.50, 28242.75, 4500, 4032, 28237.50, 28239.67, 28238.13, 2008, 2492, 0.00, 0.00
2026-7-30, 14:59:01.376001, 28242.75, 28262.50, 28242.25, 28254.25, 4500, 3892, 28250.44, 28253.00, 28252.38, 2229, 2271, 0.00, 0.00
2026-7-30, 14:59:33.667001, 28254.25, 28255.50, 28238.25, 28238.50, 4500, 3712, 28246.63, 28244.08, 28246.88, 2268, 2232, 0.00, 0.00
2026-7-30, 14:59:54.010015, 28238.50, 28242.75, 28208.00, 28210.00, 4500, 3771, 28224.81, 28220.25, 28225.38, 2388, 2112, 0.00, 0.00
2026-7-30, 15:00:00.803002, 28210.00, 28330.00, 28205.50, 28321.25, 4500, 3711, 28266.69, 28285.58, 28267.75, 1987, 2513, 28200.50, 0.00
2026-7-30, 15:01:05.480001, 28316.75, 28367.00, 28303.50, 28318.00, 4500, 3800, 28326.31, 28329.50, 28335.25, 2116, 2384, 28298.50, 0.00
2026-7-30, 15:03:31.664003, 28318.00, 28336.75, 28293.00, 28298.25, 4500, 3926, 28311.50, 28309.33, 28314.88, 2121, 2379, 0.00, 0.00
2026-7-30, 15:10:02.696002, 28298.25, 28351.00, 28284.00, 28327.75, 4500, 3699, 28315.25, 28320.92, 28317.50, 1917, 2583, 0.00, 0.00
2026-7-30, 15:18:14.618011, 28327.75, 28414.50, 28324.25, 28333.75, 4500, 3737, 28350.06, 28357.50, 28369.38, 2221, 2279, 0.00, 0.00
2026-7-30, 15:30:19.610000, 28334.50, 28369.25, 28311.00, 28340.25, 4500, 3647, 28338.75, 28340.17, 28340.13, 2243, 2257, 0.00, 0.00
2026-7-30, 15:39:38.863000, 28340.00, 28364.50, 28300.00, 28327.50, 4500, 3674, 28333.00, 28330.67, 28332.25, 2383, 2117, 0.00, 0.00
2026-7-30, 17:00:07.318002, 28327.50, 28413.75, 28308.50, 28357.25, 4500, 4148, 28351.75, 28359.83, 28361.13, 2241, 2259, 0.00, 0.00
2026-7-30, 17:23:37.015001, 28357.00, 28409.75, 28331.00, 28398.25, 4500, 4105, 28374.00, 28379.67, 28370.38, 2237, 2263, 0.00, 0.00
2026-7-30, 18:01:24.507000, 28398.75, 28426.50, 28362.25, 28419.75, 4500, 4125, 28401.81, 28402.83, 28394.38, 2295, 2205, 0.00, 0.00
2026-7-30, 18:46:51.703000, 28417.75, 28455.75, 28391.50, 28446.75, 4500, 4029, 28427.94, 28431.33, 28423.63, 2217, 2283, 0.00, 0.00
2026-7-30, 19:08:57.976000, 28447.50, 28497.50, 28432.00, 28497.50, 4500, 4091, 28468.63, 28475.67, 28464.75, 2103, 2397, 0.00, 0.00
2026-7-30, 19:31:12.577000, 28497.75, 28538.00, 28468.75, 28538.00, 4500, 4100, 28510.63, 28514.92, 28503.38, 2083, 2417, 0.00, 0.00
2026-7-30, 20:01:05.709001, 28538.00, 28572.00, 28537.25, 28551.75, 4500, 4181, 28549.75, 28553.67, 28554.63, 2110, 2390, 0.00, 0.00
2026-7-30, 20:30:32.041000, 28553.50, 28558.25, 28455.50, 28459.25, 4500, 4060, 28506.63, 28491.00, 28506.88, 2704, 1796, 0.00, 0.00
2026-7-30, 20:55:28.134000, 28459.50, 28499.50, 28401.00, 28425.50, 4500, 3985, 28446.38, 28442.00, 28450.25, 2474, 2026, 0.00, 0.00
2026-7-30, 21:21:40.327000, 28426.25, 28438.00, 28389.50, 28427.00, 4500, 4194, 28420.19, 28418.17, 28413.75, 2118, 2382, 28384.50, 0.00
2026-7-30, 22:03:11.952000, 28428.00, 28478.25, 28398.00, 28433.50, 4500, 4206, 28434.44, 28436.58, 28438.13, 2092, 2408, 0.00, 0.00
2026-7-30, 22:48:32.146002, 28433.50, 28537.00, 28423.00, 28532.25, 4500, 4166, 28481.44, 28497.42, 28480.00, 2057, 2443, 0.00, 0.00
2026-7-30, 23:39:13.216000, 28532.00, 28581.00, 28532.00, 28571.00, 4500, 4129, 28554.00, 28561.33, 28556.50, 2107, 2393, 0.00, 0.00
2026-7-31, 00:31:10.754000, 28569.75, 28600.00, 28541.00, 28595.00, 4500, 4147, 28576.44, 28578.67, 28570.50, 2043, 2457, 0.00, 0.00
2026-7-31, 01:09:28.598000, 28595.00, 28611.75, 28485.50, 28498.50, 4500, 3914, 28547.69, 28531.92, 28548.63, 2428, 2072, 0.00, 0.00
2026-7-31, 01:36:59.718001, 28498.75, 28514.00, 28450.00, 28501.00, 4500, 4025, 28490.94, 28488.33, 28482.00, 2217, 2283, 0.00, 0.00
2026-7-31, 01:58:45.647001, 28501.00, 28545.25, 28455.00, 28544.00, 4500, 3807, 28511.31, 28514.75, 28500.13, 2195, 2305, 0.00, 0.00
2026-7-31, 02:19:37.348001, 28544.25, 28584.25, 28518.00, 28558.50, 4500, 4161, 28551.25, 28553.58, 28551.13, 2266, 2234, 0.00, 0.00
2026-7-31, 02:52:21.139001, 28559.00, 28597.00, 28524.75, 28591.50, 4500, 4101, 28568.06, 28571.08, 28560.88, 2277, 2223, 0.00, 0.00
2026-7-31, 03:21:07.980000, 28591.50, 28616.00, 28561.50, 28616.00, 4500, 4181, 28596.25, 28597.83, 28588.75, 2137, 2363, 0.00, 0.00
2026-7-31, 04:00:48.203003, 28616.00, 28640.75, 28569.00, 28579.75, 4500, 3928, 28601.38, 28596.50, 28604.88, 2202, 2298, 0.00, 0.00
2026-7-31, 04:33:47.591001, 28579.75, 28579.75, 28519.50, 28530.75, 4500, 3815, 28552.44, 28543.33, 28549.63, 2165, 2335, 0.00, 0.00
2026-7-31, 05:07:01.711002, 28530.50, 28591.25, 28526.00, 28572.50, 4500, 4120, 28555.06, 28563.25, 28558.63, 2231, 2269, 0.00, 0.00
2026-7-31, 05:56:35.882001, 28572.50, 28626.00, 28550.25, 28550.25, 4500, 4162, 28574.75, 28575.50, 28588.13, 2245, 2255, 0.00, 0.00
2026-7-31, 06:29:32.738007, 28550.25, 28560.75, 28510.00, 28510.00, 4500, 4248, 28532.75, 28526.92, 28535.38, 2318, 2182, 0.00, 0.00
2026-7-31, 07:03:29.562000, 28510.75, 28515.75, 28449.50, 28483.00, 4500, 3980, 28489.75, 28482.75, 28482.63, 2235, 2265, 0.00, 0.00
2026-7-31, 07:21:13.308000, 28482.75, 28506.00, 28448.00, 28469.75, 4500, 3899, 28476.63, 28474.58, 28477.00, 2322, 2178, 0.00, 0.00
2026-7-31, 07:36:11.666000, 28470.50, 28489.25, 28432.25, 28488.50, 4500, 4123, 28470.13, 28470.00, 28460.75, 2236, 2264, 0.00, 0.00
2026-7-31, 07:54:44.056000, 28488.00, 28514.00, 28457.75, 28513.25, 4500, 4107, 28493.25, 28495.00, 28485.88, 2292, 2208, 0.00, 0.00
2026-7-31, 08:10:09.293000, 28513.50, 28546.00, 28512.50, 28545.00, 4500, 4155, 28529.25, 28534.50, 28529.25, 2290, 2210, 0.00, 0.00
2026-7-31, 08:22:49.534008, 28545.00, 28584.00, 28536.50, 28576.00, 4443, 4063, 28560.38, 28565.50, 28560.25, 2156, 2287, 0.00, 0.00
2026-7-31, 08:30:00.000000, 28576.75, 28610.25, 28542.50, 28606.75, 4500, 4207, 28584.06, 28586.50, 28576.38, 2289, 2211, 0.00, 0.00
2026-7-31, 08:30:41.012000, 28606.00, 28633.00, 28584.50, 28622.00, 4500, 4234, 28611.38, 28613.17, 28608.75, 2183, 2317, 0.00, 0.00
2026-7-31, 08:31:54.779000, 28622.75, 28670.50, 28621.75, 28670.50, 4500, 4090, 28646.38, 28654.25, 28646.13, 2030, 2470, 0.00, 0.00
2026-7-31, 08:33:03.317000, 28671.00, 28705.75, 28670.00, 28695.00, 4500, 4199, 28685.44, 28690.25, 28687.88, 2200, 2300, 0.00, 0.00
2026-7-31, 08:34:30.597001, 28694.75, 28725.75, 28679.75, 28710.00, 4500, 4185, 28702.56, 28705.17, 28702.75, 2211, 2289, 0.00, 0.00
2026-7-31, 08:36:06.309005, 28710.25, 28710.25, 28653.25, 28656.75, 4500, 4282, 28682.63, 28673.42, 28681.75, 2346, 2154, 0.00, 0.00
2026-7-31, 08:37:37.469000, 28657.25, 28666.50, 28596.75, 28600.50, 4500, 4174, 28630.25, 28621.25, 28631.63, 2443, 2057, 0.00, 0.00
2026-7-31, 08:38:45.955000, 28600.75, 28610.75, 28557.75, 28558.25, 4500, 4164, 28581.88, 28575.58, 28584.25, 2271, 2229, 0.00, 0.00
2026-7-31, 08:39:53.536001, 28558.00, 28575.25, 28516.50, 28558.50, 4500, 4186, 28552.06, 28550.08, 28545.88, 2256, 2244, 0.00, 0.00
2026-7-31, 08:41:11.973000, 28556.75, 28578.25, 28474.50, 28479.75, 4500, 4252, 28522.31, 28510.83, 28526.38, 2318, 2182, 0.00, 0.00
2026-7-31, 08:42:52.201000, 28479.00, 28504.75, 28435.25, 28444.00, 4500, 4293, 28465.75, 28461.33, 28470.00, 2267, 2233, 0.00, 0.00
2026-7-31, 08:44:06.000000, 28444.50, 28479.50, 28415.00, 28457.25, 4500, 4278, 28449.06, 28450.58, 28447.25, 2337, 2163, 0.00, 0.00
2026-7-31, 08:45:27.523001, 28457.25, 28459.75, 28385.00, 28402.25, 4500, 4282, 28426.06, 28415.67, 28422.38, 2359, 2141, 0.00, 0.00
2026-7-31, 08:46:42.242000, 28400.25, 28419.25, 28362.75, 28366.25, 4500, 4281, 28387.13, 28382.75, 28391.00, 2422, 2078, 0.00, 0.00
2026-7-31, 08:48:13.214001, 28366.25, 28376.00, 28325.50, 28332.25, 4500, 4146, 28350.00, 28344.58, 28350.75, 2511, 1989, 0.00, 0.00
2026-7-31, 08:49:12.109001, 28332.25, 28369.50, 28318.00, 28355.25, 4500, 4201, 28343.75, 28347.58, 28343.75, 2323, 2177, 0.00, 0.00
2026-7-31, 08:50:28.723001, 28355.50, 28399.50, 28338.75, 28397.50, 4500, 4217, 28372.81, 28378.58, 28369.13, 2023, 2477, 0.00, 0.00
2026-7-31, 08:52:02.160000, 28397.75, 28407.50, 28311.50, 28311.50, 4500, 4218, 28357.06, 28343.50, 28359.50, 2394, 2106, 0.00, 0.00
2026-7-31, 08:53:20.240002, 28311.25, 28345.25, 28295.50, 28317.50, 4500, 4095, 28317.38, 28319.42, 28320.38, 2215, 2285, 0.00, 0.00
2026-7-31, 08:54:47.903001, 28317.25, 28378.00, 28311.25, 28364.75, 4500, 4148, 28342.81, 28351.33, 28344.63, 2207, 2293, 0.00, 0.00
2026-7-31, 08:56:10.162000, 28365.00, 28414.50, 28352.50, 28400.75, 4500, 4335, 28383.19, 28389.25, 28383.50, 2052, 2448, 0.00, 0.00
2026-7-31, 08:57:27.883000, 28400.00, 28407.25, 28338.50, 28362.75, 4500, 4091, 28377.13, 28369.50, 28372.88, 2377, 2123, 0.00, 0.00
2026-7-31, 09:00:02.023001, 28362.75, 28393.00, 28286.25, 28330.00, 4500, 4158, 28343.00, 28336.42, 28339.63, 2485, 2015, 0.00, 0.00
2026-7-31, 09:02:00.166006, 28330.25, 28339.25, 28264.25, 28284.25, 4500, 4242, 28304.50, 28295.92, 28301.75, 2433, 2067, 0.00, 0.00
2026-7-31, 09:03:39.715006, 28284.25, 28292.00, 28229.25, 28234.25, 4500, 4259, 28259.94, 28251.83, 28260.63, 2465, 2035, 0.00, 0.00
2026-7-31, 09:05:08.656000, 28233.50, 28272.00, 28216.00, 28221.00, 4500, 4325, 28235.63, 28236.33, 28244.00, 2304, 2196, 0.00, 0.00
2026-7-31, 09:06:52.082000, 28220.00, 28223.50, 28159.50, 28182.25, 4500, 4266, 28196.31, 28188.42, 28191.50, 2449, 2051, 0.00, 0.00
2026-7-31, 09:08:05.829000, 28182.50, 28193.25, 28124.00, 28157.50, 4500, 4168, 28164.31, 28158.25, 28158.63, 2356, 2144, 0.00, 0.00
2026-7-31, 09:09:16.157000, 28157.25, 28174.50, 28102.00, 28132.50, 4500, 4177, 28141.56, 28136.33, 28138.25, 2291, 2209, 0.00, 0.00
2026-7-31, 09:10:38.707001, 28132.75, 28179.50, 28107.25, 28176.50, 4500, 4256, 28149.00, 28154.42, 28143.38, 2211, 2289, 0.00, 0.00
2026-7-31, 09:12:08.019003, 28176.50, 28192.00, 28111.50, 28120.25, 4500, 4171, 28150.06, 28141.25, 28151.75, 2230, 2270, 0.00, 0.00
2026-7-31, 09:13:27.577000, 28118.75, 28155.25, 28100.50, 28122.50, 4500, 4304, 28124.25, 28126.08, 28127.88, 2241, 2259, 0.00, 0.00
2026-7-31, 09:15:15.650001, 28122.25, 28163.75, 28079.75, 28083.25, 4500, 3923, 28112.25, 28108.92, 28121.75, 2593, 1907, 0.00, 0.00
2026-7-31, 09:16:25.950000, 28084.75, 28162.50, 28080.50, 28160.50, 4500, 4206, 28122.06, 28134.50, 28121.50, 2181, 2319, 0.00, 0.00
2026-7-31, 09:18:19.076005, 28160.75, 28214.50, 28158.75, 28186.50, 4500, 4224, 28180.13, 28186.58, 28186.63, 2104, 2396, 0.00, 0.00
2026-7-31, 09:19:46.352000, 28188.75, 28236.25, 28157.00, 28217.75, 4500, 4071, 28199.94, 28203.67, 28196.63, 2246, 2254, 0.00, 0.00
2026-7-31, 09:21:10.294001, 28218.00, 28248.00, 28176.00, 28235.75, 4500, 4231, 28219.44, 28219.92, 28212.00, 2196, 2304, 0.00, 0.00
2026-7-31, 09:23:01.252000, 28236.25, 28247.00, 28163.75, 28176.00, 4500, 4270, 28205.75, 28195.58, 28205.38, 2391, 2109, 0.00, 0.00
2026-7-31, 09:24:51.521000, 28176.50, 28222.00, 28162.50, 28181.25, 4500, 4310, 28185.56, 28188.58, 28192.25, 2319, 2181, 0.00, 0.00
2026-7-31, 09:27:21.531000, 28181.50, 28258.75, 28177.50, 28222.50, 4500, 3813, 28210.06, 28219.58, 28218.13, 1851, 2649, 0.00, 0.00
2026-7-31, 09:29:24.467000, 28223.00, 28281.75, 28223.00, 28251.50, 4500, 4265, 28244.81, 28252.08, 28252.38, 2127, 2373, 0.00, 0.00
2026-7-31, 09:31:47.489002, 28251.50, 28275.75, 28211.75, 28217.00, 4500, 4328, 28239.00, 28234.83, 28243.75, 2440, 2060, 0.00, 0.00
2026-7-31, 09:34:09.577002, 28217.00, 28292.75, 28212.75, 28288.00, 4500, 4348, 28252.63, 28264.50, 28252.75, 2143, 2357, 28207.75, 0.00
2026-7-31, 09:37:07.284000, 28289.25, 28296.00, 28258.00, 28288.00, 4500, 4241, 28282.81, 28280.67, 28277.00, 2267, 2233, 0.00, 0.00
2026-7-31, 09:41:01.326000, 28288.00, 28291.50, 28211.75, 28260.25, 4500, 4248, 28262.88, 28254.50, 28251.63, 2323, 2177, 0.00, 0.00
2026-7-31, 09:43:57.526005, 28260.25, 28280.75, 28237.00, 28259.50, 4500, 3997, 28259.38, 28259.08, 28258.88, 2507, 1993, 0.00, 0.00
2026-7-31, 09:46:16.610040, 28259.50, 28315.50, 28251.00, 28314.50, 4500, 4134, 28285.13, 28293.67, 28283.25, 2030, 2470, 0.00, 0.00
2026-7-31, 09:48:57.059003, 28314.50, 28342.75, 28305.75, 28327.25, 4500, 4228, 28322.56, 28325.25, 28324.25, 2193, 2307, 0.00, 0.00
2026-7-31, 09:51:22.386000, 28328.00, 28345.50, 28289.75, 28302.50, 4500, 4307, 28316.44, 28312.58, 28317.63, 2312, 2188, 0.00, 0.00
2026-7-31, 09:55:01.674004, 28302.50, 28333.75, 28255.25, 28310.75, 4500, 4354, 28300.56, 28299.92, 28294.50, 2318, 2182, 0.00, 0.00
2026-7-31, 09:58:00.243001, 28310.75, 28326.25, 28285.25, 28297.25, 4500, 3830, 28304.88, 28302.92, 28305.75, 2662, 1838, 0.00, 0.00
2026-7-31, 10:00:48.369001, 28297.25, 28316.00, 28273.75, 28315.25, 4500, 4288, 28300.56, 28301.67, 28294.88, 2280, 2220, 0.00, 0.00
2026-7-31, 10:04:44.122001, 28315.50, 28342.25, 28288.50, 28296.00, 4500, 4280, 28310.56, 28308.92, 28315.38, 2198, 2302, 0.00, 0.00
2026-7-31, 10:08:32.695000, 28296.00, 28296.50, 28233.00, 28233.00, 4500, 4264, 28264.63, 28254.17, 28264.75, 2372, 2128, 0.00, 0.00
2026-7-31, 10:11:38.526000, 28234.00, 28299.75, 28214.75, 28297.25, 4500, 4345, 28261.44, 28270.58, 28257.25, 2165, 2335, 0.00, 0.00
2026-7-31, 10:14:29.764001, 28297.50, 28339.25, 28244.25, 28259.75, 4500, 4300, 28285.19, 28281.08, 28291.75, 2226, 2274, 0.00, 0.00
2026-7-31, 10:17:03.647000, 28260.25, 28271.75, 28223.00, 28226.50, 4500, 4249, 28245.38, 28240.42, 28247.38, 2246, 2254, 0.00, 0.00
2026-7-31, 10:21:44.488001, 28226.50, 28236.50, 28192.50, 28200.25, 4500, 4216, 28213.94, 28209.75, 28214.50, 2350, 2150, 0.00, 0.00
2026-7-31, 10:25:17.200000, 28200.75, 28207.25, 28131.00, 28136.75, 4500, 4018, 28168.94, 28158.33, 28169.13, 2512, 1988, 0.00, 0.00
2026-7-31, 10:27:22.458000, 28136.50, 28167.50, 28122.25, 28160.00, 4500, 4383, 28146.56, 28149.92, 28144.88, 2149, 2351, 0.00, 0.00
2026-7-31, 10:30:16.045000, 28160.00, 28179.25, 28138.75, 28152.75, 4500, 4351, 28157.69, 28156.92, 28159.00, 2206, 2294, 0.00, 0.00
2026-7-31, 10:33:25.232000, 28152.75, 28203.75, 28115.50, 28200.75, 4500, 4154, 28168.19, 28173.33, 28159.63, 2168, 2332, 0.00, 0.00
2026-7-31, 10:35:33.654000, 28201.25, 28261.00, 28186.25, 28258.00, 4500, 4284, 28226.63, 28235.08, 28223.63, 2107, 2393, 0.00, 0.00
2026-7-31, 10:38:50.702004, 28258.00, 28260.50, 28171.25, 28179.75, 4500, 4260, 28217.38, 28203.83, 28215.88, 2481, 2019, 0.00, 0.00
2026-7-31, 10:42:02.650002, 28179.75, 28225.75, 28164.00, 28207.25, 4500, 4361, 28194.19, 28199.00, 28194.88, 2196, 2304, 0.00, 0.00
2026-7-31, 10:45:57.165000, 28207.50, 28221.00, 28164.00, 28201.75, 4500, 4377, 28198.56, 28195.58, 28192.50, 2288, 2212, 0.00, 0.00
2026-7-31, 10:50:14.862000, 28203.25, 28270.50, 28195.75, 28245.25, 4500, 4158, 28228.69, 28237.17, 28233.13, 2010, 2490, 0.00, 0.00
2026-7-31, 10:53:37.736000, 28246.00, 28291.00, 28243.75, 28281.00, 4500, 4278, 28265.44, 28271.92, 28267.38, 2158, 2342, 0.00, 0.00
2026-7-31, 10:57:45.563007, 28281.25, 28299.00, 28251.25, 28288.25, 4500, 3999, 28279.94, 28279.50, 28275.13, 2275, 2225, 0.00, 28304.00
2026-7-31, 11:01:22.437002, 28288.25, 28308.50, 28270.00, 28282.00, 4500, 3952, 28287.19, 28286.83, 28289.25, 2275, 2225, 0.00, 0.00
2026-7-31, 11:05:44.050000, 28281.50, 28292.00, 28243.75, 28292.00, 4500, 4309, 28277.31, 28275.92, 28267.88, 2266, 2234, 0.00, 0.00
2026-7-31, 11:11:17.093001, 28292.00, 28310.25, 28262.00, 28263.25, 4500, 4205, 28281.88, 28278.50, 28286.13, 2237, 2263, 0.00, 0.00
2026-7-31, 11:16:05.226000, 28263.75, 28315.25, 28256.00, 28311.75, 4500, 4279, 28286.69, 28294.33, 28285.63, 2094, 2406, 0.00, 0.00
2026-7-31, 11:22:31.311001, 28312.00, 28342.50, 28305.25, 28336.00, 4500, 4217, 28323.94, 28327.92, 28323.88, 2197, 2303, 0.00, 0.00
2026-7-31, 11:27:36.550000, 28336.50, 28381.50, 28319.75, 28365.00, 4500, 4091, 28350.69, 28355.42, 28350.63, 2041, 2459, 0.00, 0.00
2026-7-31, 11:31:38.480002, 28365.25, 28388.75, 28360.25, 28367.25, 4500, 4228, 28370.38, 28372.08, 28374.50, 2211, 2289, 0.00, 0.00
2026-7-31, 11:37:49.692000, 28368.00, 28372.50, 28321.00, 28335.50, 4500, 4234, 28349.25, 28343.00, 28346.75, 2465, 2035, 0.00, 0.00
2026-7-31, 11:42:51.885000, 28336.25, 28347.50, 28308.50, 28338.00, 4500, 4282, 28332.56, 28331.33, 28328.00, 2225, 2275, 0.00, 0.00
2026-7-31, 11:49:06.775000, 28337.75, 28383.75, 28330.00, 28358.25, 4500, 4251, 28352.44, 28357.33, 28356.88, 2184, 2316, 0.00, 0.00
2026-7-31, 11:55:19.900001, 28357.75, 28390.00, 28352.25, 28389.50, 4500, 4195, 28372.38, 28377.25, 28371.13, 2042, 2458, 0.00, 0.00
2026-7-31, 12:01:28.968000, 28389.25, 28409.50, 28364.75, 28372.25, 4500, 4188, 28383.94, 28382.17, 28387.13, 2263, 2237, 0.00, 0.00
2026-7-31, 12:08:17.739000, 28372.50, 28421.25, 28366.75, 28413.25, 4500, 4153, 28393.44, 28400.42, 28394.00, 2003, 2497, 0.00, 0.00
2026-7-31, 12:16:02.383000, 28413.00, 28440.75, 28396.00, 28438.50, 4500, 4228, 28422.06, 28425.08, 28418.38, 2136, 2364, 0.00, 0.00
2026-7-31, 12:24:18.748000, 28438.50, 28477.50, 28437.75, 28464.75, 4500, 4114, 28454.63, 28460.00, 28457.63, 2176, 2324, 0.00, 0.00
2026-7-31, 12:28:23.935000, 28464.25, 28481.00, 28449.00, 28480.50, 4500, 3969, 28468.69, 28470.17, 28465.00, 2078, 2422, 0.00, 0.00
2026-7-31, 12:33:59.867001, 28480.50, 28503.00, 28473.75, 28474.75, 4500, 4057, 28483.00, 28483.83, 28488.38, 2143, 2357, 0.00, 0.00
2026-7-31, 12:39:05.301000, 28474.75, 28476.25, 28443.25, 28460.25, 4500, 4167, 28463.63, 28459.92, 28459.75, 2385, 2115, 0.00, 0.00
2026-7-31, 12:44:31.515000, 28459.00, 28475.75, 28416.25, 28416.25, 4500, 4175, 28441.81, 28436.08, 28446.00, 2358, 2142, 0.00, 0.00
2026-7-31, 12:50:04.447004, 28416.00, 28466.25, 28415.75, 28453.25, 4500, 4178, 28437.81, 28445.08, 28441.00, 2140, 2360, 0.00, 0.00
2026-7-31, 12:56:32.075001, 28453.25, 28459.75, 28418.25, 28431.00, 4500, 4245, 28440.56, 28436.33, 28439.00, 2334, 2166, 0.00, 0.00
2026-7-31, 13:04:06.828003, 28431.00, 28452.25, 28399.50, 28399.75, 4500, 4204, 28420.63, 28417.17, 28425.88, 2451, 2049, 0.00, 0.00
2026-7-31, 13:11:28.754001, 28399.75, 28429.00, 28395.25, 28428.75, 4500, 4266, 28413.19, 28417.67, 28412.13, 2258, 2242, 0.00, 0.00
2026-7-31, 13:17:27.912000, 28429.00, 28446.00, 28418.00, 28418.75, 4500, 4313, 28427.94, 28427.58, 28432.00, 2281, 2219, 0.00, 0.00
2026-7-31, 13:25:49.900000, 28418.75, 28448.00, 28413.00, 28423.75, 4500, 4303, 28425.88, 28428.25, 28430.50, 2211, 2289, 0.00, 0.00
2026-7-31, 13:37:00.370000, 28423.75, 28445.00, 28415.50, 28434.75, 4500, 4319, 28429.75, 28431.75, 28430.25, 2235, 2265, 0.00, 0.00
2026-7-31, 13:48:42.908000, 28436.00, 28462.00, 28416.50, 28421.50, 4500, 4166, 28434.00, 28433.33, 28439.25, 2365, 2135, 0.00, 0.00
2026-7-31, 13:57:42.025001, 28421.50, 28458.75, 28410.25, 28411.75, 4500, 4209, 28425.56, 28426.92, 28434.50, 2295, 2205, 0.00, 0.00
2026-7-31, 14:05:35.381000, 28412.00, 28442.25, 28405.50, 28432.50, 4500, 4171, 28423.06, 28426.75, 28423.88, 2280, 2220, 0.00, 0.00
2026-7-31, 14:14:46.477000, 28432.75, 28492.00, 28426.25, 28486.25, 4500, 4074, 28459.31, 28468.17, 28459.13, 2031, 2469, 0.00, 0.00
2026-7-31, 14:20:13.885003, 28486.25, 28498.00, 28461.00, 28468.50, 4500, 4235, 28478.44, 28475.83, 28479.50, 2416, 2084, 0.00, 0.00
2026-7-31, 14:26:03.974001, 28468.50, 28480.50, 28441.75, 28457.00, 4500, 4192, 28461.94, 28459.75, 28461.13, 2415, 2085, 0.00, 0.00
2026-7-31, 14:33:03.105000, 28456.75, 28473.50, 28448.00, 28458.00, 4500, 4031, 28459.06, 28459.83, 28460.75, 2426, 2074, 0.00, 0.00
2026-7-31, 14:40:10.818001, 28458.00, 28498.00, 28434.50, 28493.75, 4500, 4251, 28471.06, 28475.42, 28466.25, 2210, 2290, 0.00, 0.00
2026-7-31, 14:45:29.809008, 28494.00, 28510.00, 28481.25, 28507.50, 4500, 4343, 28498.19, 28499.58, 28495.63, 2203, 2297, 0.00, 0.00
2026-7-31, 14:50:00.006016, 28507.50, 28518.50, 28473.75, 28499.00, 4500, 4252, 28499.69, 28497.08, 28496.13, 2376, 2124, 0.00, 0.00
2026-7-31, 14:52:40.143001, 28499.00, 28524.00, 28492.00, 28503.75, 4500, 4063, 28504.69, 28506.58, 28508.00, 2361, 2139, 0.00, 0.00
2026-7-31, 14:55:00.057006, 28504.00, 28504.00, 28460.50, 28460.50, 4500, 4336, 28482.25, 28475.00, 28482.25, 2292, 2208, 0.00, 0.00
2026-7-31, 14:57:48.593002, 28460.50, 28465.75, 28435.00, 28443.25, 4500, 4088, 28451.13, 28448.00, 28450.38, 2200, 2300, 0.00, 0.00
2026-7-31, 14:59:25.051001, 28443.25, 28445.00, 28400.00, 28401.75, 4500, 3915, 28422.50, 28415.58, 28422.50, 2596, 1904, 0.00, 0.00
2026-7-31, 14:59:51.246000, 28401.50, 28402.50, 28380.00, 28394.00, 4500, 3861, 28394.50, 28392.17, 28391.25, 2447, 2053, 0.00, 0.00
2026-7-31, 14:59:58.498000, 28394.25, 28434.25, 28391.50, 28408.50, 4500, 4225, 28407.13, 28411.42, 28412.88, 2301, 2199, 0.00, 0.00
2026-7-31, 15:00:28.995000, 28408.50, 28421.50, 28341.75, 28341.75, 4500, 3994, 28378.38, 28368.33, 28381.63, 2315, 2185, 28336.75, 0.00
2026-7-31, 15:02:42.009001, 28341.75, 28379.00, 28340.50, 28370.25, 4500, 4028, 28357.88, 28363.25, 28359.75, 2241, 2259, 0.00, 0.00
2026-7-31, 15:07:47.449000, 28369.75, 28404.00, 28364.50, 28381.00, 4500, 3985, 28379.81, 28383.17, 28384.25, 2330, 2170, 0.00, 0.00
2026-7-31, 15:19:20.075000, 28381.00, 28395.50, 28356.00, 28383.25, 4500, 3957, 28378.94, 28378.25, 28375.75, 2342, 2158, 0.00, 0.00
2026-7-31, 15:45:13.434002, 28383.25, 28386.25, 28279.00, 28297.00, 4500, 3747, 28336.38, 28320.75, 28332.63, 2515, 1985, 0.00, 0.00
2026-7-31, 15:59:32.854001, 28295.75, 28297.00, 28258.25, 28287.00, 314, 214, 28284.50, 28280.75, 28277.63, 178, 136, 0.00, 0.00
2026-8-2, 17:00:00.000000, 28565.00, 28630.00, 28549.25, 28611.00, 4500, 3564, 28588.81, 28596.75, 28589.63, 2314, 2186, 0.00, 0.00
2026-8-2, 17:11:21.610001, 28611.00, 28641.25, 28582.00, 28602.25, 4500, 4175, 28609.13, 28608.50, 28611.63, 2368, 2132, 0.00, 0.00
2026-8-2, 17:42:10.569000, 28601.75, 28605.00, 28545.00, 28593.25, 4500, 4166, 28586.25, 28581.08, 28575.00, 2273, 2227, 0.00, 0.00
2026-8-2, 18:23:10.161015, 28593.75, 28637.50, 28571.25, 28592.50, 4500, 4239, 28598.75, 28600.42, 28604.38, 2113, 2387, 0.00, 0.00
2026-8-2, 18:54:34.011000, 28592.25, 28622.00, 28554.50, 28610.00, 4500, 4360, 28594.69, 28595.50, 28588.25, 2259, 2241, 0.00, 0.00
2026-8-2, 19:14:45.206000, 28609.50, 28630.50, 28537.50, 28574.75, 4500, 4203, 28588.06, 28580.92, 28584.00, 2303, 2197, 0.00, 0.00
2026-8-2, 19:33:38.166000, 28575.00, 28624.75, 28565.25, 28624.00, 4500, 4277, 28597.25, 28604.67, 28595.00, 2177, 2323, 0.00, 0.00
2026-8-2, 19:59:29.944000, 28624.75, 28635.00, 28564.25, 28594.25, 4500, 3749, 28604.56, 28597.83, 28599.63, 2101, 2399, 0.00, 0.00
2026-8-2, 20:25:43.321001, 28594.75, 28650.00, 28578.00, 28636.25, 4500, 4088, 28614.75, 28621.42, 28614.00, 2116, 2384, 0.00, 0.00
2026-8-2, 21:00:58.712004, 28636.00, 28681.50, 28633.75, 28667.75, 4500, 4119, 28654.75, 28661.00, 28657.63, 2186, 2314, 0.00, 0.00
2026-8-2, 21:38:01.328001, 28667.50, 28684.00, 28639.25, 28682.00, 4500, 4112, 28668.19, 28668.42, 28661.63, 2201, 2299, 0.00, 0.00
2026-8-2, 22:50:32.463001, 28682.50, 28698.25, 28636.00, 28639.75, 4500, 4193, 28664.13, 28658.00, 28667.13, 2300, 2200, 0.00, 0.00
2026-8-3, 00:06:50.602000, 28640.00, 28659.00, 28617.00, 28638.25, 4500, 4204, 28638.56, 28638.08, 28638.00, 2244, 2256, 0.00, 0.00
2026-8-3, 01:08:43.796000, 28637.25, 28661.00, 28577.50, 28577.50, 4500, 4100, 28613.31, 28605.33, 28619.25, 2369, 2131, 0.00, 0.00
2026-8-3, 01:56:11.221000, 28577.00, 28634.50, 28563.75, 28591.50, 4500, 4041, 28591.69, 28596.58, 28599.13, 2229, 2271, 0.00, 0.00
2026-8-3, 02:21:32.311000, 28591.00, 28615.50, 28526.50, 28530.00, 4500, 4127, 28565.75, 28557.33, 28571.00, 2403, 2097, 0.00, 0.00
2026-8-3, 03:04:49.725003, 28530.25, 28564.25, 28471.75, 28490.00, 4500, 4044, 28514.06, 28508.67, 28518.00, 2402, 2098, 0.00, 0.00
2026-8-3, 03:35:08.517001, 28490.25, 28601.00, 28486.50, 28575.50, 4500, 3769, 28538.31, 28554.33, 28543.75, 1970, 2530, 0.00, 0.00
2026-8-3, 04:02:26.142007, 28575.50, 28595.25, 28522.50, 28523.75, 4500, 4066, 28554.25, 28547.17, 28558.88, 2380, 2120, 0.00, 0.00
2026-8-3, 04:53:30.703002, 28523.75, 28565.25, 28488.50, 28516.50, 4500, 4146, 28523.50, 28523.42, 28526.88, 2373, 2127, 0.00, 0.00
2026-8-3, 05:36:23.278000, 28517.00, 28547.00, 28465.25, 28487.75, 4500, 4137, 28504.25, 28500.00, 28506.13, 2421, 2079, 0.00, 0.00
2026-8-3, 06:16:03.470000, 28486.75, 28513.00, 28447.75, 28447.75, 4500, 4116, 28473.81, 28469.50, 28480.38, 2355, 2145, 0.00, 0.00
2026-8-3, 06:48:19.568017, 28447.75, 28461.75, 28390.00, 28390.00, 4500, 4018, 28422.38, 28413.92, 28425.88, 2327, 2173, 0.00, 0.00
2026-8-3, 07:04:54.016000, 28389.75, 28458.75, 28383.50, 28454.25, 4500, 4131, 28421.56, 28432.17, 28421.13, 2196, 2304, 0.00, 0.00
2026-8-3, 07:22:26.310000, 28454.00, 28468.00, 28421.75, 28468.00, 4500, 4222, 28452.94, 28452.58, 28444.88, 2248, 2252, 0.00, 0.00
2026-8-3, 07:43:01.568000, 28468.50, 28491.50, 28440.00, 28473.00, 4500, 3966, 28468.25, 28468.17, 28465.75, 2184, 2316, 0.00, 0.00
2026-8-3, 08:05:27.958000, 28473.25, 28494.25, 28444.00, 28472.50, 4500, 4218, 28471.00, 28470.25, 28469.13, 2331, 2169, 0.00, 0.00
2026-8-3, 08:22:41.517025, 28472.50, 28479.75, 28396.50, 28400.50, 4500, 4110, 28437.31, 28425.58, 28438.13, 2399, 2101, 0.00, 0.00
2026-8-3, 08:29:41.614000, 28400.75, 28422.50, 28397.00, 28417.75, 589, 568, 28409.50, 28412.42, 28409.75, 251, 338, 0.00, 0.00
2026-8-3, 08:30:00.001000, 28419.00, 28435.25, 28385.00, 28401.75, 4500, 4237, 28410.25, 28407.33, 28410.13, 2335, 2165, 0.00, 0.00
2026-8-3, 08:30:32.365034, 28401.50, 28416.25, 28344.00, 28352.50, 4500, 4127, 28378.56, 28370.92, 28380.13, 2363, 2137, 0.00, 0.00
2026-8-3, 08:31:28.790000, 28352.75, 28365.50, 28313.50, 28357.50, 4500, 4221, 28347.31, 28345.50, 28339.50, 2249, 2251, 28308.50, 0.00
2026-8-3, 08:32:43.193000, 28357.25, 28400.25, 28324.75, 28381.50, 4500, 4228, 28365.94, 28368.83, 28362.50, 2075, 2425, 0.00, 0.00
2026-8-3, 08:34:23.805001, 28381.75, 28449.50, 28364.50, 28446.25, 4500, 4168, 28410.50, 28420.08, 28407.00, 1973, 2527, 0.00, 0.00
2026-8-3, 08:35:38.641000, 28446.75, 28504.00, 28442.50, 28504.00, 4500, 4256, 28474.31, 28483.50, 28473.25, 2162, 2338, 0.00, 0.00
2026-8-3, 08:37:00.050004, 28504.25, 28540.00, 28467.00, 28474.25, 4500, 4208, 28496.38, 28493.75, 28503.50, 2269, 2231, 0.00, 0.00
2026-8-3, 08:38:11.655000, 28474.00, 28520.00, 28464.00, 28505.00, 4500, 4313, 28490.75, 28496.33, 28492.00, 2160, 2340, 0.00, 0.00
2026-8-3, 08:40:02.678001, 28504.75, 28522.50, 28440.25, 28459.50, 4500, 4341, 28481.75, 28474.08, 28481.38, 2323, 2177, 0.00, 0.00
2026-8-3, 08:41:42.171000, 28458.75, 28482.25, 28416.75, 28430.00, 4500, 4188, 28446.94, 28443.00, 28449.50, 2355, 2145, 0.00, 0.00
2026-8-3, 08:43:46.126005, 28430.00, 28525.50, 28429.50, 28500.00, 4500, 4162, 28471.25, 28485.00, 28477.50, 2027, 2473, 0.00, 0.00
2026-8-3, 08:45:45.055001, 28500.25, 28515.00, 28443.25, 28511.00, 4500, 4279, 28492.38, 28489.75, 28479.13, 2239, 2261, 0.00, 0.00
2026-8-3, 08:48:03.514005, 28511.00, 28539.00, 28481.25, 28491.25, 4500, 3910, 28505.63, 28503.83, 28510.13, 2257, 2243, 0.00, 0.00
2026-8-3, 08:49:33.495000, 28488.25, 28509.50, 28456.50, 28494.00, 4500, 4298, 28487.06, 28486.67, 28483.00, 2252, 2248, 0.00, 0.00
2026-8-3, 08:52:11.034002, 28494.50, 28542.00, 28478.75, 28541.25, 4500, 4264, 28514.13, 28520.67, 28510.38, 2194, 2306, 0.00, 0.00
2026-8-3, 08:55:27.125002, 28541.25, 28574.50, 28539.50, 28574.50, 4500, 4166, 28557.44, 28562.83, 28557.00, 2004, 2496, 0.00, 0.00
2026-8-3, 08:57:19.867001, 28574.50, 28617.75, 28571.25, 28615.50, 4500, 4108, 28594.75, 28601.50, 28594.50, 2214, 2286, 0.00, 0.00
2026-8-3, 08:59:48.904000, 28616.00, 28628.00, 28573.75, 28575.75, 4500, 4180, 28598.38, 28592.50, 28600.88, 2311, 2189, 0.00, 0.00
2026-8-3, 09:01:40.695000, 28576.25, 28611.00, 28557.75, 28571.25, 4500, 4346, 28579.06, 28580.00, 28584.38, 2394, 2106, 0.00, 0.00
2026-8-3, 09:03:51.190000, 28570.50, 28584.75, 28534.50, 28580.50, 4500, 4342, 28567.56, 28566.58, 28559.63, 2324, 2176, 0.00, 0.00
2026-8-3, 09:06:10.113000, 28580.00, 28597.50, 28529.50, 28581.25, 4500, 4362, 28572.06, 28569.42, 28563.50, 2262, 2238, 0.00, 0.00
2026-8-3, 09:09:11.145000, 28581.00, 28605.50, 28562.00, 28600.75, 4500, 4399, 28587.31, 28589.42, 28583.75, 2264, 2236, 0.00, 0.00
2026-8-3, 09:11:57.151000, 28601.25, 28616.25, 28557.50, 28575.25, 4500, 4293, 28587.56, 28583.00, 28586.88, 2312, 2188, 0.00, 0.00
2026-8-3, 09:14:34.009000, 28575.50, 28622.00, 28558.75, 28613.25, 4500, 4348, 28592.38, 28598.00, 28590.38, 2168, 2332, 0.00, 0.00
2026-8-3, 09:17:48.104000, 28613.50, 28639.75, 28605.75, 28631.00, 4500, 4244, 28622.50, 28625.50, 28622.75, 2069, 2431, 0.00, 0.00
2026-8-3, 09:20:41.246000, 28630.75, 28660.75, 28624.25, 28657.50, 4500, 4192, 28643.31, 28647.50, 28642.50, 2143, 2357, 0.00, 0.00
2026-8-3, 09:24:07.452000, 28658.00, 28680.50, 28647.75, 28653.25, 4500, 4277, 28659.88, 28660.50, 28664.13, 2226, 2274, 0.00, 0.00
2026-8-3, 09:27:20.582000, 28652.00, 28684.00, 28638.75, 28674.25, 4500, 4139, 28662.25, 28665.67, 28661.38, 2242, 2258, 0.00, 0.00
2026-8-3, 09:30:08.591000, 28674.75, 28692.00, 28661.50, 28683.50, 4500, 4219, 28677.94, 28679.00, 28676.75, 2187, 2313, 0.00, 0.00
2026-8-3, 09:33:30.264000, 28683.00, 28711.00, 28671.50, 28707.50, 4500, 4048, 28693.25, 28696.67, 28691.25, 2074, 2426, 0.00, 0.00
2026-8-3, 09:37:01.128007, 28707.50, 28733.00, 28704.75, 28721.25, 4500, 4231, 28716.63, 28719.67, 28718.88, 2163, 2337, 0.00, 0.00
2026-8-3, 09:40:23.358000, 28720.75, 28735.00, 28702.50, 28712.50, 4500, 4310, 28717.69, 28716.67, 28718.75, 2379, 2121, 0.00, 0.00
2026-8-3, 09:44:46.568000, 28712.25, 28742.00, 28699.75, 28740.50, 4500, 4244, 28723.63, 28727.42, 28720.88, 2115, 2385, 0.00, 0.00
2026-8-3, 09:48:32.113001, 28740.50, 28771.25, 28726.00, 28769.75, 4500, 4174, 28751.88, 28755.67, 28748.63, 2025, 2475, 0.00, 0.00
2026-8-3, 09:51:42.761002, 28769.50, 28798.25, 28769.50, 28789.75, 4500, 4117, 28781.75, 28785.83, 28783.88, 1995, 2505, 0.00, 0.00
2026-8-3, 09:53:58.839000, 28790.75, 28801.75, 28777.25, 28789.00, 4500, 4108, 28789.69, 28789.33, 28789.50, 2183, 2317, 0.00, 0.00
2026-8-3, 09:56:15.179000, 28789.25, 28803.75, 28781.25, 28802.00, 4500, 4259, 28794.06, 28795.67, 28792.50, 2229, 2271, 0.00, 0.00
2026-8-3, 10:00:00.144000, 28801.50, 28802.25, 28781.00, 28794.25, 4500, 4148, 28794.75, 28792.50, 28791.63, 2343, 2157, 0.00, 0.00
2026-8-3, 10:05:16.400012, 28794.00, 28794.00, 28760.25, 28760.25, 4500, 4203, 28777.13, 28771.50, 28777.13, 2421, 2079, 0.00, 0.00
2026-8-3, 10:09:48.706024, 28760.25, 28781.00, 28747.50, 28770.50, 4500, 4184, 28764.81, 28766.33, 28764.25, 2306, 2194, 0.00, 0.00
2026-8-3, 10:14:09.083000, 28771.00, 28787.25, 28753.25, 28777.00, 4500, 4283, 28772.13, 28772.50, 28770.25, 2220, 2280, 0.00, 0.00
2026-8-3, 10:19:49.814000, 28776.75, 28798.75, 28769.50, 28785.25, 4500, 4294, 28782.56, 28784.50, 28784.13, 2252, 2248, 0.00, 0.00
2026-8-3, 10:25:55.460016, 28785.25, 28785.25, 28726.75, 28728.00, 4500, 4221, 28756.31, 28746.67, 28756.00, 2585, 1915, 0.00, 0.00
2026-8-3, 10:28:43.047000, 28728.00, 28774.25, 28722.00, 28766.75, 4500, 4176, 28747.75, 28754.33, 28748.13, 2261, 2239, 0.00, 0.00
2026-8-3, 10:31:52.868000, 28768.00, 28780.00, 28752.00, 28763.75, 4500, 4308, 28765.94, 28765.25, 28766.00, 2269, 2231, 0.00, 28785.00
2026-8-3, 10:37:15.233000, 28762.75, 28788.50, 28746.25, 28782.50, 4500, 4311, 28770.00, 28772.42, 28767.38, 2153, 2347, 0.00, 0.00
2026-8-3, 10:43:28.174007, 28782.50, 28796.00, 28776.75, 28787.75, 4500, 4133, 28785.75, 28786.83, 28786.38, 2144, 2356, 0.00, 0.00
2026-8-3, 10:50:27.736000, 28787.25, 28814.50, 28775.00, 28799.75, 4500, 4222, 28794.13, 28796.42, 28794.75, 2156, 2344, 0.00, 0.00
2026-8-3, 10:56:16.801000, 28799.50, 28808.50, 28779.50, 28804.75, 4500, 4193, 28798.06, 28797.58, 28794.00, 2267, 2233, 0.00, 0.00
2026-8-3, 11:02:16.614000, 28804.75, 28820.75, 28797.50, 28808.75, 4500, 4262, 28807.94, 28809.00, 28809.13, 2256, 2244, 0.00, 0.00
2026-8-3, 11:08:16.425000, 28808.50, 28826.50, 28799.50, 28825.75, 4500, 4205, 28815.06, 28817.25, 28813.00, 2240, 2260, 0.00, 0.00
2026-8-3, 11:16:16.698002, 28825.75, 28847.25, 28824.00, 28837.00, 4500, 4074, 28833.50, 28836.08, 28835.63, 2261, 2239, 0.00, 0.00
2026-8-3, 11:22:24.194004, 28837.00, 28844.50, 28825.25, 28837.00, 4500, 4087, 28835.94, 28835.58, 28834.88, 2263, 2237, 0.00, 0.00
2026-8-3, 11:29:12.076001, 28837.00, 28844.75, 28821.75, 28823.25, 4500, 4187, 28831.69, 28829.92, 28833.25, 2257, 2243, 0.00, 0.00
2026-8-3, 11:38:03.537004, 28823.50, 28836.25, 28811.75, 28835.00, 4500, 4018, 28826.63, 28827.67, 28824.00, 2107, 2393, 0.00, 0.00
2026-8-3, 11:45:45.052000, 28835.25, 28843.75, 28819.00, 28823.00, 4500, 4205, 28830.25, 28828.58, 28831.38, 2376, 2124, 0.00, 0.00
2026-8-3, 11:56:01.158002, 28822.75, 28833.75, 28813.00, 28828.25, 4500, 4289, 28824.44, 28825.00, 28823.38, 2235, 2265, 0.00, 0.00
2026-8-3, 12:06:32.409005, 28828.25, 28863.75, 28823.75, 28859.50, 4500, 4236, 28843.81, 28849.00, 28843.75, 2065, 2435, 0.00, 0.00
2026-8-3, 12:14:30.221001, 28859.50, 28875.00, 28855.75, 28875.00, 4500, 4112, 28866.31, 28868.58, 28865.38, 2335, 2165, 0.00, 0.00
2026-8-3, 12:22:30.030011, 28875.00, 28890.50, 28872.50, 28882.00, 4500, 3970, 28880.00, 28881.67, 28881.50, 2227, 2273, 0.00, 0.00
2026-8-3, 12:29:38.928004, 28882.00, 28894.00, 28875.00, 28886.00, 4500, 4162, 28884.25, 28885.00, 28884.50, 2308, 2192, 0.00, 0.00
2026-8-3, 12:37:41.264002, 28886.00, 28894.00, 28874.50, 28894.00, 4500, 4138, 28887.13, 28887.50, 28884.25, 2240, 2260, 0.00, 0.00
2026-8-3, 12:47:41.026000, 28894.00, 28910.00, 28887.75, 28910.00, 4500, 4048, 28900.44, 28902.58, 28898.88, 2012, 2488, 0.00, 0.00
2026-8-3, 12:55:38.370004, 28910.00, 28930.00, 28909.50, 28927.75, 4500, 4160, 28919.31, 28922.42, 28919.75, 2007, 2493, 0.00, 0.00
2026-8-3, 13:00:33.154000, 28927.75, 28948.00, 28922.25, 28946.50, 4500, 3991, 28936.13, 28938.92, 28935.13, 2018, 2482, 0.00, 0.00
2026-8-3, 13:05:01.127000, 28946.75, 28958.00, 28941.00, 28957.25, 4500, 4183, 28950.75, 28952.08, 28949.50, 2214, 2286, 0.00, 0.00
2026-8-3, 13:10:33.949000, 28957.25, 28964.25, 28934.50, 28952.00, 4500, 4176, 28952.00, 28950.25, 28949.38, 2291, 2209, 0.00, 0.00
2026-8-3, 13:15:56.025000, 28952.00, 28958.75, 28919.00, 28925.75, 4500, 4047, 28938.88, 28934.50, 28938.88, 2436, 2064, 0.00, 0.00
2026-8-3, 13:21:53.644000, 28925.50, 28934.75, 28894.25, 28894.25, 4500, 4267, 28912.19, 28907.75, 28914.50, 2483, 2017, 0.00, 0.00
2026-8-3, 13:28:38.935008, 28894.25, 28907.00, 28884.75, 28894.00, 4500, 4147, 28895.00, 28895.25, 28895.88, 2263, 2237, 0.00, 0.00
2026-8-3, 13:34:22.632001, 28894.00, 28905.25, 28882.75, 28898.00, 4500, 4265, 28895.00, 28895.33, 28894.00, 2249, 2251, 0.00, 0.00
2026-8-3, 13:43:00.698003, 28898.00, 28924.00, 28892.25, 28919.25, 4500, 4301, 28908.38, 28911.83, 28908.13, 2122, 2378, 0.00, 0.00
2026-8-3, 13:50:08.306001, 28919.25, 28926.00, 28904.25, 28907.00, 4500, 4300, 28914.13, 28912.42, 28915.13, 2284, 2216, 0.00, 0.00
2026-8-3, 13:59:55.384003, 28907.00, 28943.75, 28906.25, 28925.50, 4500, 4228, 28920.63, 28925.17, 28925.00, 2244, 2256, 0.00, 0.00
2026-8-3, 14:05:33.511000, 28925.50, 28929.50, 28902.25, 28902.25, 4500, 4297, 28914.88, 28911.33, 28915.88, 2360, 2140, 0.00, 0.00
2026-8-3, 14:13:41.117002, 28902.25, 28926.50, 28895.00, 28925.50, 4500, 4240, 28912.31, 28915.67, 28910.75, 2143, 2357, 0.00, 0.00
2026-8-3, 14:20:01.845000, 28925.25, 28925.50, 28909.50, 28913.00, 4500, 4230, 28918.31, 28916.00, 28917.50, 2436, 2064, 0.00, 0.00
2026-8-3, 14:28:52.022000, 28913.00, 28926.00, 28904.00, 28913.00, 4500, 4143, 28914.00, 28914.33, 28915.00, 2362, 2138, 0.00, 0.00
2026-8-3, 14:36:06.857000, 28913.00, 28923.50, 28899.50, 28904.50, 4500, 4170, 28910.13, 28909.17, 28911.50, 2298, 2202, 0.00, 0.00
2026-8-3, 14:43:14.657000, 28904.75, 28921.50, 28902.00, 28915.25, 4500, 4323, 28910.88, 28912.92, 28911.75, 2234, 2266, 0.00, 0.00
2026-8-3, 14:49:59.469000, 28916.00, 28935.50, 28913.00, 28928.25, 4500, 4188, 28923.19, 28925.58, 28924.25, 2217, 2283, 0.00, 0.00
2026-8-3, 14:53:00.255001, 28928.50, 28931.25, 28881.50, 28881.50, 4500, 4284, 28905.69, 28898.08, 28906.38, 2561, 1939, 0.00, 0.00
2026-8-3, 14:55:07.005000, 28882.00, 28892.25, 28865.25, 28888.50, 4500, 4291, 28882.00, 28882.00, 28878.75, 2329, 2171, 0.00, 0.00
2026-8-3, 14:57:52.606000, 28888.50, 28904.75, 28886.50, 28890.00, 4500, 3979, 28892.44, 28893.75, 28895.63, 2400, 2100, 0.00, 0.00
2026-8-3, 14:59:30.051001, 28890.00, 28900.00, 28881.25, 28893.50, 4500, 3856, 28891.19, 28891.58, 28890.63, 2198, 2302, 0.00, 0.00
2026-8-3, 14:59:55.168009, 28893.50, 28902.50, 28880.00, 28882.75, 4500, 4010, 28889.69, 28888.42, 28891.25, 2121, 2379, 0.00, 0.00
2026-8-3, 15:00:53.021000, 28882.50, 28908.75, 28878.25, 28903.50, 4500, 4009, 28893.25, 28896.83, 28893.50, 2090, 2410, 0.00, 0.00
2026-8-3, 15:08:42.582001, 28903.50, 28945.00, 28903.25, 28916.50, 4500, 4128, 28917.06, 28921.58, 28924.13, 2161, 2339, 0.00, 0.00
2026-8-3, 15:30:28.535000, 28916.50, 28950.75, 28909.75, 28941.00, 4500, 4134, 28929.50, 28933.83, 28930.25, 2221, 2279, 0.00, 0.00
2026-8-3, 17:13:56.751018, 28940.75, 28962.25, 28922.25, 28948.25, 4500, 4195, 28943.38, 28944.25, 28942.25, 2309, 2191, 0.00, 0.00
2026-8-3, 18:19:05.762000, 28947.50, 28976.25, 28934.00, 28973.75, 4500, 4051, 28957.88, 28961.33, 28955.13, 2257, 2243, 0.00, 0.00
2026-8-3, 19:05:25.576000, 28973.00, 28973.00, 28891.75, 28897.00, 4500, 4202, 28933.69, 28920.58, 28932.38, 2517, 1983, 0.00, 0.00
2026-8-3, 19:31:07.010002, 28897.00, 28908.25, 28864.25, 28895.75, 4500, 4184, 28891.31, 28889.42, 28886.25, 2191, 2309, 0.00, 0.00
2026-8-3, 19:54:55.281006, 28895.50, 28899.00, 28831.75, 28862.50, 4500, 4189, 28872.19, 28864.42, 28865.38, 2289, 2211, 0.00, 0.00
2026-8-3, 20:14:44.171000, 28864.00, 28933.50, 28851.50, 28919.50, 4500, 4253, 28892.13, 28901.50, 28892.50, 2104, 2396, 0.00, 0.00
2026-8-3, 20:41:00.877000, 28918.25, 29048.00, 28916.75, 29040.00, 4500, 4018, 28980.75, 29001.58, 28982.38, 1816, 2684, 0.00, 0.00
2026-8-3, 20:55:00.373000, 29040.00, 29045.00, 28966.00, 28967.00, 4500, 4172, 29004.50, 28992.67, 29005.50, 2482, 2018, 0.00, 0.00
2026-8-3, 21:15:44.827000, 28966.00, 28994.50, 28942.50, 28966.00, 4500, 4183, 28967.25, 28967.67, 28968.50, 2301, 2199, 0.00, 0.00
2026-8-3, 21:46:37.432000, 28966.00, 28992.00, 28931.75, 28971.50, 4500, 4197, 28965.31, 28965.08, 28961.88, 2371, 2129, 0.00, 0.00
2026-8-3, 22:25:23.805001, 28971.50, 29006.25, 28957.75, 29000.00, 4500, 4150, 28983.88, 28988.00, 28982.00, 2238, 2262, 0.00, 0.00
2026-8-3, 23:18:19.465000, 28999.25, 29037.50, 28978.25, 29035.25, 4500, 4249, 29012.56, 29017.00, 29007.88, 2273, 2227, 0.00, 0.00
2026-8-4, 00:31:09.895007, 29035.25, 29092.75, 29033.50, 29092.50, 4500, 4191, 29063.50, 29072.92, 29063.13, 2037, 2463, 0.00, 0.00
2026-8-4, 01:15:09.061000, 29092.50, 29098.75, 29042.50, 29091.75, 4500, 4072, 29081.38, 29077.67, 29070.63, 2351, 2149, 0.00, 0.00
2026-8-4, 02:02:40.108000, 29091.25, 29100.25, 29036.50, 29095.75, 4500, 4106, 29080.94, 29077.50, 29068.38, 2156, 2344, 0.00, 0.00
2026-8-4, 02:26:12.436002, 29095.75, 29119.25, 29065.25, 29099.25, 4500, 4086, 29094.88, 29094.58, 29092.25, 2318, 2182, 0.00, 0.00
2026-8-4, 03:03:01.615001, 29099.25, 29131.50, 29060.50, 29068.00, 4500, 4034, 29089.81, 29086.67, 29096.00, 2286, 2214, 0.00, 0.00
2026-8-4, 03:39:20.104002, 29068.00, 29077.50, 29011.75, 29035.00, 4500, 4146, 29048.06, 29041.42, 29044.63, 2287, 2213, 0.00, 0.00
2026-8-4, 04:14:43.983000, 29036.50, 29089.25, 29007.50, 29073.50, 4500, 4116, 29051.69, 29056.75, 29048.38, 2274, 2226, 0.00, 0.00
2026-8-4, 04:58:47.782000, 29073.50, 29115.25, 29067.25, 29081.50, 4500, 4020, 29084.38, 29088.00, 29091.25, 2213, 2287, 0.00, 0.00
2026-8-4, 05:38:39.094000, 29081.25, 29145.00, 29074.00, 29126.00, 4500, 4136, 29106.56, 29115.00, 29109.50, 2122, 2378, 0.00, 0.00
2026-8-4, 06:01:17.488000, 29127.00, 29174.50, 29119.75, 29170.25, 4500, 4049, 29147.88, 29154.83, 29147.13, 2028, 2472, 0.00, 0.00
2026-8-4, 06:32:55.085001, 29170.25, 29215.50, 29150.25, 29215.50, 4500, 4018, 29187.88, 29193.75, 29182.88, 2077, 2423, 0.00, 0.00
2026-8-4, 06:49:37.287024, 29215.50, 29245.75, 29207.00, 29218.50, 4500, 4048, 29221.69, 29223.75, 29226.38, 2438, 2062, 0.00, 0.00
2026-8-4, 07:03:06.204001, 29218.50, 29234.25, 29202.50, 29217.25, 4500, 3839, 29218.13, 29218.00, 29218.38, 2380, 2120, 0.00, 0.00
2026-8-4, 07:30:35.856000, 29216.75, 29224.25, 29188.00, 29202.75, 4500, 4000, 29207.94, 29205.00, 29206.13, 2398, 2102, 0.00, 0.00
2026-8-4, 07:56:01.953001, 29203.25, 29236.50, 29191.25, 29228.00, 4500, 4249, 29214.75, 29218.58, 29213.88, 2154, 2346, 0.00, 0.00
2026-8-4, 08:18:32.090001, 29228.00, 29282.25, 29221.50, 29240.50, 4500, 4244, 29243.06, 29248.08, 29251.88, 2089, 2411, 0.00, 0.00
2026-8-4, 08:24:56.074000, 29239.75, 29254.25, 29218.50, 29233.75, 3322, 3048, 29236.56, 29235.50, 29236.38, 1570, 1752, 0.00, 0.00
2026-8-4, 08:30:00.000000, 29234.75, 29289.75, 29208.25, 29289.50, 4500, 4205, 29255.56, 29262.50, 29249.00, 2114, 2386, 0.00, 0.00
2026-8-4, 08:30:38.134000, 29289.50, 29311.25, 29278.25, 29304.00, 4500, 4163, 29295.75, 29297.83, 29294.75, 2125, 2375, 0.00, 0.00
2026-8-4, 08:31:44.206002, 29304.00, 29339.00, 29302.75, 29334.00, 4500, 4290, 29319.94, 29325.25, 29320.88, 2086, 2414, 0.00, 0.00
2026-8-4, 08:33:06.031004, 29334.00, 29374.25, 29330.75, 29362.00, 4500, 4117, 29350.25, 29355.67, 29352.50, 2070, 2430, 0.00, 0.00
2026-8-4, 08:34:33.788000, 29360.75, 29410.75, 29351.00, 29405.50, 4500, 4124, 29382.00, 29389.08, 29380.88, 1941, 2559, 0.00, 0.00
2026-8-4, 08:35:44.239000, 29404.25, 29413.00, 29375.25, 29375.25, 4500, 4062, 29391.94, 29387.83, 29394.13, 2325, 2175, 0.00, 0.00
2026-8-4, 08:37:10.835009, 29375.25, 29409.75, 29359.00, 29365.25, 4500, 4265, 29377.31, 29378.00, 29384.38, 2368, 2132, 0.00, 0.00
2026-8-4, 08:38:38.012000, 29365.25, 29415.00, 29353.50, 29404.75, 4500, 4151, 29384.63, 29391.08, 29384.25, 2119, 2381, 0.00, 0.00
2026-8-4, 08:40:12.361002, 29404.75, 29430.00, 29383.75, 29428.75, 4500, 4124, 29411.81, 29414.17, 29406.88, 2217, 2283, 0.00, 0.00
2026-8-4, 08:41:59.410004, 29428.75, 29452.75, 29416.75, 29432.00, 4500, 4000, 29432.56, 29433.83, 29434.75, 2136, 2364, 0.00, 0.00
2026-8-4, 08:43:40.684000, 29432.25, 29448.75, 29394.25, 29440.75, 4500, 4260, 29429.00, 29427.92, 29421.50, 2208, 2292, 0.00, 0.00
2026-8-4, 08:45:08.878000, 29440.75, 29459.75, 29433.50, 29441.25, 4500, 4261, 29443.81, 29444.83, 29446.63, 2176, 2324, 0.00, 0.00
2026-8-4, 08:47:00.131003, 29441.25, 29461.25, 29427.25, 29440.00, 4500, 4357, 29442.44, 29442.83, 29444.25, 2285, 2215, 0.00, 0.00
2026-8-4, 08:49:11.181004, 29440.00, 29499.25, 29439.25, 29488.00, 4500, 4189, 29466.63, 29475.50, 29469.25, 1930, 2570, 0.00, 0.00
2026-8-4, 08:50:42.333003, 29488.00, 29501.25, 29479.50, 29485.75, 4500, 4286, 29488.63, 29488.83, 29490.38, 2288, 2212, 0.00, 0.00
2026-8-4, 08:53:25.993002, 29485.75, 29503.75, 29462.50, 29463.75, 4500, 4113, 29478.94, 29476.67, 29483.13, 2264, 2236, 0.00, 0.00
2026-8-4, 08:55:54.651002, 29463.75, 29466.50, 29425.00, 29439.25, 4500, 4218, 29448.63, 29443.58, 29445.75, 2477, 2023, 0.00, 0.00
2026-8-4, 08:57:35.231000, 29438.50, 29470.50, 29432.00, 29448.75, 4500, 4053, 29447.44, 29450.42, 29451.25, 2173, 2327, 0.00, 0.00
2026-8-4, 09:00:45.027002, 29449.00, 29497.75, 29435.75, 29481.00, 4500, 4095, 29465.88, 29471.50, 29466.75, 2151, 2349, 0.00, 0.00
2026-8-4, 09:02:29.940002, 29480.50, 29497.50, 29468.00, 29487.75, 4500, 4109, 29483.44, 29484.42, 29482.75, 2411, 2089, 0.00, 0.00
2026-8-4, 09:04:59.292000, 29487.50, 29523.25, 29485.00, 29520.00, 4500, 4230, 29503.94, 29509.42, 29504.13, 2057, 2443, 0.00, 0.00
2026-8-4, 09:07:15.818001, 29520.25, 29533.00, 29503.25, 29513.50, 4500, 4233, 29517.50, 29516.58, 29518.13, 2275, 2225, 0.00, 0.00
2026-8-4, 09:09:51.331000, 29513.25, 29538.75, 29506.75, 29536.50, 4500, 4192, 29523.81, 29527.33, 29522.75, 2180, 2320, 0.00, 0.00
2026-8-4, 09:13:00.375000, 29536.50, 29548.25, 29524.75, 29541.25, 4500, 4121, 29537.69, 29538.08, 29536.50, 2172, 2328, 0.00, 0.00
2026-8-4, 09:16:05.133000, 29541.75, 29543.50, 29510.50, 29516.75, 4500, 4330, 29528.13, 29523.58, 29527.00, 2431, 2069, 0.00, 0.00
2026-8-4, 09:18:43.216003, 29517.00, 29532.00, 29491.00, 29501.75, 4500, 4146, 29510.44, 29508.25, 29511.50, 2302, 2198, 0.00, 0.00
2026-8-4, 09:21:01.560000, 29501.00, 29517.25, 29484.00, 29516.75, 4500, 4225, 29504.75, 29506.00, 29500.63, 2223, 2277, 0.00, 0.00
2026-8-4, 09:24:03.009000, 29516.25, 29543.00, 29489.75, 29540.00, 4500, 4314, 29522.25, 29524.25, 29516.38, 2129, 2371, 0.00, 0.00
2026-8-4, 09:27:04.254000, 29540.00, 29568.50, 29535.00, 29557.00, 4500, 4124, 29550.13, 29553.50, 29551.75, 1980, 2520, 0.00, 0.00
2026-8-4, 09:29:39.676002, 29557.00, 29561.25, 29524.75, 29536.50, 4500, 4223, 29544.88, 29540.83, 29543.00, 2322, 2178, 0.00, 29566.25
2026-8-4, 09:32:06.070001, 29536.50, 29567.25, 29530.50, 29551.75, 4500, 4308, 29546.50, 29549.83, 29548.88, 2241, 2259, 0.00, 0.00
2026-8-4, 09:35:04.310000, 29552.50, 29557.00, 29519.00, 29527.00, 4500, 4171, 29538.88, 29534.33, 29538.00, 2450, 2050, 0.00, 0.00
2026-8-4, 09:38:15.680001, 29527.00, 29572.75, 29517.25, 29527.00, 4500, 4239, 29536.00, 29539.00, 29545.00, 2245, 2255, 0.00, 0.00
2026-8-4, 09:40:27.044000, 29526.25, 29556.00, 29522.00, 29556.00, 4500, 4190, 29540.06, 29544.67, 29539.00, 2092, 2408, 0.00, 0.00
2026-8-4, 09:44:59.903015, 29556.00, 29561.50, 29542.25, 29546.25, 4500, 4245, 29551.50, 29550.00, 29551.88, 2204, 2296, 0.00, 0.00
2026-8-4, 09:49:59.487001, 29546.25, 29556.00, 29528.25, 29533.50, 4500, 4221, 29541.00, 29539.25, 29542.13, 2430, 2070, 0.00, 0.00
2026-8-4, 09:55:15.143000, 29533.75, 29552.00, 29523.50, 29551.25, 4500, 4109, 29540.13, 29542.25, 29537.75, 2380, 2120, 0.00, 0.00
2026-8-4, 09:59:25.063000, 29551.50, 29580.00, 29544.00, 29577.00, 4500, 4092, 29563.13, 29567.00, 29562.00, 2023, 2477, 0.00, 0.00
2026-8-4, 10:03:01.881000, 29577.00, 29589.50, 29566.50, 29578.25, 4500, 4109, 29577.81, 29578.08, 29578.00, 2316, 2184, 0.00, 0.00
2026-8-4, 10:06:58.650000, 29578.25, 29598.00, 29571.75, 29595.25, 4500, 4106, 29585.81, 29588.33, 29584.88, 2133, 2367, 0.00, 0.00
2026-8-4, 10:11:42.182001, 29595.50, 29624.75, 29594.25, 29615.50, 4500, 4097, 29607.50, 29611.50, 29609.50, 1988, 2512, 0.00, 0.00
2026-8-4, 10:14:27.877001, 29615.50, 29629.25, 29613.25, 29619.00, 4500, 4009, 29619.25, 29620.50, 29621.25, 2297, 2203, 0.00, 0.00
2026-8-4, 10:18:13.090036, 29618.75, 29653.00, 29618.25, 29653.00, 4500, 4220, 29635.75, 29641.42, 29635.63, 1957, 2543, 0.00, 0.00
2026-8-4, 10:22:03.178001, 29653.00, 29663.50, 29646.25, 29661.50, 4500, 4282, 29656.06, 29657.08, 29654.88, 2242, 2258, 0.00, 0.00
2026-8-4, 10:25:42.281000, 29661.75, 29661.75, 29634.00, 29634.00, 4500, 4178, 29647.88, 29643.25, 29647.88, 2560, 1940, 0.00, 0.00
2026-8-4, 10:30:07.807000, 29635.00, 29646.75, 29622.00, 29643.50, 4500, 4140, 29636.81, 29637.42, 29634.38, 2280, 2220, 0.00, 0.00
2026-8-4, 10:35:45.164001, 29643.50, 29677.25, 29634.25, 29667.00, 4500, 4217, 29655.50, 29659.50, 29655.75, 2168, 2332, 0.00, 0.00
2026-8-4, 10:38:52.073001, 29667.00, 29682.50, 29655.75, 29672.50, 4500, 4224, 29669.44, 29670.25, 29669.13, 2230, 2270, 0.00, 0.00
2026-8-4, 10:43:11.603000, 29672.50, 29689.50, 29666.50, 29687.50, 4500, 4248, 29679.00, 29681.17, 29678.00, 2170, 2330, 0.00, 0.00
2026-8-4, 10:47:54.733002, 29687.50, 29696.75, 29679.50, 29684.00, 4500, 4186, 29686.94, 29686.75, 29688.13, 2342, 2158, 0.00, 0.00
2026-8-4, 10:53:34.416000, 29684.25, 29686.00, 29667.50, 29670.25, 4500, 4176, 29677.00, 29674.58, 29676.75, 2459, 2041, 0.00, 0.00
2026-8-4, 11:00:00.142000, 29670.50, 29700.00, 29669.50, 29695.50, 4500, 4251, 29683.88, 29688.33, 29684.75, 2195, 2305, 0.00, 0.00
2026-8-4, 11:05:33.022000, 29695.25, 29697.50, 29661.25, 29674.25, 4500, 4124, 29682.06, 29677.67, 29679.38, 2434, 2066, 0.00, 0.00
2026-8-4, 11:12:55.034000, 29674.00, 29707.25, 29671.50, 29707.25, 4500, 4284, 29690.00, 29695.33, 29689.38, 2142, 2358, 0.00, 0.00
2026-8-4, 11:19:39.606041, 29707.25, 29719.75, 29701.75, 29706.75, 4500, 4251, 29708.88, 29709.42, 29710.75, 2176, 2324, 0.00, 0.00
2026-8-4, 11:25:20.466000, 29707.50, 29721.50, 29695.00, 29720.00, 4500, 4247, 29711.00, 29712.17, 29708.25, 2334, 2166, 0.00, 0.00
2026-8-4, 11:32:20.518000, 29720.75, 29731.75, 29708.25, 29715.75, 4500, 4210, 29719.13, 29718.58, 29720.00, 2354, 2146, 0.00, 0.00
2026-8-4, 11:39:15.189001, 29715.75, 29730.25, 29705.25, 29729.75, 4500, 4194, 29720.25, 29721.75, 29717.75, 2162, 2338, 0.00, 0.00
2026-8-4, 11:45:11.057001, 29729.75, 29743.00, 29728.75, 29739.50, 4500, 4213, 29735.25, 29737.08, 29735.88, 2172, 2328, 0.00, 0.00
2026-8-4, 11:50:33.282002, 29739.50, 29744.50, 29732.00, 29739.50, 4500, 4059, 29738.88, 29738.67, 29738.25, 2459, 2041, 0.00, 0.00
2026-8-4, 11:58:55.405000, 29739.25, 29772.50, 29736.75, 29761.75, 4500, 3911, 29752.56, 29757.00, 29754.63, 1955, 2545, 0.00, 0.00
2026-8-4, 12:02:21.620003, 29761.75, 29794.00, 29760.25, 29777.00, 4500, 3992, 29773.25, 29777.08, 29777.13, 2205, 2295, 0.00, 0.00
2026-8-4, 12:06:25.321000, 29776.75, 29799.75, 29773.50, 29789.00, 4500, 4163, 29784.75, 29787.42, 29786.63, 2288, 2212, 0.00, 0.00
2026-8-4, 12:13:24.756002, 29789.00, 29805.25, 29784.75, 29793.00, 4500, 4169, 29793.00, 29794.33, 29795.00, 2151, 2349, 0.00, 0.00
2026-8-4, 12:19:37.003002, 29793.00, 29811.75, 29780.50, 29810.75, 4500, 4086, 29799.00, 29801.00, 29796.13, 2061, 2439, 0.00, 0.00
2026-8-4, 12:26:01.518001, 29810.75, 29825.75, 29804.00, 29814.50, 4500, 4178, 29813.75, 29814.75, 29814.88, 2256, 2244, 0.00, 29830.75
2026-8-4, 12:30:59.900002, 29814.50, 29838.50, 29803.50, 29836.00, 4500, 4053, 29823.13, 29826.00, 29821.00, 2025, 2475, 0.00, 0.00
2026-8-4, 12:37:52.718010, 29835.75, 29859.75, 29835.75, 29859.00, 4500, 4043, 29847.56, 29851.50, 29847.75, 2169, 2331, 0.00, 0.00
2026-8-4, 12:42:58.277001, 29859.00, 29890.00, 29850.25, 29886.50, 4500, 4198, 29871.44, 29875.58, 29870.13, 1997, 2503, 0.00, 0.00
2026-8-4, 12:47:36.825001, 29886.50, 29898.75, 29854.75, 29854.75, 4500, 4134, 29873.69, 29869.42, 29876.75, 2448, 2052, 0.00, 0.00
2026-8-4, 12:51:01.736000, 29854.75, 29860.50, 29833.50, 29847.00, 4500, 4285, 29848.94, 29847.00, 29847.00, 2309, 2191, 0.00, 0.00
2026-8-4, 12:55:33.989000, 29847.75, 29865.00, 29815.25, 29817.00, 4500, 4265, 29836.25, 29832.42, 29840.13, 2439, 2061, 0.00, 0.00
2026-8-4, 13:00:40.498000, 29818.25, 29854.75, 29808.00, 29825.25, 4500, 4305, 29826.56, 29829.33, 29831.38, 2291, 2209, 0.00, 0.00
2026-8-4, 13:04:32.851041, 29825.25, 29847.50, 29810.00, 29843.50, 4500, 4261, 29831.56, 29833.67, 29828.75, 2211, 2289, 0.00, 0.00
2026-8-4, 13:10:23.095000, 29843.75, 29867.75, 29823.75, 29855.25, 4500, 4194, 29847.63, 29848.92, 29845.75, 2206, 2294, 0.00, 0.00
2026-8-4, 13:16:38.074007, 29855.25, 29884.25, 29855.00, 29880.25, 4500, 4052, 29868.69, 29873.17, 29869.63, 2107, 2393, 0.00, 0.00
2026-8-4, 13:22:44.499003, 29880.25, 29893.00, 29860.00, 29885.50, 4500, 4281, 29879.69, 29879.50, 29876.50, 2244, 2256, 0.00, 0.00
2026-8-4, 13:32:06.477000, 29885.50, 29889.25, 29844.75, 29846.00, 4500, 4193, 29866.38, 29860.00, 29867.00, 2587, 1913, 0.00, 0.00
2026-8-4, 13:40:26.994001, 29846.00, 29881.75, 29839.75, 29879.50, 4500, 4171, 29861.75, 29867.00, 29860.75, 2190, 2310, 29834.75, 0.00
2026-8-4, 13:46:46.849000, 29879.50, 29895.50, 29875.00, 29879.50, 4500, 4261, 29882.38, 29883.33, 29885.25, 2392, 2108, 0.00, 0.00
2026-8-4, 13:54:21.905000, 29878.75, 29910.75, 29874.75, 29910.75, 4500, 4195, 29893.75, 29898.75, 29892.75, 2114, 2386, 0.00, 0.00
2026-8-4, 14:01:02.734008, 29910.75, 29925.75, 29909.50, 29914.50, 4500, 4124, 29915.13, 29916.58, 29917.63, 2311, 2189, 0.00, 0.00
2026-8-4, 14:05:28.012003, 29914.50, 29932.00, 29903.50, 29929.75, 4500, 4156, 29919.94, 29921.75, 29917.75, 2180, 2320, 0.00, 0.00
2026-8-4, 14:11:20.421001, 29929.75, 29944.00, 29921.50, 29942.75, 4500, 4148, 29934.50, 29936.08, 29932.75, 2105, 2395, 0.00, 0.00
2026-8-4, 14:16:49.873002, 29942.75, 29945.25, 29916.75, 29916.75, 4500, 4111, 29930.38, 29926.25, 29931.00, 2316, 2184, 0.00, 0.00
2026-8-4, 14:23:35.453002, 29916.75, 29930.50, 29894.25, 29900.25, 4500, 4089, 29910.44, 29908.33, 29912.38, 2360, 2140, 0.00, 0.00
2026-8-4, 14:28:46.182005, 29900.00, 29916.50, 29888.75, 29915.25, 4500, 4054, 29905.13, 29906.83, 29902.63, 2170, 2330, 0.00, 0.00
2026-8-4, 14:33:30.762000, 29914.75, 29931.50, 29902.50, 29925.75, 4500, 4276, 29918.63, 29919.92, 29917.00, 2268, 2232, 0.00, 0.00
2026-8-4, 14:40:14.844002, 29926.00, 29951.00, 29923.75, 29942.50, 4500, 4164, 29935.81, 29939.08, 29937.38, 2162, 2338, 0.00, 0.00
2026-8-4, 14:45:19.584000, 29942.25, 29956.50, 29919.75, 29922.00, 4500, 4102, 29935.13, 29932.75, 29938.13, 2286, 2214, 0.00, 0.00
2026-8-4, 14:49:33.395003, 29922.00, 29932.50, 29897.00, 29901.25, 4500, 4143, 29913.19, 29910.25, 29914.75, 2297, 2203, 0.00, 0.00
2026-8-4, 14:51:45.403006, 29901.25, 29906.00, 29885.00, 29892.00, 4500, 4204, 29896.06, 29894.33, 29895.50, 2425, 2075, 0.00, 0.00
2026-8-4, 14:53:50.054002, 29892.00, 29893.00, 29869.25, 29871.00, 4500, 4206, 29881.31, 29877.75, 29881.13, 2429, 2071, 0.00, 0.00
2026-8-4, 14:55:15.877000, 29870.25, 29880.75, 29851.25, 29855.75, 4500, 4265, 29864.50, 29862.58, 29866.00, 2498, 2002, 0.00, 0.00
2026-8-4, 14:57:21.555002, 29855.75, 29886.00, 29853.00, 29883.75, 4500, 4314, 29869.63, 29874.25, 29869.50, 2237, 2263, 0.00, 0.00
2026-8-4, 14:59:04.311000, 29883.75, 29894.50, 29865.25, 29870.25, 4500, 4024, 29878.44, 29876.67, 29879.88, 2246, 2254, 0.00, 0.00
2026-8-4, 14:59:39.151000, 29869.75, 29870.25, 29851.00, 29851.50, 4500, 3972, 29860.63, 29857.58, 29860.63, 2128, 2372, 0.00, 0.00
2026-8-4, 14:59:55.979000, 29851.25, 29878.75, 29847.50, 29875.00, 4500, 3895, 29863.13, 29867.08, 29863.13, 1904, 2596, 0.00, 0.00
2026-8-4, 15:00:00.165018, 29875.25, 29902.25, 29851.50, 29879.25, 4500, 3989, 29877.06, 29877.67, 29876.88, 2354, 2146, 0.00, 0.00
2026-8-4, 15:01:03.008006, 29879.25, 29915.50, 29860.75, 29912.75, 4500, 4048, 29892.06, 29896.33, 29888.13, 2234, 2266, 0.00, 0.00
2026-8-4, 15:05:29.469000, 29912.25, 29949.75, 29893.00, 29901.75, 4500, 3975, 29914.19, 29914.83, 29921.38, 2469, 2031, 0.00, 0.00
2026-8-4, 15:13:07.495001, 29901.75, 29920.00, 29767.75, 29783.00, 4500, 3628, 29843.13, 29823.58, 29843.88, 2571, 1929, 0.00, 0.00
2026-8-4, 15:16:42.248001, 29783.25, 29830.25, 29761.25, 29810.00, 4500, 4124, 29796.19, 29800.50, 29795.75, 2406, 2094, 0.00, 0.00
2026-8-4, 15:22:18.806001, 29810.00, 29836.00, 29770.00, 29776.25, 4500, 4193, 29798.06, 29794.08, 29803.00, 2500, 2000, 0.00, 0.00
2026-8-4, 15:35:27.684000, 29777.00, 29823.25, 29764.50, 29798.50, 4500, 4176, 29790.81, 29795.42, 29793.88, 2524, 1976, 0.00, 0.00
2026-8-4, 15:54:00.184000, 29798.25, 29844.25, 29776.50, 29834.25, 4500, 4091, 29813.31, 29818.33, 29810.38, 2281, 2219, 0.00, 0.00
2026-8-4, 17:27:12.486000, 29834.25, 29846.75, 29792.25, 29835.00, 4500, 4247, 29827.06, 29824.67, 29819.50, 2219, 2281, 0.00, 0.00
2026-8-4, 18:10:53.160002, 29835.00, 29857.25, 29802.00, 29850.50, 4500, 4209, 29836.19, 29836.58, 29829.63, 2216, 2284, 0.00, 0.00
2026-8-4, 18:56:20.168001, 29850.50, 29865.00, 29818.75, 29855.50, 4500, 4226, 29847.44, 29846.42, 29841.88, 2228, 2272, 0.00, 0.00
2026-8-4, 19:26:07.095000, 29855.50, 29877.00, 29810.00, 29824.00, 4500, 4162, 29841.63, 29837.00, 29843.50, 2360, 2140, 0.00, 0.00
2026-8-4, 19:53:38.140003, 29823.75, 29861.50, 29797.00, 29802.25, 4500, 4144, 29821.13, 29820.25, 29829.25, 2295, 2205, 0.00, 0.00
2026-8-4, 20:27:23.335001, 29802.25, 29878.50, 29802.00, 29878.50, 4500, 4046, 29840.31, 29853.00, 29840.25, 2048, 2452, 0.00, 0.00
2026-8-4, 20:57:40.210011, 29878.50, 29889.25, 29842.25, 29854.50, 4500, 4165, 29866.13, 29862.00, 29865.75, 2235, 2265, 0.00, 0.00
2026-8-4, 21:44:57.656000, 29854.75, 29892.00, 29854.75, 29868.50, 4500, 4246, 29867.50, 29871.75, 29873.38, 2279, 2221, 0.00, 0.00
2026-8-4, 22:49:08.121000, 29869.00, 29909.25, 29859.75, 29888.75, 4500, 4113, 29881.69, 29885.92, 29884.50, 2113, 2387, 0.00, 0.00
2026-8-4, 23:51:57.980002, 29888.75, 29949.00, 29883.50, 29928.25, 4500, 4204, 29912.38, 29920.25, 29916.25, 2138, 2362, 0.00, 0.00
2026-8-5, 00:39:05.198000, 29928.50, 29985.25, 29927.00, 29982.25, 4500, 3905, 29955.75, 29964.83, 29956.13, 2184, 2316, 0.00, 0.00
2026-8-5, 01:10:14.798000, 29981.50, 29990.00, 29925.50, 29959.25, 4500, 4184, 29964.06, 29958.25, 29957.75, 2374, 2126, 0.00, 0.00
2026-8-5, 01:55:25.701000, 29957.50, 29987.00, 29900.25, 29906.50, 4500, 4048, 29937.81, 29931.25, 29943.63, 2424, 2076, 0.00, 0.00
2026-8-5, 02:28:30.953001, 29907.50, 29926.00, 29885.00, 29899.00, 4500, 4083, 29904.38, 29903.33, 29905.50, 2320, 2180, 0.00, 0.00
2026-8-5, 03:09:09.375003, 29899.25, 29899.75, 29807.00, 29814.00, 4500, 4070, 29855.00, 29840.25, 29853.38, 2561, 1939, 0.00, 0.00
2026-8-5, 03:31:15.839000, 29813.00, 29844.25, 29797.75, 29829.50, 4500, 3979, 29821.13, 29823.83, 29821.00, 2368, 2132, 0.00, 0.00
2026-8-5, 04:01:32.141000, 29831.00, 29876.50, 29814.25, 29875.00, 4500, 3814, 29849.19, 29855.25, 29845.38, 2190, 2310, 0.00, 0.00
2026-8-5, 04:35:32.148000, 29875.00, 29893.50, 29833.75, 29837.00, 4500, 4075, 29859.81, 29854.75, 29863.63, 2313, 2187, 0.00, 0.00
2026-8-5, 05:12:50.560000, 29837.00, 29890.25, 29834.50, 29888.50, 4500, 4073, 29862.56, 29871.08, 29862.38, 2064, 2436, 0.00, 0.00
2026-8-5, 06:01:19.236000, 29888.75, 29923.00, 29883.00, 29910.50, 4500, 4016, 29901.31, 29905.50, 29903.00, 2092, 2408, 0.00, 0.00
2026-8-5, 06:32:09.282001, 29910.75, 29943.50, 29903.50, 29920.25, 4500, 3913, 29919.50, 29922.42, 29923.50, 2170, 2330, 0.00, 0.00
2026-8-5, 07:00:18.882000, 29920.50, 29934.50, 29891.25, 29929.00, 4500, 4045, 29918.81, 29918.25, 29912.88, 2207, 2293, 0.00, 0.00
2026-8-5, 07:23:57.058000, 29929.00, 29950.00, 29892.75, 29936.50, 4500, 3754, 29927.06, 29926.42, 29921.38, 2173, 2327, 0.00, 0.00
2026-8-5, 07:41:36.352002, 29936.25, 29949.50, 29908.25, 29940.00, 4500, 4070, 29933.50, 29932.58, 29928.88, 2320, 2180, 0.00, 0.00
2026-8-5, 08:10:30.334001, 29939.75, 29946.25, 29894.75, 29925.75, 4500, 4159, 29926.63, 29922.25, 29920.50, 2274, 2226, 0.00, 0.00
2026-8-5, 08:27:16.336000, 29926.50, 29978.50, 29921.75, 29975.25, 3044, 2741, 29950.50, 29958.50, 29950.13, 1311, 1733, 0.00, 0.00
2026-8-5, 08:30:00.000000, 29975.00, 29996.75, 29955.00, 29976.25, 4500, 3742, 29975.75, 29976.00, 29975.88, 2151, 2349, 0.00, 0.00
2026-8-5, 08:30:29.225001, 29976.25, 29991.25, 29947.25, 29986.00, 4500, 4032, 29975.19, 29974.83, 29969.25, 2253, 2247, 0.00, 29996.25
2026-8-5, 08:31:30.689003, 29986.00, 29990.75, 29935.50, 29944.50, 4500, 4306, 29964.19, 29956.92, 29963.13, 2301, 2199, 0.00, 0.00
2026-8-5, 08:32:47.612000, 29945.25, 30004.50, 29945.00, 29982.00, 4500, 4220, 29969.19, 29977.17, 29974.75, 2099, 2401, 0.00, 0.00
2026-8-5, 08:34:18.022005, 29981.75, 30023.50, 29978.75, 29996.00, 4500, 4194, 29995.00, 29999.42, 30001.13, 2183, 2317, 0.00, 0.00
2026-8-5, 08:36:04.709002, 29996.00, 30004.25, 29910.25, 29933.50, 4500, 4182, 29961.00, 29949.33, 29957.25, 2509, 1991, 0.00, 0.00
2026-8-5, 08:37:07.097001, 29933.25, 30000.00, 29921.00, 29985.00, 4500, 4276, 29959.81, 29968.67, 29960.50, 2225, 2275, 0.00, 0.00
2026-8-5, 08:38:38.860000, 29984.50, 30032.50, 29947.75, 29992.75, 4500, 4196, 29989.38, 29991.00, 29990.13, 2046, 2454, 0.00, 0.00
2026-8-5, 08:40:08.931000, 29993.75, 30038.25, 29981.25, 30013.50, 4500, 4168, 30006.69, 30011.00, 30009.75, 2213, 2287, 0.00, 0.00
2026-8-5, 08:42:00.532005, 30013.50, 30053.50, 30007.00, 30031.25, 4500, 4249, 30026.31, 30030.58, 30030.25, 2174, 2326, 0.00, 0.00
2026-8-5, 08:44:19.725001, 30031.00, 30074.00, 30017.25, 30028.25, 4500, 4130, 30037.63, 30039.83, 30045.63, 2312, 2188, 0.00, 0.00
2026-8-5, 08:45:57.133000, 30028.25, 30066.25, 30018.50, 30064.25, 4500, 4049, 30044.31, 30049.67, 30042.38, 2044, 2456, 0.00, 0.00
2026-8-5, 08:48:10.330000, 30063.75, 30070.25, 30005.00, 30018.25, 4500, 4183, 30039.31, 30031.17, 30037.63, 2612, 1888, 0.00, 0.00
2026-8-5, 08:50:22.726000, 30018.00, 30035.50, 29993.25, 29993.50, 4500, 4187, 30010.06, 30007.42, 30014.38, 2428, 2072, 0.00, 0.00
2026-8-5, 08:52:31.704000, 29993.00, 30037.00, 29967.75, 29973.25, 4500, 4244, 29992.75, 29992.67, 30002.38, 2396, 2104, 0.00, 0.00
2026-8-5, 08:54:30.385000, 29972.50, 30031.50, 29971.00, 29992.00, 4500, 4295, 29991.75, 29998.17, 30001.25, 2268, 2232, 0.00, 0.00
2026-8-5, 08:56:55.543000, 29991.75, 30058.50, 29991.00, 30018.75, 4500, 4062, 30015.00, 30022.75, 30024.75, 2120, 2380, 0.00, 0.00
2026-8-5, 09:00:01.365001, 30019.00, 30034.50, 29948.25, 29948.50, 4500, 4241, 29987.56, 29977.08, 29991.38, 2462, 2038, 0.00, 0.00
2026-8-5, 09:02:06.886000, 29949.50, 29965.75, 29918.50, 29952.25, 4500, 4315, 29946.50, 29945.50, 29942.13, 2251, 2249, 0.00, 0.00
2026-8-5, 09:03:51.598002, 29952.25, 30012.75, 29929.50, 30011.00, 4500, 4321, 29976.38, 29984.42, 29971.13, 2216, 2284, 0.00, 0.00
2026-8-5, 09:05:30.209000, 30011.25, 30015.25, 29959.25, 30001.50, 4500, 4315, 29996.81, 29992.00, 29987.25, 2363, 2137, 0.00, 0.00
2026-8-5, 09:07:49.976001, 30001.50, 30029.50, 29969.00, 30016.75, 4500, 4260, 30004.19, 30005.08, 29999.25, 2182, 2318, 0.00, 0.00
2026-8-5, 09:11:01.196001, 30016.50, 30020.25, 29981.25, 30019.50, 4500, 4290, 30009.38, 30007.00, 30000.75, 2319, 2181, 0.00, 0.00
2026-8-5, 09:15:09.452006, 30019.50, 30026.00, 29981.50, 29998.75, 4500, 4254, 30006.44, 30002.08, 30003.75, 2274, 2226, 0.00, 0.00
2026-8-5, 09:19:39.031024, 29999.00, 30002.00, 29935.75, 29950.00, 4500, 4265, 29971.69, 29962.58, 29968.88, 2442, 2058, 0.00, 0.00
2026-8-5, 09:22:22.022003, 29950.00, 29960.00, 29901.25, 29959.50, 4500, 4292, 29942.69, 29940.25, 29930.63, 2309, 2191, 0.00, 0.00
2026-8-5, 09:24:29.539000, 29958.50, 29989.25, 29931.75, 29963.75, 4500, 4352, 29960.81, 29961.58, 29960.50, 2268, 2232, 0.00, 0.00
2026-8-5, 09:26:35.292001, 29963.75, 29975.75, 29919.00, 29921.50, 4500, 4219, 29945.00, 29938.75, 29947.38, 2397, 2103, 0.00, 0.00
2026-8-5, 09:29:47.445000, 29921.25, 29921.75, 29871.75, 29887.50, 4500, 4284, 29900.56, 29893.67, 29896.75, 2458, 2042, 0.00, 0.00
2026-8-5, 09:31:06.847000, 29887.75, 29897.75, 29853.25, 29892.50, 4500, 4369, 29882.81, 29881.17, 29875.50, 2279, 2221, 0.00, 0.00
2026-8-5, 09:33:21.275000, 29892.25, 29914.00, 29873.00, 29895.75, 4500, 4255, 29893.75, 29894.25, 29893.50, 2228, 2272, 0.00, 0.00
2026-8-5, 09:35:59.912000, 29895.25, 29903.00, 29841.00, 29855.75, 4500, 4156, 29873.75, 29866.58, 29872.00, 2525, 1975, 0.00, 0.00
2026-8-5, 09:38:21.982000, 29855.75, 29878.25, 29831.00, 29838.00, 4500, 4274, 29850.75, 29849.08, 29854.63, 2309, 2191, 0.00, 0.00
2026-8-5, 09:40:30.997000, 29837.75, 29866.00, 29824.75, 29848.25, 4500, 4120, 29844.19, 29846.33, 29845.38, 2181, 2319, 0.00, 0.00
2026-8-5, 09:42:28.972000, 29849.50, 29873.00, 29838.25, 29845.75, 4500, 4342, 29851.63, 29852.33, 29855.63, 2259, 2241, 0.00, 0.00
2026-8-5, 09:45:44.595001, 29845.50, 29886.25, 29840.50, 29876.00, 4500, 4066, 29862.06, 29867.58, 29863.38, 2115, 2385, 0.00, 0.00
2026-8-5, 09:48:37.267000, 29874.75, 29905.50, 29859.75, 29859.75, 4500, 4077, 29874.94, 29875.00, 29882.63, 2257, 2243, 0.00, 0.00
2026-8-5, 09:51:21.797031, 29859.75, 29865.25, 29807.75, 29808.00, 4500, 4098, 29835.19, 29827.00, 29836.50, 2525, 1975, 0.00, 0.00
2026-8-5, 09:53:42.255000, 29807.50, 29819.50, 29788.00, 29818.00, 4500, 3819, 29808.25, 29808.50, 29803.75, 2156, 2344, 0.00, 0.00
2026-8-5, 09:54:48.839003, 29817.75, 29859.25, 29801.75, 29858.50, 4500, 4087, 29834.31, 29839.83, 29830.50, 2213, 2287, 0.00, 0.00
2026-8-5, 09:57:27.219001, 29858.50, 29879.50, 29830.75, 29877.50, 4500, 4047, 29861.56, 29862.58, 29855.13, 2234, 2266, 0.00, 0.00
2026-8-5, 10:00:43.158001, 29878.00, 29881.25, 29830.00, 29835.25, 4500, 4318, 29856.13, 29848.83, 29855.63, 2389, 2111, 0.00, 0.00
2026-8-5, 10:04:28.461000, 29836.50, 29869.25, 29826.00, 29855.25, 4500, 4253, 29846.75, 29850.17, 29847.63, 2156, 2344, 0.00, 0.00
2026-8-5, 10:08:14.106003, 29855.25, 29890.75, 29851.75, 29858.00, 4500, 4236, 29863.94, 29866.83, 29871.25, 2145, 2355, 0.00, 0.00
2026-8-5, 10:11:53.518000, 29858.75, 29883.25, 29826.75, 29828.00, 4500, 4270, 29849.19, 29846.00, 29855.00, 2344, 2156, 0.00, 0.00
2026-8-5, 10:15:47.591000, 29828.25, 29828.25, 29766.00, 29771.75, 4500, 4069, 29798.56, 29788.67, 29797.13, 2547, 1953, 0.00, 0.00
2026-8-5, 10:18:07.997000, 29771.50, 29828.50, 29763.50, 29823.75, 4500, 4094, 29796.81, 29805.25, 29796.00, 2211, 2289, 29758.50, 0.00
2026-8-5, 10:19:49.159001, 29823.75, 29847.50, 29814.25, 29818.25, 4500, 4267, 29825.94, 29826.67, 29830.88, 2209, 2291, 0.00, 0.00
2026-8-5, 10:24:11.294000, 29817.50, 29845.75, 29806.00, 29831.00, 4500, 4232, 29825.06, 29827.58, 29825.88, 2199, 2301, 0.00, 0.00
2026-8-5, 10:27:45.255000, 29831.75, 29860.75, 29794.25, 29855.75, 4500, 4150, 29835.63, 29836.92, 29827.50, 2195, 2305, 0.00, 0.00
2026-8-5, 10:31:45.488000, 29855.00, 29858.00, 29813.00, 29850.75, 4500, 4291, 29844.19, 29840.58, 29835.50, 2207, 2293, 0.00, 0.00
2026-8-5, 10:37:51.739012, 29851.50, 29855.75, 29811.75, 29819.00, 4500, 4380, 29834.50, 29828.83, 29833.75, 2213, 2287, 0.00, 0.00
2026-8-5, 10:44:50.447000, 29818.00, 29820.75, 29788.00, 29798.00, 4500, 4289, 29806.19, 29802.25, 29804.38, 2358, 2142, 0.00, 0.00
2026-8-5, 10:49:55.648000, 29798.25, 29807.00, 29771.75, 29775.50, 4500, 3862, 29788.13, 29784.75, 29789.38, 2179, 2321, 0.00, 0.00
2026-8-5, 10:54:40.935000, 29775.75, 29779.50, 29713.25, 29717.25, 4500, 3871, 29746.44, 29736.67, 29746.38, 2496, 2004, 0.00, 0.00
2026-8-5, 10:57:21.211001, 29717.25, 29764.75, 29717.25, 29754.50, 4500, 3870, 29738.44, 29745.50, 29741.00, 2138, 2362, 0.00, 0.00
2026-8-5, 11:00:23.124004, 29754.50, 29763.00, 29711.00, 29758.25, 4500, 4210, 29746.69, 29744.08, 29737.00, 2211, 2289, 0.00, 0.00
2026-8-5, 11:04:28.133000, 29758.75, 29766.00, 29703.25, 29706.50, 4500, 4262, 29733.63, 29725.25, 29734.63, 2314, 2186, 0.00, 0.00
2026-8-5, 11:09:29.075000, 29707.00, 29734.25, 29702.00, 29731.75, 4500, 4112, 29718.75, 29722.67, 29718.13, 2232, 2268, 0.00, 0.00
2026-8-5, 11:14:59.841002, 29731.75, 29766.00, 29720.00, 29764.50, 4500, 4218, 29745.56, 29750.17, 29743.00, 2128, 2372, 0.00, 0.00
2026-8-5, 11:20:36.568000, 29764.25, 29795.25, 29761.50, 29772.00, 4500, 4133, 29773.25, 29776.25, 29778.38, 2155, 2345, 0.00, 0.00
2026-8-5, 11:23:54.496000, 29771.75, 29824.25, 29753.75, 29810.25, 4500, 4198, 29790.00, 29796.08, 29789.00, 2098, 2402, 0.00, 0.00
2026-8-5, 11:27:34.137000, 29810.75, 29839.75, 29793.50, 29803.50, 4500, 4118, 29811.88, 29812.25, 29816.63, 2224, 2276, 0.00, 0.00
2026-8-5, 11:31:35.405000, 29801.25, 29810.25, 29770.00, 29796.25, 4500, 4184, 29794.44, 29792.17, 29790.13, 2382, 2118, 0.00, 0.00
2026-8-5, 11:38:17.360000, 29796.00, 29821.00, 29778.50, 29796.00, 4500, 4211, 29797.88, 29798.50, 29799.75, 2214, 2286, 0.00, 0.00
2026-8-5, 11:45:44.845000, 29796.75, 29826.25, 29784.75, 29820.50, 4500, 4197, 29807.06, 29810.50, 29805.50, 2162, 2338, 0.00, 0.00
2026-8-5, 11:54:03.569000, 29820.25, 29823.00, 29781.00, 29787.50, 4500, 4208, 29802.94, 29797.17, 29802.00, 2286, 2214, 0.00, 0.00
2026-8-5, 12:03:14.164000, 29788.25, 29797.50, 29746.75, 29753.00, 4500, 4190, 29771.38, 29765.75, 29772.13, 2361, 2139, 0.00, 0.00
2026-8-5, 12:10:24.491000, 29752.50, 29784.25, 29744.25, 29759.00, 4500, 4266, 29760.00, 29762.50, 29764.25, 2189, 2311, 0.00, 0.00
2026-8-5, 12:18:35.392001, 29759.25, 29782.00, 29740.50, 29773.00, 4500, 4229, 29763.69, 29765.17, 29761.25, 2154, 2346, 0.00, 0.00
2026-8-5, 12:28:03.027000, 29771.50, 29774.25, 29738.75, 29762.00, 4500, 4073, 29761.63, 29758.33, 29756.50, 2321, 2179, 0.00, 0.00
2026-8-5, 12:37:29.507000, 29762.00, 29779.25, 29734.25, 29745.00, 4500, 4026, 29755.13, 29752.83, 29756.75, 2261, 2239, 0.00, 0.00
2026-8-5, 12:47:08.712020, 29745.00, 29774.75, 29743.75, 29760.00, 4500, 4091, 29755.88, 29759.50, 29759.25, 2089, 2411, 0.00, 0.00
2026-8-5, 12:59:18.422000, 29759.75, 29788.50, 29752.25, 29760.00, 4500, 4213, 29765.13, 29766.92, 29770.38, 2079, 2421, 0.00, 0.00
2026-8-5, 13:07:19.114000, 29760.00, 29784.50, 29754.50, 29771.75, 4500, 4164, 29767.69, 29770.25, 29769.50, 2185, 2315, 0.00, 0.00
2026-8-5, 13:17:34.281001, 29771.75, 29780.50, 29758.75, 29765.25, 4500, 4231, 29769.06, 29768.17, 29769.63, 2147, 2353, 0.00, 0.00
2026-8-5, 13:30:12.008000, 29765.25, 29765.50, 29727.25, 29749.25, 4500, 4209, 29751.81, 29747.33, 29746.38, 2152, 2348, 0.00, 0.00
2026-8-5, 13:37:26.531000, 29749.25, 29765.00, 29733.75, 29763.00, 4500, 4351, 29752.75, 29753.92, 29749.38, 2189, 2311, 0.00, 0.00
2026-8-5, 13:48:23.768002, 29763.25, 29764.00, 29722.75, 29726.50, 4500, 4143, 29744.13, 29737.75, 29743.38, 2274, 2226, 0.00, 0.00
2026-8-5, 13:59:45.988002, 29726.25, 29778.25, 29718.50, 29773.75, 4500, 4183, 29749.19, 29756.83, 29748.38, 2118, 2382, 0.00, 0.00
2026-8-5, 14:05:58.239002, 29773.50, 29776.75, 29754.25, 29775.75, 4500, 4254, 29770.06, 29768.92, 29765.50, 2238, 2262, 0.00, 0.00
2026-8-5, 14:15:44.726000, 29775.75, 29779.25, 29753.75, 29761.50, 4500, 4277, 29767.56, 29764.83, 29766.50, 2352, 2148, 0.00, 0.00
2026-8-5, 14:26:13.990000, 29761.50, 29776.50, 29725.00, 29725.50, 4500, 4175, 29747.13, 29742.33, 29750.75, 2431, 2069, 0.00, 0.00
2026-8-5, 14:33:45.555003, 29725.50, 29737.00, 29710.25, 29727.50, 4500, 3982, 29725.06, 29724.92, 29723.63, 2302, 2198, 0.00, 0.00
2026-8-5, 14:40:57.794000, 29727.00, 29734.25, 29689.75, 29692.25, 4500, 4075, 29710.81, 29705.42, 29712.00, 2521, 1979, 0.00, 0.00
2026-8-5, 14:46:58.961000, 29692.25, 29735.00, 29691.75, 29719.50, 4500, 4388, 29709.63, 29715.42, 29713.38, 2184, 2316, 0.00, 0.00
2026-8-5, 14:51:51.610001, 29719.50, 29720.75, 29695.75, 29699.00, 4500, 4354, 29708.75, 29705.17, 29708.25, 2367, 2133, 0.00, 0.00
2026-8-5, 14:55:40.133002, 29699.00, 29699.50, 29665.25, 29672.50, 4500, 3954, 29684.06, 29679.08, 29682.38, 2528, 1972, 0.00, 0.00
2026-8-5, 14:58:03.087000, 29672.00, 29672.00, 29638.50, 29642.00, 4500, 4123, 29656.13, 29650.83, 29655.25, 2310, 2190, 0.00, 0.00
2026-8-5, 14:59:35.618000, 29642.00, 29646.25, 29597.00, 29598.50, 4500, 3929, 29620.94, 29613.92, 29621.63, 2303, 2197, 0.00, 0.00
2026-8-5, 14:59:53.083001, 29598.50, 29612.50, 29592.75, 29599.50, 4500, 4033, 29600.81, 29601.58, 29602.63, 2381, 2119, 0.00, 0.00
2026-8-5, 15:00:11.285004, 29599.25, 29615.50, 29575.75, 29597.25, 4500, 3759, 29596.94, 29596.17, 29595.63, 2363, 2137, 0.00, 0.00
2026-8-5, 15:02:00.056002, 29600.75, 29607.75, 29547.75, 29607.00, 4500, 3989, 29590.81, 29587.50, 29577.75, 2470, 2030, 0.00, 0.00
2026-8-5, 15:04:28.949000, 29607.25, 29609.00, 29530.75, 29547.50, 4500, 3466, 29573.63, 29562.42, 29569.88, 2708, 1792, 0.00, 0.00
2026-8-5, 15:06:26.650000, 29547.75, 29601.75, 29538.00, 29598.75, 4500, 3778, 29571.56, 29579.50, 29569.88, 2091, 2409, 0.00, 0.00
2026-8-5, 15:13:10.254000, 29598.75, 29618.25, 29566.75, 29581.25, 4500, 3678, 29591.25, 29588.75, 29592.50, 2157, 2343, 0.00, 0.00
2026-8-5, 15:22:28.197003, 29581.50, 29603.00, 29561.75, 29583.25, 4500, 4096, 29582.38, 29582.67, 29582.38, 2284, 2216, 0.00, 0.00
2026-8-5, 15:51:20.142001, 29583.25, 29638.00, 29563.50, 29630.75, 4500, 4047, 29603.88, 29610.75, 29600.75, 2175, 2325, 0.00, 0.00
2026-8-5, 17:25:08.338000, 29632.00, 29679.50, 29621.50, 29625.50, 4500, 3936, 29639.63, 29642.17, 29650.50, 2245, 2255, 0.00, 0.00
2026-8-5, 17:53:54.777000, 29626.50, 29649.50, 29575.25, 29587.00, 4500, 4144, 29609.56, 29603.92, 29612.38, 2356, 2144, 0.00, 0.00
2026-8-5, 18:38:18.873000, 29588.00, 29608.25, 29546.75, 29582.00, 4500, 4161, 29581.25, 29579.00, 29577.50, 2162, 2338, 0.00, 0.00
2026-8-5, 19:10:31.810003, 29582.00, 29608.00, 29547.75, 29555.00, 4500, 4258, 29573.19, 29570.25, 29577.88, 2322, 2178, 0.00, 0.00
2026-8-5, 19:38:51.928000, 29554.25, 29588.00, 29503.00, 29529.25, 4500, 4185, 29543.63, 29540.08, 29545.50, 2314, 2186, 0.00, 0.00
2026-8-5, 20:08:13.383001, 29529.00, 29531.25, 29454.25, 29497.75, 4500, 4117, 29503.06, 29494.42, 29492.75, 2259, 2241, 0.00, 0.00
2026-8-5, 20:31:12.465000, 29497.00, 29519.00, 29473.00, 29504.00, 4500, 4133, 29498.25, 29498.67, 29496.00, 2127, 2373, 0.00, 0.00
2026-8-5, 21:03:16.105008, 29503.75, 29578.75, 29490.75, 29577.50, 4500, 4240, 29537.69, 29549.00, 29534.75, 2057, 2443, 0.00, 0.00
2026-8-5, 21:33:25.504000, 29577.25, 29621.00, 29565.75, 29580.50, 4500, 4154, 29586.13, 29589.08, 29593.38, 2061, 2439, 0.00, 0.00
2026-8-5, 22:07:37.168004, 29580.50, 29587.00, 29525.00, 29565.25, 4500, 4291, 29564.44, 29559.08, 29556.00, 2203, 2297, 0.00, 0.00
2026-8-5, 22:51:08.128000, 29563.25, 29600.00, 29535.50, 29545.00, 4500, 4201, 29560.94, 29560.17, 29567.75, 2305, 2195, 0.00, 0.00
2026-8-5, 23:47:07.269000, 29545.00, 29596.25, 29544.25, 29565.75, 4500, 4220, 29562.81, 29568.75, 29570.25, 2254, 2246, 0.00, 0.00
2026-8-6, 00:53:49.547002, 29565.75, 29581.75, 29485.00, 29530.00, 4500, 4106, 29540.63, 29532.25, 29533.38, 2301, 2199, 0.00, 0.00
2026-8-6, 01:25:30.164000, 29529.50, 29550.50, 29486.25, 29545.00, 4500, 4169, 29527.81, 29527.25, 29518.38, 2066, 2434, 0.00, 0.00
2026-8-6, 02:07:48.325001, 29545.00, 29563.00, 29500.75, 29515.00, 4500, 4227, 29530.94, 29526.25, 29531.88, 2256, 2244, 0.00, 0.00
2026-8-6, 02:58:48.107000, 29513.50, 29525.75, 29443.75, 29489.00, 4500, 4172, 29493.00, 29486.17, 29484.75, 2385, 2115, 0.00, 0.00
2026-8-6, 03:25:26.761000, 29488.25, 29532.50, 29454.00, 29454.00, 4500, 4156, 29482.19, 29480.17, 29493.25, 2246, 2254, 29449.00, 0.00
2026-8-6, 04:08:13.909000, 29454.00, 29533.75, 29437.50, 29526.00, 4500, 4046, 29487.81, 29499.08, 29485.63, 1912, 2588, 0.00, 0.00
2026-8-6, 05:03:48.656001, 29525.75, 29525.75, 29468.00, 29471.50, 4500, 4015, 29497.75, 29488.42, 29496.88, 2331, 2169, 0.00, 0.00
2026-8-6, 06:00:07.043000, 29471.50, 29471.75, 29364.75, 29399.00, 4500, 3985, 29426.75, 29411.83, 29418.25, 2410, 2090, 0.00, 0.00
2026-8-6, 06:09:04.856006, 29399.00, 29489.75, 29390.75, 29489.75, 4500, 3973, 29442.31, 29456.75, 29440.25, 1995, 2505, 0.00, 0.00
2026-8-6, 06:31:00.363006, 29489.75, 29516.50, 29449.00, 29454.50, 4500, 3933, 29477.44, 29473.33, 29482.75, 2221, 2279, 0.00, 0.00
2026-8-6, 06:50:02.111000, 29455.50, 29476.50, 29416.75, 29425.50, 4500, 4069, 29443.56, 29439.58, 29446.63, 2069, 2431, 0.00, 0.00
2026-8-6, 07:10:09.145000, 29425.75, 29447.75, 29387.50, 29446.50, 4500, 3815, 29426.88, 29427.25, 29417.63, 2188, 2312, 0.00, 0.00
2026-8-6, 07:27:54.560000, 29447.00, 29463.50, 29413.75, 29422.00, 4500, 4210, 29436.56, 29433.08, 29438.63, 2259, 2241, 0.00, 0.00
2026-8-6, 07:51:20.636003, 29422.25, 29428.50, 29366.50, 29368.00, 4500, 4149, 29396.31, 29387.67, 29397.50, 2341, 2159, 0.00, 29433.50
2026-8-6, 08:07:06.447000, 29368.25, 29370.00, 29336.75, 29347.50, 4500, 4090, 29355.63, 29351.42, 29353.38, 2345, 2155, 0.00, 0.00
2026-8-6, 08:17:54.539000, 29347.50, 29367.00, 29326.25, 29340.00, 4500, 4186, 29345.19, 29344.42, 29346.63, 2367, 2133, 0.00, 0.00
2026-8-6, 08:27:46.450000, 29340.75, 29355.00, 29328.50, 29334.50, 1780, 1614, 29339.69, 29339.33, 29341.75, 935, 845, 0.00, 0.00
2026-8-6, 08:30:00.001000, 29335.00, 29373.75, 29321.50, 29324.50, 4500, 4156, 29338.69, 29339.92, 29347.63, 2277, 2223, 0.00, 0.00
2026-8-6, 08:31:00.299000, 29324.25, 29355.50, 29287.75, 29296.50, 4500, 4126, 29316.00, 29313.25, 29321.63, 2528, 1972, 0.00, 0.00
2026-8-6, 08:32:04.351000, 29296.50, 29296.50, 29241.25, 29256.25, 4500, 4121, 29272.63, 29264.67, 29268.88, 2361, 2139, 0.00, 0.00
2026-8-6, 08:33:12.489018, 29256.25, 29305.50, 29248.50, 29304.00, 4500, 4155, 29278.56, 29286.00, 29277.00, 2138, 2362, 0.00, 0.00
2026-8-6, 08:34:39.307002, 29304.00, 29371.75, 29303.00, 29327.75, 4500, 4114, 29326.63, 29334.17, 29337.38, 2090, 2410, 0.00, 0.00
2026-8-6, 08:35:45.788000, 29326.75, 29421.00, 29323.25, 29417.75, 4500, 4036, 29372.19, 29387.33, 29372.13, 1866, 2634, 0.00, 0.00
2026-8-6, 08:36:47.840000, 29416.75, 29448.50, 29412.25, 29418.00, 4500, 4081, 29423.88, 29426.25, 29430.38, 2159, 2341, 0.00, 0.00
2026-8-6, 08:38:07.789000, 29418.25, 29443.25, 29382.25, 29393.50, 4500, 4120, 29409.31, 29406.33, 29412.75, 2305, 2195, 0.00, 0.00
2026-8-6, 08:39:47.290000, 29394.00, 29459.00, 29376.00, 29451.50, 4500, 4022, 29420.13, 29428.83, 29417.50, 1894, 2606, 0.00, 0.00
2026-8-6, 08:41:06.672001, 29451.50, 29458.50, 29412.25, 29424.00, 4500, 4381, 29436.56, 29431.58, 29435.38, 2339, 2161, 0.00, 29463.50
2026-8-6, 08:43:07.874001, 29424.00, 29476.25, 29424.00, 29473.75, 4500, 4253, 29449.50, 29458.00, 29450.13, 1988, 2512, 0.00, 0.00
2026-8-6, 08:45:04.036002, 29473.75, 29496.75, 29447.50, 29493.75, 4500, 4284, 29477.94, 29479.33, 29472.13, 2145, 2355, 0.00, 0.00
2026-8-6, 08:47:01.780001, 29494.00, 29526.50, 29489.00, 29519.75, 4500, 4206, 29507.31, 29511.75, 29507.75, 2158, 2342, 0.00, 0.00
2026-8-6, 08:49:02.034001, 29519.75, 29540.50, 29505.25, 29528.25, 4500, 4184, 29523.44, 29524.67, 29522.88, 2147, 2353, 0.00, 0.00
2026-8-6, 08:51:00.207000, 29528.25, 29551.00, 29505.25, 29532.50, 4500, 4349, 29529.25, 29529.58, 29528.13, 2352, 2148, 0.00, 0.00
2026-8-6, 08:53:28.904002, 29532.50, 29540.00, 29486.50, 29510.50, 4500, 4306, 29517.38, 29512.33, 29513.25, 2283, 2217, 0.00, 0.00
2026-8-6, 08:55:47.021000, 29511.50, 29538.75, 29488.50, 29514.00, 4500, 4300, 29513.19, 29513.75, 29513.63, 2215, 2285, 0.00, 0.00
2026-8-6, 08:57:57.298000, 29514.50, 29558.50, 29501.75, 29537.00, 4500, 4175, 29527.94, 29532.42, 29530.13, 2127, 2373, 0.00, 0.00
2026-8-6, 09:00:07.910000, 29537.00, 29550.25, 29497.50, 29515.25, 4500, 4333, 29525.00, 29521.00, 29523.88, 2287, 2213, 0.00, 0.00
2026-8-6, 09:02:11.042000, 29515.50, 29540.25, 29488.00, 29512.00, 4500, 4301, 29513.94, 29513.42, 29514.13, 2342, 2158, 0.00, 0.00
2026-8-6, 09:04:53.175000, 29511.75, 29578.25, 29506.25, 29575.00, 4500, 4118, 29542.81, 29553.17, 29542.25, 2096, 2404, 0.00, 0.00
2026-8-6, 09:07:20.179000, 29575.25, 29588.50, 29555.00, 29586.00, 4500, 4315, 29576.19, 29576.50, 29571.75, 2147, 2353, 0.00, 0.00
2026-8-6, 09:10:12.874000, 29586.00, 29619.00, 29585.50, 29603.75, 4500, 4236, 29598.56, 29602.75, 29602.25, 2108, 2392, 0.00, 0.00
2026-8-6, 09:12:52.400000, 29603.50, 29620.25, 29586.75, 29616.25, 4500, 4260, 29606.69, 29607.75, 29603.50, 2293, 2207, 0.00, 29625.25
2026-8-6, 09:15:55.111000, 29616.00, 29652.50, 29606.25, 29634.00, 4500, 4110, 29627.19, 29630.92, 29629.38, 2207, 2293, 0.00, 0.00
2026-8-6, 09:18:16.032000, 29634.00, 29656.25, 29626.50, 29641.00, 4500, 4227, 29639.44, 29641.25, 29641.38, 2197, 2303, 0.00, 0.00
2026-8-6, 09:22:10.566000, 29641.25, 29667.00, 29614.00, 29618.50, 4500, 4265, 29635.19, 29633.17, 29640.50, 2280, 2220, 0.00, 0.00
2026-8-6, 09:25:19.952000, 29619.25, 29623.00, 29573.75, 29586.50, 4500, 4198, 29600.63, 29594.42, 29598.38, 2338, 2162, 0.00, 0.00
2026-8-6, 09:27:25.121007, 29586.75, 29611.00, 29564.75, 29589.50, 4500, 4277, 29588.00, 29588.42, 29587.88, 2206, 2294, 0.00, 0.00
2026-8-6, 09:30:01.050003, 29589.00, 29616.50, 29576.00, 29610.50, 4500, 4351, 29598.00, 29601.00, 29596.25, 2205, 2295, 0.00, 0.00
2026-8-6, 09:32:53.663003, 29610.50, 29650.75, 29606.50, 29647.50, 4500, 4154, 29628.81, 29634.92, 29628.63, 2049, 2451, 0.00, 0.00
2026-8-6, 09:36:08.995000, 29648.25, 29648.50, 29573.75, 29575.00, 4500, 4244, 29611.38, 29599.08, 29611.13, 2406, 2094, 0.00, 0.00
2026-8-6, 09:38:59.574000, 29575.00, 29585.50, 29545.25, 29580.75, 4500, 4137, 29571.63, 29570.50, 29565.38, 2357, 2143, 0.00, 0.00
2026-8-6, 09:41:13.078001, 29580.75, 29622.25, 29561.50, 29587.00, 4500, 4271, 29587.88, 29590.25, 29591.88, 2213, 2287, 0.00, 0.00
2026-8-6, 09:44:54.243003, 29587.00, 29589.25, 29533.75, 29553.25, 4500, 4216, 29565.81, 29558.75, 29561.50, 2426, 2074, 0.00, 0.00
2026-8-6, 09:47:47.800000, 29553.50, 29597.50, 29548.50, 29578.25, 4500, 4263, 29569.44, 29574.75, 29573.00, 2168, 2332, 29543.50, 0.00
2026-8-6, 09:51:37.963000, 29578.50, 29619.00, 29559.50, 29608.50, 4500, 4228, 29591.38, 29595.67, 29589.25, 2106, 2394, 0.00, 0.00
2026-8-6, 09:55:57.843003, 29608.50, 29655.00, 29602.50, 29652.75, 4500, 4220, 29629.69, 29636.75, 29628.75, 2120, 2380, 0.00, 0.00
2026-8-6, 09:59:43.619001, 29652.75, 29677.50, 29629.75, 29634.00, 4500, 4261, 29648.50, 29647.08, 29653.63, 2241, 2259, 0.00, 0.00
2026-8-6, 10:03:03.664000, 29633.75, 29649.50, 29598.75, 29648.50, 4500, 4194, 29632.63, 29632.25, 29624.13, 2191, 2309, 0.00, 0.00
2026-8-6, 10:06:54.856000, 29648.75, 29679.50, 29644.75, 29677.25, 4500, 4073, 29662.56, 29667.17, 29662.13, 2190, 2310, 0.00, 0.00
2026-8-6, 10:10:19.376000, 29677.00, 29686.25, 29640.75, 29649.00, 4500, 4135, 29663.25, 29658.67, 29663.50, 2287, 2213, 0.00, 0.00
2026-8-6, 10:14:13.680000, 29649.75, 29663.25, 29613.00, 29616.00, 4500, 4211, 29635.50, 29630.75, 29638.13, 2256, 2244, 0.00, 0.00
2026-8-6, 10:18:22.640006, 29616.00, 29618.00, 29570.25, 29578.50, 4500, 4265, 29595.69, 29588.92, 29594.13, 2345, 2155, 0.00, 0.00
2026-8-6, 10:21:26.619002, 29578.50, 29605.75, 29564.25, 29581.25, 4500, 4176, 29582.44, 29583.75, 29585.00, 2159, 2341, 0.00, 0.00
2026-8-6, 10:25:43.797003, 29581.75, 29622.25, 29580.00, 29608.00, 4500, 4171, 29598.00, 29603.42, 29601.13, 2086, 2414, 0.00, 0.00
2026-8-6, 10:30:32.671000, 29607.00, 29628.00, 29552.75, 29557.00, 4500, 4183, 29586.19, 29579.25, 29590.38, 2396, 2104, 0.00, 0.00
2026-8-6, 10:34:49.580000, 29556.75, 29577.75, 29540.25, 29564.50, 4500, 4249, 29559.81, 29560.83, 29559.00, 2255, 2245, 0.00, 0.00
2026-8-6, 10:39:02.438001, 29564.25, 29585.00, 29543.25, 29546.25, 4500, 4297, 29559.69, 29558.17, 29564.13, 2232, 2268, 0.00, 0.00
2026-8-6, 10:44:36.009000, 29545.25, 29598.25, 29530.75, 29598.25, 4500, 4222, 29568.13, 29575.75, 29564.50, 2074, 2426, 0.00, 0.00
2026-8-6, 10:48:32.493000, 29598.50, 29624.50, 29568.75, 29574.00, 4500, 4127, 29591.44, 29589.08, 29596.63, 2369, 2131, 0.00, 0.00
2026-8-6, 10:51:55.538000, 29574.00, 29592.00, 29525.75, 29527.00, 4500, 4254, 29554.69, 29548.25, 29558.88, 2462, 2038, 0.00, 0.00
2026-8-6, 10:54:55.220000, 29527.75, 29556.00, 29515.75, 29553.50, 4500, 4242, 29538.25, 29541.75, 29535.88, 2209, 2291, 0.00, 0.00
2026-8-6, 10:57:51.943000, 29553.50, 29555.00, 29486.00, 29487.25, 4500, 4259, 29520.44, 29509.42, 29520.50, 2340, 2160, 0.00, 0.00
2026-8-6, 11:01:13.736000, 29487.75, 29514.50, 29478.25, 29490.50, 4500, 4279, 29492.75, 29494.42, 29496.38, 2196, 2304, 0.00, 0.00
2026-8-6, 11:04:32.051000, 29491.00, 29542.75, 29486.00, 29525.25, 4500, 4312, 29511.25, 29518.00, 29514.38, 2015, 2485, 0.00, 0.00
2026-8-6, 11:09:01.363000, 29525.00, 29542.00, 29483.50, 29485.75, 4500, 4279, 29509.06, 29503.75, 29512.75, 2446, 2054, 0.00, 0.00
2026-8-6, 11:14:32.393000, 29486.00, 29498.50, 29452.75, 29478.25, 4500, 4239, 29478.88, 29476.50, 29475.63, 2232, 2268, 0.00, 0.00
2026-8-6, 11:18:17.131005, 29478.50, 29504.50, 29459.00, 29462.00, 4500, 4253, 29476.00, 29475.17, 29481.75, 2200, 2300, 0.00, 0.00
2026-8-6, 11:23:19.368000, 29462.00, 29493.50, 29448.50, 29481.25, 4500, 4263, 29471.31, 29474.42, 29471.00, 2166, 2334, 0.00, 0.00
2026-8-6, 11:28:10.125001, 29481.50, 29507.00, 29462.25, 29470.00, 4500, 4277, 29480.19, 29479.75, 29484.63, 2199, 2301, 0.00, 0.00
2026-8-6, 11:33:44.861000, 29469.25, 29527.25, 29465.25, 29518.75, 4500, 4264, 29495.13, 29503.75, 29496.25, 2029, 2471, 0.00, 0.00
2026-8-6, 11:40:16.567002, 29518.50, 29524.25, 29471.75, 29477.50, 4500, 4267, 29498.00, 29491.17, 29498.00, 2388, 2112, 0.00, 29529.25
2026-8-6, 11:46:40.724000, 29477.50, 29533.00, 29468.50, 29529.75, 4500, 4339, 29502.19, 29510.42, 29500.75, 2055, 2445, 0.00, 0.00
2026-8-6, 11:53:19.344015, 29529.50, 29566.75, 29505.50, 29563.00, 4500, 4235, 29541.19, 29545.08, 29536.13, 2121, 2379, 0.00, 0.00
2026-8-6, 12:00:04.736000, 29563.25, 29574.25, 29541.50, 29568.75, 4500, 4302, 29561.94, 29561.50, 29557.88, 2172, 2328, 0.00, 0.00
2026-8-6, 12:06:23.976000, 29569.00, 29574.25, 29527.00, 29527.75, 4500, 4284, 29549.50, 29543.00, 29550.63, 2277, 2223, 0.00, 0.00
2026-8-6, 12:14:40.889000, 29527.00, 29551.50, 29512.25, 29535.25, 4500, 4243, 29531.50, 29533.00, 29531.88, 2149, 2351, 0.00, 0.00
2026-8-6, 12:22:29.773005, 29535.50, 29550.25, 29518.75, 29527.50, 4500, 4262, 29533.00, 29532.17, 29534.50, 2239, 2261, 0.00, 0.00
2026-8-6, 12:33:30.504000, 29528.50, 29542.50, 29493.75, 29508.75, 4500, 4242, 29518.38, 29515.00, 29518.13, 2304, 2196, 0.00, 0.00
2026-8-6, 12:42:56.719001, 29509.00, 29523.25, 29493.75, 29523.25, 4500, 4226, 29512.31, 29513.42, 29508.50, 2124, 2376, 0.00, 0.00
2026-8-6, 12:52:49.084000, 29522.75, 29538.00, 29509.00, 29527.25, 4500, 4077, 29524.25, 29524.75, 29523.50, 2080, 2420, 0.00, 0.00
2026-8-6, 13:01:27.567025, 29527.25, 29539.50, 29507.25, 29525.25, 4500, 4285, 29524.81, 29524.00, 29523.38, 2232, 2268, 0.00, 0.00
2026-8-6, 13:13:19.609000, 29524.75, 29560.25, 29498.50, 29560.25, 4500, 4274, 29535.94, 29539.67, 29529.38, 2213, 2287, 0.00, 0.00
2026-8-6, 13:16:57.159007, 29560.50, 29575.50, 29549.00, 29563.00, 4500, 4272, 29562.00, 29562.50, 29562.25, 2184, 2316, 0.00, 0.00
2026-8-6, 13:24:28.829000, 29564.25, 29572.50, 29531.25, 29540.00, 4500, 4219, 29552.00, 29547.92, 29551.88, 2237, 2263, 0.00, 0.00
2026-8-6, 13:35:08.124000, 29539.75, 29547.00, 29500.50, 29524.75, 4500, 4246, 29528.00, 29524.08, 29523.75, 2256, 2244, 0.00, 0.00
2026-8-6, 13:45:23.129001, 29525.00, 29537.00, 29506.00, 29520.75, 4500, 4212, 29522.19, 29521.25, 29521.50, 2083, 2417, 0.00, 0.00
2026-8-6, 13:56:13.005002, 29520.75, 29559.75, 29510.25, 29556.75, 4500, 4283, 29536.88, 29542.25, 29535.00, 2111, 2389, 0.00, 0.00
2026-8-6, 14:04:37.481000, 29556.75, 29570.25, 29535.00, 29558.25, 4500, 4336, 29555.06, 29554.50, 29552.63, 2161, 2339, 0.00, 0.00
2026-8-6, 14:13:03.432001, 29558.25, 29559.00, 29524.25, 29537.25, 4500, 4255, 29544.69, 29540.17, 29541.63, 2194, 2306, 0.00, 0.00
2026-8-6, 14:22:28.570001, 29537.25, 29540.00, 29496.50, 29509.25, 4500, 4279, 29520.75, 29515.25, 29518.25, 2270, 2230, 0.00, 0.00
2026-8-6, 14:29:18.072003, 29509.50, 29545.50, 29489.25, 29530.00, 4500, 4314, 29518.56, 29521.58, 29517.38, 2265, 2235, 0.00, 0.00
2026-8-6, 14:36:14.314000, 29530.00, 29533.25, 29492.50, 29504.25, 4500, 4277, 29515.00, 29510.00, 29512.88, 2269, 2231, 0.00, 0.00
2026-8-6, 14:45:26.636003, 29504.25, 29511.50, 29476.50, 29480.25, 4500, 4215, 29493.13, 29489.42, 29494.00, 2353, 2147, 0.00, 0.00
2026-8-6, 14:51:07.086000, 29480.25, 29536.25, 29475.00, 29531.75, 4500, 4280, 29505.81, 29514.33, 29505.63, 1928, 2572, 0.00, 0.00
2026-8-6, 14:54:53.038000, 29531.75, 29534.50, 29510.75, 29519.50, 4500, 4345, 29524.13, 29521.58, 29522.63, 2137, 2363, 0.00, 0.00
2026-8-6, 14:58:34.004000, 29519.25, 29521.00, 29478.00, 29479.75, 4500, 4099, 29499.50, 29492.92, 29499.50, 2278, 2222, 0.00, 0.00
2026-8-6, 14:59:44.542000, 29479.50, 29505.00, 29478.25, 29499.00, 4500, 4019, 29490.44, 29494.08, 29491.63, 2052, 2448, 0.00, 0.00
2026-8-6, 15:00:00.107002, 29499.25, 29540.25, 29496.25, 29527.25, 4500, 4051, 29515.75, 29521.25, 29518.25, 2307, 2193, 0.00, 29545.25
2026-8-6, 15:03:20.243015, 29526.75, 29552.00, 29525.00, 29545.50, 4500, 3962, 29537.31, 29540.83, 29538.50, 2191, 2309, 0.00, 29557.00
2026-8-6, 15:16:22.080001, 29545.50, 29547.25, 29480.25, 29488.00, 4500, 4013, 29515.25, 29505.17, 29513.75, 2341, 2159, 0.00, 0.00
2026-8-6, 15:39:17.597000, 29488.50, 29581.75, 29487.00, 29566.00, 4500, 4180, 29530.81, 29544.92, 29534.38, 2187, 2313, 0.00, 0.00
2026-8-6, 17:25:49.716000, 29568.25, 29597.00, 29529.25, 29580.50, 4500, 4313, 29568.75, 29568.92, 29563.13, 2210, 2290, 0.00, 0.00
2026-8-6, 18:40:01.805002, 29580.50, 29618.75, 29525.00, 29533.50, 4500, 4288, 29564.44, 29559.08, 29571.88, 2319, 2181, 0.00, 0.00
2026-8-6, 19:16:55.356001, 29533.75, 29575.00, 29497.25, 29545.00, 4500, 4244, 29537.75, 29539.08, 29536.13, 2190, 2310, 0.00, 0.00
2026-8-6, 19:36:21.309000, 29546.00, 29582.00, 29503.75, 29564.75, 4500, 4207, 29549.13, 29550.17, 29542.88, 2220, 2280, 0.00, 0.00
2026-8-6, 20:01:21.439000, 29565.50, 29577.75, 29482.50, 29526.75, 4500, 4219, 29538.13, 29529.00, 29530.13, 2238, 2262, 0.00, 0.00
2026-8-6, 20:28:49.241000, 29527.25, 29581.25, 29493.75, 29525.00, 4500, 4139, 29531.81, 29533.33, 29537.50, 2195, 2305, 0.00, 0.00
2026-8-6, 20:55:07.004000, 29524.00, 29548.00, 29489.50, 29508.00, 4500, 3745, 29517.38, 29515.17, 29518.75, 2046, 2454, 0.00, 0.00
2026-8-6, 21:37:20.715003, 29508.00, 29548.00, 29475.50, 29501.50, 4500, 4192, 29508.25, 29508.33, 29511.75, 2260, 2240, 0.00, 0.00
2026-8-6, 22:26:35.559000, 29498.25, 29522.25, 29453.50, 29510.75, 4500, 3842, 29496.19, 29495.50, 29487.88, 2193, 2307, 0.00, 0.00
2026-8-6, 23:21:56.091000, 29510.50, 29549.00, 29489.25, 29548.75, 4500, 3556, 29524.38, 29529.00, 29519.13, 2002, 2498, 0.00, 0.00
2026-8-7, 00:08:52.670002, 29548.00, 29564.50, 29519.75, 29552.00, 4500, 4077, 29546.06, 29545.42, 29542.13, 2140, 2360, 0.00, 0.00
2026-8-7, 01:18:09.073027, 29552.00, 29583.50, 29537.75, 29547.00, 4500, 3422, 29555.06, 29556.08, 29560.63, 1718, 2782, 0.00, 0.00
2026-8-7, 02:00:02.242000, 29548.50, 29592.50, 29533.00, 29561.25, 4500, 3805, 29558.81, 29562.25, 29562.75, 1980, 2520, 0.00, 0.00
2026-8-7, 02:53:13.816000, 29562.25, 29633.25, 29562.25, 29632.75, 4500, 4136, 29597.63, 29609.42, 29597.75, 2084, 2416, 0.00, 0.00
2026-8-7, 03:31:43.780000, 29633.50, 29649.00, 29609.25, 29642.00, 4500, 3998, 29633.44, 29633.42, 29629.13, 2172, 2328, 0.00, 0.00
2026-8-7, 04:12:01.282000, 29642.25, 29649.00, 29591.25, 29611.50, 4500, 4220, 29623.50, 29617.25, 29620.13, 2313, 2187, 0.00, 0.00
2026-8-7, 05:31:53.855001, 29611.75, 29666.25, 29602.25, 29648.25, 4500, 4215, 29632.13, 29638.92, 29634.25, 2107, 2393, 0.00, 0.00
2026-8-7, 06:31:01.910000, 29647.25, 29673.25, 29604.25, 29625.75, 4500, 4140, 29637.63, 29634.42, 29638.75, 2447, 2053, 0.00, 0.00
2026-8-7, 07:00:45.516002, 29625.75, 29675.75, 29625.00, 29667.75, 4500, 4167, 29648.56, 29656.17, 29650.38, 2115, 2385, 0.00, 0.00
2026-8-7, 07:28:41.529002, 29668.00, 29772.25, 29618.50, 29729.75, 4500, 3816, 29697.13, 29706.83, 29695.38, 2193, 2307, 0.00, 0.00
2026-8-7, 07:32:28.240001, 29729.75, 29782.50, 29705.25, 29780.00, 4500, 4124, 29749.38, 29755.92, 29743.88, 2094, 2406, 0.00, 0.00
2026-8-7, 07:38:43.107006, 29780.25, 29814.00, 29772.75, 29802.50, 4500, 4031, 29792.38, 29796.42, 29793.38, 2251, 2249, 0.00, 0.00
2026-8-7, 07:44:36.737001, 29802.50, 29855.25, 29797.50, 29852.00, 4500, 3838, 29826.81, 29834.92, 29826.38, 2174, 2326, 0.00, 0.00
2026-8-7, 07:50:27.128000, 29852.00, 29867.75, 29833.25, 29835.25, 4500, 4037, 29847.06, 29845.42, 29850.50, 2415, 2085, 0.00, 0.00
2026-8-7, 07:58:01.920001, 29835.00, 29850.50, 29784.00, 29793.25, 4500, 4110, 29815.69, 29809.25, 29817.25, 2438, 2062, 0.00, 0.00
2026-8-7, 08:05:14.667000, 29793.75, 29805.00, 29745.25, 29747.00, 4500, 4155, 29772.75, 29765.75, 29775.13, 2437, 2063, 0.00, 0.00
2026-8-7, 08:11:36.494000, 29747.50, 29753.00, 29714.50, 29728.00, 4500, 4195, 29735.75, 29731.83, 29733.75, 2235, 2265, 0.00, 0.00
2026-8-7, 08:21:05.797000, 29728.50, 29740.50, 29690.75, 29697.50, 4500, 4127, 29714.31, 29709.58, 29715.63, 2348, 2152, 0.00, 0.00
2026-8-7, 08:29:01.520000, 29697.75, 29715.50, 29685.00, 29714.00, 1320, 1193, 29703.06, 29704.83, 29700.25, 669, 651, 0.00, 0.00
2026-8-7, 08:30:00.000000, 29714.75, 29738.50, 29681.00, 29715.25, 4500, 4187, 29712.38, 29711.58, 29709.75, 2301, 2199, 0.00, 0.00
2026-8-7, 08:30:47.157008, 29715.25, 29744.50, 29691.50, 29743.75, 4500, 4268, 29723.75, 29726.58, 29718.00, 2142, 2358, 0.00, 0.00
2026-8-7, 08:32:00.189001, 29743.75, 29795.75, 29738.25, 29795.25, 4500, 4251, 29768.25, 29776.42, 29767.00, 1900, 2600, 0.00, 0.00
2026-8-7, 08:33:06.678009, 29795.25, 29813.25, 29782.25, 29782.25, 4500, 4297, 29793.25, 29792.58, 29797.75, 2341, 2159, 0.00, 29818.25
2026-8-7, 08:34:42.413003, 29782.25, 29809.25, 29747.50, 29763.50, 4500, 4356, 29775.63, 29773.42, 29778.38, 2388, 2112, 0.00, 29814.25
2026-8-7, 08:36:07.050000, 29762.25, 29771.50, 29696.50, 29739.50, 4500, 4275, 29742.44, 29735.83, 29734.00, 2356, 2144, 0.00, 0.00
2026-8-7, 08:37:36.107000, 29738.75, 29777.25, 29707.25, 29769.50, 4500, 4318, 29748.19, 29751.33, 29742.25, 2196, 2304, 0.00, 0.00
2026-8-7, 08:39:29.318001, 29769.25, 29773.00, 29708.50, 29725.00, 4500, 4271, 29743.94, 29735.50, 29740.75, 2415, 2085, 0.00, 0.00
2026-8-7, 08:41:22.759000, 29724.00, 29754.50, 29704.25, 29749.75, 4500, 4176, 29733.13, 29736.17, 29729.38, 2118, 2382, 0.00, 0.00
2026-8-7, 08:43:17.278000, 29750.00, 29813.75, 29747.25, 29813.75, 4500, 4330, 29781.19, 29791.58, 29780.50, 2061, 2439, 0.00, 0.00
2026-8-7, 08:45:09.146028, 29813.75, 29820.00, 29709.00, 29733.50, 4500, 4254, 29769.06, 29754.17, 29764.50, 2389, 2111, 0.00, 0.00
2026-8-7, 08:46:32.873000, 29733.25, 29775.75, 29721.75, 29747.00, 4500, 4380, 29744.44, 29748.17, 29748.75, 2203, 2297, 0.00, 0.00
2026-8-7, 08:49:17.582003, 29747.00, 29793.00, 29742.00, 29789.00, 4500, 4330, 29767.75, 29774.67, 29767.50, 2296, 2204, 0.00, 0.00
2026-8-7, 08:52:07.195000, 29789.00, 29800.00, 29744.50, 29755.25, 4500, 4282, 29772.19, 29766.58, 29772.25, 2367, 2133, 0.00, 0.00
2026-8-7, 08:55:16.084000, 29755.75, 29761.25, 29668.75, 29668.75, 4500, 4282, 29713.63, 29699.58, 29715.00, 2576, 1924, 0.00, 0.00
2026-8-7, 08:57:04.663018, 29668.50, 29683.25, 29643.75, 29652.00, 4500, 4261, 29661.88, 29659.67, 29663.50, 2382, 2118, 0.00, 0.00
2026-8-7, 08:58:53.810034, 29651.75, 29692.00, 29646.25, 29686.00, 4500, 4293, 29669.00, 29674.75, 29669.13, 2170, 2330, 0.00, 0.00
2026-8-7, 09:00:39.016000, 29687.00, 29713.25, 29639.25, 29651.25, 4500, 4338, 29672.69, 29667.92, 29676.25, 2258, 2242, 0.00, 0.00
2026-8-7, 09:02:20.309000, 29650.75, 29679.25, 29625.00, 29630.00, 4500, 4338, 29646.25, 29644.75, 29652.13, 2358, 2142, 0.00, 0.00
2026-8-7, 09:04:34.330002, 29630.00, 29672.00, 29613.50, 29668.25, 4500, 4253, 29645.94, 29651.25, 29642.75, 2129, 2371, 0.00, 0.00
2026-8-7, 09:06:52.764000, 29669.00, 29684.75, 29634.00, 29636.25, 4500, 4323, 29656.00, 29651.67, 29659.38, 2225, 2275, 0.00, 0.00
2026-8-7, 09:09:39.242001, 29636.25, 29649.00, 29600.00, 29600.00, 4500, 4254, 29621.31, 29616.33, 29624.50, 2321, 2179, 0.00, 0.00
2026-8-7, 09:11:53.219007, 29600.00, 29605.50, 29564.50, 29585.50, 4500, 4192, 29588.88, 29585.17, 29585.00, 2319, 2181, 0.00, 0.00
2026-8-7, 09:13:27.096000, 29585.00, 29617.50, 29568.50, 29600.75, 4500, 4331, 29592.94, 29595.58, 29593.00, 2230, 2270, 0.00, 0.00
2026-8-7, 09:15:18.440001, 29600.75, 29661.50, 29571.00, 29649.75, 4500, 4277, 29620.75, 29627.42, 29616.25, 2164, 2336, 0.00, 0.00
2026-8-7, 09:16:56.507019, 29649.50, 29678.75, 29638.75, 29678.75, 4500, 4166, 29661.44, 29665.42, 29658.75, 2162, 2338, 0.00, 0.00
2026-8-7, 09:18:49.327011, 29678.75, 29731.00, 29674.25, 29717.50, 4500, 4221, 29700.38, 29707.58, 29702.63, 2081, 2419, 0.00, 0.00
2026-8-7, 09:20:51.403000, 29717.25, 29728.75, 29687.00, 29717.00, 4500, 4315, 29712.50, 29710.92, 29707.88, 2221, 2279, 0.00, 0.00
2026-8-7, 09:23:43.713000, 29717.25, 29759.00, 29699.75, 29747.75, 4500, 4283, 29730.94, 29735.50, 29729.38, 2076, 2424, 0.00, 0.00
2026-8-7, 09:26:11.602002, 29747.75, 29779.50, 29745.75, 29761.25, 4500, 4274, 29758.56, 29762.17, 29762.63, 2167, 2333, 0.00, 0.00
2026-8-7, 09:29:32.712000, 29761.25, 29775.00, 29715.75, 29732.00, 4500, 4305, 29746.00, 29740.92, 29745.38, 2364, 2136, 0.00, 0.00
2026-8-7, 09:32:01.125003, 29732.00, 29754.50, 29714.25, 29720.50, 4500, 4346, 29730.31, 29729.75, 29734.38, 2339, 2161, 0.00, 0.00
2026-8-7, 09:35:37.821000, 29720.75, 29724.00, 29683.25, 29711.50, 4500, 4234, 29709.88, 29706.25, 29703.63, 2289, 2211, 0.00, 0.00
2026-8-7, 09:38:08.940000, 29711.50, 29736.00, 29669.50, 29693.50, 4500, 4018, 29702.63, 29699.67, 29702.75, 2260, 2240, 0.00, 0.00
2026-8-7, 09:40:21.700000, 29693.00, 29720.50, 29670.75, 29675.25, 4500, 4357, 29689.88, 29688.83, 29695.63, 2246, 2254, 0.00, 0.00
2026-8-7, 09:43:39.124000, 29675.00, 29709.25, 29660.00, 29704.00, 4500, 4367, 29687.06, 29691.08, 29684.63, 2171, 2329, 0.00, 0.00
2026-8-7, 09:46:40.510000, 29704.00, 29732.00, 29698.00, 29718.50, 4500, 4262, 29713.13, 29716.17, 29715.00, 2174, 2326, 0.00, 0.00
2026-8-7, 09:50:10.641001, 29718.50, 29726.75, 29667.75, 29686.50, 4500, 4314, 29699.88, 29693.67, 29697.25, 2336, 2164, 0.00, 0.00
2026-8-7, 09:54:02.570002, 29686.25, 29721.25, 29674.75, 29709.75, 4500, 4338, 29698.00, 29701.92, 29698.00, 2206, 2294, 0.00, 0.00
2026-8-7, 09:58:10.492000, 29711.50, 29740.75, 29700.50, 29725.50, 4500, 4271, 29719.56, 29722.25, 29720.63, 2147, 2353, 0.00, 0.00
2026-8-7, 10:02:03.993000, 29727.25, 29768.50, 29709.00, 29763.75, 4500, 4239, 29742.13, 29747.08, 29738.75, 2081, 2419, 0.00, 0.00
2026-8-7, 10:07:39.575000, 29763.75, 29782.50, 29749.25, 29765.50, 4500, 4105, 29765.25, 29765.75, 29765.88, 2118, 2382, 0.00, 0.00
2026-8-7, 10:12:15.338000, 29765.75, 29773.00, 29738.25, 29748.25, 4500, 4245, 29756.31, 29753.17, 29755.63, 2203, 2297, 0.00, 0.00
2026-8-7, 10:17:32.423000, 29748.75, 29788.00, 29746.50, 29788.00, 4500, 4240, 29767.81, 29774.17, 29767.25, 2111, 2389, 0.00, 0.00
2026-8-7, 10:23:30.311005, 29788.00, 29823.75, 29783.75, 29820.00, 4500, 3903, 29803.88, 29809.17, 29803.75, 1734, 2766, 0.00, 0.00
2026-8-7, 10:26:22.837000, 29819.75, 29844.75, 29813.00, 29837.75, 4500, 4216, 29828.81, 29831.83, 29828.88, 2030, 2470, 0.00, 0.00
2026-8-7, 10:30:14.762000, 29838.00, 29855.25, 29832.00, 29839.00, 4500, 4316, 29841.06, 29842.08, 29843.63, 2201, 2299, 0.00, 0.00
2026-8-7, 10:34:36.281000, 29838.75, 29844.00, 29818.75, 29825.75, 4500, 4272, 29831.81, 29829.50, 29831.38, 2251, 2249, 0.00, 0.00
2026-8-7, 10:40:00.188000, 29825.50, 29837.50, 29794.25, 29814.50, 4500, 4229, 29817.94, 29815.42, 29815.88, 2195, 2305, 0.00, 0.00
2026-8-7, 10:44:52.338000, 29814.00, 29843.25, 29802.25, 29833.25, 4500, 4130, 29823.19, 29826.25, 29822.75, 1981, 2519, 0.00, 0.00
2026-8-7, 10:52:09.437001, 29833.25, 29837.25, 29796.50, 29800.75, 4500, 4292, 29816.94, 29811.50, 29816.88, 2369, 2131, 0.00, 29842.25
2026-8-7, 10:58:40.286000, 29800.75, 29824.00, 29795.00, 29817.25, 4500, 4333, 29809.25, 29812.08, 29809.50, 2106, 2394, 0.00, 0.00
2026-8-7, 11:06:00.460001, 29817.00, 29830.00, 29795.75, 29798.50, 4500, 4264, 29810.31, 29808.08, 29812.88, 2320, 2180, 0.00, 0.00
2026-8-7, 11:15:41.339001, 29798.50, 29819.00, 29784.75, 29795.00, 4500, 4214, 29799.31, 29799.58, 29801.88, 2231, 2269, 0.00, 0.00
2026-8-7, 11:21:08.101000, 29795.75, 29797.50, 29727.00, 29727.00, 4500, 4148, 29761.81, 29750.50, 29762.25, 2530, 1970, 0.00, 0.00
2026-8-7, 11:25:33.995026, 29727.00, 29732.75, 29688.75, 29709.75, 4500, 4218, 29714.56, 29710.42, 29710.75, 2260, 2240, 0.00, 0.00
2026-8-7, 11:28:55.018000, 29710.00, 29721.00, 29670.50, 29675.75, 4500, 4228, 29694.31, 29689.08, 29695.75, 2378, 2122, 0.00, 0.00
2026-8-7, 11:31:52.421000, 29675.00, 29738.75, 29668.75, 29729.25, 4500, 4214, 29702.94, 29712.25, 29703.75, 1980, 2520, 0.00, 0.00
2026-8-7, 11:35:08.760000, 29729.25, 29761.25, 29719.25, 29757.50, 4500, 4277, 29741.81, 29746.00, 29740.25, 2102, 2398, 0.00, 0.00
2026-8-7, 11:40:27.421000, 29757.75, 29771.50, 29735.00, 29763.25, 4500, 4115, 29756.88, 29756.58, 29753.25, 2205, 2295, 0.00, 0.00
2026-8-7, 11:47:02.562000, 29764.25, 29780.75, 29740.00, 29748.00, 4500, 4177, 29758.25, 29756.25, 29760.38, 2181, 2319, 0.00, 0.00
2026-8-7, 11:53:43.929000, 29748.00, 29765.00, 29726.75, 29735.25, 4500, 4014, 29743.75, 29742.33, 29745.88, 2194, 2306, 0.00, 0.00
2026-8-7, 12:01:18.061002, 29735.25, 29768.00, 29734.25, 29761.75, 4500, 4156, 29749.81, 29754.67, 29751.13, 2042, 2458, 0.00, 0.00
2026-8-7, 12:10:17.999004, 29761.75, 29767.00, 29731.75, 29756.00, 4500, 4131, 29754.13, 29751.58, 29749.38, 2167, 2333, 0.00, 0.00
2026-8-7, 12:21:07.299000, 29756.75, 29763.00, 29726.25, 29729.25, 4500, 4125, 29743.81, 29739.50, 29744.63, 2231, 2269, 0.00, 0.00
2026-8-7, 12:33:06.055001, 29729.25, 29764.25, 29727.00, 29746.75, 4500, 4079, 29741.81, 29746.00, 29745.63, 2109, 2391, 0.00, 0.00
2026-8-7, 12:43:43.100001, 29747.00, 29759.25, 29735.50, 29752.25, 4500, 4122, 29748.50, 29749.00, 29747.38, 2208, 2292, 0.00, 0.00
2026-8-7, 12:59:10.380001, 29752.25, 29754.75, 29729.50, 29732.50, 4500, 4217, 29742.25, 29738.92, 29742.13, 2325, 2175, 0.00, 0.00
2026-8-7, 13:13:14.605000, 29732.00, 29734.25, 29712.25, 29712.25, 4500, 4210, 29722.69, 29719.58, 29723.25, 2382, 2118, 0.00, 0.00
2026-8-7, 13:24:19.056000, 29712.25, 29724.25, 29700.00, 29707.25, 4500, 4122, 29710.94, 29710.50, 29712.13, 2295, 2205, 0.00, 0.00
2026-8-7, 13:34:39.466000, 29707.00, 29710.75, 29677.50, 29678.50, 4500, 4227, 29693.44, 29688.92, 29694.13, 2354, 2146, 0.00, 0.00
2026-8-7, 13:46:40.440001, 29678.50, 29715.00, 29676.50, 29709.00, 4500, 4284, 29694.75, 29700.17, 29695.75, 2171, 2329, 0.00, 0.00
2026-8-7, 13:58:45.128000, 29708.25, 29771.75, 29707.50, 29753.50, 4500, 4154, 29735.25, 29744.25, 29739.63, 1944, 2556, 0.00, 0.00
2026-8-7, 14:02:01.398000, 29753.00, 29790.25, 29741.75, 29781.50, 4500, 4069, 29766.63, 29771.17, 29766.00, 2016, 2484, 0.00, 0.00
2026-8-7, 14:09:25.035003, 29781.25, 29810.75, 29779.75, 29808.00, 4500, 4243, 29794.94, 29799.50, 29795.25, 2108, 2392, 0.00, 0.00
2026-8-7, 14:15:27.950001, 29808.00, 29823.00, 29791.75, 29810.50, 4500, 4289, 29808.31, 29808.42, 29807.38, 2245, 2255, 0.00, 0.00
2026-8-7, 14:21:30.071000, 29810.50, 29815.00, 29785.25, 29791.25, 4500, 4273, 29800.50, 29797.17, 29800.13, 2306, 2194, 0.00, 0.00
2026-8-7, 14:30:32.059000, 29791.25, 29801.50, 29773.00, 29795.75, 4500, 4275, 29790.38, 29790.08, 29787.25, 2197, 2303, 0.00, 0.00
2026-8-7, 14:38:58.072001, 29795.75, 29800.25, 29772.25, 29785.75, 4500, 4244, 29788.50, 29786.08, 29786.25, 2210, 2290, 0.00, 0.00
2026-8-7, 14:46:53.694002, 29785.75, 29814.50, 29778.00, 29809.25, 4500, 4193, 29796.88, 29800.58, 29796.25, 2151, 2349, 0.00, 0.00
2026-8-7, 14:52:44.025000, 29809.00, 29848.75, 29807.75, 29827.50, 4500, 4119, 29823.25, 29828.00, 29828.25, 1999, 2501, 0.00, 0.00
2026-8-7, 14:55:39.975000, 29828.00, 29860.00, 29817.75, 29854.75, 4500, 3959, 29840.13, 29844.17, 29838.88, 1986, 2514, 0.00, 0.00
2026-8-7, 14:58:34.770000, 29854.75, 29860.25, 29834.75, 29835.50, 4500, 4237, 29846.31, 29843.50, 29847.50, 2246, 2254, 0.00, 0.00
2026-8-7, 14:59:40.931001, 29835.50, 29842.25, 29826.75, 29827.25, 4500, 4013, 29832.94, 29832.08, 29834.50, 2568, 1932, 0.00, 0.00
2026-8-7, 14:59:57.952000, 29827.75, 29850.75, 29826.00, 29845.00, 4500, 4218, 29837.38, 29840.58, 29838.38, 2040, 2460, 0.00, 0.00
2026-8-7, 15:01:09.947003, 29845.00, 29845.75, 29805.25, 29805.25, 4500, 4138, 29825.31, 29818.75, 29825.50, 2156, 2344, 0.00, 0.00
2026-8-7, 15:10:36.879001, 29805.50, 29829.00, 29802.50, 29817.50, 4500, 4076, 29813.63, 29816.33, 29815.75, 2155, 2345, 0.00, 0.00
2026-8-7, 15:47:11.204000, 29817.25, 29845.00, 29814.25, 29839.50, 1555, 1240, 29829.00, 29832.92, 29829.63, 689, 866, 0.00, 0.00
2026-8-9, 17:00:00.000000, 29851.25, 29896.75, 29805.25, 29825.75, 4500, 4203, 29844.75, 29842.58, 29851.00, 2412, 2088, 0.00, 0.00
2026-8-9, 17:20:18.045039, 29825.00, 29877.00, 29814.50, 29857.50, 4500, 4258, 29843.50, 29849.67, 29845.75, 2108, 2392, 0.00, 0.00
2026-8-9, 18:16:17.468014, 29857.50, 29882.25, 29796.25, 29823.00, 4500, 4278, 29839.75, 29833.83, 29839.25, 2348, 2152, 0.00, 0.00
2026-8-9, 19:02:40.377001, 29822.75, 29906.50, 29821.50, 29852.25, 4500, 4177, 29850.75, 29860.08, 29864.00, 2194, 2306, 0.00, 0.00
2026-8-9, 19:29:21.070000, 29853.00, 29865.25, 29788.50, 29826.50, 4500, 4228, 29833.31, 29826.75, 29826.88, 2284, 2216, 0.00, 0.00
2026-8-9, 20:01:55.063001, 29827.00, 29882.50, 29808.25, 29877.75, 4500, 4200, 29848.88, 29856.17, 29845.38, 2093, 2407, 0.00, 0.00
2026-8-9, 20:39:58.548007, 29877.75, 29899.50, 29848.25, 29892.50, 4500, 4254, 29879.50, 29880.08, 29873.88, 2228, 2272, 0.00, 0.00
2026-8-9, 21:53:52.196001, 29892.75, 29904.00, 29869.25, 29885.75, 4500, 4270, 29887.94, 29886.33, 29886.63, 2195, 2305, 0.00, 0.00
2026-8-9, 23:39:17.958000, 29885.00, 29924.50, 29863.00, 29917.75, 4500, 4204, 29897.56, 29901.75, 29893.75, 2214, 2286, 0.00, 0.00
2026-8-10, 00:52:52.233000, 29918.00, 29962.75, 29907.00, 29910.50, 4500, 4150, 29924.56, 29926.75, 29934.88, 2035, 2465, 0.00, 0.00
2026-8-10, 01:32:16.790004, 29910.50, 29952.00, 29886.25, 29938.75, 4500, 4196, 29921.88, 29925.67, 29919.13, 2251, 2249, 0.00, 0.00
2026-8-10, 02:27:27.483000, 29937.25, 29984.00, 29935.75, 29946.50, 4500, 4281, 29950.88, 29955.42, 29959.88, 2195, 2305, 0.00, 0.00
2026-8-10, 03:21:41.158002, 29946.50, 29983.75, 29936.00, 29943.25, 4500, 4176, 29952.38, 29954.33, 29959.88, 2262, 2238, 0.00, 0.00
2026-8-10, 04:49:25.815000, 29942.25, 29959.00, 29908.25, 29925.00, 4500, 4228, 29933.63, 29930.75, 29933.63, 2272, 2228, 0.00, 0.00
2026-8-10, 06:00:22.035002, 29925.00, 29926.00, 29851.50, 29913.25, 4500, 4147, 29903.94, 29896.92, 29888.75, 2228, 2272, 0.00, 0.00
2026-8-10, 06:32:46.892000, 29911.75, 29913.25, 29846.00, 29867.75, 4500, 3971, 29884.69, 29875.67, 29879.63, 2228, 2272, 0.00, 0.00
2026-8-10, 07:06:48.879000, 29867.25, 29883.75, 29782.25, 29795.75, 4500, 4110, 29832.25, 29820.58, 29833.00, 2625, 1875, 0.00, 0.00
2026-8-10, 07:36:40.454002, 29795.75, 29812.25, 29771.75, 29793.00, 4500, 4273, 29793.19, 29792.33, 29792.00, 2241, 2259, 0.00, 0.00
2026-8-10, 08:00:37.776000, 29793.00, 29818.50, 29772.25, 29798.75, 4500, 4299, 29795.63, 29796.50, 29795.38, 2324, 2176, 0.00, 0.00
2026-8-10, 08:23:02.453001, 29798.75, 29823.75, 29789.50, 29805.50, 2981, 2777, 29804.38, 29806.25, 29806.63, 1425, 1556, 0.00, 0.00
2026-8-10, 08:30:00.003000, 29805.50, 29836.50, 29788.00, 29824.75, 4500, 4304, 29813.69, 29816.42, 29812.25, 2125, 2375, 0.00, 0.00
2026-8-10, 08:31:10.317000, 29825.50, 29841.75, 29798.25, 29827.75, 4500, 4236, 29823.31, 29822.58, 29820.00, 2151, 2349, 0.00, 0.00
2026-8-10, 08:33:36.992000, 29826.50, 29828.25, 29737.00, 29741.75, 4500, 3925, 29783.38, 29769.00, 29782.63, 2459, 2041, 0.00, 0.00
2026-8-10, 08:34:51.672000, 29743.25, 29801.00, 29727.75, 29798.25, 4500, 4232, 29767.56, 29775.67, 29764.38, 2263, 2237, 0.00, 0.00
2026-8-10, 08:36:15.897007, 29798.25, 29811.25, 29751.50, 29758.75, 4500, 4309, 29779.94, 29773.83, 29781.38, 2356, 2144, 0.00, 0.00
2026-8-10, 08:37:58.736000, 29759.00, 29769.50, 29735.00, 29758.25, 4500, 3728, 29755.44, 29754.25, 29752.25, 2631, 1869, 0.00, 0.00
2026-8-10, 08:39:57.597002, 29758.25, 29771.00, 29718.75, 29743.25, 4500, 4289, 29747.81, 29744.33, 29744.88, 2344, 2156, 0.00, 0.00
2026-8-10, 08:41:54.549000, 29742.50, 29781.00, 29741.75, 29778.50, 4500, 3893, 29760.94, 29767.08, 29761.38, 1946, 2554, 0.00, 0.00
2026-8-10, 08:44:07.696000, 29778.25, 29804.25, 29767.50, 29780.75, 4500, 4313, 29782.69, 29784.17, 29785.88, 2148, 2352, 0.00, 0.00
2026-8-10, 08:46:35.554000, 29781.50, 29828.00, 29773.75, 29813.50, 4500, 4315, 29799.19, 29805.08, 29800.88, 2137, 2363, 0.00, 0.00
2026-8-10, 08:49:42.690000, 29812.25, 29832.75, 29792.75, 29808.00, 4500, 4252, 29811.44, 29811.17, 29812.75, 2341, 2159, 0.00, 0.00
2026-8-10, 08:51:55.974000, 29808.00, 29808.50, 29754.50, 29784.25, 4500, 4274, 29788.81, 29782.42, 29781.50, 2388, 2112, 0.00, 0.00
2026-8-10, 08:54:19.783000, 29784.25, 29799.00, 29756.25, 29779.25, 4500, 4353, 29779.69, 29778.17, 29777.63, 2296, 2204, 0.00, 0.00
2026-8-10, 08:57:42.708000, 29779.50, 29819.25, 29777.00, 29800.00, 4500, 4316, 29793.94, 29798.75, 29798.13, 2269, 2231, 0.00, 0.00
2026-8-10, 09:00:43.210000, 29799.00, 29831.50, 29788.25, 29820.25, 4500, 4322, 29809.75, 29813.33, 29809.88, 2151, 2349, 0.00, 0.00
2026-8-10, 09:04:27.172000, 29821.00, 29862.50, 29812.75, 29853.50, 4500, 4218, 29837.44, 29842.92, 29837.63, 1976, 2524, 0.00, 0.00
2026-8-10, 09:07:56.048002, 29853.50, 29881.50, 29840.25, 29875.00, 4500, 3994, 29862.56, 29865.58, 29860.88, 2439, 2061, 0.00, 0.00
2026-8-10, 09:10:35.670001, 29874.75, 29898.25, 29872.50, 29895.75, 4500, 4251, 29885.31, 29888.83, 29885.38, 2089, 2411, 0.00, 0.00
2026-8-10, 09:15:04.163052, 29895.50, 29900.00, 29857.25, 29862.50, 4500, 4241, 29878.81, 29873.25, 29878.63, 2477, 2023, 0.00, 0.00
2026-8-10, 09:18:59.973000, 29862.50, 29884.50, 29849.00, 29849.00, 4500, 4226, 29861.25, 29860.83, 29866.75, 2347, 2153, 0.00, 0.00
2026-8-10, 09:23:21.149008, 29849.00, 29856.50, 29814.75, 29856.25, 4500, 4281, 29844.13, 29842.50, 29835.63, 2350, 2150, 0.00, 0.00
2026-8-10, 09:26:05.174001, 29856.25, 29869.50, 29838.25, 29857.25, 4500, 4267, 29855.31, 29855.00, 29853.88, 2132, 2368, 0.00, 0.00
2026-8-10, 09:30:23.765000, 29857.25, 29882.00, 29850.00, 29876.00, 4500, 4260, 29866.31, 29869.33, 29866.00, 2179, 2321, 0.00, 0.00
2026-8-10, 09:35:23.020000, 29876.00, 29892.25, 29846.75, 29859.25, 4500, 4277, 29868.56, 29866.08, 29869.50, 2108, 2392, 0.00, 0.00
2026-8-10, 09:39:35.942000, 29858.75, 29883.00, 29855.00, 29882.25, 4500, 4192, 29869.75, 29873.42, 29869.00, 2167, 2333, 0.00, 0.00
2026-8-10, 09:45:52.622000, 29881.50, 29886.00, 29827.25, 29834.75, 4500, 4285, 29857.38, 29849.33, 29856.63, 2415, 2085, 0.00, 0.00
2026-8-10, 09:52:39.449000, 29834.50, 29839.00, 29787.00, 29797.00, 4500, 4242, 29814.38, 29807.67, 29813.00, 2328, 2172, 0.00, 0.00
2026-8-10, 09:55:38.626001, 29797.00, 29816.00, 29780.75, 29780.75, 4500, 4240, 29793.63, 29792.50, 29798.38, 2318, 2182, 0.00, 0.00
2026-8-10, 09:59:52.588007, 29780.75, 29811.50, 29771.25, 29799.00, 4500, 4239, 29790.63, 29793.92, 29791.38, 2194, 2306, 0.00, 0.00
2026-8-10, 10:03:00.482000, 29800.25, 29822.50, 29792.75, 29818.00, 4500, 4229, 29808.38, 29811.08, 29807.63, 2037, 2463, 0.00, 0.00
2026-8-10, 10:08:16.585000, 29818.75, 29821.00, 29766.00, 29778.25, 4500, 4257, 29796.00, 29788.42, 29793.50, 2358, 2142, 0.00, 0.00
2026-8-10, 10:13:24.903000, 29778.50, 29817.25, 29772.00, 29797.25, 4500, 4190, 29791.25, 29795.50, 29794.63, 2080, 2420, 0.00, 0.00
2026-8-10, 10:19:14.801000, 29797.50, 29809.25, 29760.50, 29762.25, 4500, 4223, 29782.38, 29777.33, 29784.88, 2422, 2078, 0.00, 0.00
2026-8-10, 10:25:57.701000, 29762.00, 29787.75, 29753.50, 29766.75, 4500, 4285, 29767.50, 29769.33, 29770.63, 2300, 2200, 0.00, 0.00
2026-8-10, 10:31:52.608004, 29766.75, 29769.00, 29740.75, 29766.75, 4500, 4255, 29760.81, 29758.83, 29754.88, 2236, 2264, 0.00, 0.00
2026-8-10, 10:39:15.526000, 29766.50, 29813.75, 29753.00, 29813.25, 4500, 4100, 29786.63, 29793.33, 29783.38, 1910, 2590, 0.00, 0.00
2026-8-10, 10:45:13.693001, 29813.25, 29823.25, 29786.25, 29823.25, 4500, 4180, 29811.50, 29810.92, 29804.75, 2077, 2423, 0.00, 0.00
2026-8-10, 10:51:54.716020, 29823.25, 29854.50, 29821.25, 29852.00, 4500, 4238, 29837.75, 29842.58, 29837.88, 1905, 2595, 0.00, 0.00
2026-8-10, 10:58:05.013001, 29852.00, 29858.75, 29831.75, 29836.00, 4500, 4245, 29844.63, 29842.17, 29845.25, 2235, 2265, 0.00, 0.00
2026-8-10, 11:07:13.291000, 29837.00, 29839.50, 29804.75, 29809.50, 4500, 4312, 29822.69, 29817.92, 29822.13, 2357, 2143, 0.00, 0.00
2026-8-10, 11:15:59.862000, 29809.00, 29843.50, 29808.25, 29839.25, 4500, 4181, 29825.00, 29830.33, 29825.88, 2041, 2459, 0.00, 0.00
2026-8-10, 11:26:01.823001, 29839.25, 29840.00, 29744.00, 29777.75, 4500, 4156, 29800.25, 29787.25, 29792.00, 2813, 1687, 0.00, 0.00
2026-8-10, 11:32:10.187000, 29776.50, 29796.00, 29765.00, 29778.75, 4500, 4325, 29779.06, 29779.92, 29780.50, 2305, 2195, 0.00, 0.00
2026-8-10, 11:37:42.510000, 29777.75, 29777.75, 29738.00, 29738.25, 4500, 4174, 29757.94, 29751.33, 29757.88, 2326, 2174, 0.00, 0.00
2026-8-10, 11:43:38.037001, 29738.25, 29765.00, 29729.50, 29759.75, 4500, 4100, 29748.13, 29751.42, 29747.25, 2118, 2382, 0.00, 0.00
2026-8-10, 11:49:27.311000, 29760.25, 29778.25, 29741.75, 29777.00, 4500, 4138, 29764.31, 29765.67, 29760.00, 2158, 2342, 0.00, 0.00
2026-8-10, 11:58:19.025000, 29776.25, 29789.75, 29760.75, 29786.25, 4500, 4130, 29778.25, 29778.92, 29775.25, 2036, 2464, 0.00, 0.00
2026-8-10, 12:07:42.284001, 29786.25, 29811.25, 29784.25, 29810.50, 4500, 3929, 29798.06, 29802.00, 29797.75, 1881, 2619, 0.00, 0.00
2026-8-10, 12:16:41.579000, 29810.00, 29811.25, 29776.25, 29786.00, 4500, 4222, 29795.88, 29791.17, 29793.75, 2313, 2187, 0.00, 29816.25
2026-8-10, 12:29:36.657000, 29786.00, 29796.50, 29763.75, 29777.00, 4500, 4069, 29780.81, 29779.08, 29780.13, 2382, 2118, 0.00, 0.00
2026-8-10, 12:42:04.062001, 29777.00, 29778.50, 29744.25, 29749.75, 4500, 4184, 29762.38, 29757.50, 29761.38, 2296, 2204, 0.00, 0.00
2026-8-10, 12:54:00.399001, 29750.00, 29770.00, 29745.75, 29768.25, 4500, 4205, 29758.50, 29761.33, 29757.88, 2141, 2359, 0.00, 0.00
2026-8-10, 13:08:55.651000, 29768.50, 29772.75, 29742.50, 29751.50, 4500, 4207, 29758.81, 29755.58, 29757.63, 2252, 2248, 0.00, 0.00
2026-8-10, 13:24:05.471000, 29751.50, 29771.00, 29741.50, 29750.25, 4500, 4176, 29753.56, 29754.25, 29756.25, 2227, 2273, 0.00, 0.00
2026-8-10, 13:37:21.129001, 29750.25, 29780.00, 29746.25, 29774.75, 4500, 4104, 29762.81, 29767.00, 29763.13, 1970, 2530, 0.00, 0.00
2026-8-10, 13:51:14.607000, 29775.75, 29793.25, 29767.50, 29789.50, 4500, 4264, 29781.50, 29783.42, 29780.38, 2129, 2371, 0.00, 0.00
2026-8-10, 14:04:28.950000, 29789.75, 29796.00, 29775.50, 29789.00, 4500, 4332, 29787.56, 29786.83, 29785.75, 2270, 2230, 0.00, 0.00
2026-8-10, 14:18:52.613003, 29788.75, 29796.00, 29778.00, 29788.00, 4500, 4260, 29787.69, 29787.33, 29787.00, 2262, 2238, 0.00, 0.00
2026-8-10, 14:32:22.735000, 29788.00, 29793.00, 29770.25, 29778.25, 4500, 4283, 29782.38, 29780.50, 29781.63, 2117, 2383, 0.00, 0.00
2026-8-10, 14:43:54.663000, 29778.25, 29784.25, 29753.50, 29754.75, 4500, 4121, 29767.69, 29764.17, 29768.88, 2182, 2318, 0.00, 0.00
2026-8-10, 14:50:34.430000, 29755.50, 29757.50, 29732.50, 29740.75, 4500, 4208, 29746.56, 29743.58, 29745.00, 2279, 2221, 0.00, 0.00
2026-8-10, 14:54:40.812000, 29741.00, 29756.25, 29728.75, 29729.75, 4500, 4310, 29738.94, 29738.25, 29742.50, 2187, 2313, 0.00, 0.00
2026-8-10, 14:58:10.786000, 29729.50, 29737.50, 29722.50, 29731.00, 4500, 4150, 29730.13, 29730.33, 29730.00, 2111, 2389, 0.00, 0.00
2026-8-10, 14:59:41.605000, 29731.00, 29745.25, 29728.25, 29742.25, 4500, 4086, 29736.69, 29738.58, 29736.75, 1768, 2732, 0.00, 0.00
2026-8-10, 14:59:58.203001, 29742.25, 29754.75, 29740.25, 29746.75, 4500, 4152, 29746.00, 29747.25, 29747.50, 2032, 2468, 0.00, 0.00
2026-8-10, 15:02:41.611002, 29746.75, 29754.75, 29737.00, 29747.00, 4500, 4247, 29746.38, 29746.25, 29745.88, 1965, 2535, 0.00, 29759.75
2026-8-10, 15:27:09.738005, 29747.00, 29788.50, 29743.25, 29747.75, 4500, 4114, 29756.63, 29759.83, 29765.88, 2162, 2338, 0.00, 0.00
2026-8-10, 17:20:24.777001, 29748.00, 29750.00, 29701.25, 29713.00, 4500, 4228, 29728.06, 29721.42, 29725.63, 2398, 2102, 0.00, 0.00
2026-8-10, 18:44:51.880003, 29713.00, 29726.75, 29666.00, 29716.00, 4500, 4187, 29705.44, 29702.92, 29696.38, 2374, 2126, 0.00, 0.00
2026-8-10, 19:10:37.305005, 29715.75, 29770.00, 29711.50, 29759.25, 4500, 4173, 29739.13, 29746.92, 29740.75, 2159, 2341, 0.00, 0.00
2026-8-10, 19:33:52.400000, 29759.50, 29800.00, 29756.00, 29799.00, 4500, 4233, 29778.63, 29785.00, 29778.00, 2115, 2385, 0.00, 0.00
2026-8-10, 20:10:29.760002, 29799.25, 29842.50, 29795.75, 29840.25, 4500, 4257, 29819.44, 29826.17, 29819.13, 2092, 2408, 0.00, 0.00
2026-8-10, 20:50:01.425001, 29840.50, 29844.50, 29812.00, 29825.75, 4500, 4247, 29830.69, 29827.42, 29828.25, 2336, 2164, 0.00, 0.00
2026-8-10, 22:10:44.258000, 29826.50, 29861.75, 29817.50, 29843.00, 4500, 4161, 29837.19, 29840.75, 29839.63, 2018, 2482, 0.00, 0.00
2026-8-10, 23:47:03.116000, 29843.25, 29854.25, 29786.75, 29796.75, 4500, 4181, 29820.25, 29812.58, 29820.50, 2336, 2164, 0.00, 0.00
2026-8-11, 01:01:06.708001, 29796.75, 29827.75, 29732.50, 29757.50, 4500, 4164, 29778.63, 29772.58, 29780.13, 2190, 2310, 0.00, 0.00
2026-8-11, 01:37:53.924000, 29756.75, 29789.25, 29733.25, 29744.00, 4500, 4284, 29755.81, 29755.50, 29761.25, 2384, 2116, 0.00, 0.00
2026-8-11, 02:21:56.453000, 29744.75, 29804.25, 29728.00, 29753.75, 4500, 3948, 29757.69, 29762.00, 29766.13, 2247, 2253, 0.00, 0.00
2026-8-11, 03:09:47.294016, 29753.75, 29763.50, 29717.75, 29744.50, 4500, 4156, 29744.88, 29741.92, 29740.63, 2383, 2117, 0.00, 0.00
2026-8-11, 04:05:27.582002, 29744.50, 29784.00, 29718.75, 29774.75, 4500, 4248, 29755.50, 29759.17, 29751.38, 2215, 2285, 0.00, 0.00
2026-8-11, 05:20:23.148001, 29774.75, 29870.00, 29774.25, 29867.25, 4500, 3839, 29821.56, 29837.17, 29822.13, 2033, 2467, 0.00, 0.00
2026-8-11, 06:01:11.726000, 29867.75, 29886.75, 29853.25, 29853.25, 4500, 3908, 29865.25, 29864.42, 29870.00, 2128, 2372, 0.00, 0.00
2026-8-11, 06:17:47.754001, 29853.25, 29855.00, 29811.00, 29840.00, 4500, 4241, 29839.81, 29835.33, 29833.00, 2329, 2171, 0.00, 0.00
2026-8-11, 07:06:49.737003, 29840.25, 29871.50, 29819.00, 29823.25, 4500, 4029, 29838.50, 29837.92, 29845.25, 2297, 2203, 0.00, 0.00
2026-8-11, 07:30:40.873000, 29824.00, 29857.25, 29820.00, 29843.00, 4500, 4159, 29836.06, 29840.08, 29838.63, 2183, 2317, 0.00, 0.00
2026-8-11, 08:10:45.902002, 29843.25, 29847.75, 29813.00, 29837.00, 4500, 4084, 29835.25, 29832.58, 29830.38, 2322, 2178, 0.00, 0.00
2026-8-11, 08:27:56.545000, 29837.00, 29845.75, 29833.75, 29839.00, 1582, 1357, 29838.88, 29839.50, 29839.75, 753, 829, 0.00, 0.00
2026-8-11, 08:30:00.000000, 29839.25, 29842.50, 29786.25, 29787.00, 4500, 4338, 29813.75, 29805.25, 29814.38, 2403, 2097, 0.00, 0.00
2026-8-11, 08:30:45.909000, 29787.75, 29793.25, 29744.00, 29770.50, 4500, 4227, 29773.88, 29769.25, 29768.63, 2229, 2271, 0.00, 0.00
2026-8-11, 08:31:48.406013, 29770.75, 29775.75, 29737.75, 29738.50, 4500, 4264, 29755.69, 29750.67, 29756.75, 2358, 2142, 0.00, 0.00
2026-8-11, 08:33:49.264000, 29739.50, 29746.00, 29708.75, 29714.00, 4500, 4175, 29727.06, 29722.92, 29727.38, 2526, 1974, 0.00, 0.00
2026-8-11, 08:35:27.260002, 29714.00, 29721.50, 29686.50, 29720.50, 4500, 4199, 29710.63, 29709.50, 29704.00, 2115, 2385, 0.00, 0.00
2026-8-11, 08:37:20.195001, 29720.50, 29737.75, 29679.00, 29696.25, 4500, 4296, 29708.38, 29704.33, 29708.38, 2327, 2173, 0.00, 0.00
2026-8-11, 08:39:07.467001, 29696.25, 29740.00, 29682.00, 29727.00, 4500, 4295, 29711.31, 29716.33, 29711.00, 2149, 2351, 0.00, 0.00
2026-8-11, 08:41:08.697000, 29727.00, 29756.25, 29721.50, 29745.75, 4500, 4249, 29737.63, 29741.17, 29738.88, 2154, 2346, 0.00, 0.00
2026-8-11, 08:43:12.264000, 29745.75, 29750.25, 29697.75, 29698.50, 4500, 4368, 29723.06, 29715.50, 29724.00, 2439, 2061, 0.00, 0.00
2026-8-11, 08:45:38.138000, 29699.25, 29707.00, 29636.75, 29659.25, 4500, 3849, 29675.56, 29667.67, 29671.88, 2471, 2029, 0.00, 0.00
2026-8-11, 08:46:30.056001, 29659.25, 29676.00, 29631.75, 29667.75, 4500, 4265, 29658.69, 29658.50, 29653.88, 2374, 2126, 0.00, 0.00
2026-8-11, 08:48:09.714000, 29668.75, 29683.25, 29650.75, 29661.50, 4500, 4308, 29666.06, 29665.17, 29667.00, 2261, 2239, 29645.75, 0.00
2026-8-11, 08:50:48.172000, 29662.75, 29696.00, 29643.50, 29679.50, 4500, 4346, 29670.44, 29673.00, 29669.75, 2144, 2356, 0.00, 0.00
2026-8-11, 08:53:18.825000, 29679.00, 29690.00, 29652.25, 29690.00, 4500, 4275, 29677.81, 29677.42, 29671.13, 2165, 2335, 0.00, 0.00
2026-8-11, 08:56:25.773047, 29690.00, 29710.50, 29681.75, 29706.75, 4500, 4172, 29697.25, 29699.67, 29696.13, 2198, 2302, 0.00, 0.00
2026-8-11, 08:59:21.646006, 29706.75, 29754.25, 29706.50, 29748.25, 4500, 4073, 29728.94, 29736.33, 29730.38, 1899, 2601, 0.00, 0.00
2026-8-11, 09:01:20.022001, 29748.25, 29769.00, 29744.50, 29763.25, 4500, 4123, 29756.25, 29758.92, 29756.75, 2176, 2324, 0.00, 0.00
2026-8-11, 09:04:21.255001, 29763.00, 29784.75, 29751.00, 29784.00, 4500, 4217, 29770.69, 29773.25, 29767.88, 2155, 2345, 0.00, 0.00
2026-8-11, 09:07:53.446000, 29784.00, 29792.50, 29765.00, 29780.00, 4500, 4022, 29780.38, 29779.17, 29778.75, 2261, 2239, 0.00, 0.00
2026-8-11, 09:11:05.727000, 29780.00, 29783.50, 29748.75, 29749.75, 4500, 4227, 29765.50, 29760.67, 29766.13, 2484, 2016, 0.00, 0.00
2026-8-11, 09:15:15.518003, 29749.75, 29791.75, 29746.25, 29762.00, 4500, 4213, 29762.44, 29766.67, 29769.00, 2274, 2226, 0.00, 0.00
2026-8-11, 09:18:09.644000, 29761.50, 29766.00, 29737.50, 29737.75, 4500, 4286, 29750.69, 29747.08, 29751.75, 2334, 2166, 0.00, 0.00
2026-8-11, 09:21:29.597000, 29738.50, 29773.50, 29738.25, 29747.75, 4500, 4231, 29749.50, 29753.17, 29755.88, 2215, 2285, 0.00, 0.00
2026-8-11, 09:25:05.746000, 29748.00, 29784.00, 29745.00, 29784.00, 4500, 4236, 29765.25, 29771.00, 29764.50, 2051, 2449, 0.00, 0.00
2026-8-11, 09:30:02.452002, 29783.50, 29785.25, 29732.50, 29763.75, 4500, 4166, 29766.25, 29760.50, 29758.88, 2349, 2151, 0.00, 0.00
2026-8-11, 09:33:14.046000, 29763.75, 29778.25, 29747.50, 29750.25, 4500, 4321, 29759.94, 29758.67, 29762.88, 2236, 2264, 0.00, 0.00
2026-8-11, 09:38:14.402000, 29750.00, 29758.75, 29740.25, 29748.25, 4500, 4200, 29749.31, 29749.08, 29749.50, 2085, 2415, 0.00, 0.00
2026-8-11, 09:43:16.349004, 29748.25, 29772.75, 29728.25, 29772.75, 4500, 4201, 29755.50, 29757.92, 29750.50, 2141, 2359, 0.00, 0.00
2026-8-11, 09:48:01.034000, 29772.75, 29793.00, 29765.25, 29787.75, 4500, 4286, 29779.69, 29782.00, 29779.13, 2140, 2360, 0.00, 0.00
2026-8-11, 09:52:16.340001, 29787.75, 29804.75, 29781.75, 29791.75, 4500, 4328, 29791.50, 29792.75, 29793.25, 2166, 2334, 0.00, 0.00
2026-8-11, 09:56:58.756001, 29791.50, 29797.25, 29772.50, 29779.00, 4500, 4174, 29785.06, 29782.92, 29784.88, 2237, 2263, 0.00, 29802.25
2026-8-11, 10:03:10.007000, 29778.50, 29789.25, 29739.00, 29741.50, 4500, 4271, 29762.06, 29756.58, 29764.13, 2486, 2014, 0.00, 0.00
2026-8-11, 10:07:15.574000, 29740.75, 29743.25, 29708.00, 29711.25, 4500, 4269, 29725.81, 29720.83, 29725.63, 2388, 2112, 0.00, 0.00
2026-8-11, 10:10:46.758001, 29711.00, 29728.00, 29702.25, 29704.75, 4500, 4228, 29711.50, 29711.67, 29715.13, 2239, 2261, 0.00, 0.00
2026-8-11, 10:15:29.690000, 29704.50, 29718.75, 29697.50, 29707.25, 4500, 4063, 29707.00, 29707.83, 29708.13, 2197, 2303, 0.00, 0.00
2026-8-11, 10:20:40.809001, 29707.25, 29735.25, 29701.75, 29719.00, 4500, 4236, 29715.81, 29718.67, 29718.50, 2059, 2441, 0.00, 0.00
2026-8-11, 10:26:00.718000, 29719.50, 29722.25, 29701.25, 29705.25, 4500, 4308, 29712.06, 29709.58, 29711.75, 2187, 2313, 0.00, 0.00
2026-8-11, 10:33:40.177000, 29705.00, 29705.50, 29666.25, 29681.25, 4500, 4262, 29689.50, 29684.33, 29685.88, 2423, 2077, 0.00, 0.00
2026-8-11, 10:36:39.984000, 29681.25, 29693.00, 29663.75, 29679.75, 4500, 4213, 29679.44, 29678.83, 29678.38, 2256, 2244, 0.00, 0.00
2026-8-11, 10:42:40.912000, 29680.00, 29695.50, 29668.00, 29677.50, 4500, 4233, 29680.25, 29680.33, 29681.75, 2336, 2164, 0.00, 0.00
2026-8-11, 10:49:48.119002, 29677.75, 29685.75, 29661.25, 29669.75, 4500, 4210, 29673.63, 29672.25, 29673.50, 2322, 2178, 0.00, 0.00
2026-8-11, 10:55:52.205001, 29669.75, 29674.50, 29653.25, 29654.00, 4500, 4289, 29662.88, 29660.58, 29663.88, 2368, 2132, 0.00, 0.00
2026-8-11, 11:02:36.461000, 29653.75, 29681.00, 29647.75, 29680.75, 4500, 4284, 29665.81, 29669.83, 29664.38, 2121, 2379, 0.00, 0.00
2026-8-11, 11:10:01.006000, 29681.00, 29681.75, 29649.50, 29660.00, 4500, 4280, 29668.06, 29663.75, 29665.63, 2287, 2213, 0.00, 0.00
2026-8-11, 11:18:57.157003, 29660.25, 29661.25, 29634.75, 29635.00, 4500, 4200, 29647.81, 29643.67, 29648.00, 2333, 2167, 0.00, 0.00
2026-8-11, 11:25:26.072001, 29634.75, 29650.50, 29622.00, 29648.75, 4500, 4037, 29639.00, 29640.42, 29636.25, 2154, 2346, 0.00, 0.00
2026-8-11, 11:30:39.644001, 29648.75, 29666.75, 29630.75, 29660.50, 4500, 4306, 29651.69, 29652.67, 29648.75, 2049, 2451, 0.00, 0.00
2026-8-11, 11:39:35.993000, 29660.75, 29662.25, 29614.75, 29621.75, 4500, 4221, 29639.88, 29632.92, 29638.50, 2423, 2077, 0.00, 0.00
2026-8-11, 11:47:01.783003, 29621.75, 29643.00, 29617.75, 29640.75, 4500, 4257, 29630.81, 29633.83, 29630.38, 2153, 2347, 0.00, 0.00
2026-8-11, 11:54:36.725002, 29640.75, 29642.50, 29618.25, 29620.75, 4500, 4252, 29630.56, 29627.17, 29630.38, 2280, 2220, 0.00, 0.00
2026-8-11, 12:01:59.141001, 29620.75, 29623.50, 29602.75, 29613.00, 4500, 4151, 29615.00, 29613.08, 29613.13, 2205, 2295, 0.00, 0.00
2026-8-11, 12:09:35.746000, 29613.25, 29615.50, 29573.00, 29581.25, 4500, 4281, 29595.75, 29589.92, 29594.25, 2427, 2073, 0.00, 0.00
2026-8-11, 12:16:04.106000, 29581.00, 29617.50, 29580.25, 29611.25, 4500, 4216, 29597.50, 29603.00, 29598.88, 2027, 2473, 0.00, 0.00
2026-8-11, 12:22:10.695003, 29611.25, 29618.00, 29595.75, 29614.25, 4500, 4141, 29609.81, 29609.33, 29606.88, 2392, 2108, 0.00, 0.00
2026-8-11, 12:29:42.333001, 29614.25, 29629.00, 29598.75, 29619.25, 4500, 4160, 29615.31, 29615.67, 29613.88, 2237, 2263, 0.00, 0.00
2026-8-11, 12:38:38.037000, 29619.00, 29638.50, 29604.75, 29637.50, 4500, 4158, 29624.94, 29626.92, 29621.63, 2110, 2390, 0.00, 0.00
2026-8-11, 12:48:21.534000, 29637.75, 29640.75, 29622.00, 29622.50, 4500, 4210, 29630.75, 29628.42, 29631.38, 2335, 2165, 0.00, 0.00
2026-8-11, 13:00:18.639001, 29622.25, 29635.75, 29603.00, 29609.50, 4500, 4205, 29617.63, 29616.08, 29619.38, 2409, 2091, 0.00, 0.00
2026-8-11, 13:07:52.148001, 29609.50, 29614.75, 29601.25, 29607.00, 4500, 4192, 29608.13, 29607.67, 29608.00, 2221, 2279, 0.00, 0.00
2026-8-11, 13:19:28.531001, 29607.00, 29607.00, 29574.00, 29581.25, 4500, 4232, 29592.31, 29587.42, 29590.50, 2487, 2013, 0.00, 0.00
2026-8-11, 13:27:11.154000, 29581.50, 29581.50, 29533.50, 29545.50, 4500, 4021, 29560.50, 29553.50, 29557.50, 2616, 1884, 0.00, 0.00
2026-8-11, 13:30:03.143000, 29544.00, 29573.75, 29540.00, 29570.75, 4500, 4174, 29557.13, 29561.50, 29556.88, 1985, 2515, 0.00, 0.00
2026-8-11, 13:35:49.503000, 29570.50, 29576.75, 29543.50, 29559.00, 4500, 4144, 29562.44, 29559.75, 29560.13, 2355, 2145, 0.00, 0.00
2026-8-11, 13:46:18.249001, 29559.25, 29599.50, 29556.50, 29590.25, 4500, 4325, 29576.38, 29582.08, 29578.00, 2152, 2348, 0.00, 0.00
2026-8-11, 13:55:14.265007, 29590.00, 29597.00, 29575.25, 29593.25, 4500, 4211, 29588.88, 29588.50, 29586.13, 2261, 2239, 0.00, 0.00
2026-8-11, 14:04:28.586002, 29593.25, 29605.75, 29571.50, 29605.75, 4500, 4154, 29594.06, 29594.33, 29588.63, 2119, 2381, 0.00, 0.00
2026-8-11, 14:13:33.686000, 29605.50, 29616.25, 29602.00, 29613.00, 4500, 4219, 29609.19, 29610.42, 29609.13, 2077, 2423, 0.00, 0.00
2026-8-11, 14:23:32.820000, 29612.25, 29639.00, 29606.25, 29632.75, 4500, 4150, 29622.56, 29626.00, 29622.63, 2031, 2469, 0.00, 0.00
2026-8-11, 14:31:48.370001, 29632.50, 29658.25, 29627.25, 29656.75, 4500, 4162, 29643.69, 29647.42, 29642.75, 1813, 2687, 0.00, 0.00
2026-8-11, 14:39:04.957000, 29656.50, 29660.25, 29633.50, 29634.00, 4500, 4198, 29646.06, 29642.58, 29646.88, 2178, 2322, 0.00, 0.00
2026-8-11, 14:45:06.723000, 29633.75, 29635.00, 29607.00, 29613.50, 4500, 4255, 29622.31, 29618.50, 29621.00, 2105, 2395, 0.00, 0.00
2026-8-11, 14:50:06.455005, 29613.00, 29630.00, 29609.00, 29628.25, 4500, 4254, 29620.06, 29622.42, 29619.50, 1956, 2544, 0.00, 0.00
2026-8-11, 14:54:30.010042, 29628.50, 29650.00, 29626.00, 29638.25, 4500, 4142, 29635.69, 29638.08, 29638.00, 1946, 2554, 0.00, 0.00
2026-8-11, 14:58:00.056002, 29638.50, 29640.75, 29612.50, 29618.00, 4500, 4082, 29627.44, 29623.75, 29626.63, 2203, 2297, 0.00, 0.00
2026-8-11, 14:59:42.167000, 29618.25, 29647.25, 29615.00, 29644.75, 4500, 3905, 29631.31, 29635.67, 29631.13, 2070, 2430, 0.00, 0.00
2026-8-11, 15:00:01.562000, 29645.00, 29651.75, 29617.75, 29629.75, 4500, 3942, 29636.06, 29633.08, 29634.75, 2175, 2325, 0.00, 0.00
2026-8-11, 15:05:36.894001, 29629.75, 29652.50, 29614.75, 29650.50, 4500, 3976, 29636.88, 29639.25, 29633.63, 2086, 2414, 0.00, 0.00
2026-8-11, 15:20:14.363000, 29650.75, 29676.50, 29641.00, 29648.75, 4500, 3994, 29654.25, 29655.42, 29658.75, 2190, 2310, 0.00, 0.00
2026-8-11, 17:00:29.100000, 29648.75, 29666.00, 29626.75, 29650.00, 4500, 4211, 29647.88, 29647.58, 29646.38, 2337, 2163, 0.00, 0.00
2026-8-11, 18:50:33.315000, 29649.75, 29676.00, 29624.50, 29670.00, 4500, 4159, 29655.06, 29656.83, 29650.25, 2234, 2266, 0.00, 0.00
2026-8-11, 19:31:45.403000, 29668.75, 29681.00, 29639.50, 29653.50, 4500, 4268, 29660.69, 29658.00, 29660.25, 2315, 2185, 0.00, 0.00
2026-8-11, 20:41:30.131000, 29653.00, 29701.75, 29646.75, 29700.75, 4500, 4245, 29675.56, 29683.08, 29674.25, 2074, 2426, 0.00, 0.00
2026-8-11, 21:59:04.712000, 29700.50, 29714.50, 29683.50, 29711.25, 4500, 4133, 29702.44, 29703.08, 29699.00, 2185, 2315, 0.00, 0.00
2026-8-11, 23:53:47.924000, 29711.25, 29724.25, 29668.25, 29701.75, 4500, 4213, 29701.38, 29698.08, 29696.25, 2247, 2253, 0.00, 0.00
2026-8-12, 01:23:44.717000, 29700.50, 29753.75, 29698.25, 29738.00, 4500, 3708, 29722.63, 29730.00, 29726.00, 1892, 2608, 0.00, 0.00
2026-8-12, 02:20:21.511000, 29736.25, 29792.25, 29727.50, 29782.50, 4500, 3802, 29759.63, 29767.42, 29759.88, 1960, 2540, 0.00, 0.00
2026-8-12, 03:31:36.588000, 29781.75, 29848.25, 29762.75, 29823.75, 4500, 4212, 29804.13, 29811.58, 29805.50, 2110, 2390, 0.00, 0.00
2026-8-12, 04:29:16.887001, 29823.75, 29845.25, 29802.75, 29839.25, 4500, 3981, 29827.75, 29829.08, 29824.00, 2324, 2176, 0.00, 0.00
2026-8-12, 05:29:58.811000, 29838.75, 29844.25, 29785.00, 29831.00, 4500, 4056, 29824.75, 29820.08, 29814.63, 2323, 2177, 0.00, 29849.25
2026-8-12, 06:11:33.390001, 29831.00, 29858.25, 29805.50, 29847.75, 4500, 4069, 29835.63, 29837.17, 29831.88, 2311, 2189, 0.00, 0.00
2026-8-12, 07:04:41.345000, 29847.75, 29932.25, 29820.75, 29894.25, 4500, 3912, 29873.75, 29882.42, 29876.50, 2109, 2391, 0.00, 0.00
2026-8-12, 07:29:43.080003, 29894.25, 29960.00, 29750.25, 29868.00, 4500, 3880, 29868.13, 29859.42, 29855.13, 2390, 2110, 0.00, 0.00
2026-8-12, 07:31:59.336000, 29868.50, 29907.00, 29865.25, 29882.50, 4500, 3956, 29880.81, 29884.92, 29886.13, 2202, 2298, 0.00, 0.00
2026-8-12, 07:37:51.132000, 29883.25, 29935.00, 29878.00, 29904.00, 4500, 4025, 29900.06, 29905.67, 29906.50, 2332, 2168, 0.00, 0.00
2026-8-12, 07:47:49.418010, 29904.00, 29940.00, 29899.75, 29939.00, 4500, 4023, 29920.69, 29926.25, 29919.88, 2104, 2396, 0.00, 0.00
2026-8-12, 08:07:06.109000, 29939.00, 29981.75, 29923.00, 29980.25, 4500, 4011, 29956.00, 29961.67, 29952.38, 2135, 2365, 0.00, 0.00
2026-8-12, 08:22:22.323000, 29980.25, 29988.00, 29959.75, 29978.00, 4500, 3714, 29976.50, 29975.25, 29973.88, 1872, 2628, 0.00, 0.00
2026-8-12, 08:28:55.091000, 29978.25, 29992.75, 29978.25, 29991.75, 1045, 886, 29985.25, 29987.58, 29985.50, 396, 649, 0.00, 0.00
2026-8-12, 08:30:00.000000, 29991.25, 30001.75, 29965.25, 29977.00, 4500, 4152, 29983.81, 29981.33, 29983.50, 2136, 2364, 0.00, 0.00
2026-8-12, 08:30:59.029004, 29977.25, 29977.25, 29911.75, 29930.75, 4500, 4090, 29949.25, 29939.92, 29944.50, 2480, 2020, 0.00, 0.00
2026-8-12, 08:31:58.959003, 29931.00, 29932.25, 29888.00, 29903.00, 4500, 3972, 29913.56, 29907.75, 29910.13, 2227, 2273, 29883.00, 0.00
2026-8-12, 08:33:10.760043, 29903.00, 29920.00, 29889.50, 29898.75, 4500, 3818, 29902.81, 29902.75, 29904.75, 2119, 2381, 29884.50, 0.00
2026-8-12, 08:34:47.149000, 29899.50, 29921.75, 29870.75, 29917.75, 4500, 4134, 29902.44, 29903.42, 29896.25, 2179, 2321, 0.00, 0.00
2026-8-12, 08:36:22.057002, 29917.75, 29946.25, 29908.25, 29909.50, 4500, 3716, 29920.44, 29921.33, 29927.25, 1762, 2738, 0.00, 0.00
2026-8-12, 08:37:59.396001, 29909.75, 29924.00, 29867.25, 29880.00, 4500, 4172, 29895.25, 29890.42, 29895.63, 2487, 2013, 0.00, 0.00
2026-8-12, 08:40:04.423000, 29880.75, 29895.25, 29853.25, 29892.25, 4500, 4191, 29880.38, 29880.25, 29874.25, 2357, 2143, 0.00, 0.00
2026-8-12, 08:42:25.088004, 29892.25, 29910.75, 29878.75, 29900.00, 4500, 4320, 29895.44, 29896.50, 29894.75, 2178, 2322, 0.00, 0.00
2026-8-12, 08:45:40.989008, 29900.00, 29927.00, 29871.00, 29919.25, 4500, 4228, 29904.31, 29905.75, 29899.00, 2107, 2393, 0.00, 0.00
2026-8-12, 08:48:33.839000, 29918.50, 29970.75, 29918.00, 29957.00, 4500, 4115, 29941.06, 29948.58, 29944.38, 2030, 2470, 0.00, 0.00
2026-8-12, 08:50:13.568001, 29957.00, 29959.75, 29898.75, 29910.75, 4500, 4243, 29931.56, 29923.08, 29929.25, 2534, 1966, 0.00, 29964.75
2026-8-12, 08:52:21.024000, 29910.75, 29931.50, 29885.75, 29894.25, 4500, 4169, 29905.56, 29903.83, 29908.63, 2347, 2153, 0.00, 0.00
2026-8-12, 08:54:58.920000, 29894.25, 29905.25, 29860.75, 29875.25, 4500, 4223, 29883.88, 29880.42, 29883.00, 2456, 2044, 0.00, 0.00
2026-8-12, 08:57:36.571000, 29874.75, 29921.50, 29874.00, 29888.50, 4500, 4052, 29889.69, 29894.67, 29897.75, 2178, 2322, 0.00, 0.00
2026-8-12, 09:00:10.338003, 29888.50, 29913.75, 29870.00, 29879.25, 4500, 3872, 29887.88, 29887.67, 29891.88, 2341, 2159, 0.00, 0.00
2026-8-12, 09:02:47.288001, 29879.25, 29886.75, 29847.75, 29882.75, 4500, 4232, 29874.13, 29872.42, 29867.25, 2405, 2095, 0.00, 0.00
2026-8-12, 09:05:44.726009, 29882.75, 29919.00, 29881.75, 29916.00, 4500, 4260, 29899.88, 29905.58, 29900.38, 2086, 2414, 0.00, 0.00
2026-8-12, 09:09:11.374002, 29916.00, 29931.50, 29905.25, 29926.50, 4500, 3576, 29919.81, 29921.08, 29918.38, 1879, 2621, 0.00, 0.00
2026-8-12, 09:11:19.123000, 29926.75, 29936.00, 29884.25, 29910.75, 4500, 4139, 29914.44, 29910.33, 29910.13, 2321, 2179, 0.00, 29941.00
2026-8-12, 09:14:31.255000, 29910.25, 29918.50, 29884.25, 29909.75, 4500, 4289, 29905.69, 29904.17, 29901.38, 2262, 2238, 0.00, 0.00
2026-8-12, 09:19:19.058000, 29909.50, 29912.00, 29864.00, 29901.75, 4500, 3930, 29896.81, 29892.58, 29888.00, 2246, 2254, 0.00, 0.00
2026-8-12, 09:22:29.325000, 29901.00, 29936.25, 29882.00, 29936.25, 4500, 3993, 29913.88, 29918.17, 29909.13, 2094, 2406, 0.00, 0.00
2026-8-12, 09:26:45.806011, 29936.50, 29945.75, 29904.75, 29920.25, 4500, 4225, 29926.81, 29923.58, 29925.25, 2410, 2090, 0.00, 0.00
2026-8-12, 09:30:20.586002, 29920.50, 29922.50, 29828.25, 29887.50, 4500, 4010, 29889.69, 29879.42, 29875.38, 2559, 1941, 0.00, 0.00
2026-8-12, 09:31:33.809009, 29887.25, 29909.25, 29862.00, 29866.50, 4500, 4219, 29881.25, 29879.25, 29885.63, 2302, 2198, 0.00, 0.00
2026-8-12, 09:35:26.259000, 29866.25, 29929.00, 29865.25, 29912.25, 4500, 4201, 29893.19, 29902.17, 29897.13, 2180, 2320, 0.00, 0.00
2026-8-12, 09:39:24.241000, 29910.50, 29927.75, 29894.25, 29913.75, 4500, 4083, 29911.56, 29911.92, 29911.00, 2141, 2359, 0.00, 0.00
2026-8-12, 09:44:39.960001, 29913.75, 29931.50, 29891.00, 29892.25, 4500, 4266, 29907.13, 29904.92, 29911.25, 2324, 2176, 0.00, 0.00
2026-8-12, 09:50:13.389001, 29892.25, 29895.75, 29863.00, 29875.50, 4500, 4284, 29881.63, 29878.08, 29879.38, 2267, 2233, 0.00, 0.00
2026-8-12, 09:54:13.767000, 29874.75, 29882.00, 29848.50, 29869.75, 4500, 4270, 29868.75, 29866.75, 29865.25, 2182, 2318, 0.00, 0.00
2026-8-12, 09:58:45.398000, 29870.25, 29879.00, 29841.25, 29842.75, 4500, 4214, 29858.31, 29854.33, 29860.13, 2354, 2146, 0.00, 0.00
2026-8-12, 10:03:57.809000, 29843.50, 29878.50, 29839.00, 29876.50, 4500, 4189, 29859.38, 29864.67, 29858.75, 2181, 2319, 0.00, 0.00
2026-8-12, 10:09:26.741000, 29876.00, 29892.00, 29848.75, 29876.00, 4500, 4275, 29873.19, 29872.25, 29870.38, 2179, 2321, 0.00, 0.00
2026-8-12, 10:15:14.661000, 29876.00, 29887.00, 29848.50, 29857.25, 4500, 4276, 29867.19, 29864.25, 29867.75, 2445, 2055, 0.00, 0.00
2026-8-12, 10:22:57.511000, 29856.50, 29879.00, 29843.50, 29868.00, 4500, 4224, 29861.75, 29863.50, 29861.25, 2213, 2287, 0.00, 0.00
2026-8-12, 10:30:17.070000, 29866.75, 29870.50, 29819.00, 29838.00, 4500, 4225, 29848.56, 29842.50, 29844.75, 2470, 2030, 0.00, 0.00
2026-8-12, 10:35:18.260000, 29838.25, 29858.25, 29818.50, 29831.50, 4500, 4130, 29836.63, 29836.08, 29838.38, 2219, 2281, 0.00, 0.00
2026-8-12, 10:42:21.494000, 29832.00, 29848.50, 29819.00, 29839.50, 4500, 4217, 29834.75, 29835.67, 29833.75, 2212, 2288, 0.00, 0.00
2026-8-12, 10:51:43.596002, 29839.75, 29854.00, 29829.00, 29850.00, 4500, 4200, 29843.19, 29844.33, 29841.50, 2324, 2176, 0.00, 0.00
2026-8-12, 11:01:26.292000, 29850.25, 29872.75, 29844.75, 29868.75, 4500, 4217, 29859.13, 29862.08, 29858.75, 2146, 2354, 0.00, 0.00
2026-8-12, 11:11:23.413000, 29868.75, 29877.75, 29857.75, 29866.75, 4500, 3736, 29867.75, 29867.42, 29867.75, 2284, 2216, 0.00, 0.00
2026-8-12, 11:18:00.714002, 29867.00, 29887.75, 29857.50, 29873.50, 4500, 4252, 29871.44, 29872.92, 29872.63, 2150, 2350, 0.00, 0.00
2026-8-12, 11:27:51.321005, 29873.25, 29880.50, 29851.00, 29862.75, 4500, 4148, 29866.88, 29864.75, 29865.75, 2299, 2201, 0.00, 0.00
2026-8-12, 11:37:40.585000, 29863.25, 29894.75, 29863.00, 29886.50, 4500, 3986, 29876.88, 29881.42, 29878.88, 2236, 2264, 0.00, 0.00
2026-8-12, 11:44:05.097000, 29886.75, 29915.75, 29879.00, 29912.50, 4500, 4177, 29898.50, 29902.42, 29897.38, 2117, 2383, 0.00, 0.00
2026-8-12, 11:52:40.722008, 29912.50, 29919.50, 29902.50, 29915.25, 4500, 4186, 29912.44, 29912.42, 29911.00, 2287, 2213, 0.00, 0.00
2026-8-12, 12:02:30.843000, 29914.50, 29924.50, 29898.00, 29901.50, 4500, 4203, 29909.63, 29908.00, 29911.25, 2394, 2106, 0.00, 0.00
2026-8-12, 12:12:40.674000, 29901.00, 29911.75, 29889.25, 29902.50, 4500, 4004, 29901.13, 29901.17, 29900.50, 2157, 2343, 0.00, 0.00
2026-8-12, 12:21:06.907000, 29902.50, 29920.00, 29899.75, 29912.75, 4500, 4217, 29908.75, 29910.83, 29909.88, 2300, 2200, 0.00, 0.00
2026-8-12, 12:32:09.555001, 29912.75, 29922.25, 29906.75, 29917.75, 4500, 4188, 29914.88, 29915.58, 29914.50, 2207, 2293, 0.00, 0.00
2026-8-12, 12:44:56.255002, 29917.75, 29924.00, 29901.50, 29912.00, 4500, 4201, 29913.81, 29912.50, 29912.75, 2387, 2113, 0.00, 0.00
2026-8-12, 12:59:06.211005, 29912.00, 29918.50, 29890.25, 29914.25, 4500, 4223, 29908.75, 29907.67, 29904.38, 2428, 2072, 0.00, 0.00
2026-8-12, 13:13:12.946000, 29914.00, 29915.00, 29890.50, 29909.25, 4500, 4272, 29907.19, 29904.92, 29902.75, 2455, 2045, 0.00, 0.00
2026-8-12, 13:25:36.926003, 29909.25, 29921.50, 29892.25, 29920.75, 4500, 4162, 29910.94, 29911.50, 29906.88, 2211, 2289, 0.00, 0.00
2026-8-12, 13:40:43.129002, 29920.75, 29932.00, 29909.00, 29915.75, 4500, 4212, 29919.38, 29918.92, 29920.50, 2182, 2318, 0.00, 0.00
2026-8-12, 13:53:13.417000, 29916.00, 29916.75, 29885.00, 29893.50, 4500, 4174, 29902.81, 29898.42, 29900.88, 2303, 2197, 0.00, 0.00
2026-8-12, 14:03:09.401002, 29893.50, 29905.00, 29879.00, 29897.25, 4500, 4189, 29893.69, 29893.75, 29892.00, 2252, 2248, 0.00, 0.00
2026-8-12, 14:17:21.202000, 29897.75, 29898.50, 29862.00, 29862.00, 4500, 4056, 29880.06, 29874.17, 29880.25, 2464, 2036, 0.00, 0.00
2026-8-12, 14:27:36.955001, 29862.00, 29868.75, 29852.50, 29856.00, 4500, 4108, 29859.81, 29859.08, 29860.63, 2334, 2166, 0.00, 0.00
2026-8-12, 14:36:52.224002, 29856.00, 29858.25, 29831.75, 29838.00, 4500, 3981, 29846.00, 29842.67, 29845.00, 2270, 2230, 0.00, 0.00
2026-8-12, 14:43:44.552000, 29838.25, 29868.75, 29838.25, 29868.25, 4500, 4158, 29853.38, 29858.42, 29853.50, 1987, 2513, 0.00, 0.00
2026-8-12, 14:49:28.134085, 29868.25, 29870.00, 29839.50, 29859.25, 4500, 4118, 29859.25, 29856.25, 29854.75, 2313, 2187, 0.00, 0.00
2026-8-12, 14:54:10.448004, 29859.25, 29866.25, 29825.75, 29834.00, 4500, 4184, 29846.31, 29842.00, 29846.00, 2231, 2269, 0.00, 0.00
2026-8-12, 14:56:54.748010, 29834.00, 29851.75, 29828.50, 29846.50, 4500, 4076, 29840.19, 29842.25, 29840.13, 2096, 2404, 0.00, 0.00
2026-8-12, 14:59:33.629000, 29846.50, 29859.00, 29845.25, 29856.25, 4500, 3960, 29851.75, 29853.50, 29852.13, 2032, 2468, 0.00, 0.00
2026-8-12, 14:59:58.307009, 29856.25, 29880.75, 29846.50, 29865.25, 4500, 3979, 29862.19, 29864.17, 29863.63, 2302, 2198, 0.00, 29885.75
2026-8-12, 15:03:53.747000, 29865.25, 29906.00, 29854.75, 29858.25, 4500, 4087, 29871.06, 29873.00, 29880.38, 2243, 2257, 0.00, 0.00
2026-8-12, 15:11:41.834005, 29858.25, 29858.75, 29813.25, 29817.25, 4500, 4134, 29836.88, 29829.75, 29836.00, 2399, 2101, 0.00, 0.00
2026-8-12, 15:31:23.897001, 29817.25, 29831.75, 29800.25, 29807.50, 4500, 4219, 29814.19, 29813.17, 29816.00, 2191, 2309, 0.00, 0.00
2026-8-12, 17:14:52.429000, 29807.25, 29815.00, 29780.50, 29808.75, 4500, 4087, 29802.88, 29801.42, 29797.75, 2193, 2307, 0.00, 0.00
2026-8-12, 18:41:16.958006, 29809.00, 29863.50, 29792.00, 29849.00, 4500, 4177, 29828.38, 29834.83, 29827.75, 2137, 2363, 0.00, 0.00
2026-8-12, 19:18:47.371000, 29851.50, 29866.75, 29821.50, 29835.25, 4500, 4244, 29843.75, 29841.17, 29844.13, 2233, 2267, 0.00, 0.00
2026-8-12, 20:06:08.716001, 29835.25, 29864.25, 29808.25, 29861.00, 4500, 4193, 29842.19, 29844.50, 29836.25, 2146, 2354, 0.00, 0.00
2026-8-12, 20:55:46.845000, 29861.50, 29877.75, 29833.50, 29870.25, 4500, 4236, 29860.75, 29860.50, 29855.63, 2211, 2289, 0.00, 0.00
2026-8-12, 21:50:36.323000, 29870.50, 29891.75, 29853.75, 29878.25, 4500, 4186, 29873.56, 29874.58, 29872.75, 2134, 2366, 0.00, 0.00
2026-8-12, 23:29:35.470000, 29878.25, 29924.00, 29873.50, 29898.50, 4500, 4171, 29893.56, 29898.67, 29898.75, 2179, 2321, 0.00, 0.00
2026-8-13, 00:39:20.575000, 29899.50, 29912.50, 29868.25, 29870.75, 4500, 4087, 29887.75, 29883.83, 29890.38, 2334, 2166, 0.00, 0.00
2026-8-13, 01:42:00.700000, 29870.75, 29893.25, 29845.00, 29873.50, 4500, 4106, 29870.63, 29870.58, 29869.13, 2481, 2019, 0.00, 0.00
2026-8-13, 02:37:13.973001, 29873.50, 29882.25, 29827.00, 29847.25, 4500, 4139, 29857.50, 29852.17, 29854.63, 2279, 2221, 0.00, 0.00
2026-8-13, 03:23:59.473004, 29847.50, 29875.75, 29821.00, 29859.50, 4500, 4144, 29850.94, 29852.08, 29848.38, 2220, 2280, 0.00, 0.00
2026-8-13, 04:43:20.673001, 29859.50, 29892.25, 29857.50, 29866.00, 4500, 4123, 29868.81, 29871.92, 29874.88, 2146, 2354, 0.00, 0.00
2026-8-13, 06:17:23.130002, 29866.00, 29895.00, 29837.00, 29841.25, 4500, 4093, 29859.81, 29857.75, 29866.00, 2395, 2105, 0.00, 0.00
2026-8-13, 07:10:38.961000, 29841.00, 29890.50, 29812.25, 29828.00, 4500, 4066, 29842.94, 29843.58, 29851.38, 2357, 2143, 0.00, 0.00
2026-8-13, 07:32:27.039000, 29828.25, 29870.25, 29826.25, 29855.00, 4500, 3846, 29844.94, 29850.50, 29848.25, 2179, 2321, 0.00, 0.00
2026-8-13, 07:48:22.131001, 29855.00, 29910.00, 29841.00, 29910.00, 4500, 4081, 29879.00, 29887.00, 29875.50, 2214, 2286, 0.00, 0.00
2026-8-13, 08:04:32.700000, 29910.00, 29921.00, 29900.25, 29907.75, 4500, 4240, 29909.75, 29909.67, 29910.63, 2353, 2147, 0.00, 0.00
2026-8-13, 08:25:04.603000, 29907.50, 29920.00, 29906.00, 29911.00, 2513, 2226, 29911.13, 29912.33, 29913.00, 1390, 1123, 0.00, 0.00
2026-8-13, 08:30:00.001000, 29910.25, 29912.75, 29880.00, 29898.50, 4500, 4171, 29900.38, 29897.08, 29896.38, 2449, 2051, 0.00, 0.00
2026-8-13, 08:30:53.010000, 29898.25, 29905.50, 29863.50, 29878.00, 4500, 4265, 29886.31, 29882.33, 29884.50, 2370, 2130, 0.00, 0.00
2026-8-13, 08:32:42.011001, 29878.00, 29940.75, 29869.75, 29939.50, 4500, 4260, 29907.00, 29916.67, 29905.25, 1903, 2597, 0.00, 0.00
2026-8-13, 08:34:33.440000, 29940.00, 29980.50, 29932.25, 29979.50, 4500, 4197, 29958.06, 29964.08, 29956.38, 1984, 2516, 0.00, 0.00
2026-8-13, 08:36:00.137000, 29979.00, 30037.25, 29977.75, 30030.75, 4500, 4163, 30006.19, 30015.25, 30007.50, 1831, 2669, 0.00, 0.00
2026-8-13, 08:37:07.948000, 30030.75, 30035.25, 30020.00, 30031.50, 4500, 4241, 30029.38, 30028.92, 30027.63, 2440, 2060, 0.00, 30040.25
2026-8-13, 08:39:32.096000, 30031.75, 30053.50, 30029.75, 30037.00, 4500, 4126, 30038.00, 30040.08, 30041.63, 2301, 2199, 0.00, 0.00
2026-8-13, 08:41:40.742001, 30037.00, 30037.75, 30006.50, 30006.50, 4500, 4337, 30021.94, 30016.92, 30022.13, 2450, 2050, 0.00, 0.00
2026-8-13, 08:44:02.335004, 30006.50, 30062.00, 29995.50, 30060.50, 4500, 4339, 30031.13, 30039.33, 30028.75, 2057, 2443, 0.00, 0.00
2026-8-13, 08:45:48.896000, 30061.25, 30106.50, 30059.50, 30103.00, 4500, 4215, 30082.56, 30089.67, 30083.00, 1891, 2609, 0.00, 0.00
2026-8-13, 08:47:28.020000, 30103.25, 30142.50, 30102.25, 30139.00, 4500, 4222, 30121.75, 30127.92, 30122.38, 2020, 2480, 0.00, 0.00
2026-8-13, 08:49:36.791000, 30139.25, 30155.00, 30119.25, 30150.25, 4500, 4179, 30140.94, 30141.50, 30137.13, 2182, 2318, 0.00, 0.00
2026-8-13, 08:51:20.890003, 30150.25, 30153.75, 30126.75, 30130.50, 4500, 4133, 30140.31, 30137.00, 30140.25, 2450, 2050, 0.00, 0.00
2026-8-13, 08:53:42.231000, 30130.50, 30151.25, 30123.00, 30126.50, 4500, 4225, 30132.81, 30133.58, 30137.13, 2334, 2166, 0.00, 0.00
2026-8-13, 08:56:16.918000, 30127.00, 30173.75, 30122.75, 30173.00, 4500, 4180, 30149.13, 30156.50, 30148.25, 1976, 2524, 0.00, 0.00
2026-8-13, 08:58:48.374000, 30173.00, 30182.25, 30155.75, 30174.00, 4500, 4069, 30171.25, 30170.67, 30169.00, 2219, 2281, 0.00, 0.00
2026-8-13, 09:00:29.909000, 30173.75, 30188.00, 30159.50, 30176.75, 4500, 4127, 30174.50, 30174.75, 30173.75, 2297, 2203, 0.00, 0.00
2026-8-13, 09:02:49.618000, 30177.00, 30189.75, 30159.25, 30171.75, 4500, 4171, 30174.44, 30173.58, 30174.50, 2243, 2257, 0.00, 0.00
2026-8-13, 09:06:11.344001, 30171.75, 30182.50, 30160.75, 30179.50, 4500, 4044, 30173.63, 30174.25, 30171.63, 2281, 2219, 0.00, 0.00
2026-8-13, 09:09:36.605004, 30179.50, 30211.25, 30176.00, 30209.00, 4500, 3884, 30193.94, 30198.75, 30193.63, 1884, 2616, 0.00, 0.00
2026-8-13, 09:12:18.932000, 30208.25, 30214.75, 30196.75, 30205.00, 4500, 4106, 30206.19, 30205.50, 30205.75, 2318, 2182, 0.00, 0.00
2026-8-13, 09:16:26.561000, 30205.00, 30217.50, 30193.75, 30199.00, 4500, 4138, 30203.81, 30203.42, 30205.63, 2230, 2270, 0.00, 0.00
2026-8-13, 09:19:49.350005, 30199.00, 30210.25, 30185.25, 30207.50, 4500, 3854, 30200.50, 30201.00, 30197.75, 2017, 2483, 0.00, 0.00
2026-8-13, 09:23:12.437001, 30207.50, 30216.75, 30198.00, 30207.00, 4500, 3975, 30207.31, 30207.25, 30207.38, 2300, 2200, 0.00, 0.00
2026-8-13, 09:27:28.672000, 30206.25, 30239.50, 30204.00, 30228.50, 4500, 4044, 30219.56, 30224.00, 30221.75, 1965, 2535, 0.00, 0.00
2026-8-13, 09:30:35.214002, 30228.50, 30262.25, 30227.50, 30252.75, 4500, 3849, 30242.75, 30247.50, 30244.88, 1786, 2714, 0.00, 0.00
2026-8-13, 09:33:07.200001, 30252.75, 30267.50, 30248.00, 30258.75, 4500, 4063, 30256.75, 30258.08, 30257.75, 2324, 2176, 0.00, 30272.50
2026-8-13, 09:37:30.579001, 30258.75, 30263.75, 30240.25, 30246.00, 4500, 4030, 30252.19, 30250.00, 30252.00, 2400, 2100, 0.00, 30268.75
2026-8-13, 09:41:25.605001, 30246.00, 30249.25, 30227.75, 30229.25, 4500, 4131, 30238.06, 30235.42, 30238.50, 2472, 2028, 0.00, 0.00
2026-8-13, 09:45:27.444000, 30229.25, 30241.50, 30216.00, 30222.50, 4500, 4166, 30227.31, 30226.67, 30228.75, 2336, 2164, 0.00, 0.00
2026-8-13, 09:49:07.421000, 30222.25, 30225.50, 30208.00, 30223.75, 4500, 4172, 30219.88, 30219.08, 30216.75, 2314, 2186, 0.00, 0.00
2026-8-13, 09:52:38.265001, 30223.75, 30228.50, 30199.50, 30209.50, 4500, 4189, 30215.31, 30212.50, 30214.00, 2244, 2256, 0.00, 0.00
2026-8-13, 09:56:48.147000, 30209.00, 30217.75, 30193.75, 30206.00, 4500, 4184, 30206.63, 30205.83, 30205.75, 2207, 2293, 0.00, 0.00
2026-8-13, 10:00:21.964001, 30206.00, 30231.50, 30196.75, 30197.00, 4500, 4237, 30207.81, 30208.42, 30214.13, 2312, 2188, 0.00, 0.00
2026-8-13, 10:03:58.408000, 30196.50, 30224.25, 30195.50, 30200.00, 4500, 4186, 30204.06, 30206.58, 30209.88, 2178, 2322, 0.00, 0.00
2026-8-13, 10:08:09.173000, 30199.25, 30227.75, 30198.75, 30222.75, 4500, 4265, 30212.13, 30216.42, 30213.25, 2273, 2227, 0.00, 0.00
2026-8-13, 10:13:37.776001, 30222.75, 30228.25, 30202.00, 30213.25, 4500, 4160, 30216.56, 30214.50, 30215.13, 2237, 2263, 0.00, 0.00
2026-8-13, 10:19:18.014013, 30213.25, 30238.75, 30213.00, 30234.50, 4500, 4319, 30224.88, 30228.75, 30225.88, 2151, 2349, 0.00, 0.00
2026-8-13, 10:25:20.209000, 30235.25, 30235.50, 30191.50, 30205.50, 4500, 4158, 30216.94, 30210.83, 30213.50, 2546, 1954, 0.00, 0.00
2026-8-13, 10:28:09.563004, 30205.50, 30211.25, 30179.50, 30190.00, 4500, 4230, 30196.56, 30193.58, 30195.38, 2328, 2172, 0.00, 0.00
2026-8-13, 10:31:46.058004, 30190.75, 30198.50, 30143.25, 30143.75, 4500, 4033, 30169.06, 30161.83, 30170.88, 2580, 1920, 0.00, 0.00
2026-8-13, 10:34:57.142007, 30143.75, 30165.50, 30129.00, 30130.25, 4500, 4127, 30142.13, 30141.58, 30147.25, 2421, 2079, 0.00, 0.00
2026-8-13, 10:37:24.412002, 30130.25, 30157.00, 30128.25, 30153.00, 4500, 4241, 30142.13, 30146.08, 30142.63, 2267, 2233, 0.00, 0.00
2026-8-13, 10:41:30.861000, 30152.75, 30176.75, 30138.75, 30145.00, 4500, 4222, 30153.31, 30153.50, 30157.75, 2266, 2234, 0.00, 0.00
2026-8-13, 10:47:02.046001, 30144.75, 30145.75, 30112.50, 30113.75, 4500, 4190, 30129.19, 30124.00, 30129.13, 2506, 1994, 0.00, 0.00
2026-8-13, 10:52:15.931009, 30113.75, 30131.25, 30104.50, 30131.25, 4500, 4037, 30120.19, 30122.33, 30117.88, 2206, 2294, 0.00, 0.00
2026-8-13, 10:56:57.694005, 30131.25, 30144.00, 30104.00, 30139.25, 4500, 4121, 30129.63, 30129.08, 30124.00, 2168, 2332, 0.00, 0.00
2026-8-13, 11:01:47.582000, 30139.75, 30172.50, 30139.25, 30164.25, 4500, 4173, 30153.94, 30158.67, 30155.88, 2069, 2431, 0.00, 0.00
2026-8-13, 11:07:22.100004, 30164.25, 30172.50, 30138.50, 30150.75, 4500, 4203, 30156.50, 30153.92, 30155.50, 2420, 2080, 0.00, 0.00
2026-8-13, 11:15:46.278000, 30150.50, 30168.50, 30133.75, 30165.50, 4500, 4111, 30154.56, 30155.92, 30151.13, 2262, 2238, 0.00, 0.00
2026-8-13, 11:25:05.485000, 30165.25, 30200.00, 30164.25, 30188.75, 4500, 4144, 30179.56, 30184.33, 30182.13, 2169, 2331, 0.00, 0.00
2026-8-13, 11:31:31.497001, 30188.75, 30198.25, 30168.00, 30176.00, 4500, 4101, 30182.75, 30180.75, 30183.13, 2423, 2077, 0.00, 0.00
2026-8-13, 11:40:10.940000, 30175.25, 30203.25, 30170.00, 30195.25, 4500, 4213, 30185.94, 30189.50, 30186.63, 2191, 2309, 0.00, 0.00
2026-8-13, 11:52:13.712000, 30196.00, 30208.25, 30176.50, 30208.25, 4500, 4067, 30197.25, 30197.67, 30192.38, 2180, 2320, 0.00, 0.00
2026-8-13, 12:00:34.404002, 30208.25, 30228.25, 30205.75, 30221.00, 4500, 4026, 30215.81, 30218.33, 30217.00, 2223, 2277, 0.00, 0.00
2026-8-13, 12:07:45.285035, 30221.00, 30235.50, 30220.00, 30234.75, 4500, 4192, 30227.81, 30230.08, 30227.75, 2236, 2264, 0.00, 0.00
2026-8-13, 12:17:18.332000, 30234.75, 30250.00, 30230.00, 30240.00, 4500, 4113, 30238.69, 30240.00, 30240.00, 2197, 2303, 0.00, 0.00
2026-8-13, 12:23:49.056000, 30240.25, 30245.75, 30230.25, 30233.75, 4500, 4158, 30237.50, 30236.58, 30238.00, 2285, 2215, 0.00, 0.00
2026-8-13, 12:34:24.703000, 30233.25, 30236.50, 30214.50, 30214.50, 4500, 4186, 30224.69, 30221.83, 30225.50, 2371, 2129, 0.00, 0.00
2026-8-13, 12:44:52.516000, 30214.50, 30228.00, 30204.50, 30204.50, 4500, 4245, 30212.88, 30212.33, 30216.25, 2359, 2141, 0.00, 0.00
2026-8-13, 12:56:59.077000, 30204.50, 30219.50, 30201.50, 30205.75, 4500, 4139, 30207.81, 30208.92, 30210.50, 2306, 2194, 0.00, 0.00
2026-8-13, 13:06:25.578000, 30205.50, 30207.75, 30189.50, 30200.50, 4500, 4166, 30200.81, 30199.25, 30198.63, 2469, 2031, 0.00, 0.00
2026-8-13, 13:16:11.624001, 30200.50, 30202.50, 30181.00, 30187.25, 4500, 4195, 30192.81, 30190.25, 30191.75, 2478, 2022, 0.00, 0.00
2026-8-13, 13:25:23.044000, 30187.25, 30215.50, 30184.25, 30214.50, 4500, 4243, 30200.38, 30204.75, 30199.88, 2170, 2330, 0.00, 0.00
2026-8-13, 13:33:16.667000, 30214.50, 30235.25, 30212.25, 30231.25, 4500, 4230, 30223.31, 30226.25, 30223.75, 2165, 2335, 0.00, 0.00
2026-8-13, 13:41:59.463001, 30231.25, 30242.75, 30225.75, 30238.00, 4500, 4192, 30234.44, 30235.50, 30234.25, 2323, 2177, 0.00, 0.00
2026-8-13, 13:50:43.247000, 30237.50, 30254.75, 30232.25, 30254.75, 4500, 4248, 30244.81, 30247.25, 30243.50, 2223, 2277, 0.00, 0.00
2026-8-13, 14:00:58.570006, 30254.75, 30265.75, 30240.00, 30259.00, 4500, 4101, 30254.88, 30254.92, 30252.88, 2246, 2254, 0.00, 0.00
2026-8-13, 14:07:45.613002, 30259.00, 30272.75, 30238.75, 30242.25, 4500, 4052, 30253.19, 30251.25, 30255.75, 2421, 2079, 0.00, 0.00
2026-8-13, 14:13:39.826000, 30242.00, 30243.75, 30221.75, 30235.25, 4500, 4126, 30235.69, 30233.58, 30232.75, 2344, 2156, 0.00, 0.00
2026-8-13, 14:19:17.995001, 30235.25, 30246.00, 30215.25, 30222.50, 4500, 4159, 30229.75, 30227.92, 30230.63, 2384, 2116, 0.00, 0.00
2026-8-13, 14:27:53.237000, 30223.00, 30232.25, 30211.00, 30219.25, 4500, 4202, 30221.38, 30220.83, 30221.63, 2280, 2220, 0.00, 0.00
2026-8-13, 14:35:09.318000, 30219.25, 30223.75, 30203.50, 30203.50, 4500, 4300, 30212.50, 30210.25, 30213.63, 2301, 2199, 0.00, 0.00
2026-8-13, 14:44:41.607001, 30203.75, 30207.00, 30186.00, 30189.25, 4500, 4183, 30196.50, 30194.08, 30196.50, 2405, 2095, 0.00, 0.00
2026-8-13, 14:50:18.309000, 30189.25, 30202.25, 30183.25, 30199.25, 4500, 3917, 30193.50, 30194.92, 30192.75, 2232, 2268, 0.00, 0.00
2026-8-13, 14:54:19.798000, 30199.75, 30206.00, 30173.00, 30188.50, 4500, 4172, 30191.81, 30189.17, 30189.50, 2437, 2063, 0.00, 0.00
2026-8-13, 14:57:13.541000, 30188.25, 30193.00, 30178.50, 30191.50, 4500, 4050, 30187.81, 30187.67, 30185.75, 2178, 2322, 0.00, 0.00
2026-8-13, 14:59:34.994006, 30191.50, 30193.75, 30182.75, 30189.50, 4500, 3705, 30189.38, 30188.67, 30188.25, 2353, 2147, 0.00, 0.00
2026-8-13, 14:59:56.455000, 30189.50, 30205.25, 30184.50, 30203.75, 4500, 3862, 30195.75, 30197.83, 30194.88, 2240, 2260, 0.00, 0.00
2026-8-13, 15:00:54.685002, 30203.75, 30206.50, 30144.50, 30201.25, 4500, 3368, 30189.00, 30184.08, 30175.50, 2873, 1627, 0.00, 0.00
2026-8-13, 15:02:43.394015, 30201.50, 30220.00, 30193.75, 30206.00, 4500, 3865, 30205.31, 30206.58, 30206.88, 2011, 2489, 0.00, 0.00
2026-8-13, 15:14:43.046000, 30206.00, 30215.25, 30192.50, 30215.00, 4500, 4081, 30207.19, 30207.58, 30203.88, 2303, 2197, 0.00, 0.00
2026-8-13, 15:58:16.970001, 30215.00, 30226.00, 30186.00, 30208.00, 4500, 4101, 30208.75, 30206.67, 30206.00, 2213, 2287, 0.00, 0.00
2026-8-13, 18:18:49.929004, 30208.00, 30232.00, 30189.50, 30203.75, 4500, 4046, 30208.31, 30208.42, 30210.75, 2255, 2245, 0.00, 0.00
2026-8-13, 19:11:41.258000, 30202.75, 30211.75, 30169.00, 30172.00, 4500, 4093, 30188.88, 30184.25, 30190.38, 2523, 1977, 0.00, 0.00
2026-8-13, 19:54:17.383001, 30172.25, 30174.75, 30124.25, 30148.25, 4500, 4202, 30154.88, 30149.08, 30149.50, 2307, 2193, 0.00, 0.00
2026-8-13, 20:21:46.091000, 30148.50, 30171.75, 30133.25, 30166.00, 4500, 4223, 30154.88, 30157.00, 30152.50, 2077, 2423, 0.00, 0.00
2026-8-13, 21:16:47.154000, 30165.75, 30182.50, 30150.00, 30159.00, 4500, 4269, 30164.31, 30163.83, 30166.25, 2225, 2275, 0.00, 0.00
2026-8-13, 22:43:59.382000, 30159.00, 30165.00, 30137.50, 30140.50, 4500, 4211, 30150.50, 30147.67, 30151.25, 2234, 2266, 0.00, 0.00
2026-8-14, 00:04:50.334000, 30140.25, 30182.00, 30127.75, 30165.25, 4500, 4256, 30153.81, 30158.33, 30154.88, 2270, 2230, 0.00, 0.00
2026-8-14, 01:30:03.640004, 30165.25, 30203.75, 30149.50, 30193.00, 4500, 4168, 30177.88, 30182.08, 30176.63, 2162, 2338, 0.00, 0.00
2026-8-14, 02:59:36.711068, 30193.00, 30240.25, 30187.75, 30238.75, 4500, 4033, 30214.94, 30222.25, 30214.00, 1912, 2588, 0.00, 0.00
2026-8-14, 03:49:14.818005, 30239.00, 30249.75, 30207.00, 30241.50, 4500, 4152, 30234.31, 30232.75, 30228.38, 2177, 2323, 0.00, 0.00
2026-8-14, 05:13:40.702000, 30241.00, 30262.00, 30223.00, 30246.50, 4500, 3935, 30243.13, 30243.83, 30242.50, 2178, 2322, 0.00, 0.00
2026-8-14, 06:20:51.721000, 30246.25, 30280.25, 30237.25, 30260.25, 4500, 4126, 30256.00, 30259.25, 30258.75, 2178, 2322, 0.00, 0.00
2026-8-14, 07:08:11.739003, 30260.25, 30267.75, 30208.50, 30255.75, 4500, 4193, 30248.06, 30244.00, 30238.13, 2295, 2205, 0.00, 0.00
2026-8-14, 07:31:17.289000, 30255.75, 30279.75, 30254.00, 30277.50, 4500, 4194, 30266.75, 30270.42, 30266.88, 2246, 2254, 0.00, 0.00
2026-8-14, 07:55:21.670001, 30277.50, 30283.00, 30245.25, 30253.50, 4500, 4147, 30264.81, 30260.58, 30264.13, 2351, 2149, 0.00, 0.00
2026-8-14, 08:22:23.853002, 30253.50, 30261.50, 30236.25, 30241.75, 2613, 2474, 30248.25, 30246.50, 30248.88, 1298, 1315, 0.00, 0.00
2026-8-14, 08:30:00.000000, 30241.75, 30269.50, 30224.00, 30249.25, 4500, 4291, 30246.13, 30247.58, 30246.75, 2121, 2379, 0.00, 0.00
2026-8-14, 08:30:54.121001, 30249.25, 30268.50, 30227.75, 30257.75, 4500, 4291, 30250.81, 30251.33, 30248.13, 2213, 2287, 0.00, 0.00
2026-8-14, 08:32:27.743001, 30257.75, 30258.75, 30211.25, 30213.00, 4500, 4353, 30235.19, 30227.67, 30235.00, 2342, 2158, 0.00, 0.00
2026-8-14, 08:34:22.894001, 30213.00, 30222.50, 30196.25, 30199.00, 4500, 4291, 30207.69, 30205.92, 30209.38, 2395, 2105, 0.00, 0.00
2026-8-14, 08:36:19.480003, 30198.75, 30207.25, 30169.75, 30194.50, 4500, 4203, 30192.56, 30190.50, 30188.50, 2441, 2059, 0.00, 0.00
2026-8-14, 08:38:02.741000, 30194.50, 30228.50, 30192.50, 30222.25, 4500, 4262, 30209.44, 30214.42, 30210.50, 2034, 2466, 0.00, 0.00
2026-8-14, 08:40:06.914000, 30222.75, 30230.75, 30195.00, 30217.50, 4500, 4352, 30216.50, 30214.42, 30212.88, 2318, 2182, 0.00, 0.00
2026-8-14, 08:42:05.504000, 30217.50, 30257.50, 30215.50, 30257.50, 4500, 4207, 30237.00, 30243.50, 30236.50, 1930, 2570, 0.00, 0.00
2026-8-14, 08:44:10.444002, 30257.50, 30275.25, 30252.75, 30259.25, 4500, 4243, 30261.19, 30262.42, 30264.00, 2180, 2320, 0.00, 0.00
2026-8-14, 08:46:16.374001, 30259.25, 30266.75, 30226.00, 30263.25, 4500, 4214, 30253.81, 30252.00, 30246.38, 2403, 2097, 0.00, 0.00
2026-8-14, 08:48:01.008000, 30262.75, 30280.50, 30234.75, 30238.50, 4500, 4282, 30254.13, 30251.25, 30257.63, 2424, 2076, 0.00, 0.00
2026-8-14, 08:50:13.046021, 30238.50, 30265.00, 30218.50, 30249.25, 4500, 4247, 30242.81, 30244.25, 30241.75, 2250, 2250, 0.00, 0.00
2026-8-14, 08:51:52.326000, 30249.25, 30265.50, 30229.00, 30233.75, 4500, 4273, 30244.38, 30242.75, 30247.25, 2311, 2189, 0.00, 0.00
2026-8-14, 08:55:33.645000, 30232.25, 30250.75, 30208.75, 30224.00, 4500, 4244, 30228.94, 30227.83, 30229.75, 2411, 2089, 0.00, 0.00
2026-8-14, 08:59:03.658000, 30223.25, 30237.75, 30204.75, 30237.75, 4500, 4194, 30225.88, 30226.75, 30221.25, 2322, 2178, 0.00, 0.00
2026-8-14, 09:02:25.507044, 30238.00, 30268.00, 30230.00, 30263.50, 4500, 4233, 30249.88, 30253.83, 30249.00, 2082, 2418, 0.00, 0.00
2026-8-14, 09:05:57.442004, 30263.50, 30272.25, 30235.00, 30237.50, 4500, 4248, 30252.06, 30248.25, 30253.63, 2430, 2070, 0.00, 0.00
2026-8-14, 09:09:43.349000, 30237.75, 30245.25, 30215.75, 30234.00, 4500, 4114, 30233.19, 30231.67, 30230.50, 2266, 2234, 0.00, 0.00
2026-8-14, 09:12:52.110000, 30233.25, 30243.75, 30196.75, 30205.50, 4500, 4203, 30219.81, 30215.33, 30220.25, 2565, 1935, 0.00, 0.00
2026-8-14, 09:17:16.933001, 30205.50, 30212.75, 30166.50, 30171.00, 4500, 4062, 30188.94, 30183.42, 30189.63, 2514, 1986, 0.00, 0.00
2026-8-14, 09:20:04.451000, 30171.50, 30193.50, 30157.00, 30166.00, 4500, 4290, 30172.00, 30172.17, 30175.25, 2330, 2170, 0.00, 0.00
2026-8-14, 09:23:30.192002, 30166.00, 30176.25, 30148.75, 30157.00, 4500, 4021, 30162.00, 30160.67, 30162.50, 2308, 2192, 0.00, 0.00
2026-8-14, 09:26:53.130000, 30156.25, 30163.25, 30134.25, 30160.00, 4500, 3922, 30153.44, 30152.50, 30148.75, 2496, 2004, 0.00, 0.00
2026-8-14, 09:29:59.821000, 30160.25, 30163.25, 30129.00, 30147.75, 4500, 4142, 30150.06, 30146.67, 30146.13, 2337, 2163, 0.00, 0.00
2026-8-14, 09:32:28.879001, 30147.25, 30155.50, 30130.00, 30149.50, 4500, 3781, 30145.56, 30145.00, 30142.75, 2066, 2434, 30125.00, 0.00
2026-8-14, 09:36:10.971000, 30149.00, 30176.50, 30148.25, 30158.50, 4500, 4162, 30158.06, 30161.08, 30162.38, 2026, 2474, 0.00, 0.00
2026-8-14, 09:40:19.645000, 30158.50, 30167.50, 30142.00, 30145.50, 4500, 4021, 30153.38, 30151.67, 30154.75, 2186, 2314, 0.00, 0.00
2026-8-14, 09:45:37.948000, 30147.00, 30166.00, 30143.00, 30160.25, 4500, 4243, 30154.06, 30156.42, 30154.50, 2188, 2312, 0.00, 0.00
2026-8-14, 09:53:37.415000, 30160.25, 30161.75, 30123.50, 30123.50, 4500, 4089, 30142.25, 30136.25, 30142.63, 2513, 1987, 0.00, 0.00
2026-8-14, 09:59:57.252001, 30123.50, 30143.00, 30110.25, 30114.75, 4500, 4061, 30122.88, 30122.67, 30126.63, 2413, 2087, 0.00, 0.00
2026-8-14, 10:03:59.267000, 30115.25, 30131.00, 30104.00, 30104.00, 4500, 3996, 30113.56, 30113.00, 30117.50, 2394, 2106, 0.00, 0.00
2026-8-14, 10:09:15.748013, 30104.00, 30116.50, 30092.25, 30095.25, 4500, 4256, 30102.00, 30101.33, 30104.38, 2461, 2039, 0.00, 0.00
2026-8-14, 10:14:22.796000, 30095.75, 30110.75, 30088.00, 30093.50, 4500, 3903, 30097.00, 30097.42, 30099.38, 2338, 2162, 0.00, 0.00
2026-8-14, 10:19:41.725085, 30093.50, 30110.00, 30058.00, 30063.75, 4500, 4091, 30081.31, 30077.25, 30084.00, 2585, 1915, 0.00, 0.00
2026-8-14, 10:23:18.420000, 30063.75, 30067.75, 30038.00, 30038.00, 4500, 4136, 30051.88, 30047.92, 30052.88, 2344, 2156, 0.00, 0.00
2026-8-14, 10:26:36.305001, 30038.00, 30074.50, 30033.50, 30071.00, 4500, 4117, 30054.25, 30059.67, 30054.00, 2015, 2485, 0.00, 0.00
2026-8-14, 10:30:03.713000, 30071.00, 30075.00, 30042.50, 30045.25, 4500, 4064, 30058.44, 30054.25, 30058.75, 2416, 2084, 0.00, 0.00
2026-8-14, 10:34:19.517000, 30044.50, 30065.50, 30040.00, 30044.75, 4500, 4083, 30048.69, 30050.08, 30052.75, 2195, 2305, 0.00, 0.00
2026-8-14, 10:39:52.375008, 30044.75, 30056.00, 30029.50, 30053.25, 4500, 4081, 30045.88, 30046.25, 30042.75, 2233, 2267, 0.00, 0.00
2026-8-14, 10:45:35.068000, 30053.75, 30066.25, 30031.00, 30037.25, 4500, 3985, 30047.06, 30044.83, 30048.63, 2337, 2163, 0.00, 0.00
2026-8-14, 10:50:51.252000, 30037.50, 30063.50, 30028.50, 30053.50, 4500, 3984, 30045.75, 30048.50, 30046.00, 2154, 2346, 0.00, 0.00
2026-8-14, 10:57:28.533000, 30053.50, 30084.25, 30053.25, 30072.75, 4500, 4164, 30065.94, 30070.08, 30068.75, 2072, 2428, 0.00, 0.00
2026-8-14, 11:02:37.417000, 30073.50, 30081.50, 30050.50, 30055.50, 4500, 4149, 30065.25, 30062.50, 30066.00, 2265, 2235, 0.00, 0.00
2026-8-14, 11:09:37.549002, 30055.75, 30086.75, 30054.25, 30086.50, 4500, 4049, 30070.81, 30075.83, 30070.50, 2046, 2454, 0.00, 0.00
2026-8-14, 11:16:55.020004, 30086.50, 30094.75, 30075.50, 30092.75, 4500, 4031, 30087.38, 30087.67, 30085.13, 2190, 2310, 0.00, 0.00
2026-8-14, 11:25:16.416000, 30093.00, 30107.75, 30082.75, 30087.25, 4500, 4070, 30092.69, 30092.58, 30095.25, 2221, 2279, 0.00, 0.00
2026-8-14, 11:31:54.158005, 30087.25, 30097.50, 30065.75, 30094.50, 4500, 4012, 30086.25, 30085.92, 30081.63, 2241, 2259, 0.00, 0.00
2026-8-14, 11:37:38.845000, 30094.25, 30095.50, 30061.50, 30067.75, 4500, 4169, 30079.75, 30074.92, 30078.50, 2423, 2077, 0.00, 0.00
2026-8-14, 11:46:52.553017, 30067.75, 30076.75, 30055.75, 30065.00, 4500, 4117, 30066.31, 30065.83, 30066.25, 2252, 2248, 0.00, 0.00
2026-8-14, 11:58:04.892002, 30064.75, 30072.00, 30052.75, 30070.00, 4500, 4142, 30064.88, 30064.92, 30062.38, 2325, 2175, 0.00, 0.00
2026-8-14, 12:08:51.875000, 30071.50, 30079.75, 30057.50, 30066.25, 4500, 3980, 30068.75, 30067.83, 30068.63, 2236, 2264, 0.00, 0.00
2026-8-14, 12:17:41.390000, 30066.00, 30076.50, 30046.50, 30061.75, 4500, 4060, 30062.69, 30061.58, 30061.50, 2222, 2278, 0.00, 0.00
2026-8-14, 12:27:36.128000, 30061.75, 30072.25, 30050.25, 30057.00, 4500, 4089, 30060.31, 30059.83, 30061.25, 2271, 2229, 0.00, 0.00
2026-8-14, 12:39:36.663000, 30057.25, 30068.00, 30049.75, 30067.00, 4500, 4087, 30060.50, 30061.58, 30058.88, 2072, 2428, 0.00, 0.00
2026-8-14, 12:53:04.301000, 30067.00, 30089.00, 30065.75, 30086.75, 4500, 4077, 30077.13, 30080.50, 30077.38, 2155, 2345, 0.00, 0.00
2026-8-14, 13:02:50.750000, 30086.75, 30091.25, 30076.75, 30087.75, 4500, 4149, 30085.63, 30085.25, 30084.00, 2254, 2246, 0.00, 0.00
2026-8-14, 13:15:55.528000, 30087.75, 30092.50, 30071.25, 30071.25, 4500, 3887, 30080.69, 30078.33, 30081.88, 2372, 2128, 0.00, 0.00
2026-8-14, 13:28:13.921003, 30071.25, 30078.25, 30062.50, 30075.75, 4500, 4064, 30071.94, 30072.17, 30070.38, 2057, 2443, 0.00, 0.00
2026-8-14, 13:40:27.217001, 30075.75, 30101.50, 30075.75, 30100.25, 4500, 4096, 30088.31, 30092.50, 30088.63, 1914, 2586, 0.00, 0.00
2026-8-14, 13:51:30.928002, 30100.25, 30104.00, 30077.25, 30085.75, 4500, 4031, 30091.81, 30089.00, 30090.63, 2260, 2240, 0.00, 0.00
2026-8-14, 14:02:27.458001, 30085.75, 30094.50, 30077.00, 30087.00, 4500, 4182, 30086.06, 30086.17, 30085.75, 2091, 2409, 0.00, 0.00
2026-8-14, 14:15:55.037000, 30087.25, 30095.00, 30076.00, 30094.25, 4500, 4046, 30088.13, 30088.42, 30085.50, 2063, 2437, 0.00, 0.00
2026-8-14, 14:26:47.363000, 30094.50, 30106.50, 30090.50, 30105.50, 4500, 4164, 30099.25, 30100.83, 30098.50, 1966, 2534, 0.00, 0.00
2026-8-14, 14:35:51.377000, 30105.50, 30115.25, 30096.00, 30114.25, 4500, 4038, 30107.75, 30108.50, 30105.63, 1985, 2515, 0.00, 0.00
2026-8-14, 14:43:58.312001, 30114.25, 30120.50, 30101.50, 30118.50, 4500, 3996, 30113.69, 30113.50, 30111.00, 1908, 2592, 0.00, 0.00
2026-8-14, 14:50:00.005009, 30118.50, 30130.00, 30114.75, 30124.00, 4500, 4021, 30121.81, 30122.92, 30122.38, 1887, 2613, 0.00, 0.00
2026-8-14, 14:53:04.952025, 30124.00, 30129.75, 30115.25, 30119.00, 4500, 4145, 30122.00, 30121.33, 30122.50, 1970, 2530, 0.00, 0.00
2026-8-14, 14:56:11.291001, 30119.00, 30136.50, 30112.25, 30136.25, 4500, 4003, 30126.00, 30128.33, 30124.38, 2041, 2459, 0.00, 0.00
2026-8-14, 14:59:20.027001, 30136.00, 30148.00, 30133.25, 30146.50, 4500, 3911, 30140.94, 30142.58, 30140.63, 2131, 2369, 0.00, 0.00
2026-8-14, 14:59:59.073009, 30146.50, 30153.25, 30139.00, 30142.75, 4500, 3885, 30145.38, 30145.00, 30146.13, 2355, 2145, 0.00, 0.00
2026-8-14, 15:01:52.628000, 30142.25, 30148.25, 30131.00, 30135.25, 4500, 3987, 30139.19, 30138.17, 30139.63, 2223, 2277, 0.00, 0.00
2026-8-14, 15:14:55.036000, 30135.25, 30154.75, 30127.25, 30154.00, 4086, 3711, 30142.81, 30145.33, 30141.00, 1940, 2146, 0.00, 0.00
2026-8-16, 17:00:00.000000, 30170.00, 30211.75, 30163.75, 30195.50, 4500, 4051, 30185.25, 30190.33, 30187.75, 2220, 2280, 0.00, 0.00
2026-8-16, 18:14:25.341000, 30195.50, 30228.00, 30191.50, 30193.50, 4500, 4200, 30202.13, 30204.33, 30209.75, 2140, 2360, 0.00, 0.00
2026-8-16, 19:19:15.137000, 30193.50, 30233.25, 30185.50, 30218.50, 4500, 4139, 30207.69, 30212.42, 30209.38, 2133, 2367, 0.00, 0.00
2026-8-16, 20:11:50.130000, 30219.00, 30239.00, 30187.00, 30190.50, 4500, 4117, 30208.88, 30205.50, 30213.00, 2301, 2199, 0.00, 0.00
2026-8-16, 21:04:43.597000, 30191.00, 30235.00, 30185.25, 30234.00, 4500, 4001, 30211.31, 30218.08, 30210.13, 1910, 2590, 0.00, 0.00
2026-8-16, 22:16:48.557000, 30232.50, 30255.00, 30226.00, 30243.50, 4500, 4267, 30239.25, 30241.50, 30240.50, 2073, 2427, 0.00, 0.00
2026-8-17, 00:10:41.068000, 30243.50, 30295.00, 30230.50, 30275.50, 4500, 4013, 30261.13, 30267.00, 30262.75, 2025, 2475, 0.00, 0.00
2026-8-17, 01:17:14.432000, 30275.75, 30327.00, 30272.00, 30324.00, 4500, 3646, 30299.69, 30307.67, 30299.50, 1833, 2667, 0.00, 0.00
2026-8-17, 01:59:56.959000, 30324.50, 30331.50, 30261.00, 30311.00, 4500, 4164, 30307.00, 30301.17, 30296.25, 2431, 2069, 0.00, 0.00
2026-8-17, 02:36:45.820000, 30311.50, 30328.00, 30297.00, 30314.50, 4500, 4210, 30312.75, 30313.17, 30312.50, 2218, 2282, 0.00, 0.00
2026-8-17, 03:32:11.217000, 30315.00, 30319.00, 30267.75, 30285.25, 4500, 4218, 30296.75, 30290.67, 30293.38, 2284, 2216, 0.00, 0.00
2026-8-17, 05:05:00.093000, 30282.75, 30343.00, 30276.00, 30306.50, 4500, 4022, 30302.06, 30308.50, 30309.50, 1951, 2549, 0.00, 0.00
2026-8-17, 05:53:48.249000, 30306.75, 30325.00, 30286.75, 30308.00, 4500, 4071, 30306.63, 30306.58, 30305.88, 2252, 2248, 0.00, 0.00
2026-8-17, 06:49:21.678000, 30307.50, 30310.00, 30246.75, 30270.00, 4500, 4152, 30283.56, 30275.58, 30278.38, 2471, 2029, 0.00, 0.00
2026-8-17, 07:25:59.336001, 30270.00, 30272.75, 30200.00, 30202.25, 4500, 4113, 30236.25, 30225.00, 30236.38, 2475, 2025, 0.00, 0.00
2026-8-17, 07:39:00.300000, 30203.00, 30212.75, 30180.00, 30202.25, 4500, 4017, 30199.50, 30198.33, 30196.38, 2360, 2140, 0.00, 0.00
2026-8-17, 07:56:50.604000, 30202.50, 30225.75, 30196.25, 30210.00, 4500, 3854, 30208.63, 30210.67, 30211.00, 2327, 2173, 0.00, 0.00
2026-8-17, 08:20:06.681001, 30210.00, 30238.00, 30205.25, 30226.50, 4500, 3790, 30219.94, 30223.25, 30221.63, 2375, 2125, 0.00, 0.00
2026-8-17, 08:29:20.325000, 30227.50, 30229.50, 30218.00, 30218.75, 401, 380, 30223.44, 30222.08, 30223.75, 211, 190, 0.00, 0.00
2026-8-17, 08:30:00.000000, 30219.25, 30256.25, 30210.00, 30247.50, 4500, 4233, 30233.25, 30237.92, 30233.13, 2075, 2425, 0.00, 0.00
2026-8-17, 08:30:53.231007, 30247.50, 30266.00, 30229.00, 30237.50, 4500, 4299, 30245.00, 30244.17, 30247.50, 2219, 2281, 0.00, 0.00
2026-8-17, 08:32:24.083000, 30237.50, 30239.50, 30191.00, 30229.00, 4500, 4167, 30224.25, 30219.83, 30215.25, 2349, 2151, 0.00, 0.00
2026-8-17, 08:33:36.455000, 30227.50, 30239.00, 30185.00, 30207.75, 4500, 4288, 30214.81, 30210.58, 30212.00, 2286, 2214, 0.00, 0.00
2026-8-17, 08:35:27.942000, 30207.75, 30239.25, 30203.00, 30203.25, 4500, 4269, 30213.31, 30215.17, 30221.13, 2088, 2412, 0.00, 0.00
2026-8-17, 08:37:54.804000, 30203.00, 30218.00, 30166.25, 30171.75, 4500, 4156, 30189.75, 30185.33, 30192.13, 2503, 1997, 0.00, 0.00
2026-8-17, 08:39:39.633000, 30172.25, 30223.25, 30165.50, 30216.00, 4500, 4224, 30194.25, 30201.58, 30194.38, 2001, 2499, 0.00, 0.00
2026-8-17, 08:41:57.364002, 30216.00, 30230.50, 30185.00, 30200.25, 4500, 4241, 30207.94, 30205.25, 30207.75, 2286, 2214, 0.00, 0.00
2026-8-17, 08:44:48.120000, 30198.75, 30220.00, 30174.25, 30193.50, 4500, 4290, 30196.63, 30195.92, 30197.13, 2340, 2160, 0.00, 0.00
2026-8-17, 08:47:52.401001, 30193.25, 30233.25, 30191.50, 30212.00, 4500, 4216, 30207.50, 30212.25, 30212.38, 2097, 2403, 0.00, 0.00
2026-8-17, 08:51:08.021000, 30212.00, 30254.25, 30211.00, 30233.75, 4500, 4285, 30227.75, 30233.00, 30232.63, 2079, 2421, 0.00, 0.00
2026-8-17, 08:53:57.882005, 30233.75, 30251.25, 30220.75, 30233.25, 4500, 4279, 30234.75, 30235.08, 30236.00, 2331, 2169, 0.00, 0.00
2026-8-17, 08:58:03.474000, 30233.25, 30243.25, 30204.50, 30205.75, 4500, 4315, 30221.69, 30217.83, 30223.88, 2378, 2122, 0.00, 0.00
2026-8-17, 09:01:21.210001, 30205.75, 30234.50, 30186.25, 30206.75, 4500, 4286, 30208.31, 30209.17, 30210.38, 2332, 2168, 0.00, 0.00
2026-8-17, 09:03:49.036000, 30206.75, 30214.00, 30177.75, 30179.00, 4500, 4339, 30194.38, 30190.25, 30195.88, 2512, 1988, 0.00, 0.00
2026-8-17, 09:07:59.705000, 30179.00, 30202.00, 30161.00, 30198.50, 4500, 4247, 30185.13, 30187.17, 30181.50, 2285, 2215, 0.00, 0.00
2026-8-17, 09:10:03.826000, 30198.50, 30220.50, 30197.75, 30219.75, 4500, 4284, 30209.13, 30212.67, 30209.13, 2179, 2321, 0.00, 0.00
2026-8-17, 09:14:04.613001, 30219.75, 30226.25, 30191.50, 30191.50, 4500, 4192, 30207.25, 30203.08, 30208.88, 2425, 2075, 0.00, 0.00
2026-8-17, 09:18:35.503010, 30191.50, 30194.25, 30162.25, 30177.00, 4500, 4149, 30181.25, 30177.83, 30178.25, 2385, 2115, 0.00, 0.00
2026-8-17, 09:22:21.586000, 30177.25, 30185.00, 30155.25, 30178.00, 4500, 4018, 30173.88, 30172.75, 30170.13, 2455, 2045, 0.00, 0.00
2026-8-17, 09:26:52.540001, 30178.00, 30200.50, 30168.50, 30197.75, 4500, 4294, 30186.19, 30188.92, 30184.50, 2041, 2459, 0.00, 0.00
2026-8-17, 09:31:43.017000, 30197.50, 30207.00, 30186.50, 30204.25, 4500, 4313, 30198.81, 30199.25, 30196.75, 2158, 2342, 0.00, 0.00
2026-8-17, 09:39:11.821005, 30204.25, 30217.25, 30192.50, 30205.00, 4500, 4323, 30204.75, 30204.92, 30204.88, 2113, 2387, 0.00, 0.00
2026-8-17, 09:45:56.084000, 30204.75, 30231.50, 30199.25, 30226.00, 4500, 4217, 30215.38, 30218.92, 30215.38, 2112, 2388, 0.00, 0.00
2026-8-17, 09:52:14.918004, 30226.00, 30233.25, 30203.00, 30231.25, 4500, 4284, 30223.38, 30222.50, 30218.13, 2089, 2411, 0.00, 0.00
2026-8-17, 09:57:56.004000, 30231.00, 30250.00, 30231.00, 30249.75, 4500, 4156, 30240.44, 30243.58, 30240.50, 2069, 2431, 0.00, 0.00
2026-8-17, 10:02:09.792003, 30249.75, 30277.00, 30248.25, 30265.25, 4500, 4142, 30260.06, 30263.50, 30262.63, 2044, 2456, 0.00, 0.00
2026-8-17, 10:05:39.714000, 30265.50, 30287.50, 30262.00, 30262.25, 4500, 4214, 30269.31, 30270.58, 30274.75, 2308, 2192, 0.00, 0.00
2026-8-17, 10:09:35.245000, 30262.25, 30276.75, 30255.00, 30265.00, 4500, 4231, 30264.75, 30265.58, 30265.88, 2328, 2172, 0.00, 0.00
2026-8-17, 10:15:20.113002, 30265.00, 30278.00, 30262.00, 30271.25, 4500, 4251, 30269.06, 30270.42, 30270.00, 2309, 2191, 0.00, 0.00
2026-8-17, 10:21:50.924001, 30271.00, 30277.50, 30255.50, 30274.50, 4500, 4212, 30269.63, 30269.17, 30266.50, 2232, 2268, 0.00, 0.00
2026-8-17, 10:29:37.960000, 30274.50, 30275.75, 30238.00, 30238.00, 4500, 4156, 30256.56, 30250.58, 30256.88, 2485, 2015, 0.00, 0.00
2026-8-17, 10:35:07.643001, 30238.00, 30252.25, 30223.25, 30223.25, 4500, 4150, 30234.19, 30232.92, 30237.75, 2415, 2085, 0.00, 0.00
2026-8-17, 10:39:57.505000, 30223.25, 30233.00, 30207.75, 30215.50, 4500, 4197, 30219.88, 30218.75, 30220.38, 2339, 2161, 0.00, 0.00
2026-8-17, 10:43:37.117000, 30215.50, 30233.25, 30212.00, 30223.00, 4500, 4016, 30220.94, 30222.75, 30222.63, 2147, 2353, 0.00, 0.00
2026-8-17, 10:50:38.472000, 30223.25, 30249.75, 30222.75, 30243.50, 4500, 4142, 30234.81, 30238.67, 30236.25, 2088, 2412, 0.00, 0.00
2026-8-17, 10:58:42.032001, 30243.50, 30247.00, 30204.25, 30204.75, 4500, 4281, 30224.88, 30218.67, 30225.63, 2660, 1840, 0.00, 0.00
2026-8-17, 11:06:44.628003, 30204.50, 30221.75, 30200.00, 30205.50, 4500, 4230, 30207.94, 30209.08, 30210.88, 2375, 2125, 0.00, 0.00
2026-8-17, 11:14:36.998000, 30205.50, 30218.00, 30196.50, 30200.50, 4500, 4262, 30205.13, 30205.00, 30207.25, 2508, 1992, 0.00, 0.00
2026-8-17, 11:25:21.764001, 30200.50, 30212.75, 30193.25, 30196.25, 4500, 4250, 30200.69, 30200.75, 30203.00, 2293, 2207, 0.00, 0.00
2026-8-17, 11:36:03.123000, 30196.25, 30202.50, 30179.75, 30183.25, 4500, 4144, 30190.44, 30188.50, 30191.13, 2486, 2014, 0.00, 0.00
2026-8-17, 11:46:13.585001, 30183.25, 30192.75, 30175.25, 30179.00, 4500, 4175, 30182.56, 30182.33, 30184.00, 2320, 2180, 0.00, 0.00
2026-8-17, 11:57:51.075000, 30178.50, 30187.25, 30162.00, 30162.00, 4500, 4245, 30172.44, 30170.42, 30174.63, 2436, 2064, 0.00, 0.00
2026-8-17, 12:07:53.162092, 30162.00, 30165.50, 30145.00, 30146.25, 4500, 3821, 30154.69, 30152.25, 30155.25, 2412, 2088, 0.00, 0.00
2026-8-17, 12:13:17.598000, 30146.00, 30150.50, 30125.00, 30132.50, 4500, 3660, 30138.50, 30136.00, 30137.75, 2137, 2363, 0.00, 0.00
2026-8-17, 12:16:10.224001, 30132.50, 30139.50, 30114.00, 30116.50, 4500, 4219, 30125.63, 30123.33, 30126.75, 2328, 2172, 0.00, 0.00
2026-8-17, 12:20:49.427006, 30116.75, 30125.50, 30095.25, 30098.25, 4500, 3957, 30108.94, 30106.33, 30110.38, 2490, 2010, 0.00, 0.00
2026-8-17, 12:24:27.854009, 30098.25, 30116.00, 30092.50, 30096.75, 4500, 4042, 30100.88, 30101.75, 30104.25, 2190, 2310, 0.00, 0.00
2026-8-17, 12:29:12.595000, 30096.50, 30113.50, 30090.50, 30100.00, 4500, 3912, 30100.13, 30101.33, 30102.00, 2086, 2414, 0.00, 0.00
2026-8-17, 12:34:41.005001, 30100.00, 30116.75, 30086.50, 30103.00, 4500, 4147, 30101.56, 30102.08, 30101.63, 2181, 2319, 0.00, 0.00
2026-8-17, 12:40:19.597000, 30103.25, 30128.00, 30097.75, 30118.75, 4500, 3992, 30111.94, 30114.83, 30112.88, 2090, 2410, 0.00, 0.00
2026-8-17, 12:47:00.452000, 30118.50, 30121.50, 30097.00, 30102.25, 4500, 4204, 30109.81, 30106.92, 30109.25, 2493, 2007, 0.00, 30126.50
2026-8-17, 12:57:54.165002, 30102.25, 30114.00, 30087.00, 30087.00, 4500, 4212, 30097.56, 30096.00, 30100.50, 2399, 2101, 0.00, 0.00
2026-8-17, 13:05:24.735002, 30087.00, 30104.25, 30079.25, 30104.25, 4500, 4291, 30093.69, 30095.92, 30091.75, 2338, 2162, 0.00, 0.00
2026-8-17, 13:13:01.810002, 30104.25, 30107.75, 30089.50, 30101.75, 4500, 4249, 30100.81, 30099.67, 30098.63, 2386, 2114, 0.00, 0.00
2026-8-17, 13:23:03.234007, 30101.75, 30113.75, 30095.00, 30097.25, 4500, 4248, 30101.94, 30102.00, 30104.38, 2251, 2249, 0.00, 0.00
2026-8-17, 13:31:50.209000, 30097.25, 30120.00, 30092.50, 30118.25, 4500, 4218, 30107.00, 30110.25, 30106.25, 2133, 2367, 0.00, 0.00
2026-8-17, 13:44:40.226001, 30118.25, 30136.50, 30115.50, 30120.50, 4500, 4200, 30122.69, 30124.17, 30126.00, 2232, 2268, 0.00, 0.00
2026-8-17, 13:55:25.966000, 30120.75, 30125.00, 30104.50, 30112.00, 4500, 4043, 30115.56, 30113.83, 30114.75, 2295, 2205, 0.00, 0.00
2026-8-17, 14:06:34.845000, 30112.25, 30113.75, 30082.25, 30094.50, 4500, 4110, 30100.69, 30096.83, 30098.00, 2356, 2144, 0.00, 0.00
2026-8-17, 14:16:18.519000, 30094.50, 30107.25, 30082.75, 30095.25, 4500, 4001, 30094.94, 30095.08, 30095.00, 2251, 2249, 0.00, 0.00
2026-8-17, 14:24:17.150003, 30095.25, 30114.00, 30088.75, 30098.50, 4500, 4291, 30099.13, 30100.42, 30101.38, 2080, 2420, 0.00, 0.00
2026-8-17, 14:32:01.351000, 30097.75, 30111.75, 30093.50, 30104.75, 4500, 4138, 30101.94, 30103.33, 30102.63, 2102, 2398, 0.00, 0.00
2026-8-17, 14:41:08.194003, 30104.75, 30119.75, 30096.50, 30118.75, 4500, 4204, 30109.94, 30111.67, 30108.13, 2193, 2307, 0.00, 0.00
2026-8-17, 14:49:57.794003, 30118.75, 30123.00, 30089.00, 30103.50, 4500, 4157, 30108.56, 30105.17, 30106.00, 2152, 2348, 0.00, 0.00
2026-8-17, 14:54:28.128000, 30103.25, 30106.25, 30066.50, 30084.75, 4500, 4300, 30090.19, 30085.83, 30086.38, 2265, 2235, 0.00, 0.00
2026-8-17, 14:57:31.000003, 30084.75, 30105.00, 30083.25, 30096.50, 4500, 4025, 30092.38, 30094.92, 30094.13, 2164, 2336, 0.00, 0.00
2026-8-17, 14:59:45.445000, 30096.25, 30100.75, 30078.75, 30088.25, 4500, 3937, 30091.00, 30089.25, 30089.75, 2070, 2430, 0.00, 0.00
2026-8-17, 15:00:14.000000, 30088.25, 30098.00, 30070.25, 30077.00, 4500, 3874, 30083.38, 30081.75, 30084.13, 2456, 2044, 0.00, 30103.00
2026-8-17, 15:07:18.808017, 30077.00, 30085.00, 30059.00, 30064.75, 4500, 4129, 30071.44, 30069.58, 30072.00, 2270, 2230, 0.00, 30090.00
2026-8-17, 15:44:58.469000, 30064.25, 30091.75, 30054.50, 30067.75, 4500, 4194, 30069.56, 30071.33, 30073.13, 2173, 2327, 0.00, 0.00
2026-8-17, 17:44:01.075000, 30067.00, 30103.00, 30067.00, 30095.50, 4500, 4259, 30083.13, 30088.50, 30085.00, 2205, 2295, 0.00, 0.00
2026-8-17, 19:01:58.436006, 30095.75, 30121.25, 30083.75, 30104.00, 4500, 4126, 30101.19, 30103.00, 30102.50, 2215, 2285, 0.00, 0.00
2026-8-17, 19:55:00.510000, 30104.00, 30110.00, 30068.75, 30087.00, 4500, 4239, 30092.44, 30088.58, 30089.38, 2406, 2094, 0.00, 0.00
2026-8-17, 20:38:26.585002, 30087.00, 30089.75, 30007.25, 30015.50, 4500, 3921, 30049.88, 30037.50, 30048.50, 2392, 2108, 0.00, 0.00
2026-8-17, 20:51:40.827007, 30015.25, 30022.00, 29968.25, 30007.25, 4500, 3526, 30003.19, 29999.17, 29995.13, 2101, 2399, 0.00, 0.00
2026-8-17, 21:02:23.302013, 30007.25, 30014.00, 29930.50, 29950.00, 4500, 4110, 29975.44, 29964.83, 29972.25, 2485, 2015, 0.00, 0.00
2026-8-17, 21:19:43.908001, 29950.00, 29967.75, 29918.75, 29931.50, 4500, 4218, 29942.00, 29939.33, 29943.25, 2301, 2199, 0.00, 0.00
2026-8-17, 21:42:17.660002, 29931.50, 29943.00, 29880.25, 29890.00, 4500, 4016, 29911.19, 29904.42, 29911.63, 2425, 2075, 0.00, 0.00
2026-8-17, 21:55:40.491004, 29890.00, 29915.50, 29859.25, 29867.75, 4500, 4124, 29883.13, 29880.83, 29887.38, 2384, 2116, 0.00, 0.00
2026-8-17, 22:23:57.170000, 29867.75, 29905.75, 29853.00, 29885.75, 4500, 4221, 29878.06, 29881.50, 29879.38, 2154, 2346, 0.00, 0.00
2026-8-17, 22:50:30.602000, 29884.75, 29909.75, 29870.25, 29905.50, 4500, 4055, 29892.56, 29895.17, 29890.00, 2238, 2262, 0.00, 0.00
2026-8-17, 23:28:03.681002, 29905.25, 29927.25, 29881.25, 29888.00, 4500, 3998, 29900.44, 29898.83, 29904.25, 2268, 2232, 0.00, 0.00
2026-8-18, 00:04:25.136008, 29888.25, 29905.75, 29850.00, 29850.00, 4500, 4097, 29873.50, 29868.58, 29877.88, 2527, 1973, 0.00, 0.00
2026-8-18, 00:58:12.187034, 29850.00, 29851.50, 29786.00, 29817.00, 4500, 4137, 29826.13, 29818.17, 29818.75, 2470, 2030, 0.00, 0.00
2026-8-18, 01:11:23.803000, 29816.75, 29877.50, 29815.75, 29872.00, 4500, 4220, 29845.50, 29855.08, 29846.63, 2204, 2296, 0.00, 0.00
2026-8-18, 01:50:22.088000, 29871.50, 29896.50, 29822.50, 29823.00, 4500, 4287, 29853.38, 29847.33, 29859.50, 2317, 2183, 0.00, 0.00
2026-8-18, 02:36:05.206000, 29822.25, 29849.25, 29773.00, 29773.00, 4500, 4169, 29804.38, 29798.42, 29811.13, 2428, 2072, 0.00, 0.00
2026-8-18, 03:04:04.421000, 29774.00, 29786.25, 29736.50, 29778.75, 4500, 4180, 29768.88, 29767.17, 29761.38, 2376, 2124, 0.00, 0.00
2026-8-18, 03:19:14.318002, 29778.75, 29792.25, 29735.75, 29758.50, 4500, 4220, 29766.31, 29762.17, 29764.00, 2256, 2244, 29730.75, 0.00
2026-8-18, 03:55:15.400000, 29757.75, 29778.00, 29723.50, 29724.50, 4500, 4233, 29745.94, 29742.00, 29750.75, 2399, 2101, 0.00, 0.00
2026-8-18, 04:31:23.729000, 29726.25, 29742.00, 29687.25, 29723.00, 4500, 4136, 29719.63, 29717.42, 29714.63, 2373, 2127, 0.00, 29747.00
2026-8-18, 04:55:26.419000, 29722.75, 29744.75, 29703.75, 29738.00, 4500, 3943, 29727.31, 29728.83, 29724.25, 2392, 2108, 0.00, 0.00
2026-8-18, 05:35:22.681000, 29739.00, 29772.75, 29720.50, 29767.75, 4500, 4038, 29750.00, 29753.67, 29746.63, 2261, 2239, 0.00, 0.00
2026-8-18, 06:15:44.920000, 29768.25, 29775.75, 29727.00, 29754.25, 4500, 4149, 29756.31, 29752.33, 29751.38, 2270, 2230, 0.00, 0.00
2026-8-18, 06:53:34.751000, 29755.00, 29786.00, 29726.00, 29750.00, 4500, 3963, 29754.25, 29754.00, 29756.00, 2268, 2232, 0.00, 0.00
2026-8-18, 07:21:02.280003, 29750.00, 29760.00, 29685.50, 29685.50, 4500, 3843, 29720.25, 29710.33, 29722.75, 2283, 2217, 0.00, 0.00
2026-8-18, 07:37:53.510020, 29685.25, 29726.25, 29680.50, 29725.50, 4500, 4124, 29704.38, 29710.75, 29703.38, 2200, 2300, 0.00, 0.00
2026-8-18, 08:01:41.198002, 29725.50, 29726.50, 29690.75, 29704.75, 4500, 3972, 29711.88, 29707.33, 29708.63, 2434, 2066, 0.00, 0.00
2026-8-18, 08:22:50.387000, 29704.00, 29704.50, 29678.00, 29693.25, 4500, 3786, 29694.94, 29691.92, 29691.25, 2708, 1792, 0.00, 0.00
2026-8-18, 08:29:43.725002, 29693.25, 29697.00, 29687.50, 29690.75, 542, 421, 29692.13, 29691.75, 29692.25, 338, 204, 0.00, 0.00
2026-8-18, 08:30:00.000000, 29690.25, 29704.75, 29658.25, 29687.25, 4500, 4118, 29685.13, 29683.42, 29681.50, 2566, 1934, 0.00, 0.00
2026-8-18, 08:30:30.664004, 29687.25, 29729.00, 29679.00, 29722.50, 4500, 3977, 29704.44, 29710.17, 29704.00, 2381, 2119, 0.00, 0.00
2026-8-18, 08:31:21.937001, 29722.75, 29755.25, 29702.00, 29704.50, 4500, 4245, 29721.13, 29720.58, 29728.63, 2358, 2142, 0.00, 0.00
2026-8-18, 08:32:26.434000, 29704.50, 29716.25, 29651.00, 29653.25, 4500, 3884, 29681.25, 29673.50, 29683.63, 2781, 1719, 0.00, 0.00
2026-8-18, 08:33:08.953000, 29653.00, 29670.50, 29631.25, 29648.25, 4500, 4101, 29650.75, 29650.00, 29650.88, 2447, 2053, 0.00, 0.00
2026-8-18, 08:34:23.370002, 29648.25, 29723.50, 29644.75, 29719.50, 4500, 4260, 29684.00, 29695.92, 29684.13, 2202, 2298, 0.00, 0.00
2026-8-18, 08:35:27.072000, 29718.75, 29731.50, 29693.25, 29709.75, 4500, 3676, 29713.31, 29711.50, 29712.38, 2629, 1871, 0.00, 0.00
2026-8-18, 08:36:19.391005, 29709.75, 29722.00, 29673.25, 29702.25, 4500, 4264, 29701.81, 29699.17, 29697.63, 2157, 2343, 0.00, 0.00
2026-8-18, 08:38:07.985002, 29702.25, 29742.25, 29698.50, 29728.50, 4500, 4275, 29717.88, 29723.08, 29720.38, 2107, 2393, 0.00, 0.00
2026-8-18, 08:40:18.736000, 29729.50, 29769.75, 29723.75, 29757.75, 4500, 4086, 29745.19, 29750.42, 29746.75, 2087, 2413, 0.00, 0.00
2026-8-18, 08:42:03.998000, 29757.25, 29767.00, 29709.75, 29713.00, 4500, 4163, 29736.75, 29729.92, 29738.38, 2420, 2080, 0.00, 0.00
2026-8-18, 08:44:15.926000, 29712.25, 29712.25, 29667.25, 29692.50, 4500, 4104, 29696.06, 29690.67, 29689.75, 2344, 2156, 0.00, 0.00
2026-8-18, 08:45:57.517000, 29692.50, 29700.50, 29656.00, 29661.75, 4500, 4182, 29677.69, 29672.75, 29678.25, 2406, 2094, 0.00, 0.00
2026-8-18, 08:48:05.459000, 29662.50, 29687.00, 29645.00, 29665.25, 4500, 4251, 29664.94, 29665.75, 29666.00, 2269, 2231, 0.00, 0.00
2026-8-18, 08:50:22.347001, 29665.25, 29683.75, 29639.75, 29643.00, 4500, 4171, 29657.94, 29655.50, 29661.75, 2186, 2314, 0.00, 0.00
2026-8-18, 08:52:41.298002, 29643.00, 29668.50, 29614.50, 29618.00, 4500, 4194, 29636.00, 29633.67, 29641.50, 2490, 2010, 0.00, 0.00
2026-8-18, 08:55:11.185000, 29618.25, 29661.75, 29604.75, 29656.75, 4500, 4240, 29635.38, 29641.08, 29633.25, 2023, 2477, 0.00, 0.00
2026-8-18, 08:56:59.857002, 29656.75, 29665.25, 29627.00, 29641.25, 4500, 4245, 29647.56, 29644.50, 29646.13, 2229, 2271, 0.00, 0.00
2026-8-18, 08:59:45.498004, 29641.25, 29657.50, 29621.25, 29644.25, 4500, 4220, 29641.06, 29641.00, 29639.38, 2251, 2249, 0.00, 0.00
2026-8-18, 09:02:02.465002, 29644.00, 29705.75, 29639.75, 29696.75, 4500, 4081, 29671.56, 29680.75, 29672.75, 2069, 2431, 0.00, 0.00
2026-8-18, 09:03:37.148002, 29696.75, 29699.75, 29643.25, 29647.50, 4500, 4189, 29671.81, 29663.50, 29671.50, 2438, 2062, 0.00, 0.00
2026-8-18, 09:05:56.871007, 29647.50, 29675.25, 29628.75, 29643.75, 4500, 4178, 29648.81, 29649.25, 29652.00, 2266, 2234, 0.00, 0.00
2026-8-18, 09:08:31.593000, 29644.25, 29645.25, 29592.00, 29592.00, 4500, 3794, 29618.38, 29609.75, 29618.63, 2583, 1917, 0.00, 0.00
2026-8-18, 09:10:24.921054, 29592.00, 29600.25, 29577.75, 29581.00, 4500, 4032, 29587.75, 29586.33, 29589.00, 2214, 2286, 0.00, 0.00
2026-8-18, 09:12:15.490001, 29581.25, 29595.50, 29568.50, 29585.00, 4500, 4211, 29582.56, 29583.00, 29582.00, 2169, 2331, 0.00, 0.00
2026-8-18, 09:15:00.165000, 29584.50, 29624.00, 29578.00, 29622.50, 4500, 4079, 29602.25, 29608.17, 29601.00, 1843, 2657, 0.00, 0.00
2026-8-18, 09:17:03.318000, 29622.50, 29636.00, 29593.25, 29634.25, 4500, 4178, 29621.50, 29621.17, 29614.63, 2284, 2216, 0.00, 0.00
2026-8-18, 09:19:49.840000, 29634.50, 29645.50, 29593.25, 29616.50, 4500, 4031, 29622.44, 29618.42, 29619.38, 2249, 2251, 0.00, 0.00
2026-8-18, 09:22:36.602000, 29616.50, 29661.50, 29604.00, 29641.75, 4500, 4160, 29630.94, 29635.75, 29632.75, 2026, 2474, 0.00, 0.00
2026-8-18, 09:24:51.818000, 29641.75, 29684.25, 29637.00, 29684.25, 4500, 4122, 29661.81, 29668.50, 29660.63, 1810, 2690, 0.00, 0.00
2026-8-18, 09:27:09.352003, 29684.25, 29684.75, 29655.50, 29681.75, 4500, 4219, 29676.56, 29674.00, 29670.13, 1997, 2503, 0.00, 0.00
2026-8-18, 09:30:40.256001, 29681.75, 29691.25, 29658.75, 29671.00, 4500, 4224, 29675.69, 29673.67, 29675.00, 2107, 2393, 0.00, 0.00
2026-8-18, 09:33:28.045001, 29671.25, 29683.00, 29649.00, 29680.25, 4500, 4114, 29670.88, 29670.75, 29666.00, 2105, 2395, 0.00, 0.00
2026-8-18, 09:37:11.727001, 29680.25, 29684.75, 29647.25, 29647.25, 4500, 3537, 29664.88, 29659.75, 29666.00, 2628, 1872, 0.00, 0.00
2026-8-18, 09:40:28.491003, 29647.25, 29664.75, 29622.25, 29623.50, 4500, 4149, 29639.44, 29636.83, 29643.50, 2315, 2185, 0.00, 0.00
2026-8-18, 09:44:05.896002, 29623.50, 29625.00, 29600.75, 29612.75, 4500, 4256, 29615.50, 29612.83, 29612.88, 2203, 2297, 29595.75, 0.00
2026-8-18, 09:48:03.453000, 29612.50, 29620.00, 29592.25, 29612.75, 4500, 4004, 29609.38, 29608.33, 29606.13, 2148, 2352, 0.00, 0.00
2026-8-18, 09:51:07.378000, 29612.50, 29619.00, 29561.00, 29562.25, 4500, 4097, 29588.69, 29580.75, 29590.00, 2500, 2000, 0.00, 0.00
2026-8-18, 09:53:26.126003, 29562.25, 29579.25, 29555.00, 29566.25, 4500, 4134, 29565.69, 29566.83, 29567.13, 2148, 2352, 29550.00, 0.00
2026-8-18, 09:55:30.328003, 29566.25, 29567.00, 29544.50, 29544.50, 4500, 4157, 29555.56, 29552.00, 29555.75, 2128, 2372, 0.00, 0.00
2026-8-18, 09:58:42.815009, 29544.50, 29560.25, 29533.75, 29546.25, 4500, 4162, 29546.19, 29546.75, 29547.00, 2298, 2202, 0.00, 0.00
2026-8-18, 10:00:54.705002, 29546.00, 29554.00, 29526.00, 29551.00, 4500, 4201, 29544.25, 29543.67, 29540.00, 2107, 2393, 0.00, 0.00
2026-8-18, 10:03:33.504000, 29551.00, 29569.00, 29543.25, 29559.00, 4500, 4012, 29555.56, 29557.08, 29556.13, 2134, 2366, 0.00, 0.00
2026-8-18, 10:05:40.610014, 29559.00, 29571.00, 29531.50, 29532.00, 4500, 4171, 29548.38, 29544.83, 29551.25, 2221, 2279, 0.00, 0.00
2026-8-18, 10:09:16.646002, 29531.75, 29539.75, 29514.00, 29531.50, 4500, 4051, 29529.25, 29528.42, 29526.88, 2208, 2292, 0.00, 0.00
2026-8-18, 10:12:09.490004, 29531.50, 29560.75, 29528.00, 29554.50, 4500, 4193, 29543.69, 29547.75, 29544.38, 1949, 2551, 0.00, 0.00
2026-8-18, 10:16:57.550000, 29554.25, 29560.00, 29532.00, 29556.00, 4500, 4150, 29550.56, 29549.33, 29546.00, 2130, 2370, 0.00, 0.00
2026-8-18, 10:21:44.615002, 29556.00, 29580.00, 29548.25, 29577.50, 4500, 4088, 29565.44, 29568.58, 29564.13, 2127, 2373, 0.00, 0.00
2026-8-18, 10:25:27.752000, 29577.50, 29600.00, 29570.50, 29597.75, 4500, 4013, 29586.44, 29589.42, 29585.25, 2063, 2437, 0.00, 0.00
2026-8-18, 10:29:27.408001, 29598.00, 29610.00, 29582.00, 29590.50, 4500, 4100, 29595.13, 29594.17, 29596.00, 2212, 2288, 0.00, 0.00
2026-8-18, 10:32:46.443003, 29590.50, 29601.50, 29567.00, 29573.50, 4500, 4134, 29583.13, 29580.67, 29584.25, 2107, 2393, 0.00, 0.00
2026-8-18, 10:37:38.111000, 29574.25, 29606.75, 29566.50, 29593.50, 4500, 4126, 29585.25, 29588.92, 29586.63, 1925, 2575, 0.00, 0.00
2026-8-18, 10:43:32.472001, 29593.50, 29630.00, 29588.00, 29626.50, 4500, 4123, 29609.50, 29614.83, 29609.00, 1865, 2635, 0.00, 0.00
2026-8-18, 10:48:18.024001, 29626.50, 29635.50, 29598.75, 29631.00, 4500, 4182, 29622.94, 29621.75, 29617.13, 2064, 2436, 0.00, 0.00
2026-8-18, 10:53:17.318001, 29631.00, 29641.00, 29617.25, 29623.75, 4500, 4169, 29628.25, 29627.33, 29629.13, 2200, 2300, 0.00, 0.00
2026-8-18, 10:58:47.579003, 29623.75, 29653.75, 29618.00, 29650.50, 4500, 4153, 29636.50, 29640.75, 29635.88, 1958, 2542, 0.00, 0.00
2026-8-18, 11:03:27.579000, 29650.50, 29651.75, 29625.00, 29642.00, 4500, 4129, 29642.31, 29639.58, 29638.38, 2269, 2231, 0.00, 0.00
2026-8-18, 11:08:28.723001, 29642.00, 29663.25, 29628.75, 29651.50, 4500, 4224, 29646.38, 29647.83, 29646.00, 1972, 2528, 0.00, 0.00
2026-8-18, 11:14:51.441000, 29650.25, 29650.25, 29621.00, 29644.50, 4500, 4172, 29641.50, 29638.58, 29635.63, 2149, 2351, 0.00, 0.00
2026-8-18, 11:20:50.033000, 29644.25, 29657.25, 29621.25, 29626.50, 4500, 4256, 29637.31, 29635.00, 29639.25, 2202, 2298, 0.00, 0.00
2026-8-18, 11:27:27.015001, 29626.75, 29627.50, 29603.25, 29615.50, 4500, 4197, 29618.25, 29615.42, 29615.38, 2139, 2361, 0.00, 0.00
2026-8-18, 11:32:44.079001, 29615.50, 29636.25, 29613.25, 29631.25, 4500, 4180, 29624.06, 29626.92, 29624.75, 1825, 2675, 0.00, 0.00
2026-8-18, 11:39:39.275001, 29631.25, 29650.00, 29617.00, 29625.50, 4500, 4185, 29630.94, 29630.83, 29633.50, 2043, 2457, 0.00, 0.00
2026-8-18, 11:46:14.053001, 29625.50, 29669.25, 29625.00, 29664.75, 4500, 4103, 29646.13, 29653.00, 29647.13, 1988, 2512, 0.00, 0.00
2026-8-18, 11:51:43.527000, 29664.50, 29670.75, 29642.75, 29646.25, 4500, 4255, 29656.06, 29653.25, 29656.75, 2089, 2411, 0.00, 0.00
2026-8-18, 12:00:25.692000, 29646.00, 29660.75, 29630.00, 29632.00, 4500, 4280, 29642.19, 29640.92, 29645.38, 2106, 2394, 0.00, 0.00
2026-8-18, 12:06:59.528004, 29632.00, 29641.75, 29612.00, 29613.50, 4500, 4288, 29624.81, 29622.42, 29626.88, 2187, 2313, 0.00, 0.00
2026-8-18, 12:16:15.387000, 29613.50, 29620.00, 29593.00, 29593.75, 4500, 4126, 29605.06, 29602.25, 29606.50, 2208, 2292, 0.00, 0.00
2026-8-18, 12:25:44.391003, 29593.75, 29622.00, 29593.00, 29620.50, 4500, 4182, 29607.31, 29611.83, 29607.50, 1966, 2534, 0.00, 0.00
2026-8-18, 12:32:40.071000, 29620.25, 29621.25, 29591.50, 29608.25, 4500, 3928, 29610.31, 29607.00, 29606.38, 2271, 2229, 0.00, 0.00
2026-8-18, 12:40:35.308000, 29608.00, 29615.00, 29591.00, 29598.50, 4500, 3947, 29603.13, 29601.50, 29603.00, 2252, 2248, 0.00, 0.00
2026-8-18, 12:52:44.009000, 29598.75, 29600.50, 29561.50, 29563.25, 4500, 4241, 29581.00, 29575.08, 29581.00, 2395, 2105, 0.00, 0.00
2026-8-18, 13:00:05.344000, 29563.00, 29578.00, 29561.75, 29566.00, 4500, 4204, 29567.19, 29568.58, 29569.88, 2183, 2317, 0.00, 0.00
2026-8-18, 13:07:48.316002, 29565.75, 29579.00, 29547.25, 29571.25, 4500, 4226, 29565.81, 29565.83, 29563.13, 2138, 2362, 0.00, 0.00
2026-8-18, 13:14:33.696001, 29571.25, 29607.50, 29569.75, 29603.00, 4500, 3976, 29587.88, 29593.42, 29588.63, 2006, 2494, 0.00, 0.00
2026-8-18, 13:20:13.112000, 29603.00, 29615.00, 29588.00, 29591.25, 4500, 3941, 29599.31, 29598.08, 29601.50, 2296, 2204, 0.00, 0.00
2026-8-18, 13:26:17.234000, 29591.00, 29610.00, 29587.50, 29604.25, 4500, 4179, 29598.19, 29600.58, 29598.75, 2078, 2422, 0.00, 0.00
2026-8-18, 13:36:47.970004, 29604.25, 29614.00, 29583.50, 29595.50, 4500, 4148, 29599.31, 29597.67, 29598.75, 2324, 2176, 0.00, 0.00
2026-8-18, 13:46:35.005000, 29595.50, 29597.75, 29565.25, 29575.75, 4500, 4198, 29583.56, 29579.58, 29581.50, 2341, 2159, 0.00, 0.00
2026-8-18, 13:56:44.664005, 29575.75, 29582.50, 29564.50, 29577.25, 4500, 4195, 29575.00, 29574.75, 29573.50, 2294, 2206, 0.00, 0.00
2026-8-18, 14:07:25.307000, 29577.50, 29586.00, 29567.50, 29572.75, 4500, 4206, 29575.94, 29575.42, 29576.75, 2234, 2266, 0.00, 0.00
2026-8-18, 14:17:21.532000, 29572.50, 29596.50, 29564.75, 29595.25, 4500, 4197, 29582.25, 29585.50, 29580.63, 2061, 2439, 0.00, 0.00
2026-8-18, 14:26:11.837001, 29595.25, 29606.75, 29588.75, 29598.75, 4500, 4152, 29597.38, 29598.08, 29597.75, 2292, 2208, 0.00, 29611.75
2026-8-18, 14:30:42.662000, 29598.75, 29606.00, 29584.25, 29593.25, 4500, 4189, 29595.56, 29594.50, 29595.13, 2186, 2314, 0.00, 0.00
2026-8-18, 14:40:23.028000, 29593.00, 29607.00, 29582.75, 29601.75, 4500, 4309, 29596.13, 29597.17, 29594.88, 1943, 2557, 0.00, 0.00
2026-8-18, 14:47:04.943013, 29601.75, 29610.00, 29583.75, 29589.75, 4500, 4289, 29596.31, 29594.50, 29596.88, 2315, 2185, 0.00, 0.00
2026-8-18, 14:52:24.367000, 29589.75, 29592.00, 29559.25, 29573.50, 4500, 4218, 29578.63, 29574.92, 29575.63, 2218, 2282, 0.00, 0.00
2026-8-18, 14:55:05.038001, 29573.50, 29583.75, 29569.75, 29575.50, 4500, 4104, 29575.63, 29576.33, 29576.75, 2253, 2247, 0.00, 0.00
2026-8-18, 14:57:58.727002, 29575.50, 29596.00, 29572.25, 29594.25, 4500, 4126, 29584.50, 29587.50, 29584.13, 2169, 2331, 0.00, 0.00
2026-8-18, 14:59:29.718003, 29594.25, 29601.75, 29574.75, 29577.00, 4500, 3982, 29586.94, 29584.50, 29588.25, 2204, 2296, 0.00, 0.00
2026-8-18, 14:59:50.083000, 29577.00, 29591.50, 29568.00, 29585.75, 4500, 3855, 29580.56, 29581.75, 29579.75, 2284, 2216, 0.00, 29596.50
2026-8-18, 14:59:59.523013, 29585.75, 29596.75, 29576.25, 29591.00, 4500, 4058, 29587.44, 29588.00, 29586.50, 2217, 2283, 0.00, 0.00
2026-8-18, 15:05:05.591000, 29591.00, 29592.25, 29561.50, 29578.75, 4500, 4218, 29580.88, 29577.50, 29576.88, 2313, 2187, 0.00, 0.00
2026-8-18, 15:30:51.881038, 29578.75, 29586.00, 29549.00, 29576.50, 4500, 4050, 29572.56, 29570.50, 29567.50, 2254, 2246, 0.00, 0.00
2026-8-18, 17:08:30.626002, 29576.50, 29593.50, 29520.75, 29520.75, 4500, 4104, 29552.88, 29545.00, 29557.13, 2273, 2227, 0.00, 0.00
2026-8-18, 17:46:41.834001, 29520.00, 29567.25, 29514.25, 29546.50, 4500, 4035, 29537.00, 29542.67, 29540.75, 2127, 2373, 0.00, 0.00
2026-8-18, 18:30:34.240000, 29548.25, 29552.75, 29450.00, 29450.00, 4500, 3908, 29500.25, 29484.25, 29501.38, 2700, 1800, 0.00, 0.00
2026-8-18, 19:01:39.966009, 29450.00, 29499.00, 29442.00, 29455.75, 4500, 3534, 29461.69, 29465.58, 29470.50, 1893, 2607, 0.00, 0.00
2026-8-18, 19:13:18.627000, 29455.50, 29551.75, 29450.00, 29544.00, 4500, 4085, 29500.31, 29515.25, 29500.88, 2097, 2403, 0.00, 0.00
2026-8-18, 19:31:34.660000, 29543.00, 29586.00, 29537.50, 29548.50, 4500, 4046, 29553.75, 29557.33, 29561.75, 2197, 2303, 0.00, 0.00
2026-8-18, 19:57:49.343000, 29548.50, 29598.25, 29530.25, 29589.00, 4500, 3955, 29566.50, 29572.50, 29564.25, 2111, 2389, 0.00, 0.00
2026-8-18, 20:13:20.835006, 29589.25, 29609.50, 29568.50, 29573.50, 4500, 3977, 29585.19, 29583.83, 29589.00, 2139, 2361, 0.00, 0.00
2026-8-18, 20:34:31.247000, 29573.50, 29591.25, 29533.00, 29541.00, 4500, 4261, 29559.69, 29555.08, 29562.13, 2326, 2174, 0.00, 0.00
2026-8-18, 21:12:08.937000, 29540.00, 29563.25, 29514.00, 29525.50, 4500, 4267, 29535.69, 29534.25, 29538.63, 2345, 2155, 0.00, 0.00
2026-8-18, 21:46:07.213000, 29526.25, 29555.00, 29518.75, 29551.50, 4500, 4282, 29537.88, 29541.75, 29536.88, 2128, 2372, 0.00, 0.00
2026-8-18, 22:36:44.277000, 29551.75, 29567.00, 29505.00, 29538.75, 4500, 4212, 29540.63, 29536.92, 29536.00, 2312, 2188, 0.00, 0.00
2026-8-18, 23:24:19.738000, 29538.75, 29542.25, 29463.75, 29522.50, 4500, 4072, 29516.81, 29509.50, 29503.00, 2426, 2074, 0.00, 0.00
2026-8-19, 00:03:13.091000, 29522.25, 29534.50, 29459.00, 29468.00, 4500, 4207, 29495.94, 29487.17, 29496.75, 2353, 2147, 0.00, 0.00
2026-8-19, 00:48:58.552000, 29466.50, 29490.00, 29430.50, 29487.00, 4500, 4187, 29468.50, 29469.17, 29460.25, 2377, 2123, 0.00, 0.00
2026-8-19, 01:20:54.051000, 29486.00, 29539.00, 29460.00, 29539.00, 4500, 4079, 29506.00, 29512.67, 29499.50, 2189, 2311, 0.00, 0.00
2026-8-19, 01:54:13.793002, 29539.00, 29563.50, 29520.25, 29559.75, 4500, 3984, 29545.63, 29547.83, 29541.88, 2030, 2470, 0.00, 0.00
2026-8-19, 02:20:54.215000, 29560.25, 29589.25, 29547.25, 29585.50, 4500, 4178, 29570.56, 29574.00, 29568.25, 1994, 2506, 0.00, 0.00
2026-8-19, 02:56:46.339007, 29585.50, 29640.50, 29584.50, 29640.25, 4500, 4072, 29612.69, 29621.75, 29612.50, 1982, 2518, 29579.50, 0.00
2026-8-19, 03:11:44.074000, 29638.75, 29640.75, 29600.25, 29623.25, 4500, 3875, 29625.75, 29621.42, 29620.50, 2279, 2221, 0.00, 0.00
2026-8-19, 03:40:45.977001, 29623.25, 29633.25, 29584.75, 29588.25, 4500, 3798, 29607.38, 29602.08, 29609.00, 2189, 2311, 0.00, 0.00
2026-8-19, 04:23:01.372000, 29588.50, 29590.00, 29518.50, 29522.50, 4500, 4075, 29554.88, 29543.67, 29554.25, 2398, 2102, 0.00, 0.00
2026-8-19, 05:06:10.418000, 29522.75, 29558.75, 29510.75, 29532.75, 4500, 4038, 29531.25, 29534.08, 29534.75, 2145, 2355, 0.00, 0.00
2026-8-19, 05:53:02.491000, 29532.25, 29578.00, 29509.50, 29539.50, 4500, 4184, 29539.81, 29542.33, 29543.75, 2259, 2241, 0.00, 0.00
2026-8-19, 06:29:30.557000, 29539.75, 29558.50, 29506.75, 29548.00, 4500, 4218, 29538.25, 29537.75, 29532.63, 2272, 2228, 0.00, 0.00
2026-8-19, 07:09:20.252000, 29548.00, 29582.75, 29533.50, 29577.75, 4500, 4135, 29560.50, 29564.67, 29558.13, 2140, 2360, 0.00, 0.00
2026-8-19, 07:28:36.979003, 29577.75, 29623.00, 29549.25, 29612.50, 4500, 4019, 29590.63, 29594.92, 29586.13, 2058, 2442, 0.00, 0.00
2026-8-19, 07:36:09.336000, 29612.50, 29668.25, 29612.00, 29660.75, 4500, 3728, 29638.38, 29647.00, 29640.13, 2120, 2380, 0.00, 0.00
2026-8-19, 07:40:11.792000, 29661.25, 29700.00, 29654.75, 29695.75, 4500, 4073, 29677.94, 29683.50, 29677.38, 2016, 2484, 0.00, 0.00
2026-8-19, 07:45:20.154001, 29695.75, 29734.50, 29690.50, 29731.75, 4500, 4066, 29713.13, 29718.92, 29712.50, 2030, 2470, 0.00, 0.00
2026-8-19, 07:50:12.165001, 29731.75, 29757.25, 29728.00, 29737.25, 4500, 4013, 29738.56, 29740.83, 29742.63, 2212, 2288, 0.00, 0.00
2026-8-19, 07:55:16.282001, 29737.00, 29747.25, 29703.25, 29704.25, 4500, 3948, 29722.94, 29718.25, 29725.25, 2421, 2079, 0.00, 0.00
2026-8-19, 08:01:16.558000, 29704.75, 29713.00, 29679.75, 29704.50, 4500, 4106, 29700.50, 29699.08, 29696.38, 2268, 2232, 0.00, 0.00
2026-8-19, 08:08:19.336002, 29704.50, 29735.50, 29694.75, 29721.25, 4500, 4187, 29714.00, 29717.17, 29715.13, 2344, 2156, 0.00, 0.00
2026-8-19, 08:19:27.317000, 29721.00, 29748.25, 29712.25, 29712.25, 4500, 4148, 29723.44, 29724.25, 29730.25, 2286, 2214, 0.00, 0.00
2026-8-19, 08:29:03.329003, 29712.25, 29717.50, 29695.75, 29696.00, 1324, 1195, 29705.38, 29703.08, 29706.63, 766, 558, 0.00, 0.00
2026-8-19, 08:30:00.000000, 29696.00, 29719.25, 29648.50, 29654.75, 4500, 4152, 29679.63, 29674.17, 29683.88, 2342, 2158, 0.00, 0.00
2026-8-19, 08:30:30.992000, 29654.50, 29692.00, 29651.50, 29688.75, 4500, 4201, 29671.69, 29677.42, 29671.75, 2072, 2428, 0.00, 0.00
2026-8-19, 08:31:31.666003, 29688.75, 29714.50, 29672.25, 29711.50, 4500, 4345, 29696.75, 29699.42, 29693.38, 2185, 2315, 0.00, 0.00
2026-8-19, 08:32:49.217004, 29711.50, 29742.75, 29679.50, 29682.75, 4500, 4324, 29704.13, 29701.67, 29711.13, 2307, 2193, 0.00, 0.00
2026-8-19, 08:34:15.096000, 29683.00, 29703.25, 29653.25, 29680.75, 4500, 4203, 29680.06, 29679.08, 29678.25, 2359, 2141, 0.00, 0.00
2026-8-19, 08:35:51.839001, 29681.00, 29688.25, 29622.75, 29626.00, 4500, 4278, 29654.50, 29645.67, 29655.50, 2447, 2053, 0.00, 0.00
2026-8-19, 08:37:09.654000, 29626.25, 29650.25, 29612.00, 29612.00, 4500, 4333, 29625.13, 29624.75, 29631.13, 2308, 2192, 0.00, 0.00
2026-8-19, 08:38:51.137056, 29612.00, 29620.50, 29579.75, 29591.75, 4500, 4213, 29601.00, 29597.33, 29600.13, 2493, 2007, 0.00, 0.00
2026-8-19, 08:40:14.665004, 29591.75, 29614.00, 29577.50, 29593.50, 4500, 4263, 29594.19, 29595.00, 29595.75, 2279, 2221, 0.00, 0.00
2026-8-19, 08:41:30.092000, 29591.75, 29595.75, 29560.50, 29595.75, 4500, 4154, 29585.94, 29584.00, 29578.13, 2213, 2287, 0.00, 0.00
2026-8-19, 08:42:58.981005, 29595.75, 29628.75, 29593.00, 29611.75, 4500, 4194, 29607.31, 29611.17, 29610.88, 2019, 2481, 0.00, 0.00
2026-8-19, 08:44:45.221000, 29612.00, 29635.50, 29597.50, 29628.50, 4500, 4176, 29618.38, 29620.50, 29616.50, 2159, 2341, 0.00, 0.00
2026-8-19, 08:46:28.525000, 29628.50, 29629.50, 29552.00, 29552.00, 4500, 4251, 29590.50, 29577.83, 29590.75, 2652, 1848, 0.00, 0.00
2026-8-19, 08:48:13.389091, 29551.75, 29563.00, 29492.75, 29494.00, 4500, 4156, 29525.38, 29516.58, 29527.88, 2486, 2014, 0.00, 0.00
2026-8-19, 08:49:06.377000, 29494.25, 29504.50, 29458.25, 29466.25, 4500, 4139, 29480.81, 29476.33, 29481.38, 2303, 2197, 0.00, 0.00
2026-8-19, 08:50:01.925000, 29466.75, 29493.00, 29447.25, 29447.25, 4500, 4229, 29463.56, 29462.50, 29470.13, 2245, 2255, 0.00, 0.00
2026-8-19, 08:51:15.378003, 29447.25, 29448.50, 29406.50, 29420.75, 4500, 3978, 29430.75, 29425.25, 29427.50, 2436, 2064, 0.00, 0.00
2026-8-19, 08:52:11.093000, 29420.75, 29471.50, 29419.75, 29469.75, 4500, 4129, 29445.44, 29453.67, 29445.63, 2074, 2426, 0.00, 0.00
2026-8-19, 08:53:18.721002, 29469.75, 29490.50, 29456.75, 29460.00, 4500, 4224, 29469.25, 29469.08, 29473.63, 2167, 2333, 0.00, 0.00
2026-8-19, 08:54:55.132000, 29460.00, 29525.50, 29459.25, 29499.50, 4500, 4178, 29486.06, 29494.75, 29492.38, 2002, 2498, 0.00, 0.00
2026-8-19, 08:56:06.077000, 29499.50, 29513.00, 29472.50, 29493.00, 4500, 4284, 29494.50, 29492.83, 29492.75, 2185, 2315, 0.00, 0.00
2026-8-19, 08:58:16.085000, 29493.25, 29517.25, 29469.75, 29471.00, 4500, 4267, 29487.81, 29486.00, 29493.50, 2268, 2232, 0.00, 0.00
2026-8-19, 09:00:23.430013, 29471.00, 29489.25, 29456.00, 29466.50, 4500, 4261, 29470.69, 29470.58, 29472.63, 2297, 2203, 0.00, 0.00
2026-8-19, 09:02:10.135001, 29466.50, 29490.75, 29456.00, 29472.50, 4500, 4340, 29471.44, 29473.08, 29473.38, 2157, 2343, 0.00, 0.00
2026-8-19, 09:04:46.522000, 29472.25, 29504.25, 29457.75, 29458.25, 4500, 4330, 29473.13, 29473.42, 29481.00, 2367, 2133, 0.00, 0.00
2026-8-19, 09:07:19.787000, 29458.25, 29470.25, 29433.50, 29442.75, 4500, 4123, 29451.19, 29448.83, 29451.88, 2438, 2062, 0.00, 0.00
2026-8-19, 09:09:39.282000, 29443.00, 29462.00, 29388.50, 29389.50, 4500, 4009, 29420.75, 29413.33, 29425.25, 2502, 1998, 0.00, 0.00
2026-8-19, 09:11:34.784000, 29389.50, 29418.25, 29377.25, 29412.75, 4500, 4217, 29399.44, 29402.75, 29397.75, 2212, 2288, 0.00, 0.00
2026-8-19, 09:13:30.796001, 29412.75, 29417.00, 29375.75, 29404.00, 4500, 4178, 29402.38, 29398.92, 29396.38, 2322, 2178, 0.00, 0.00
2026-8-19, 09:15:26.935000, 29403.75, 29453.00, 29396.00, 29445.25, 4500, 4167, 29424.50, 29431.42, 29424.50, 2000, 2500, 0.00, 0.00
2026-8-19, 09:16:49.591002, 29445.25, 29469.00, 29429.50, 29450.75, 4500, 4219, 29448.63, 29449.75, 29449.25, 2166, 2334, 0.00, 0.00
2026-8-19, 09:18:34.675000, 29451.25, 29458.00, 29408.25, 29451.00, 4500, 4276, 29442.13, 29439.08, 29433.13, 2101, 2399, 0.00, 0.00
2026-8-19, 09:20:59.525003, 29450.75, 29453.00, 29385.25, 29401.75, 4500, 4279, 29422.69, 29413.33, 29419.13, 2305, 2195, 0.00, 0.00
2026-8-19, 09:23:07.319001, 29401.50, 29432.00, 29395.00, 29402.75, 4500, 4353, 29407.81, 29409.92, 29413.50, 2243, 2257, 0.00, 0.00
2026-8-19, 09:26:00.101001, 29402.75, 29464.50, 29402.75, 29463.50, 4500, 4246, 29433.38, 29443.58, 29433.63, 1902, 2598, 0.00, 0.00
2026-8-19, 09:28:32.172000, 29463.75, 29502.50, 29456.00, 29502.50, 4500, 4167, 29481.19, 29487.00, 29479.25, 1917, 2583, 0.00, 0.00
2026-8-19, 09:31:04.165038, 29502.50, 29517.00, 29480.25, 29486.00, 4500, 4279, 29496.44, 29494.42, 29498.63, 2172, 2328, 0.00, 0.00
2026-8-19, 09:34:11.903000, 29486.75, 29540.25, 29477.75, 29539.75, 4500, 4142, 29511.13, 29519.25, 29509.00, 2006, 2494, 0.00, 0.00
2026-8-19, 09:37:21.077000, 29539.00, 29571.00, 29535.75, 29566.25, 4500, 4090, 29553.00, 29557.67, 29553.38, 2081, 2419, 0.00, 0.00
2026-8-19, 09:40:01.777000, 29567.00, 29575.00, 29535.00, 29557.50, 4500, 4171, 29558.63, 29555.83, 29555.00, 2284, 2216, 0.00, 0.00
2026-8-19, 09:42:42.872000, 29557.75, 29570.50, 29547.50, 29562.25, 4500, 4214, 29559.50, 29560.08, 29559.00, 2246, 2254, 0.00, 0.00
2026-8-19, 09:47:12.125006, 29562.25, 29566.25, 29527.00, 29541.50, 4500, 4269, 29549.25, 29544.92, 29546.63, 2232, 2268, 0.00, 0.00
2026-8-19, 09:51:08.307000, 29541.00, 29594.50, 29537.00, 29591.25, 4500, 4101, 29565.94, 29574.25, 29565.75, 2062, 2438, 0.00, 0.00
2026-8-19, 09:54:20.273000, 29591.00, 29617.00, 29582.25, 29610.75, 4500, 4159, 29600.25, 29603.33, 29599.63, 2097, 2403, 0.00, 0.00
2026-8-19, 09:57:35.500001, 29610.75, 29627.50, 29598.00, 29619.50, 4500, 4252, 29613.94, 29615.00, 29612.75, 2271, 2229, 0.00, 0.00
2026-8-19, 10:01:20.709002, 29619.50, 29629.75, 29588.00, 29589.25, 4500, 4147, 29606.63, 29602.33, 29608.88, 2459, 2041, 0.00, 0.00
2026-8-19, 10:05:23.193000, 29590.00, 29609.50, 29581.00, 29596.75, 4500, 4205, 29594.31, 29595.75, 29595.25, 2184, 2316, 0.00, 0.00
2026-8-19, 10:10:40.019000, 29597.00, 29624.00, 29584.75, 29608.50, 4500, 4184, 29603.56, 29605.75, 29604.38, 2137, 2363, 0.00, 0.00
2026-8-19, 10:16:09.076001, 29608.25, 29629.00, 29605.00, 29616.00, 4500, 4115, 29614.56, 29616.67, 29617.00, 2206, 2294, 0.00, 0.00
2026-8-19, 10:22:50.069000, 29616.00, 29631.25, 29588.00, 29600.50, 4500, 4192, 29608.94, 29606.58, 29609.63, 2201, 2299, 0.00, 0.00
2026-8-19, 10:28:07.047000, 29601.00, 29620.00, 29585.00, 29590.00, 4500, 4155, 29599.00, 29598.33, 29602.50, 2165, 2335, 0.00, 0.00
2026-8-19, 10:35:27.011000, 29589.50, 29598.00, 29555.75, 29561.00, 4500, 4226, 29576.06, 29571.58, 29576.88, 2386, 2114, 0.00, 0.00
2026-8-19, 10:40:43.985000, 29561.50, 29601.00, 29550.25, 29596.25, 4500, 4109, 29577.25, 29582.50, 29575.63, 1952, 2548, 0.00, 0.00
2026-8-19, 10:45:58.007002, 29596.25, 29616.25, 29576.50, 29582.00, 4500, 4160, 29592.75, 29591.58, 29596.38, 2190, 2310, 0.00, 0.00
2026-8-19, 10:51:48.527003, 29582.25, 29607.75, 29569.75, 29605.25, 4500, 4171, 29591.25, 29594.25, 29588.75, 2159, 2341, 0.00, 0.00
2026-8-19, 10:59:25.609002, 29605.25, 29639.50, 29587.50, 29628.75, 4500, 4063, 29615.25, 29618.58, 29613.50, 2083, 2417, 0.00, 0.00
2026-8-19, 11:03:51.484001, 29628.50, 29653.75, 29628.50, 29646.25, 4500, 4150, 29639.25, 29642.83, 29641.13, 2201, 2299, 0.00, 0.00
2026-8-19, 11:11:35.572001, 29646.25, 29667.25, 29628.25, 29664.75, 4500, 4237, 29651.63, 29653.42, 29647.75, 2180, 2320, 0.00, 0.00
2026-8-19, 11:19:19.454000, 29664.50, 29667.25, 29620.00, 29629.75, 4500, 4171, 29645.38, 29639.00, 29643.63, 2370, 2130, 0.00, 0.00
2026-8-19, 11:27:03.695000, 29629.75, 29630.25, 29596.00, 29608.25, 4500, 4176, 29616.06, 29611.50, 29613.13, 2206, 2294, 0.00, 0.00
2026-8-19, 11:35:04.564000, 29608.00, 29621.50, 29594.00, 29598.25, 4500, 4225, 29605.44, 29604.58, 29607.75, 2158, 2342, 0.00, 0.00
2026-8-19, 11:46:05.742000, 29598.75, 29609.50, 29564.00, 29570.75, 4500, 4110, 29585.75, 29581.42, 29586.75, 2280, 2220, 0.00, 0.00
2026-8-19, 11:54:41.794003, 29571.00, 29573.25, 29545.00, 29549.50, 4500, 4178, 29559.69, 29555.92, 29559.13, 2382, 2118, 0.00, 0.00
2026-8-19, 12:03:16.107000, 29549.25, 29573.25, 29539.50, 29556.50, 4500, 4210, 29554.63, 29556.42, 29556.38, 2266, 2234, 0.00, 0.00
2026-8-19, 12:10:41.202000, 29557.00, 29562.75, 29525.25, 29526.00, 4500, 4185, 29542.75, 29538.00, 29544.00, 2236, 2264, 0.00, 0.00
2026-8-19, 12:20:03.745000, 29526.00, 29533.25, 29510.50, 29531.25, 4500, 4112, 29525.25, 29525.00, 29521.88, 2222, 2278, 0.00, 0.00
2026-8-19, 12:26:59.059000, 29531.50, 29543.50, 29513.75, 29537.00, 4500, 4260, 29531.44, 29531.42, 29528.63, 2116, 2384, 0.00, 0.00
2026-8-19, 12:37:01.151000, 29537.25, 29550.25, 29520.75, 29543.25, 4500, 4226, 29537.88, 29538.08, 29535.50, 2113, 2387, 0.00, 0.00
2026-8-19, 12:48:47.704000, 29542.75, 29561.00, 29535.75, 29558.50, 4500, 4324, 29549.50, 29551.75, 29548.38, 2190, 2310, 0.00, 0.00
2026-8-19, 13:01:04.515002, 29558.50, 29592.50, 29549.00, 29549.00, 4500, 4094, 29562.25, 29563.50, 29570.75, 2360, 2140, 0.00, 0.00
2026-8-19, 13:05:51.845000, 29549.50, 29553.50, 29498.50, 29503.50, 4500, 4205, 29526.25, 29518.50, 29526.00, 2426, 2074, 0.00, 0.00
2026-8-19, 13:10:02.412000, 29503.00, 29541.25, 29500.00, 29503.50, 4500, 4208, 29511.94, 29514.92, 29520.63, 2255, 2245, 0.00, 0.00
2026-8-19, 13:16:52.657001, 29503.50, 29524.00, 29492.00, 29522.50, 4500, 4212, 29510.50, 29512.83, 29508.00, 2190, 2310, 0.00, 0.00
2026-8-19, 13:26:00.485000, 29522.50, 29570.25, 29517.25, 29565.50, 4500, 4131, 29543.88, 29551.00, 29543.75, 1861, 2639, 0.00, 0.00
2026-8-19, 13:32:03.504000, 29565.75, 29578.75, 29536.25, 29554.75, 4500, 4221, 29558.88, 29556.58, 29557.50, 2265, 2235, 0.00, 0.00
2026-8-19, 13:40:47.860000, 29555.25, 29563.75, 29536.00, 29540.00, 4500, 4215, 29548.75, 29546.58, 29549.88, 2223, 2277, 0.00, 0.00
2026-8-19, 13:53:24.349006, 29540.00, 29553.00, 29527.50, 29540.00, 4500, 4325, 29540.13, 29540.17, 29540.25, 2136, 2364, 0.00, 0.00
2026-8-19, 14:02:57.241001, 29540.00, 29559.50, 29532.50, 29549.25, 4500, 4332, 29545.31, 29547.08, 29546.00, 2211, 2289, 0.00, 0.00
2026-8-19, 14:16:17.623000, 29548.50, 29574.25, 29543.75, 29574.25, 4500, 4313, 29560.19, 29564.08, 29559.00, 2093, 2407, 0.00, 0.00
2026-8-19, 14:26:26.551000, 29574.25, 29590.00, 29551.50, 29577.00, 4500, 4308, 29573.19, 29572.83, 29570.75, 2136, 2364, 0.00, 0.00
2026-8-19, 14:34:27.029001, 29577.00, 29582.00, 29533.00, 29535.75, 4500, 4293, 29556.94, 29550.25, 29557.50, 2336, 2164, 0.00, 0.00
2026-8-19, 14:41:41.059000, 29535.50, 29544.50, 29501.25, 29513.00, 4500, 4177, 29523.56, 29519.58, 29522.88, 2224, 2276, 0.00, 0.00
2026-8-19, 14:48:02.641000, 29513.00, 29524.00, 29485.25, 29497.50, 4500, 4190, 29504.94, 29502.25, 29504.63, 2294, 2206, 0.00, 0.00
2026-8-19, 14:52:04.044001, 29497.50, 29521.75, 29489.25, 29491.25, 4500, 4124, 29499.94, 29500.75, 29505.50, 2115, 2385, 0.00, 0.00
2026-8-19, 14:55:00.202001, 29491.50, 29516.75, 29488.50, 29513.75, 4500, 4277, 29502.63, 29506.33, 29502.63, 2009, 2491, 0.00, 0.00
2026-8-19, 14:58:25.752000, 29514.00, 29525.75, 29508.50, 29508.50, 4500, 3937, 29514.19, 29514.25, 29517.13, 2142, 2358, 0.00, 0.00
2026-8-19, 14:59:42.242000, 29509.00, 29523.75, 29499.25, 29522.75, 4500, 3925, 29513.69, 29515.25, 29511.50, 2113, 2387, 0.00, 0.00
2026-8-19, 15:00:00.065000, 29522.75, 29542.75, 29521.25, 29531.25, 4500, 3970, 29529.50, 29531.75, 29532.00, 2111, 2389, 0.00, 29547.75
2026-8-19, 15:05:06.939002, 29531.25, 29536.50, 29514.25, 29524.25, 4500, 3980, 29526.56, 29525.00, 29525.38, 2262, 2238, 0.00, 29541.50
2026-8-19, 15:39:45.304001, 29524.25, 29615.00, 29520.00, 29603.75, 4500, 4118, 29565.75, 29579.58, 29567.50, 2113, 2387, 0.00, 0.00
2026-8-19, 17:13:28.672000, 29602.00, 29643.25, 29601.75, 29641.75, 4500, 3255, 29622.19, 29628.92, 29622.50, 2519, 1981, 0.00, 0.00
2026-8-19, 17:59:36.427005, 29641.75, 29689.75, 29632.75, 29652.50, 4500, 3994, 29654.19, 29658.33, 29661.25, 2122, 2378, 0.00, 0.00
2026-8-19, 18:48:02.042000, 29652.50, 29662.25, 29581.50, 29625.00, 4500, 4065, 29630.31, 29622.92, 29621.88, 2418, 2082, 0.00, 0.00
2026-8-19, 19:14:41.451002, 29625.00, 29668.00, 29617.00, 29659.00, 4500, 4203, 29642.25, 29648.00, 29642.50, 2127, 2373, 0.00, 0.00
2026-8-19, 19:47:21.503001, 29659.00, 29684.25, 29630.50, 29632.25, 4500, 4134, 29651.50, 29649.00, 29657.38, 2417, 2083, 0.00, 0.00
2026-8-19, 20:25:28.534000, 29632.25, 29683.00, 29623.75, 29680.25, 4500, 4178, 29654.81, 29662.33, 29653.38, 2166, 2334, 0.00, 0.00
2026-8-19, 21:07:37.208001, 29680.25, 29683.25, 29610.00, 29612.00, 4500, 4073, 29646.38, 29635.08, 29646.63, 2348, 2152, 0.00, 0.00
2026-8-19, 21:53:45.851000, 29612.00, 29657.25, 29593.50, 29625.50, 4500, 4038, 29622.06, 29625.42, 29625.38, 2229, 2271, 0.00, 0.00
2026-8-19, 22:44:48.504004, 29625.50, 29656.00, 29606.25, 29608.75, 4500, 4096, 29624.13, 29623.67, 29631.13, 2275, 2225, 0.00, 0.00
2026-8-20, 00:08:43.610000, 29610.25, 29655.00, 29587.75, 29651.25, 4500, 4086, 29626.06, 29631.33, 29621.38, 2264, 2236, 0.00, 0.00
2026-8-20, 01:08:33.148000, 29649.00, 29686.50, 29639.00, 29661.00, 4500, 4052, 29658.88, 29662.17, 29662.75, 2153, 2347, 0.00, 0.00
2026-8-20, 02:00:26.715001, 29660.75, 29670.50, 29595.00, 29626.00, 4500, 4153, 29638.06, 29630.50, 29632.75, 2253, 2247, 0.00, 0.00
2026-8-20, 02:35:59.996002, 29625.75, 29637.00, 29549.75, 29571.00, 4500, 4165, 29595.88, 29585.92, 29593.38, 2446, 2054, 0.00, 0.00
2026-8-20, 03:09:31.187000, 29573.00, 29577.50, 29476.75, 29478.25, 4500, 4036, 29526.38, 29510.83, 29527.13, 2477, 2023, 0.00, 0.00
2026-8-20, 03:31:32.071000, 29477.50, 29529.50, 29452.75, 29489.00, 4500, 3946, 29487.19, 29490.42, 29491.13, 2298, 2202, 0.00, 0.00
2026-8-20, 03:50:57.343000, 29489.00, 29543.75, 29464.00, 29513.00, 4500, 4170, 29502.44, 29506.92, 29503.88, 2344, 2156, 0.00, 0.00
2026-8-20, 04:36:31.283000, 29513.75, 29564.00, 29510.50, 29543.50, 4500, 4072, 29532.94, 29539.33, 29537.25, 2228, 2272, 0.00, 0.00
2026-8-20, 05:36:24.493000, 29544.25, 29582.25, 29479.00, 29485.25, 4500, 4251, 29522.69, 29515.50, 29530.63, 2486, 2014, 0.00, 0.00
2026-8-20, 06:09:08.696001, 29485.25, 29498.25, 29422.00, 29425.00, 4500, 3891, 29457.63, 29448.42, 29460.13, 2332, 2168, 0.00, 0.00
2026-8-20, 06:29:45.751000, 29424.50, 29453.50, 29386.00, 29396.50, 4500, 4122, 29415.13, 29412.00, 29419.75, 2380, 2120, 0.00, 0.00
2026-8-20, 06:48:14.483000, 29397.25, 29397.75, 29348.75, 29356.50, 4500, 4038, 29375.06, 29367.67, 29373.25, 2424, 2076, 0.00, 0.00
2026-8-20, 07:00:19.427000, 29356.25, 29375.00, 29286.75, 29300.25, 4500, 3952, 29329.56, 29320.67, 29330.88, 2408, 2092, 0.00, 0.00
2026-8-20, 07:06:56.990000, 29300.75, 29313.25, 29262.50, 29283.25, 4500, 3917, 29289.94, 29286.33, 29287.88, 2466, 2034, 0.00, 0.00
2026-8-20, 07:14:18.111005, 29283.25, 29306.50, 29264.00, 29289.75, 4500, 4150, 29285.88, 29286.75, 29285.25, 2188, 2312, 29259.00, 0.00
2026-8-20, 07:25:46.491001, 29289.75, 29296.25, 29240.00, 29258.25, 4500, 3946, 29271.06, 29264.83, 29268.13, 2518, 1982, 0.00, 0.00
2026-8-20, 07:37:01.339000, 29259.00, 29309.75, 29245.25, 29307.75, 4500, 4124, 29280.44, 29287.58, 29277.50, 2051, 2449, 0.00, 0.00
2026-8-20, 07:49:44.656002, 29307.50, 29368.00, 29307.50, 29359.00, 4500, 4161, 29335.50, 29344.83, 29337.75, 2084, 2416, 0.00, 0.00
2026-8-20, 08:01:12.193000, 29360.00, 29373.25, 29332.75, 29336.00, 4500, 4166, 29350.50, 29347.33, 29353.00, 2321, 2179, 0.00, 0.00
2026-8-20, 08:14:37.681000, 29335.50, 29369.00, 29324.00, 29358.50, 4500, 4107, 29346.75, 29350.50, 29346.50, 2161, 2339, 0.00, 0.00
2026-8-20, 08:27:28.323004, 29358.50, 29358.75, 29336.25, 29350.75, 1571, 1510, 29351.06, 29348.58, 29347.50, 800, 771, 0.00, 0.00
2026-8-20, 08:30:00.002000, 29351.00, 29392.00, 29338.75, 29355.25, 4500, 4261, 29359.25, 29362.00, 29365.38, 2377, 2123, 0.00, 0.00
2026-8-20, 08:30:47.576000, 29355.00, 29434.00, 29339.50, 29426.50, 4500, 4278, 29388.75, 29400.00, 29386.75, 2016, 2484, 0.00, 0.00
2026-8-20, 08:31:47.245001, 29426.50, 29430.75, 29389.75, 29410.50, 4500, 4345, 29414.38, 29410.33, 29410.25, 2387, 2113, 0.00, 0.00
2026-8-20, 08:33:17.841001, 29410.50, 29417.00, 29381.00, 29390.00, 4500, 4394, 29399.63, 29396.00, 29399.00, 2321, 2179, 0.00, 0.00
2026-8-20, 08:35:01.158001, 29390.00, 29460.50, 29372.00, 29454.50, 4500, 4235, 29419.25, 29429.00, 29416.25, 2073, 2427, 0.00, 0.00
2026-8-20, 08:35:53.809000, 29454.25, 29470.25, 29438.75, 29458.25, 4500, 4311, 29455.38, 29455.75, 29454.50, 2166, 2334, 0.00, 0.00
2026-8-20, 08:37:38.937001, 29458.25, 29465.75, 29431.75, 29459.50, 4500, 4292, 29453.81, 29452.33, 29448.75, 2392, 2108, 0.00, 0.00
2026-8-20, 08:39:34.671005, 29459.50, 29466.75, 29390.75, 29404.25, 4500, 4286, 29430.31, 29420.58, 29428.75, 2560, 1940, 0.00, 0.00
2026-8-20, 08:41:00.153005, 29404.25, 29456.00, 29390.00, 29454.50, 4500, 4325, 29426.19, 29433.50, 29423.00, 2143, 2357, 0.00, 0.00
2026-8-20, 08:42:41.085001, 29454.50, 29457.00, 29430.50, 29450.50, 4500, 4316, 29448.13, 29446.00, 29443.75, 2221, 2279, 0.00, 0.00
2026-8-20, 08:45:02.142022, 29450.50, 29460.00, 29393.75, 29400.00, 4500, 4253, 29426.06, 29417.92, 29426.88, 2309, 2191, 0.00, 0.00
2026-8-20, 08:46:28.041001, 29400.00, 29416.00, 29371.50, 29371.50, 4500, 4262, 29389.75, 29386.33, 29393.75, 2366, 2134, 0.00, 0.00
2026-8-20, 08:48:24.271004, 29371.50, 29392.75, 29350.00, 29380.75, 4500, 4260, 29373.75, 29374.50, 29371.38, 2342, 2158, 0.00, 0.00
2026-8-20, 08:50:16.762000, 29378.50, 29390.00, 29337.00, 29363.50, 4500, 4242, 29367.25, 29363.50, 29363.50, 2331, 2169, 0.00, 0.00
2026-8-20, 08:52:02.976000, 29362.50, 29363.00, 29308.75, 29332.75, 4500, 4193, 29341.75, 29334.83, 29335.88, 2330, 2170, 0.00, 0.00
2026-8-20, 08:53:28.719000, 29333.25, 29373.25, 29327.50, 29362.75, 4500, 4320, 29349.19, 29354.50, 29350.38, 2162, 2338, 0.00, 0.00
2026-8-20, 08:55:12.278000, 29363.00, 29409.00, 29352.00, 29360.75, 4500, 4290, 29371.19, 29373.92, 29380.50, 2215, 2285, 0.00, 0.00
2026-8-20, 08:56:49.777000, 29361.00, 29362.50, 29324.00, 29342.75, 4500, 4239, 29347.56, 29343.08, 29343.25, 2269, 2231, 0.00, 0.00
2026-8-20, 08:58:35.548001, 29342.75, 29395.00, 29340.25, 29387.50, 4500, 4343, 29366.38, 29374.25, 29367.63, 2147, 2353, 0.00, 0.00
2026-8-20, 09:00:44.613000, 29388.00, 29389.25, 29328.00, 29340.00, 4500, 4249, 29361.31, 29352.42, 29358.63, 2215, 2285, 0.00, 0.00
2026-8-20, 09:03:04.278000, 29339.50, 29354.00, 29316.50, 29326.75, 4500, 4237, 29334.19, 29332.42, 29335.25, 2314, 2186, 0.00, 0.00
2026-8-20, 09:05:32.824000, 29326.50, 29380.75, 29326.50, 29364.75, 4500, 4158, 29349.63, 29357.33, 29353.63, 2146, 2354, 0.00, 0.00
2026-8-20, 09:08:00.168000, 29366.00, 29409.00, 29329.50, 29393.75, 4500, 4259, 29374.56, 29377.42, 29369.25, 2121, 2379, 0.00, 0.00
2026-8-20, 09:10:15.011000, 29393.50, 29404.50, 29369.00, 29378.75, 4500, 4236, 29386.44, 29384.08, 29386.75, 2233, 2267, 0.00, 0.00
2026-8-20, 09:12:47.631000, 29379.50, 29403.00, 29356.75, 29381.75, 4500, 4241, 29380.25, 29380.50, 29379.88, 2299, 2201, 0.00, 0.00
2026-8-20, 09:15:28.573000, 29381.25, 29381.25, 29320.50, 29329.50, 4500, 4234, 29353.13, 29343.75, 29350.88, 2382, 2118, 0.00, 0.00
2026-8-20, 09:18:06.095001, 29329.50, 29356.50, 29305.00, 29355.50, 4500, 4175, 29336.63, 29339.00, 29330.75, 2247, 2253, 0.00, 0.00
2026-8-20, 09:20:35.628000, 29355.75, 29391.50, 29351.00, 29382.50, 4500, 4320, 29370.19, 29375.00, 29371.25, 2183, 2317, 0.00, 0.00
2026-8-20, 09:22:51.650001, 29382.50, 29414.00, 29369.75, 29396.75, 4500, 4190, 29390.75, 29393.50, 29391.88, 2258, 2242, 0.00, 0.00
2026-8-20, 09:24:58.188000, 29396.50, 29401.00, 29338.25, 29353.00, 4500, 4269, 29372.19, 29364.08, 29369.63, 2372, 2128, 0.00, 0.00
2026-8-20, 09:27:59.048000, 29352.75, 29376.00, 29334.25, 29356.25, 4500, 4056, 29354.81, 29355.50, 29355.13, 2199, 2301, 0.00, 0.00
2026-8-20, 09:30:58.988000, 29356.50, 29386.75, 29339.00, 29360.75, 4500, 4062, 29360.75, 29362.17, 29362.88, 2136, 2364, 0.00, 0.00
2026-8-20, 09:34:35.578000, 29360.25, 29391.25, 29329.00, 29388.25, 4500, 4317, 29367.19, 29369.50, 29360.13, 2202, 2298, 0.00, 0.00
2026-8-20, 09:37:42.635001, 29388.00, 29418.50, 29366.00, 29408.50, 4500, 4273, 29395.25, 29397.67, 29392.25, 2205, 2295, 0.00, 0.00
2026-8-20, 09:41:28.047000, 29408.50, 29433.00, 29393.50, 29429.50, 4500, 4152, 29416.13, 29418.67, 29413.25, 2189, 2311, 0.00, 0.00
2026-8-20, 09:45:38.059000, 29431.25, 29433.50, 29372.50, 29382.25, 4500, 4260, 29404.88, 29396.08, 29403.00, 2459, 2041, 0.00, 0.00
2026-8-20, 09:49:42.507001, 29382.25, 29398.25, 29364.00, 29371.25, 4500, 4350, 29378.94, 29377.83, 29381.13, 2256, 2244, 0.00, 0.00
2026-8-20, 09:54:33.192000, 29371.00, 29378.00, 29349.00, 29367.00, 4500, 4261, 29366.25, 29364.67, 29363.50, 2231, 2269, 0.00, 0.00
2026-8-20, 09:58:59.641000, 29366.25, 29446.50, 29366.25, 29436.25, 4500, 4255, 29403.81, 29416.33, 29406.38, 2043, 2457, 0.00, 0.00
2026-8-20, 10:01:32.040001, 29436.25, 29457.50, 29413.75, 29422.00, 4500, 4285, 29432.38, 29431.08, 29435.63, 2265, 2235, 0.00, 29462.50
2026-8-20, 10:03:46.294003, 29422.00, 29442.25, 29364.50, 29381.00, 4500, 4255, 29402.44, 29395.92, 29403.38, 2321, 2179, 0.00, 0.00
2026-8-20, 10:06:31.807000, 29380.50, 29385.50, 29343.50, 29349.50, 4500, 4252, 29364.75, 29359.50, 29364.50, 2310, 2190, 0.00, 0.00
2026-8-20, 10:09:52.892004, 29349.50, 29364.00, 29324.50, 29355.00, 4500, 4173, 29348.25, 29347.83, 29344.25, 2236, 2264, 0.00, 0.00
2026-8-20, 10:13:09.373000, 29354.25, 29383.00, 29342.00, 29357.25, 4500, 4316, 29359.13, 29360.75, 29362.50, 2137, 2363, 0.00, 0.00
2026-8-20, 10:17:08.440000, 29357.00, 29369.50, 29321.75, 29321.75, 4500, 4273, 29342.50, 29337.67, 29345.63, 2266, 2234, 0.00, 0.00
2026-8-20, 10:22:39.089000, 29321.50, 29330.00, 29301.00, 29320.25, 4500, 4117, 29318.19, 29317.08, 29315.50, 2441, 2059, 0.00, 0.00
2026-8-20, 10:26:17.567000, 29319.75, 29350.50, 29310.50, 29340.75, 4500, 4219, 29330.38, 29333.92, 29330.50, 2031, 2469, 0.00, 0.00
2026-8-20, 10:30:33.381000, 29340.75, 29344.00, 29292.00, 29302.50, 4500, 4261, 29319.81, 29312.83, 29318.00, 2435, 2065, 0.00, 0.00
2026-8-20, 10:35:02.798000, 29302.00, 29315.75, 29279.75, 29281.50, 4500, 4171, 29294.75, 29292.33, 29297.75, 2337, 2163, 0.00, 0.00
2026-8-20, 10:39:29.892001, 29281.50, 29302.50, 29274.50, 29281.25, 4500, 4236, 29284.94, 29286.08, 29288.50, 2151, 2349, 0.00, 0.00
2026-8-20, 10:45:22.327001, 29281.25, 29308.25, 29269.25, 29300.25, 4500, 4200, 29289.75, 29292.58, 29288.75, 2184, 2316, 0.00, 0.00
2026-8-20, 10:50:47.625000, 29300.50, 29332.50, 29291.25, 29322.50, 4500, 4242, 29311.69, 29315.42, 29311.88, 2117, 2383, 0.00, 0.00
2026-8-20, 10:56:54.974000, 29322.75, 29344.50, 29312.50, 29343.75, 4500, 4264, 29330.88, 29333.58, 29328.50, 2062, 2438, 0.00, 0.00
2026-8-20, 11:02:56.375001, 29343.75, 29346.00, 29302.75, 29326.00, 4500, 4293, 29329.63, 29324.92, 29324.38, 2319, 2181, 0.00, 0.00
2026-8-20, 11:09:20.271000, 29325.50, 29342.00, 29305.00, 29323.00, 4500, 4214, 29323.88, 29323.33, 29323.50, 2215, 2285, 0.00, 0.00
2026-8-20, 11:18:08.044002, 29323.00, 29355.25, 29311.00, 29343.00, 4500, 4099, 29333.06, 29336.42, 29333.13, 2063, 2437, 0.00, 0.00
2026-8-20, 11:25:40.801000, 29342.75, 29356.50, 29310.00, 29331.00, 4500, 4291, 29335.06, 29332.50, 29333.25, 2239, 2261, 0.00, 0.00
2026-8-20, 11:34:32.376000, 29330.75, 29367.75, 29328.75, 29360.50, 4500, 4048, 29346.94, 29352.33, 29348.25, 2090, 2410, 0.00, 0.00
2026-8-20, 11:41:51.021011, 29360.25, 29389.00, 29355.00, 29379.50, 4500, 3613, 29370.94, 29374.50, 29372.00, 1829, 2671, 0.00, 0.00
2026-8-20, 11:48:26.523000, 29379.00, 29380.25, 29356.25, 29368.00, 4500, 4141, 29370.88, 29368.17, 29368.25, 2282, 2218, 0.00, 29385.25
2026-8-20, 11:57:16.776000, 29368.00, 29385.75, 29349.00, 29358.25, 4500, 4011, 29365.25, 29364.33, 29367.38, 2156, 2344, 0.00, 0.00
2026-8-20, 12:06:03.595000, 29358.00, 29358.50, 29324.75, 29324.75, 4500, 4221, 29341.50, 29336.00, 29341.63, 2372, 2128, 0.00, 0.00
2026-8-20, 12:15:43.928001, 29325.00, 29327.75, 29298.00, 29317.25, 4500, 4210, 29317.00, 29314.33, 29312.88, 2212, 2288, 0.00, 0.00
2026-8-20, 12:22:12.998000, 29317.25, 29324.75, 29293.25, 29299.75, 4500, 4015, 29308.75, 29305.92, 29309.00, 2084, 2416, 0.00, 0.00
2026-8-20, 12:29:44.186002, 29299.75, 29304.25, 29282.75, 29290.00, 4500, 4103, 29294.19, 29292.33, 29293.50, 2280, 2220, 0.00, 0.00
2026-8-20, 12:37:58.679000, 29290.50, 29305.25, 29282.75, 29302.00, 4500, 4203, 29295.13, 29296.67, 29294.00, 2026, 2474, 0.00, 0.00
2026-8-20, 12:47:29.034000, 29302.00, 29325.75, 29294.50, 29295.50, 4500, 4303, 29304.44, 29305.25, 29310.13, 2220, 2280, 0.00, 0.00
2026-8-20, 12:55:18.106001, 29295.75, 29310.00, 29272.75, 29272.75, 4500, 4235, 29287.81, 29285.17, 29291.38, 2332, 2168, 0.00, 0.00
2026-8-20, 13:02:08.799000, 29272.50, 29275.25, 29236.25, 29245.75, 4500, 4126, 29257.44, 29252.42, 29255.75, 2532, 1968, 0.00, 0.00
2026-8-20, 13:06:10.422000, 29246.00, 29248.25, 29225.00, 29225.00, 4500, 3834, 29236.06, 29232.75, 29236.63, 2247, 2253, 0.00, 0.00
2026-8-20, 13:10:36.848002, 29225.00, 29239.25, 29212.50, 29213.50, 4500, 4108, 29222.56, 29221.75, 29225.88, 2360, 2140, 0.00, 0.00
2026-8-20, 13:16:13.561000, 29213.25, 29248.00, 29202.75, 29244.75, 4500, 4116, 29227.19, 29231.83, 29225.38, 2125, 2375, 0.00, 0.00
2026-8-20, 13:21:06.740000, 29244.00, 29248.25, 29220.50, 29228.25, 4500, 4133, 29235.25, 29232.33, 29234.38, 2337, 2163, 0.00, 0.00
2026-8-20, 13:28:32.214000, 29228.50, 29239.75, 29212.00, 29219.00, 4500, 4205, 29224.81, 29223.58, 29225.88, 2310, 2190, 0.00, 0.00
2026-8-20, 13:35:38.194004, 29219.00, 29233.50, 29212.50, 29229.75, 4500, 3911, 29223.69, 29225.25, 29223.00, 2322, 2178, 0.00, 29238.50
2026-8-20, 13:43:44.374000, 29230.00, 29255.00, 29227.00, 29242.00, 4500, 4120, 29238.50, 29241.33, 29241.00, 2339, 2161, 0.00, 0.00
2026-8-20, 13:50:58.654000, 29242.00, 29259.00, 29240.25, 29246.00, 4500, 4348, 29246.81, 29248.42, 29249.63, 2179, 2321, 0.00, 0.00
2026-8-20, 14:00:11.831002, 29245.75, 29284.00, 29243.25, 29283.50, 4500, 4208, 29264.13, 29270.25, 29263.63, 2089, 2411, 0.00, 0.00
2026-8-20, 14:06:04.759000, 29284.25, 29293.00, 29273.50, 29280.75, 4500, 4172, 29282.88, 29282.42, 29283.25, 2429, 2071, 0.00, 0.00
2026-8-20, 14:13:27.576001, 29280.75, 29294.25, 29267.75, 29272.00, 4500, 4236, 29278.69, 29278.00, 29281.00, 2390, 2110, 0.00, 0.00
2026-8-20, 14:21:47.882002, 29271.75, 29307.50, 29268.25, 29300.75, 4500, 4178, 29287.06, 29292.17, 29287.88, 2177, 2323, 0.00, 0.00
2026-8-20, 14:28:47.527000, 29301.00, 29310.50, 29290.25, 29307.75, 4500, 4242, 29302.38, 29302.83, 29300.38, 2141, 2359, 0.00, 0.00
2026-8-20, 14:35:40.859000, 29307.25, 29335.25, 29305.25, 29328.75, 4500, 4123, 29319.13, 29323.08, 29320.25, 2120, 2380, 0.00, 0.00
2026-8-20, 14:40:45.678001, 29328.75, 29333.25, 29296.50, 29304.00, 4500, 4089, 29315.63, 29311.25, 29314.88, 2301, 2199, 0.00, 0.00
2026-8-20, 14:46:05.923000, 29304.00, 29322.50, 29293.00, 29318.75, 4500, 4172, 29309.56, 29311.42, 29307.75, 2202, 2298, 0.00, 0.00
2026-8-20, 14:50:48.714001, 29318.75, 29331.25, 29307.50, 29313.00, 4500, 4306, 29317.63, 29317.25, 29319.38, 2211, 2289, 0.00, 0.00
2026-8-20, 14:54:43.980000, 29313.00, 29314.25, 29286.50, 29287.25, 4500, 4236, 29300.25, 29296.00, 29300.38, 2271, 2229, 0.00, 0.00
2026-8-20, 14:57:32.022000, 29286.75, 29319.25, 29286.75, 29312.00, 4500, 4120, 29301.19, 29306.00, 29303.00, 2018, 2482, 0.00, 0.00
2026-8-20, 14:59:30.310000, 29311.75, 29316.00, 29290.75, 29300.25, 4500, 3929, 29304.69, 29302.33, 29303.38, 2353, 2147, 0.00, 0.00
2026-8-20, 14:59:54.885002, 29300.25, 29316.50, 29292.75, 29310.75, 4500, 4090, 29305.06, 29306.67, 29304.63, 2290, 2210, 0.00, 0.00
2026-8-20, 15:00:44.735002, 29311.00, 29320.50, 29277.25, 29290.00, 4500, 4045, 29299.69, 29295.92, 29298.88, 2272, 2228, 0.00, 0.00
2026-8-20, 15:12:39.321000, 29289.75, 29311.50, 29262.50, 29304.50, 4500, 4094, 29292.06, 29292.83, 29287.00, 2061, 2439, 0.00, 0.00
2026-8-20, 15:45:16.085001, 29304.50, 29345.75, 29274.25, 29305.75, 4500, 3957, 29307.56, 29308.58, 29310.00, 2199, 2301, 0.00, 0.00
2026-8-20, 17:35:24.726004, 29305.75, 29328.50, 29286.00, 29290.75, 4500, 4148, 29302.75, 29301.75, 29307.25, 2300, 2200, 0.00, 29333.50
2026-8-20, 18:49:10.994000, 29290.75, 29365.50, 29289.75, 29327.00, 4500, 4127, 29318.25, 29327.42, 29327.63, 2136, 2364, 0.00, 0.00
2026-8-20, 19:17:18.766000, 29327.00, 29362.00, 29311.75, 29330.25, 4500, 4150, 29332.75, 29334.67, 29336.88, 2148, 2352, 0.00, 0.00
2026-8-20, 20:02:02.288000, 29328.25, 29357.00, 29291.75, 29327.25, 4500, 4140, 29326.06, 29325.33, 29324.38, 2251, 2249, 0.00, 0.00
2026-8-20, 20:38:49.024000, 29327.50, 29395.00, 29322.50, 29395.00, 4500, 3983, 29360.00, 29370.83, 29358.75, 2010, 2490, 0.00, 0.00
2026-8-20, 21:30:29.965001, 29395.00, 29399.25, 29349.00, 29367.25, 4500, 4046, 29377.63, 29371.83, 29374.13, 2299, 2201, 0.00, 0.00
2026-8-20, 22:36:38.436000, 29364.00, 29371.75, 29321.25, 29351.75, 4500, 4087, 29352.19, 29348.25, 29346.50, 2338, 2162, 0.00, 0.00
2026-8-20, 23:49:26.980000, 29351.75, 29380.75, 29340.25, 29372.00, 4500, 4082, 29361.19, 29364.33, 29360.50, 2178, 2322, 0.00, 0.00
2026-8-21, 01:11:52.993001, 29372.00, 29419.50, 29365.50, 29408.25, 4500, 4022, 29391.31, 29397.75, 29392.50, 2211, 2289, 0.00, 0.00
2026-8-21, 02:07:00.136000, 29408.25, 29458.75, 29406.50, 29440.50, 4500, 3993, 29428.50, 29435.25, 29432.63, 2176, 2324, 0.00, 0.00
2026-8-21, 02:37:49.275002, 29440.50, 29464.25, 29409.00, 29416.50, 4500, 4017, 29432.56, 29429.92, 29436.63, 2377, 2123, 0.00, 0.00
2026-8-21, 03:12:15.492001, 29416.50, 29456.75, 29390.50, 29452.25, 4500, 4141, 29429.00, 29433.17, 29423.63, 2228, 2272, 29385.50, 0.00
2026-8-21, 03:47:27.612000, 29452.00, 29467.50, 29411.50, 29434.75, 4500, 4068, 29441.44, 29437.92, 29439.50, 2398, 2102, 0.00, 0.00
2026-8-21, 04:31:12.379000, 29434.75, 29495.00, 29429.75, 29489.25, 4500, 3723, 29462.19, 29471.33, 29462.38, 2322, 2178, 0.00, 0.00
2026-8-21, 04:58:50.688000, 29489.25, 29518.50, 29470.25, 29489.50, 4500, 3973, 29491.88, 29492.75, 29494.38, 2378, 2122, 0.00, 0.00
2026-8-21, 05:32:18.700003, 29489.50, 29509.50, 29452.75, 29504.00, 4500, 3930, 29488.94, 29488.75, 29481.13, 2167, 2333, 0.00, 0.00
2026-8-21, 06:22:26.962000, 29503.75, 29539.00, 29485.75, 29533.00, 4500, 3688, 29515.38, 29519.25, 29512.38, 2043, 2457, 0.00, 0.00
2026-8-21, 06:36:40.782002, 29532.75, 29533.75, 29479.75, 29488.25, 4500, 3800, 29508.63, 29500.58, 29506.75, 2362, 2138, 0.00, 0.00
2026-8-21, 07:05:42.491001, 29488.00, 29523.50, 29477.75, 29521.00, 4500, 4119, 29502.56, 29507.42, 29500.63, 2163, 2337, 0.00, 0.00
2026-8-21, 07:37:51.738002, 29521.25, 29539.00, 29503.50, 29511.25, 4500, 4057, 29518.75, 29517.92, 29521.25, 2238, 2262, 0.00, 0.00
2026-8-21, 08:00:54.616000, 29511.50, 29516.00, 29459.25, 29460.00, 4500, 4011, 29486.69, 29478.42, 29487.63, 2423, 2077, 0.00, 0.00
2026-8-21, 08:17:15.497000, 29460.25, 29464.25, 29418.00, 29421.50, 4500, 3922, 29441.00, 29434.58, 29441.13, 2454, 2046, 0.00, 0.00
2026-8-21, 08:25:59.493001, 29421.50, 29485.25, 29418.00, 29471.25, 4500, 3964, 29449.00, 29458.17, 29451.63, 1940, 2560, 0.00, 0.00
2026-8-21, 08:29:41.026000, 29470.50, 29479.50, 29468.00, 29468.75, 607, 600, 29471.69, 29472.08, 29473.75, 347, 260, 0.00, 0.00
2026-8-21, 08:30:00.000000, 29469.50, 29476.00, 29419.75, 29422.00, 4500, 4240, 29446.81, 29439.25, 29447.88, 2490, 2010, 0.00, 0.00
2026-8-21, 08:30:45.899000, 29421.75, 29433.00, 29388.50, 29395.25, 4500, 4275, 29409.63, 29405.58, 29410.75, 2407, 2093, 0.00, 0.00
2026-8-21, 08:32:05.023001, 29394.75, 29398.00, 29357.75, 29376.75, 4500, 4170, 29381.81, 29377.50, 29377.88, 2311, 2189, 0.00, 0.00
2026-8-21, 08:33:30.839000, 29377.00, 29388.75, 29353.75, 29355.00, 4500, 4216, 29368.63, 29365.83, 29371.25, 2290, 2210, 0.00, 0.00
2026-8-21, 08:35:11.291011, 29355.00, 29373.50, 29333.25, 29340.25, 4500, 4319, 29350.50, 29349.00, 29353.38, 2399, 2101, 0.00, 0.00
2026-8-21, 08:36:43.599000, 29340.00, 29347.50, 29319.00, 29333.25, 4500, 4322, 29334.94, 29333.25, 29333.25, 2295, 2205, 0.00, 0.00
2026-8-21, 08:38:35.026000, 29332.75, 29356.00, 29320.75, 29341.25, 4500, 4339, 29337.69, 29339.33, 29338.38, 2242, 2258, 0.00, 0.00
2026-8-21, 08:40:37.447000, 29341.25, 29360.25, 29335.00, 29335.00, 4500, 4352, 29342.88, 29343.42, 29347.63, 2264, 2236, 0.00, 0.00
2026-8-21, 08:43:02.540002, 29335.00, 29345.00, 29307.75, 29341.50, 4500, 4155, 29332.31, 29331.42, 29326.38, 2285, 2215, 0.00, 0.00
2026-8-21, 08:45:09.776008, 29341.75, 29359.25, 29327.50, 29331.75, 4500, 4165, 29340.06, 29339.50, 29343.38, 2333, 2167, 0.00, 0.00
2026-8-21, 08:47:29.426000, 29331.50, 29335.50, 29307.00, 29333.50, 4500, 4211, 29326.88, 29325.33, 29321.25, 2367, 2133, 0.00, 0.00
2026-8-21, 08:49:46.084001, 29333.50, 29345.50, 29300.75, 29303.25, 4500, 4178, 29320.75, 29316.50, 29323.13, 2353, 2147, 0.00, 0.00
2026-8-21, 08:52:05.820001, 29303.25, 29308.75, 29277.00, 29281.75, 4500, 4194, 29292.69, 29289.17, 29292.88, 2440, 2060, 0.00, 0.00
2026-8-21, 08:54:03.169000, 29281.75, 29309.25, 29255.75, 29307.00, 4500, 4095, 29288.44, 29290.67, 29282.50, 2207, 2293, 0.00, 0.00
2026-8-21, 08:55:30.442002, 29307.00, 29320.25, 29280.00, 29295.50, 4500, 4170, 29300.69, 29298.58, 29300.13, 2186, 2314, 0.00, 0.00
2026-8-21, 08:57:27.252001, 29295.50, 29318.75, 29271.75, 29307.50, 4500, 4193, 29298.38, 29299.33, 29295.25, 2311, 2189, 0.00, 0.00
2026-8-21, 08:59:46.812000, 29307.25, 29320.25, 29292.50, 29297.00, 4500, 4293, 29304.25, 29303.25, 29306.38, 2353, 2147, 0.00, 0.00
2026-8-21, 09:01:45.407001, 29297.25, 29301.75, 29262.25, 29278.75, 4500, 4169, 29285.00, 29280.92, 29282.00, 2347, 2153, 0.00, 0.00
2026-8-21, 09:03:49.918000, 29278.75, 29325.25, 29274.00, 29321.50, 4500, 4167, 29299.88, 29306.92, 29299.63, 2105, 2395, 0.00, 0.00
2026-8-21, 09:06:16.956000, 29321.75, 29335.50, 29302.00, 29316.50, 4500, 4291, 29318.94, 29318.00, 29318.75, 2205, 2295, 0.00, 0.00
2026-8-21, 09:08:42.545003, 29316.50, 29330.25, 29301.25, 29305.75, 4500, 4318, 29313.44, 29312.42, 29315.75, 2289, 2211, 0.00, 0.00
2026-8-21, 09:12:09.756000, 29305.50, 29310.50, 29253.75, 29255.50, 4500, 4112, 29281.31, 29273.25, 29282.13, 2498, 2002, 0.00, 0.00
2026-8-21, 09:14:07.696000, 29256.00, 29272.00, 29244.00, 29270.75, 4500, 4118, 29260.69, 29262.25, 29258.00, 2273, 2227, 29239.00, 0.00
2026-8-21, 09:15:59.767000, 29270.25, 29283.00, 29242.50, 29244.00, 4500, 4270, 29259.94, 29256.50, 29262.75, 2353, 2147, 0.00, 0.00
2026-8-21, 09:18:57.746000, 29244.75, 29246.25, 29220.00, 29230.75, 4500, 4226, 29235.44, 29232.33, 29233.13, 2357, 2143, 0.00, 0.00
2026-8-21, 09:21:31.423001, 29230.75, 29280.75, 29221.00, 29280.75, 4500, 4239, 29253.31, 29260.83, 29250.88, 2087, 2413, 0.00, 0.00
2026-8-21, 09:24:02.832001, 29280.75, 29296.50, 29249.75, 29294.75, 4500, 4166, 29280.44, 29280.33, 29273.13, 2027, 2473, 0.00, 0.00
2026-8-21, 09:26:38.693000, 29293.75, 29311.75, 29285.50, 29289.25, 4500, 4073, 29295.06, 29295.50, 29298.63, 2188, 2312, 0.00, 0.00
2026-8-21, 09:29:24.424003, 29289.25, 29304.50, 29276.50, 29302.00, 4500, 4217, 29293.06, 29294.33, 29290.50, 2154, 2346, 0.00, 0.00
2026-8-21, 09:32:48.727000, 29302.00, 29306.75, 29265.50, 29279.75, 4500, 4348, 29288.50, 29284.00, 29286.13, 2382, 2118, 0.00, 0.00
2026-8-21, 09:36:41.326000, 29279.75, 29298.00, 29264.75, 29289.50, 4500, 4238, 29283.00, 29284.08, 29281.38, 2119, 2381, 0.00, 0.00
2026-8-21, 09:40:32.674000, 29289.50, 29310.00, 29258.00, 29301.25, 4500, 4212, 29289.69, 29289.75, 29284.00, 2238, 2262, 0.00, 0.00
2026-8-21, 09:44:12.836000, 29300.75, 29320.75, 29289.25, 29304.75, 4500, 3994, 29303.88, 29304.92, 29305.00, 2178, 2322, 0.00, 0.00
2026-8-21, 09:47:37.931001, 29304.75, 29319.00, 29293.50, 29301.75, 4500, 4029, 29304.75, 29304.75, 29306.25, 2163, 2337, 0.00, 0.00
2026-8-21, 09:52:10.625011, 29301.75, 29323.25, 29288.50, 29318.25, 4500, 4053, 29307.94, 29310.00, 29305.88, 2272, 2228, 0.00, 0.00
2026-8-21, 09:56:02.325007, 29318.25, 29334.00, 29308.25, 29333.75, 4500, 4038, 29323.56, 29325.33, 29321.13, 2204, 2296, 0.00, 0.00
2026-8-21, 10:00:03.277001, 29333.50, 29350.00, 29326.75, 29342.75, 4500, 4118, 29338.25, 29339.83, 29338.38, 2132, 2368, 0.00, 0.00
2026-8-21, 10:03:28.543001, 29342.50, 29366.25, 29341.25, 29348.00, 4500, 3836, 29349.50, 29351.83, 29353.75, 2309, 2191, 0.00, 29371.25
2026-8-21, 10:05:46.483000, 29347.75, 29368.75, 29344.25, 29346.50, 4500, 4192, 29351.81, 29353.17, 29356.50, 2374, 2126, 0.00, 0.00
2026-8-21, 10:11:03.905000, 29346.25, 29367.00, 29344.25, 29348.25, 4500, 4159, 29351.44, 29353.17, 29355.63, 2280, 2220, 0.00, 0.00
2026-8-21, 10:17:10.365003, 29348.25, 29357.75, 29331.50, 29352.50, 4500, 4067, 29347.50, 29347.25, 29344.63, 2356, 2144, 0.00, 0.00
2026-8-21, 10:23:29.879000, 29352.75, 29370.75, 29333.00, 29369.25, 4500, 3997, 29356.44, 29357.67, 29351.88, 2166, 2334, 0.00, 0.00
2026-8-21, 10:29:10.216001, 29369.25, 29394.25, 29362.25, 29390.50, 4500, 4170, 29379.06, 29382.33, 29378.25, 1971, 2529, 0.00, 0.00
2026-8-21, 10:33:29.399000, 29390.25, 29425.50, 29389.25, 29425.25, 4500, 4206, 29407.56, 29413.33, 29407.38, 1974, 2526, 0.00, 0.00
2026-8-21, 10:37:08.318000, 29424.75, 29444.50, 29409.75, 29439.75, 4500, 4124, 29429.69, 29431.33, 29427.13, 2304, 2196, 0.00, 29449.50
2026-8-21, 10:40:27.442000, 29439.75, 29471.75, 29439.25, 29467.50, 4500, 3967, 29454.56, 29459.50, 29455.50, 2350, 2150, 0.00, 0.00
2026-8-21, 10:42:49.825002, 29467.50, 29469.25, 29442.75, 29447.50, 4500, 3971, 29456.75, 29453.17, 29456.00, 2541, 1959, 0.00, 0.00
2026-8-21, 10:46:05.286001, 29447.50, 29451.00, 29425.50, 29442.50, 4500, 4066, 29441.63, 29439.67, 29438.25, 2154, 2346, 0.00, 0.00
2026-8-21, 10:50:12.694002, 29442.50, 29481.25, 29442.50, 29477.25, 4500, 3934, 29460.88, 29467.00, 29461.88, 1989, 2511, 0.00, 0.00
2026-8-21, 10:52:59.900000, 29477.25, 29488.75, 29453.00, 29455.00, 4500, 4172, 29468.50, 29465.58, 29470.88, 2504, 1996, 0.00, 0.00
2026-8-21, 10:57:00.493014, 29454.75, 29456.00, 29430.50, 29439.50, 4500, 3974, 29445.19, 29442.00, 29443.25, 2456, 2044, 0.00, 0.00
2026-8-21, 11:01:09.021000, 29439.50, 29444.00, 29413.50, 29423.75, 4500, 3965, 29430.19, 29427.08, 29428.75, 2412, 2088, 0.00, 0.00
2026-8-21, 11:06:00.813000, 29424.25, 29428.25, 29390.00, 29394.50, 4500, 4175, 29409.25, 29404.25, 29409.13, 2206, 2294, 0.00, 0.00
2026-8-21, 11:10:41.577000, 29394.75, 29418.00, 29390.75, 29415.75, 4500, 4277, 29404.81, 29408.17, 29404.38, 2058, 2442, 0.00, 0.00
2026-8-21, 11:16:44.013000, 29415.75, 29445.00, 29388.75, 29436.50, 4500, 4305, 29421.50, 29423.42, 29416.88, 2110, 2390, 0.00, 0.00
2026-8-21, 11:21:08.354001, 29436.25, 29452.75, 29399.00, 29410.00, 4500, 4174, 29424.50, 29420.58, 29425.88, 2205, 2295, 0.00, 0.00
2026-8-21, 11:24:29.450000, 29410.25, 29414.00, 29397.00, 29398.75, 4500, 4200, 29405.00, 29403.25, 29405.50, 2225, 2275, 0.00, 0.00
2026-8-21, 11:34:48.710000, 29399.00, 29425.50, 29393.50, 29403.25, 4500, 4262, 29405.31, 29407.42, 29409.50, 2172, 2328, 0.00, 0.00
2026-8-21, 11:45:26.801000, 29403.75, 29413.75, 29380.75, 29388.00, 4500, 4256, 29396.56, 29394.17, 29397.25, 2277, 2223, 0.00, 0.00
2026-8-21, 11:55:37.068000, 29388.25, 29424.00, 29382.50, 29412.50, 4500, 4142, 29401.81, 29406.33, 29403.25, 2105, 2395, 0.00, 0.00
2026-8-21, 12:03:28.231000, 29411.50, 29423.00, 29398.75, 29407.50, 4500, 4128, 29410.19, 29409.75, 29410.88, 2253, 2247, 0.00, 0.00
2026-8-21, 12:13:50.580000, 29407.00, 29410.25, 29378.50, 29379.00, 4500, 4032, 29393.69, 29389.25, 29394.38, 2351, 2149, 0.00, 0.00
2026-8-21, 12:22:50.089000, 29379.00, 29406.25, 29376.25, 29395.50, 4500, 4064, 29389.25, 29392.67, 29391.25, 2142, 2358, 0.00, 0.00
2026-8-21, 12:32:09.994000, 29395.75, 29404.75, 29382.75, 29398.75, 4500, 4136, 29395.50, 29395.42, 29393.75, 2189, 2311, 0.00, 0.00
2026-8-21, 12:44:55.419000, 29399.50, 29410.50, 29385.00, 29386.25, 4500, 4233, 29395.31, 29393.92, 29397.75, 2311, 2189, 0.00, 0.00
2026-8-21, 12:57:34.433000, 29386.75, 29405.25, 29378.75, 29382.00, 4500, 4190, 29388.19, 29388.67, 29392.00, 2158, 2342, 0.00, 0.00
2026-8-21, 13:06:16.484002, 29382.00, 29388.00, 29372.25, 29375.75, 4500, 4171, 29379.50, 29378.67, 29380.13, 2242, 2258, 0.00, 0.00
2026-8-21, 13:17:51.584000, 29375.75, 29392.00, 29365.50, 29370.00, 4500, 4173, 29375.81, 29375.83, 29378.75, 2303, 2197, 0.00, 0.00
2026-8-21, 13:28:18.202004, 29370.00, 29372.25, 29353.75, 29369.25, 4500, 4233, 29366.31, 29365.08, 29363.00, 2214, 2286, 0.00, 0.00
2026-8-21, 13:40:48.751000, 29369.00, 29393.75, 29362.25, 29393.25, 4500, 4206, 29379.56, 29383.08, 29378.00, 2125, 2375, 0.00, 0.00
2026-8-21, 13:54:37.034000, 29393.00, 29415.00, 29385.25, 29403.50, 4500, 4242, 29399.19, 29401.25, 29400.13, 2117, 2383, 0.00, 0.00
2026-8-21, 14:02:52.701000, 29403.25, 29406.25, 29388.75, 29389.50, 4500, 4267, 29396.94, 29394.83, 29397.50, 2368, 2132, 0.00, 29411.25
2026-8-21, 14:11:33.956000, 29389.50, 29397.50, 29380.25, 29396.00, 4500, 4215, 29390.81, 29391.25, 29388.88, 2281, 2219, 0.00, 0.00
2026-8-21, 14:21:27.525000, 29396.25, 29409.50, 29390.50, 29406.25, 4500, 4184, 29400.63, 29402.08, 29400.00, 2084, 2416, 0.00, 0.00
2026-8-21, 14:31:17.701002, 29406.25, 29412.50, 29397.00, 29399.50, 4500, 4191, 29403.81, 29403.00, 29404.75, 2208, 2292, 0.00, 0.00
2026-8-21, 14:42:25.946000, 29400.00, 29431.00, 29398.75, 29430.00, 4500, 4193, 29414.94, 29419.92, 29414.88, 2031, 2469, 0.00, 0.00
2026-8-21, 14:48:37.118005, 29430.00, 29432.25, 29402.25, 29402.50, 4500, 4208, 29416.75, 29412.33, 29417.25, 2355, 2145, 0.00, 0.00
2026-8-21, 14:52:50.010036, 29402.50, 29404.50, 29382.75, 29397.00, 4500, 4274, 29396.69, 29394.75, 29393.63, 2237, 2263, 0.00, 0.00
2026-8-21, 14:55:54.015000, 29397.50, 29410.00, 29386.00, 29410.00, 4500, 3811, 29400.88, 29402.00, 29398.00, 1995, 2505, 0.00, 0.00
2026-8-21, 14:58:47.501002, 29410.00, 29413.25, 29380.75, 29381.75, 4500, 3873, 29396.44, 29391.92, 29397.00, 2329, 2171, 0.00, 0.00
2026-8-21, 14:59:46.008000, 29382.00, 29398.00, 29375.25, 29386.50, 4500, 3945, 29385.44, 29386.58, 29386.63, 2223, 2277, 0.00, 0.00
2026-8-21, 15:00:03.024000, 29386.50, 29390.50, 29370.25, 29371.50, 4500, 4215, 29379.69, 29377.42, 29380.38, 2254, 2246, 0.00, 0.00
2026-8-21, 15:09:36.741017, 29371.50, 29388.50, 29367.75, 29380.25, 4500, 3950, 29377.00, 29378.83, 29378.13, 2202, 2298, 0.00, 0.00
2026-8-21, 15:39:00.805001, 29380.25, 29388.00, 29372.00, 29374.00, 2614, 2061, 29378.56, 29378.00, 29380.00, 1309, 1305, 0.00, 0.00
2026-8-23, 17:00:00.000000, 29392.25, 29409.75, 29300.25, 29339.00, 4500, 4067, 29360.31, 29349.67, 29355.00, 2270, 2230, 0.00, 0.00
2026-8-23, 17:29:19.386000, 29338.00, 29448.00, 29335.00, 29438.50, 4500, 4214, 29389.88, 29407.17, 29391.50, 2010, 2490, 0.00, 0.00
2026-8-23, 18:31:22.868000, 29439.25, 29480.50, 29418.00, 29438.75, 4500, 4131, 29444.13, 29445.75, 29449.25, 2245, 2255, 0.00, 0.00
2026-8-23, 19:04:31.850008, 29438.75, 29458.75, 29361.75, 29363.25, 4500, 4306, 29405.63, 29394.58, 29410.25, 2305, 2195, 0.00, 0.00
2026-8-23, 19:20:50.971001, 29363.50, 29382.00, 29335.00, 29365.00, 4500, 4207, 29361.38, 29360.67, 29358.50, 2257, 2243, 0.00, 0.00
2026-8-23, 19:42:20.945000, 29369.00, 29436.00, 29351.50, 29418.25, 4500, 4138, 29393.69, 29401.92, 29393.75, 2230, 2270, 0.00, 0.00
2026-8-23, 20:09:38.335000, 29416.50, 29449.00, 29373.50, 29373.50, 4500, 4102, 29403.13, 29398.67, 29411.25, 2377, 2123, 0.00, 0.00
2026-8-23, 20:48:41.186018, 29373.50, 29404.75, 29301.75, 29308.25, 4500, 4112, 29347.06, 29338.25, 29353.25, 2403, 2097, 0.00, 0.00
2026-8-23, 21:07:58.819020, 29308.50, 29375.75, 29301.25, 29369.50, 4500, 4062, 29338.75, 29348.83, 29338.50, 2140, 2360, 0.00, 0.00
2026-8-23, 21:46:41.653000, 29370.75, 29377.25, 29292.50, 29300.00, 4500, 4092, 29335.13, 29323.25, 29334.88, 2424, 2076, 0.00, 0.00
2026-8-23, 22:19:22.869001, 29300.75, 29310.50, 29261.25, 29277.50, 4500, 4208, 29287.50, 29283.08, 29285.88, 2331, 2169, 0.00, 0.00
2026-8-23, 23:00:21.570000, 29280.75, 29304.00, 29263.00, 29272.75, 4500, 4320, 29280.13, 29279.92, 29283.50, 2230, 2270, 0.00, 0.00
2026-8-24, 00:02:19.489001, 29272.75, 29297.25, 29207.50, 29249.25, 4500, 4166, 29256.69, 29251.33, 29252.38, 2399, 2101, 0.00, 0.00
2026-8-24, 00:39:46.479003, 29249.25, 29266.50, 29181.50, 29181.50, 4500, 4127, 29219.69, 29209.83, 29224.00, 2594, 1906, 0.00, 0.00
2026-8-24, 01:01:24.170037, 29181.50, 29189.25, 29142.50, 29153.50, 4500, 4046, 29166.69, 29161.75, 29165.88, 2202, 2298, 0.00, 0.00
2026-8-24, 01:18:18.502000, 29154.00, 29180.50, 29120.50, 29167.75, 4500, 4149, 29155.69, 29156.25, 29150.50, 2338, 2162, 0.00, 0.00
2026-8-24, 01:58:58.502001, 29167.75, 29212.50, 29146.50, 29188.75, 4500, 4144, 29178.88, 29182.58, 29179.50, 2287, 2213, 0.00, 0.00
2026-8-24, 02:40:15.989000, 29188.75, 29199.00, 29116.75, 29198.00, 4500, 4254, 29175.63, 29171.25, 29157.88, 2248, 2252, 0.00, 0.00
2026-8-24, 03:07:19.327000, 29197.50, 29225.75, 29162.75, 29215.50, 4500, 4103, 29200.38, 29201.33, 29194.25, 2162, 2338, 0.00, 0.00
2026-8-24, 03:49:53.179002, 29215.75, 29247.75, 29201.00, 29235.25, 4500, 4120, 29224.94, 29228.00, 29224.38, 2258, 2242, 0.00, 0.00
2026-8-24, 04:45:25.153002, 29235.50, 29249.75, 29201.25, 29203.00, 4500, 4150, 29222.38, 29218.00, 29225.50, 2299, 2201, 0.00, 0.00
2026-8-24, 05:44:19.497000, 29203.00, 29210.00, 29145.75, 29184.00, 4500, 4102, 29185.69, 29179.92, 29177.88, 2289, 2211, 0.00, 0.00
2026-8-24, 06:23:12.548005, 29184.00, 29283.00, 29179.75, 29266.25, 4500, 4091, 29228.25, 29243.00, 29231.38, 2098, 2402, 0.00, 0.00
2026-8-24, 06:39:47.749000, 29268.00, 29277.75, 29217.75, 29221.75, 4500, 4125, 29246.31, 29239.08, 29247.75, 2302, 2198, 0.00, 0.00
2026-8-24, 07:09:51.922000, 29222.25, 29232.00, 29171.50, 29194.50, 4500, 4291, 29205.06, 29199.33, 29201.75, 2442, 2058, 0.00, 0.00
2026-8-24, 07:34:40.652002, 29194.50, 29240.75, 29193.50, 29208.25, 4500, 4245, 29209.25, 29214.17, 29217.13, 2249, 2251, 0.00, 0.00
2026-8-24, 08:03:20.139000, 29208.75, 29224.25, 29195.75, 29206.25, 4500, 4251, 29208.75, 29208.75, 29210.00, 2203, 2297, 0.00, 0.00
2026-8-24, 08:27:40.119001, 29206.25, 29236.75, 29203.50, 29235.00, 2040, 1764, 29220.38, 29225.08, 29220.13, 898, 1142, 0.00, 0.00
2026-8-24, 08:30:00.001000, 29235.50, 29243.00, 29147.25, 29150.00, 4500, 3298, 29193.94, 29180.08, 29195.13, 2089, 2411, 0.00, 0.00
2026-8-24, 08:30:20.167000, 29150.00, 29162.75, 29109.00, 29123.25, 4500, 4020, 29136.25, 29131.67, 29135.88, 2236, 2264, 0.00, 0.00
2026-8-24, 08:31:03.437000, 29122.75, 29159.00, 29115.00, 29139.50, 4500, 4399, 29134.06, 29137.83, 29137.00, 2071, 2429, 0.00, 0.00
2026-8-24, 08:32:19.406000, 29138.75, 29144.75, 29083.25, 29093.25, 4500, 4213, 29115.00, 29107.08, 29114.00, 2597, 1903, 0.00, 0.00
2026-8-24, 08:33:36.422000, 29092.75, 29122.00, 29092.25, 29107.75, 4500, 4228, 29103.69, 29107.33, 29107.13, 2186, 2314, 0.00, 0.00
2026-8-24, 08:35:11.778005, 29107.75, 29145.75, 29094.00, 29108.75, 4500, 4166, 29114.06, 29116.17, 29119.88, 2253, 2247, 0.00, 0.00
2026-8-24, 08:36:29.984002, 29108.75, 29143.75, 29086.00, 29086.00, 4500, 4260, 29106.13, 29105.25, 29114.88, 2307, 2193, 0.00, 0.00
2026-8-24, 08:38:26.637015, 29085.75, 29092.00, 29066.00, 29081.75, 4500, 4153, 29081.38, 29079.92, 29079.00, 2335, 2165, 0.00, 0.00
2026-8-24, 08:39:47.053000, 29081.75, 29091.25, 29051.75, 29088.25, 4500, 4122, 29078.25, 29077.08, 29071.50, 2303, 2197, 0.00, 0.00
2026-8-24, 08:41:21.939000, 29087.75, 29088.00, 29026.25, 29026.75, 4500, 4049, 29057.19, 29047.00, 29057.13, 2481, 2019, 0.00, 0.00
2026-8-24, 08:43:02.854004, 29026.75, 29043.50, 28990.50, 28995.00, 4500, 3805, 29013.94, 29009.67, 29017.00, 2368, 2132, 0.00, 0.00
2026-8-24, 08:44:23.827004, 28995.00, 29001.00, 28964.00, 28989.00, 4500, 4075, 28987.25, 28984.67, 28982.50, 2172, 2328, 28959.00, 0.00
2026-8-24, 08:45:30.704003, 28989.00, 29009.25, 28953.50, 29005.50, 4500, 4217, 28989.31, 28989.42, 28981.38, 2191, 2309, 0.00, 0.00
2026-8-24, 08:47:00.682000, 29007.00, 29029.75, 28995.25, 29029.25, 4500, 4252, 29015.31, 29018.08, 29012.50, 2306, 2194, 0.00, 0.00
2026-8-24, 08:48:42.244000, 29029.75, 29030.75, 28973.75, 28984.25, 4500, 4151, 29004.63, 28996.25, 29002.25, 2436, 2064, 0.00, 0.00
2026-8-24, 08:50:35.543000, 28984.25, 29005.75, 28961.50, 28962.25, 4500, 4207, 28978.44, 28976.50, 28983.63, 2350, 2150, 0.00, 0.00
2026-8-24, 08:52:57.738006, 28962.25, 29013.25, 28946.75, 29012.25, 4500, 4155, 28983.63, 28990.75, 28980.00, 2234, 2266, 0.00, 0.00
2026-8-24, 08:54:28.038000, 29012.25, 29027.00, 28998.75, 29020.75, 4500, 4248, 29014.69, 29015.50, 29012.88, 2209, 2291, 0.00, 0.00
2026-8-24, 08:57:01.580000, 29020.75, 29038.00, 29002.50, 29020.00, 4500, 4226, 29020.31, 29020.17, 29020.25, 2292, 2208, 0.00, 0.00
2026-8-24, 08:59:44.210005, 29020.00, 29035.75, 28999.25, 29035.75, 4500, 4126, 29022.69, 29023.58, 29017.50, 2448, 2052, 0.00, 0.00
2026-8-24, 09:01:46.497007, 29035.75, 29036.75, 28972.25, 28982.50, 4500, 4208, 29006.81, 28997.17, 29004.50, 2559, 1941, 0.00, 0.00
2026-8-24, 09:03:36.816000, 28982.25, 28996.50, 28962.75, 28977.25, 4500, 4245, 28979.69, 28978.83, 28979.63, 2248, 2252, 28957.75, 0.00
2026-8-24, 09:06:24.014002, 28977.00, 28998.75, 28960.50, 28967.00, 4500, 4098, 28975.81, 28975.42, 28979.63, 2260, 2240, 0.00, 0.00
2026-8-24, 09:09:45.273001, 28967.25, 28986.00, 28953.50, 28966.75, 4500, 4244, 28968.38, 28968.75, 28969.75, 2284, 2216, 0.00, 0.00
2026-8-24, 09:13:35.014009, 28966.75, 29005.75, 28963.25, 29005.00, 4500, 4164, 28985.19, 28991.33, 28984.50, 1989, 2511, 0.00, 0.00
2026-8-24, 09:16:09.137000, 29004.75, 29008.75, 28967.50, 28992.00, 4500, 4099, 28993.25, 28989.42, 28988.13, 2314, 2186, 0.00, 0.00
2026-8-24, 09:20:21.331000, 28992.50, 29033.25, 28984.50, 29020.75, 4500, 4055, 29007.75, 29012.83, 29008.88, 2086, 2414, 0.00, 0.00
2026-8-24, 09:23:32.064000, 29021.00, 29025.00, 28979.25, 28986.75, 4500, 4191, 29003.00, 28997.00, 29002.13, 2217, 2283, 0.00, 0.00
2026-8-24, 09:27:09.846000, 28987.00, 29038.50, 28983.75, 29038.00, 4500, 4184, 29011.81, 29020.08, 29011.13, 2022, 2478, 0.00, 0.00
2026-8-24, 09:30:51.070004, 29038.00, 29065.75, 29033.50, 29065.00, 4500, 4110, 29050.56, 29054.75, 29049.63, 1994, 2506, 0.00, 0.00
2026-8-24, 09:33:45.865000, 29064.25, 29083.00, 29059.25, 29079.25, 4500, 4103, 29071.44, 29073.83, 29071.13, 2220, 2280, 0.00, 0.00
2026-8-24, 09:36:40.531000, 29079.75, 29095.75, 29071.00, 29081.75, 4500, 4217, 29082.06, 29082.83, 29083.38, 2191, 2309, 0.00, 0.00
2026-8-24, 09:40:12.597000, 29081.50, 29110.75, 29072.75, 29085.25, 4500, 4166, 29087.56, 29089.58, 29091.75, 2241, 2259, 0.00, 0.00
2026-8-24, 09:43:46.232001, 29085.25, 29101.00, 29071.00, 29098.00, 4500, 4130, 29088.81, 29090.00, 29086.00, 2267, 2233, 0.00, 0.00
2026-8-24, 09:47:31.440003, 29097.75, 29110.25, 29084.00, 29093.00, 4500, 4113, 29096.25, 29095.75, 29097.13, 2201, 2299, 0.00, 0.00
2026-8-24, 09:52:45.715002, 29093.00, 29107.00, 29081.25, 29103.00, 4500, 4125, 29096.06, 29097.08, 29094.13, 2142, 2358, 0.00, 0.00
2026-8-24, 09:57:24.139000, 29103.50, 29105.75, 29066.00, 29068.25, 4500, 4200, 29085.88, 29080.00, 29085.88, 2196, 2304, 0.00, 0.00
2026-8-24, 10:01:50.023000, 29068.25, 29075.50, 29042.25, 29047.25, 4500, 4169, 29058.31, 29055.00, 29058.88, 2214, 2286, 0.00, 0.00
2026-8-24, 10:06:23.384001, 29047.00, 29069.50, 29043.25, 29061.00, 4500, 4274, 29055.19, 29057.92, 29056.38, 2027, 2473, 0.00, 0.00
2026-8-24, 10:12:02.167001, 29061.00, 29079.50, 29045.75, 29059.75, 4500, 4249, 29061.50, 29061.67, 29062.63, 2024, 2476, 0.00, 0.00
2026-8-24, 10:18:11.467000, 29058.75, 29075.00, 29038.75, 29065.25, 4500, 4264, 29059.44, 29059.67, 29056.88, 2088, 2412, 0.00, 0.00
2026-8-24, 10:24:18.171000, 29065.25, 29108.50, 29065.25, 29108.50, 4500, 4155, 29086.88, 29094.08, 29086.88, 1848, 2652, 0.00, 0.00
2026-8-24, 10:29:03.913153, 29108.50, 29137.00, 29108.50, 29119.25, 4500, 4018, 29118.31, 29121.58, 29122.75, 2237, 2263, 0.00, 0.00
2026-8-24, 10:29:49.387002, 29119.25, 29136.00, 29111.50, 29122.75, 4500, 4002, 29122.38, 29123.42, 29123.75, 2043, 2457, 0.00, 0.00
2026-8-24, 10:32:10.458001, 29122.75, 29145.00, 29112.00, 29141.50, 4500, 4063, 29130.31, 29132.83, 29128.50, 2001, 2499, 0.00, 0.00
2026-8-24, 10:37:04.449001, 29141.50, 29173.00, 29138.75, 29168.75, 4500, 3930, 29155.50, 29160.17, 29155.88, 2079, 2421, 0.00, 0.00
2026-8-24, 10:40:42.933000, 29169.25, 29182.00, 29167.00, 29172.00, 4500, 3908, 29172.56, 29173.67, 29174.50, 2328, 2172, 0.00, 29187.00
2026-8-24, 10:44:05.476002, 29172.00, 29205.50, 29166.00, 29199.25, 4500, 4056, 29185.69, 29190.25, 29185.75, 2120, 2380, 0.00, 0.00
2026-8-24, 10:48:05.796001, 29199.25, 29203.50, 29177.50, 29189.25, 4500, 4110, 29192.38, 29190.08, 29190.50, 2169, 2331, 0.00, 0.00
2026-8-24, 10:53:38.633004, 29189.00, 29197.50, 29156.25, 29157.00, 4500, 3993, 29174.94, 29170.25, 29176.88, 2382, 2118, 0.00, 0.00
2026-8-24, 10:58:01.073000, 29156.00, 29188.00, 29150.00, 29176.50, 4500, 4217, 29167.63, 29171.50, 29169.00, 2093, 2407, 0.00, 0.00
2026-8-24, 11:01:52.698000, 29177.00, 29189.25, 29158.75, 29169.00, 4500, 4099, 29173.50, 29172.33, 29174.00, 2173, 2327, 0.00, 0.00
2026-8-24, 11:07:06.136000, 29169.00, 29197.25, 29157.00, 29197.25, 4500, 4108, 29180.13, 29183.83, 29177.13, 2042, 2458, 0.00, 0.00
2026-8-24, 11:15:41.046004, 29197.25, 29211.50, 29191.75, 29211.50, 4500, 4074, 29203.00, 29204.92, 29201.63, 2136, 2364, 0.00, 0.00
2026-8-24, 11:21:43.866002, 29211.50, 29224.75, 29195.00, 29205.00, 4500, 4217, 29209.06, 29208.25, 29209.88, 2142, 2358, 0.00, 0.00
2026-8-24, 11:29:23.288001, 29205.00, 29212.25, 29182.25, 29199.75, 4500, 4070, 29199.81, 29198.08, 29197.25, 2095, 2405, 0.00, 0.00
2026-8-24, 11:37:51.951000, 29200.25, 29203.25, 29173.00, 29178.25, 4500, 4143, 29188.69, 29184.83, 29188.13, 2113, 2387, 0.00, 0.00
2026-8-24, 11:47:41.970000, 29178.25, 29192.75, 29170.75, 29173.00, 4500, 4197, 29178.69, 29178.83, 29181.75, 2096, 2404, 0.00, 0.00
2026-8-24, 11:58:29.600001, 29173.00, 29174.75, 29154.75, 29167.25, 4500, 4174, 29167.44, 29165.58, 29164.75, 2226, 2274, 0.00, 29179.75
2026-8-24, 12:07:01.879000, 29167.00, 29210.50, 29166.50, 29208.00, 4500, 4253, 29188.00, 29195.00, 29188.50, 2024, 2476, 0.00, 0.00
2026-8-24, 12:12:07.659000, 29207.50, 29208.50, 29167.75, 29170.75, 4500, 4276, 29188.63, 29182.33, 29188.13, 2387, 2113, 0.00, 29213.50
2026-8-24, 12:18:54.420001, 29170.75, 29176.75, 29137.50, 29144.25, 4500, 4229, 29157.31, 29152.83, 29157.13, 2291, 2209, 0.00, 0.00
2026-8-24, 12:24:59.901001, 29144.25, 29158.00, 29132.00, 29134.00, 4500, 4098, 29142.06, 29141.33, 29145.00, 2247, 2253, 0.00, 0.00
2026-8-24, 12:31:58.381000, 29133.75, 29140.25, 29120.25, 29134.00, 4500, 4153, 29132.06, 29131.50, 29130.25, 2158, 2342, 0.00, 0.00
2026-8-24, 12:40:38.058001, 29133.75, 29137.50, 29117.75, 29134.00, 4500, 4201, 29130.75, 29129.75, 29127.63, 2049, 2451, 0.00, 0.00
2026-8-24, 12:50:28.700000, 29135.00, 29143.00, 29116.50, 29121.50, 4500, 4050, 29129.00, 29127.00, 29129.75, 2042, 2458, 0.00, 0.00
2026-8-24, 12:58:14.357001, 29121.50, 29166.75, 29120.25, 29165.50, 4500, 4256, 29143.50, 29150.83, 29143.50, 1991, 2509, 0.00, 0.00
2026-8-24, 13:06:48.662001, 29165.50, 29187.00, 29164.00, 29186.00, 4500, 4274, 29175.63, 29179.00, 29175.50, 2048, 2452, 0.00, 0.00
2026-8-24, 13:14:30.735001, 29186.25, 29200.25, 29172.75, 29194.25, 4500, 4278, 29188.38, 29189.08, 29186.50, 2136, 2364, 0.00, 0.00
2026-8-24, 13:21:53.101000, 29194.25, 29221.25, 29194.25, 29215.75, 4500, 3979, 29206.38, 29210.42, 29207.75, 2386, 2114, 0.00, 0.00
2026-8-24, 13:26:51.362001, 29215.75, 29233.25, 29212.75, 29214.75, 4500, 4119, 29219.13, 29220.25, 29223.00, 2174, 2326, 0.00, 0.00
2026-8-24, 13:31:54.943001, 29214.75, 29227.25, 29189.75, 29190.00, 4500, 4101, 29205.44, 29202.33, 29208.50, 2409, 2091, 0.00, 0.00
2026-8-24, 13:38:46.249002, 29189.75, 29196.75, 29174.25, 29183.50, 4500, 4247, 29186.06, 29184.83, 29185.50, 2166, 2334, 0.00, 0.00
2026-8-24, 13:49:30.140001, 29183.50, 29187.25, 29157.75, 29158.25, 4500, 4211, 29171.69, 29167.75, 29172.50, 2291, 2209, 0.00, 0.00
2026-8-24, 13:59:37.507000, 29158.25, 29162.25, 29146.50, 29152.00, 4500, 4249, 29154.75, 29153.58, 29154.38, 2209, 2291, 0.00, 0.00
2026-8-24, 14:09:17.176001, 29152.00, 29161.50, 29142.75, 29159.50, 4500, 4182, 29153.94, 29154.58, 29152.13, 2143, 2357, 0.00, 0.00
2026-8-24, 14:19:04.893001, 29159.50, 29167.00, 29149.50, 29159.50, 4500, 4239, 29158.88, 29158.67, 29158.25, 1992, 2508, 0.00, 0.00
2026-8-24, 14:29:28.734000, 29159.25, 29173.00, 29133.00, 29136.00, 4500, 4118, 29150.31, 29147.33, 29153.00, 2359, 2141, 0.00, 29178.00
2026-8-24, 14:35:52.697004, 29136.25, 29139.75, 29125.25, 29130.00, 4500, 4173, 29132.81, 29131.67, 29132.50, 2317, 2183, 0.00, 0.00
2026-8-24, 14:44:13.115000, 29130.25, 29142.00, 29120.75, 29126.25, 4500, 4159, 29129.81, 29129.67, 29131.38, 2240, 2260, 0.00, 0.00
2026-8-24, 14:50:21.850000, 29126.50, 29129.50, 29101.50, 29104.00, 4500, 3972, 29115.38, 29111.67, 29115.50, 2414, 2086, 0.00, 0.00
2026-8-24, 14:53:33.695004, 29104.00, 29125.25, 29096.25, 29104.00, 4500, 3992, 29107.38, 29108.50, 29110.75, 2150, 2350, 0.00, 0.00
2026-8-24, 14:56:03.422002, 29103.75, 29125.25, 29103.50, 29119.75, 4500, 4001, 29113.06, 29116.17, 29114.38, 2026, 2474, 0.00, 0.00
2026-8-24, 14:59:00.054000, 29119.50, 29120.00, 29105.00, 29108.25, 4500, 4037, 29113.19, 29111.08, 29112.50, 2058, 2442, 0.00, 0.00
2026-8-24, 14:59:48.384002, 29108.25, 29112.25, 29095.50, 29101.50, 4500, 3686, 29104.38, 29103.08, 29103.88, 2347, 2153, 0.00, 29117.25
2026-8-24, 15:00:01.000000, 29102.25, 29122.25, 29097.25, 29122.25, 4500, 3895, 29111.00, 29113.92, 29109.75, 1942, 2558, 0.00, 0.00
2026-8-24, 15:07:24.204063, 29122.25, 29124.75, 29080.75, 29090.50, 4500, 3999, 29104.56, 29098.67, 29102.75, 2315, 2185, 0.00, 0.00
2026-8-24, 15:33:40.593000, 29091.00, 29152.75, 29087.50, 29125.00, 4500, 4043, 29114.06, 29121.75, 29120.13, 2124, 2376, 0.00, 0.00
2026-8-24, 17:11:11.031000, 29125.25, 29130.00, 29090.50, 29100.25, 4500, 4134, 29111.50, 29106.92, 29110.25, 2258, 2242, 0.00, 0.00
2026-8-24, 18:41:10.623057, 29100.25, 29116.00, 29054.00, 29055.00, 4500, 4182, 29081.31, 29075.00, 29085.00, 2420, 2080, 0.00, 0.00
2026-8-24, 19:10:36.440000, 29054.25, 29077.50, 29017.00, 29074.25, 4500, 4220, 29055.75, 29056.25, 29047.25, 2205, 2295, 0.00, 0.00
2026-8-24, 19:27:07.672002, 29074.25, 29146.00, 29063.25, 29125.25, 4500, 4073, 29102.19, 29111.50, 29104.63, 2156, 2344, 0.00, 0.00
2026-8-24, 19:52:31.861000, 29123.75, 29144.00, 29095.50, 29138.25, 4500, 4092, 29125.38, 29125.92, 29119.75, 2259, 2241, 0.00, 0.00
2026-8-24, 20:30:39.812000, 29137.25, 29155.50, 29108.50, 29111.00, 4500, 4096, 29128.06, 29125.00, 29132.00, 2316, 2184, 0.00, 0.00
2026-8-24, 21:09:07.369000, 29112.25, 29168.25, 29104.00, 29133.00, 4500, 3908, 29129.38, 29135.08, 29136.13, 1991, 2509, 0.00, 0.00
2026-8-24, 21:45:25.348006, 29133.00, 29171.75, 29093.50, 29169.50, 4500, 4017, 29141.94, 29144.92, 29132.63, 2146, 2354, 0.00, 0.00
2026-8-24, 22:19:53.787000, 29169.75, 29199.00, 29151.25, 29183.75, 4500, 4183, 29175.94, 29178.00, 29175.13, 2229, 2271, 0.00, 0.00
2026-8-24, 23:08:14.214002, 29183.75, 29217.25, 29180.00, 29202.00, 4500, 3960, 29195.75, 29199.75, 29198.63, 2186, 2314, 0.00, 0.00
2026-8-25, 00:10:47.551001, 29202.00, 29234.75, 29199.75, 29229.25, 4500, 4019, 29216.44, 29221.25, 29217.25, 2185, 2315, 0.00, 0.00
2026-8-25, 00:54:32.028000, 29229.00, 29285.50, 29222.75, 29285.25, 4500, 3933, 29255.63, 29264.50, 29254.13, 1976, 2524, 0.00, 0.00
2026-8-25, 01:23:41.403001, 29285.00, 29290.75, 29236.25, 29267.25, 4500, 4222, 29269.81, 29264.75, 29263.50, 2284, 2216, 0.00, 0.00
2026-8-25, 02:10:44.138000, 29267.25, 29267.25, 29226.25, 29233.00, 4500, 4125, 29248.44, 29242.17, 29246.75, 2491, 2009, 0.00, 0.00
2026-8-25, 02:55:40.802001, 29233.00, 29308.25, 29212.25, 29308.25, 4500, 4162, 29265.44, 29276.25, 29260.25, 2033, 2467, 0.00, 0.00
2026-8-25, 03:24:37.480022, 29308.25, 29326.00, 29257.00, 29288.25, 4500, 4213, 29294.88, 29290.42, 29291.50, 2172, 2328, 0.00, 0.00
2026-8-25, 04:02:15.819001, 29288.00, 29366.75, 29286.00, 29360.25, 4500, 3955, 29325.25, 29337.67, 29326.38, 2126, 2374, 0.00, 0.00
2026-8-25, 04:34:48.071000, 29361.75, 29403.75, 29341.50, 29401.00, 4500, 4006, 29377.00, 29382.08, 29372.63, 2303, 2197, 0.00, 0.00
2026-8-25, 04:55:06.293000, 29401.75, 29425.75, 29368.75, 29374.00, 4500, 4082, 29392.56, 29389.50, 29397.25, 2229, 2271, 0.00, 0.00
2026-8-25, 05:29:27.477003, 29374.00, 29379.75, 29308.75, 29309.75, 4500, 4098, 29343.06, 29332.75, 29344.25, 2326, 2174, 0.00, 0.00
2026-8-25, 06:09:42.985000, 29309.00, 29362.25, 29304.00, 29356.75, 4500, 4002, 29333.00, 29341.00, 29333.13, 2244, 2256, 0.00, 0.00
2026-8-25, 06:42:28.404000, 29356.75, 29390.50, 29353.50, 29387.00, 4500, 4074, 29371.94, 29377.00, 29372.00, 2179, 2321, 0.00, 0.00
2026-8-25, 07:17:01.823002, 29387.00, 29409.50, 29333.00, 29333.75, 4500, 3757, 29365.81, 29358.75, 29371.25, 2231, 2269, 0.00, 0.00
2026-8-25, 07:35:20.625000, 29333.00, 29347.00, 29312.50, 29335.25, 4500, 4084, 29331.94, 29331.58, 29329.75, 2207, 2293, 0.00, 0.00
2026-8-25, 07:57:11.214000, 29335.50, 29344.75, 29311.50, 29340.25, 4500, 4254, 29333.00, 29332.17, 29328.13, 2099, 2401, 0.00, 0.00
2026-8-25, 08:13:53.766000, 29341.00, 29342.25, 29305.25, 29308.50, 4500, 4047, 29324.25, 29318.67, 29323.75, 2164, 2336, 0.00, 0.00
2026-8-25, 08:28:09.766002, 29308.50, 29312.50, 29294.50, 29296.25, 1114, 995, 29302.94, 29301.08, 29303.50, 623, 491, 0.00, 0.00
2026-8-25, 08:30:00.000000, 29297.00, 29317.00, 29279.25, 29302.50, 4500, 4256, 29298.94, 29299.58, 29298.13, 2323, 2177, 0.00, 0.00
2026-8-25, 08:30:59.272000, 29303.00, 29344.75, 29296.50, 29331.50, 4500, 4252, 29318.94, 29324.25, 29320.63, 2156, 2344, 0.00, 0.00
2026-8-25, 08:32:02.525003, 29331.50, 29360.00, 29331.25, 29347.00, 4500, 4250, 29342.44, 29346.08, 29345.63, 2113, 2387, 0.00, 0.00
2026-8-25, 08:33:27.012000, 29347.25, 29376.25, 29347.00, 29373.75, 4500, 4240, 29361.06, 29365.67, 29361.63, 2046, 2454, 0.00, 0.00
2026-8-25, 08:35:02.488003, 29373.75, 29376.00, 29332.25, 29341.00, 4500, 4322, 29355.75, 29349.75, 29354.13, 2416, 2084, 0.00, 0.00
2026-8-25, 08:36:28.501000, 29342.00, 29360.50, 29327.75, 29349.75, 4500, 4240, 29345.00, 29346.00, 29344.13, 2142, 2358, 0.00, 0.00
2026-8-25, 08:38:24.060000, 29349.50, 29352.50, 29301.50, 29317.75, 4500, 4292, 29330.31, 29323.92, 29327.00, 2394, 2106, 0.00, 0.00
2026-8-25, 08:40:00.907000, 29316.75, 29374.25, 29315.75, 29357.25, 4500, 4232, 29341.00, 29349.08, 29345.00, 2038, 2462, 0.00, 0.00
2026-8-25, 08:41:28.460000, 29357.50, 29363.50, 29321.50, 29330.00, 4500, 4219, 29343.13, 29338.33, 29342.50, 2290, 2210, 0.00, 0.00
2026-8-25, 08:43:33.581001, 29330.00, 29378.25, 29318.00, 29373.00, 4500, 4303, 29349.81, 29356.42, 29348.13, 2016, 2484, 0.00, 0.00
2026-8-25, 08:45:17.874002, 29373.00, 29391.75, 29342.75, 29383.75, 4500, 4206, 29372.81, 29372.75, 29367.25, 2188, 2312, 0.00, 0.00
2026-8-25, 08:47:01.792001, 29384.00, 29408.00, 29362.00, 29408.00, 4500, 4157, 29390.50, 29392.67, 29385.00, 2122, 2378, 0.00, 0.00
2026-8-25, 08:48:55.030007, 29408.00, 29414.75, 29375.00, 29380.00, 4500, 4090, 29394.44, 29389.92, 29394.88, 2296, 2204, 0.00, 0.00
2026-8-25, 08:50:19.380000, 29380.00, 29388.00, 29357.75, 29366.25, 4500, 4252, 29373.00, 29370.67, 29372.88, 2396, 2104, 0.00, 0.00
2026-8-25, 08:52:30.181000, 29367.00, 29376.25, 29335.50, 29336.75, 4500, 4253, 29353.88, 29349.50, 29355.88, 2392, 2108, 0.00, 0.00
2026-8-25, 08:55:09.011000, 29337.00, 29344.25, 29303.75, 29306.25, 4500, 4205, 29322.81, 29318.08, 29324.00, 2461, 2039, 0.00, 0.00
2026-8-25, 08:57:00.199000, 29305.50, 29321.50, 29289.25, 29311.25, 4500, 4230, 29306.88, 29307.33, 29305.38, 2236, 2264, 0.00, 0.00
2026-8-25, 08:59:40.076000, 29311.25, 29315.00, 29275.00, 29282.50, 4500, 4283, 29295.94, 29290.83, 29295.00, 2552, 1948, 0.00, 0.00
2026-8-25, 09:01:17.138004, 29282.50, 29302.75, 29265.75, 29278.75, 4500, 4305, 29282.44, 29282.42, 29284.25, 2370, 2130, 0.00, 0.00
2026-8-25, 09:03:11.947002, 29278.75, 29289.25, 29246.50, 29262.00, 4500, 4223, 29269.13, 29265.92, 29267.88, 2349, 2151, 0.00, 0.00
2026-8-25, 09:05:27.983001, 29262.00, 29279.75, 29248.75, 29265.50, 4500, 4190, 29264.00, 29264.67, 29264.25, 2317, 2183, 0.00, 0.00
2026-8-25, 09:08:16.012000, 29265.50, 29285.25, 29244.00, 29268.25, 4500, 4260, 29265.75, 29265.83, 29264.63, 2218, 2282, 0.00, 0.00
2026-8-25, 09:11:22.573000, 29268.25, 29275.50, 29239.75, 29240.50, 4500, 4315, 29256.00, 29251.92, 29257.63, 2466, 2034, 0.00, 0.00
2026-8-25, 09:15:06.248000, 29241.00, 29269.50, 29233.75, 29249.25, 4500, 4277, 29248.38, 29250.83, 29251.63, 2210, 2290, 0.00, 0.00
2026-8-25, 09:18:11.522000, 29249.50, 29266.25, 29237.25, 29238.00, 4500, 4097, 29247.75, 29247.17, 29251.75, 2375, 2125, 0.00, 0.00
2026-8-25, 09:21:41.378002, 29237.75, 29247.25, 29210.00, 29214.25, 4500, 4061, 29227.31, 29223.83, 29228.63, 2397, 2103, 0.00, 0.00
2026-8-25, 09:23:59.962000, 29214.00, 29252.25, 29209.25, 29248.00, 4500, 4246, 29230.88, 29236.50, 29230.75, 2004, 2496, 0.00, 0.00
2026-8-25, 09:26:55.941001, 29248.00, 29249.50, 29202.50, 29210.75, 4500, 4225, 29227.69, 29220.92, 29226.00, 2482, 2018, 0.00, 0.00
2026-8-25, 09:30:08.719000, 29210.25, 29216.50, 29138.00, 29210.75, 4500, 3797, 29193.88, 29188.42, 29177.25, 2381, 2119, 0.00, 0.00
2026-8-25, 09:30:50.392000, 29210.50, 29249.25, 29196.75, 29246.75, 4500, 4286, 29225.81, 29230.92, 29223.00, 2085, 2415, 0.00, 0.00
2026-8-25, 09:32:34.215003, 29246.50, 29249.50, 29205.00, 29216.50, 4500, 4111, 29229.38, 29223.67, 29227.25, 2411, 2089, 0.00, 0.00
2026-8-25, 09:35:27.365002, 29216.50, 29258.00, 29212.00, 29255.25, 4500, 4201, 29235.44, 29241.75, 29235.00, 1985, 2515, 0.00, 0.00
2026-8-25, 09:39:01.256008, 29255.25, 29268.75, 29213.00, 29213.25, 4500, 4214, 29237.56, 29231.67, 29240.88, 2391, 2109, 0.00, 0.00
2026-8-25, 09:42:31.719002, 29213.25, 29219.75, 29191.00, 29215.00, 4500, 4208, 29209.75, 29208.58, 29205.38, 2329, 2171, 0.00, 0.00
2026-8-25, 09:45:52.108001, 29215.00, 29230.50, 29206.25, 29221.25, 4500, 4236, 29218.25, 29219.33, 29218.38, 2194, 2306, 0.00, 0.00
2026-8-25, 09:50:48.001000, 29221.75, 29260.25, 29211.75, 29240.25, 4500, 4212, 29233.50, 29237.42, 29236.00, 2089, 2411, 0.00, 0.00
2026-8-25, 09:55:36.720000, 29240.00, 29250.00, 29218.75, 29227.25, 4500, 4207, 29234.00, 29232.00, 29234.38, 2344, 2156, 0.00, 0.00
2026-8-25, 10:00:16.296002, 29227.25, 29230.00, 29197.50, 29200.75, 4500, 4143, 29213.88, 29209.42, 29213.75, 2411, 2089, 0.00, 0.00
2026-8-25, 10:04:57.238000, 29200.00, 29226.50, 29197.00, 29221.50, 4500, 4195, 29211.25, 29215.00, 29211.75, 2233, 2267, 0.00, 0.00
2026-8-25, 10:11:36.448000, 29221.25, 29245.00, 29209.25, 29230.50, 4500, 4234, 29226.50, 29228.25, 29227.13, 2227, 2273, 0.00, 0.00
2026-8-25, 10:18:46.202012, 29230.50, 29261.25, 29221.00, 29230.00, 4500, 3992, 29235.69, 29237.42, 29241.13, 2319, 2181, 0.00, 0.00
2026-8-25, 10:23:41.041004, 29230.25, 29282.00, 29229.00, 29280.00, 4500, 4090, 29255.31, 29263.67, 29255.50, 2079, 2421, 0.00, 0.00
2026-8-25, 10:29:50.551001, 29280.00, 29309.75, 29265.75, 29295.00, 4500, 4157, 29287.63, 29290.17, 29287.75, 2014, 2486, 0.00, 0.00
2026-8-25, 10:33:53.779001, 29295.25, 29301.75, 29264.25, 29279.75, 4500, 4297, 29285.25, 29281.92, 29283.00, 2360, 2140, 0.00, 0.00
2026-8-25, 10:36:00.080003, 29279.75, 29286.50, 29255.25, 29271.00, 4500, 4071, 29273.13, 29270.92, 29270.88, 2284, 2216, 0.00, 0.00
2026-8-25, 10:43:42.878003, 29271.00, 29273.00, 29222.75, 29228.75, 4500, 4197, 29248.88, 29241.50, 29247.88, 2549, 1951, 0.00, 0.00
2026-8-25, 10:50:02.519003, 29228.50, 29266.00, 29222.75, 29263.00, 4500, 4194, 29245.06, 29250.58, 29244.38, 2078, 2422, 0.00, 0.00
2026-8-25, 10:56:57.516001, 29263.00, 29284.75, 29259.25, 29280.50, 4500, 4061, 29271.88, 29274.83, 29272.00, 2099, 2401, 0.00, 0.00
2026-8-25, 11:02:50.832000, 29280.50, 29289.50, 29263.75, 29277.75, 4500, 4321, 29277.88, 29277.00, 29276.63, 2331, 2169, 0.00, 0.00
2026-8-25, 11:11:06.160001, 29277.75, 29290.00, 29263.25, 29282.50, 4500, 4194, 29278.38, 29278.58, 29276.63, 2193, 2307, 0.00, 0.00
2026-8-25, 11:21:17.765000, 29282.25, 29298.50, 29282.00, 29291.75, 4500, 4135, 29288.63, 29290.75, 29290.25, 2120, 2380, 0.00, 0.00
2026-8-25, 11:29:52.310000, 29291.75, 29299.75, 29271.75, 29290.50, 4500, 4189, 29288.44, 29287.33, 29285.75, 2254, 2246, 0.00, 0.00
2026-8-25, 11:39:47.851000, 29290.50, 29292.50, 29259.00, 29278.00, 4500, 4121, 29280.00, 29276.50, 29275.75, 2289, 2211, 0.00, 0.00
2026-8-25, 11:47:11.066002, 29278.00, 29279.50, 29254.50, 29255.75, 4500, 3999, 29266.94, 29263.25, 29267.00, 2223, 2277, 0.00, 0.00
2026-8-25, 11:55:45.967000, 29256.00, 29282.00, 29252.75, 29271.00, 4500, 4239, 29265.44, 29268.58, 29267.38, 2156, 2344, 0.00, 0.00
2026-8-25, 12:02:12.509005, 29271.00, 29271.00, 29224.00, 29228.50, 4500, 4188, 29248.63, 29241.17, 29247.50, 2444, 2056, 0.00, 0.00
2026-8-25, 12:09:06.432000, 29228.75, 29251.75, 29224.00, 29247.25, 4500, 4216, 29237.94, 29241.00, 29237.88, 2085, 2415, 0.00, 0.00
2026-8-25, 12:17:55.609005, 29247.25, 29258.50, 29225.00, 29226.00, 4500, 4273, 29239.19, 29236.50, 29241.75, 2296, 2204, 0.00, 0.00
2026-8-25, 12:26:07.901001, 29225.75, 29232.25, 29214.50, 29228.00, 4500, 4284, 29225.13, 29224.92, 29223.38, 2128, 2372, 0.00, 0.00
2026-8-25, 12:35:11.715000, 29227.75, 29234.50, 29218.25, 29224.00, 4500, 4219, 29226.13, 29225.58, 29226.38, 2185, 2315, 0.00, 0.00
2026-8-25, 12:49:12.693000, 29224.25, 29232.25, 29205.75, 29207.00, 4500, 4096, 29217.31, 29215.00, 29219.00, 2296, 2204, 0.00, 0.00
2026-8-25, 13:01:48.143000, 29207.00, 29217.50, 29202.00, 29208.50, 4500, 4185, 29208.75, 29209.33, 29209.75, 2222, 2278, 0.00, 0.00
2026-8-25, 13:10:58.919001, 29208.25, 29225.25, 29202.50, 29225.25, 4500, 4200, 29215.31, 29217.67, 29213.88, 2074, 2426, 0.00, 0.00
2026-8-25, 13:22:14.290019, 29225.25, 29234.00, 29208.00, 29233.00, 4500, 4217, 29225.06, 29225.00, 29221.00, 2129, 2371, 0.00, 0.00
2026-8-25, 13:33:05.207000, 29233.00, 29252.25, 29232.00, 29245.25, 4500, 4215, 29240.63, 29243.17, 29242.13, 2108, 2392, 0.00, 0.00
2026-8-25, 13:41:43.204000, 29244.75, 29274.00, 29242.00, 29269.00, 4500, 4271, 29257.44, 29261.67, 29258.00, 2098, 2402, 0.00, 0.00
2026-8-25, 13:48:00.211001, 29269.25, 29275.00, 29254.00, 29255.00, 4500, 4154, 29263.31, 29261.33, 29264.50, 2367, 2133, 0.00, 29280.00
2026-8-25, 13:57:12.414000, 29254.50, 29266.50, 29245.00, 29245.00, 4500, 4136, 29252.75, 29252.17, 29255.75, 2193, 2307, 0.00, 0.00
2026-8-25, 14:06:44.323000, 29245.75, 29252.25, 29229.75, 29231.50, 4500, 4151, 29239.81, 29237.83, 29241.00, 2283, 2217, 0.00, 0.00
2026-8-25, 14:17:01.057000, 29231.75, 29232.25, 29212.75, 29224.25, 4500, 4194, 29225.25, 29223.08, 29222.50, 2257, 2243, 0.00, 0.00
2026-8-25, 14:25:49.569000, 29224.00, 29237.75, 29211.50, 29236.75, 4500, 4224, 29227.50, 29228.67, 29224.63, 2159, 2341, 0.00, 0.00
2026-8-25, 14:35:49.206012, 29236.75, 29257.75, 29231.75, 29245.50, 4500, 4048, 29242.94, 29245.00, 29244.75, 2254, 2246, 0.00, 0.00
2026-8-25, 14:44:26.622001, 29245.50, 29247.25, 29229.50, 29244.50, 4500, 4204, 29241.69, 29240.42, 29238.38, 2177, 2323, 0.00, 0.00
2026-8-25, 14:52:00.237000, 29244.50, 29286.00, 29243.75, 29280.50, 4500, 3892, 29263.69, 29270.08, 29264.88, 1800, 2700, 0.00, 0.00
2026-8-25, 14:54:14.751018, 29280.75, 29289.00, 29267.00, 29280.00, 4500, 3867, 29279.19, 29278.67, 29278.00, 2244, 2256, 0.00, 0.00
2026-8-25, 14:56:57.430001, 29280.25, 29289.50, 29272.75, 29283.75, 4500, 3877, 29281.56, 29282.00, 29281.13, 2142, 2358, 0.00, 0.00
2026-8-25, 14:59:37.039000, 29283.25, 29289.50, 29264.00, 29273.25, 4500, 4009, 29277.50, 29275.58, 29276.75, 2379, 2121, 0.00, 0.00
2026-8-25, 15:00:00.052036, 29273.25, 29284.75, 29262.00, 29275.00, 4500, 4005, 29273.75, 29273.92, 29273.38, 2447, 2053, 0.00, 0.00
2026-8-25, 15:03:54.914000, 29274.75, 29298.25, 29270.50, 29296.25, 4500, 4129, 29284.94, 29288.33, 29284.38, 2169, 2331, 0.00, 0.00
2026-8-25, 15:21:59.373000, 29296.25, 29313.50, 29269.25, 29269.50, 4500, 4020, 29287.13, 29284.08, 29291.38, 2284, 2216, 0.00, 0.00
2026-8-25, 15:49:55.422007, 29269.50, 29309.75, 29268.75, 29277.50, 4500, 4176, 29281.38, 29285.33, 29289.25, 2241, 2259, 0.00, 0.00
2026-8-25, 18:08:43.738001, 29277.75, 29280.00, 29207.00, 29216.25, 4500, 4149, 29245.25, 29234.42, 29243.50, 2440, 2060, 0.00, 0.00
2026-8-25, 18:59:45.226002, 29216.25, 29238.50, 29185.00, 29227.50, 4500, 4176, 29216.81, 29217.00, 29211.75, 2259, 2241, 0.00, 0.00
2026-8-25, 19:19:05.368000, 29228.00, 29233.00, 29146.75, 29156.50, 4500, 4091, 29191.06, 29178.75, 29189.88, 2481, 2019, 0.00, 0.00
2026-8-25, 19:38:50.737000, 29156.50, 29162.75, 29106.75, 29130.50, 4500, 4046, 29139.13, 29133.33, 29134.75, 2411, 2089, 0.00, 0.00
2026-8-25, 20:01:21.770001, 29130.25, 29147.00, 29099.00, 29108.50, 4500, 4226, 29121.19, 29118.17, 29123.00, 2338, 2162, 0.00, 0.00
2026-8-25, 20:29:28.715000, 29109.75, 29143.75, 29096.00, 29132.75, 4500, 4083, 29120.56, 29124.17, 29119.88, 2102, 2398, 0.00, 0.00
2026-8-25, 21:05:41.870000, 29130.75, 29198.75, 29119.25, 29194.75, 4500, 4115, 29160.88, 29170.92, 29159.00, 1989, 2511, 0.00, 0.00
2026-8-25, 21:38:50.451001, 29194.50, 29235.75, 29193.75, 29223.50, 4500, 4180, 29211.88, 29217.67, 29214.75, 2173, 2327, 0.00, 0.00
2026-8-25, 22:17:35.642002, 29223.25, 29275.25, 29205.00, 29265.75, 4500, 4153, 29242.31, 29248.67, 29240.13, 2081, 2419, 0.00, 0.00
2026-8-25, 22:57:02.884000, 29264.75, 29283.25, 29231.75, 29233.50, 4500, 4003, 29253.31, 29249.50, 29257.50, 2303, 2197, 0.00, 0.00
2026-8-25, 23:47:07.395000, 29232.75, 29262.75, 29217.25, 29238.25, 4500, 4191, 29237.75, 29239.42, 29240.00, 2197, 2303, 0.00, 0.00
2026-8-26, 00:46:31.191010, 29238.25, 29256.75, 29203.50, 29255.00, 4500, 4200, 29238.38, 29238.42, 29230.13, 2208, 2292, 0.00, 0.00
2026-8-26, 01:45:00.967003, 29254.75, 29277.25, 29201.25, 29212.00, 4500, 4041, 29236.31, 29230.17, 29239.25, 2375, 2125, 0.00, 0.00
2026-8-26, 02:22:37.672000, 29211.25, 29235.75, 29185.75, 29217.50, 4500, 4180, 29212.56, 29213.00, 29210.75, 2302, 2198, 0.00, 0.00
2026-8-26, 03:06:54.795000, 29218.00, 29251.00, 29185.00, 29225.25, 4500, 3986, 29219.81, 29220.42, 29218.00, 2114, 2386, 0.00, 0.00
2026-8-26, 04:01:37.545000, 29225.75, 29236.50, 29191.25, 29214.50, 4500, 4104, 29217.00, 29214.08, 29213.88, 2335, 2165, 0.00, 0.00
2026-8-26, 05:25:16.793000, 29214.00, 29267.75, 29188.75, 29267.75, 4500, 4149, 29234.56, 29241.42, 29228.25, 2108, 2392, 0.00, 0.00
2026-8-26, 06:18:13.926002, 29267.75, 29278.75, 29186.00, 29188.50, 4500, 4064, 29230.25, 29217.75, 29232.38, 2408, 2092, 0.00, 0.00
2026-8-26, 06:48:30.034001, 29187.50, 29227.50, 29187.25, 29205.75, 4500, 4101, 29202.00, 29206.83, 29207.38, 2043, 2457, 0.00, 0.00
2026-8-26, 07:20:26.201000, 29207.25, 29263.25, 29169.25, 29171.00, 4500, 4169, 29202.69, 29201.17, 29216.25, 2283, 2217, 0.00, 0.00
2026-8-26, 07:31:50.707000, 29171.75, 29188.00, 29149.75, 29174.75, 4500, 4183, 29171.06, 29170.83, 29168.88, 2206, 2294, 0.00, 0.00
2026-8-26, 07:40:41.747000, 29174.25, 29188.50, 29149.50, 29150.00, 4500, 4303, 29165.56, 29162.67, 29169.00, 2163, 2337, 0.00, 0.00
2026-8-26, 07:52:45.338010, 29150.00, 29162.75, 29133.25, 29151.50, 4500, 4222, 29149.38, 29149.17, 29148.00, 2234, 2266, 0.00, 0.00
2026-8-26, 08:00:04.163001, 29151.25, 29171.00, 29133.50, 29170.75, 4500, 4137, 29156.63, 29158.42, 29152.25, 2105, 2395, 0.00, 0.00
2026-8-26, 08:14:45.987000, 29170.50, 29174.00, 29153.50, 29164.50, 4500, 4250, 29165.63, 29164.00, 29163.75, 2292, 2208, 0.00, 0.00
2026-8-26, 08:29:54.069000, 29165.00, 29175.00, 29162.00, 29173.75, 208, 205, 29168.94, 29170.25, 29168.50, 92, 116, 0.00, 0.00
2026-8-26, 08:30:00.000000, 29174.50, 29229.75, 29174.25, 29229.75, 4500, 4160, 29202.06, 29211.25, 29202.00, 2011, 2489, 0.00, 0.00
2026-8-26, 08:30:50.574000, 29229.75, 29277.75, 29216.75, 29276.75, 4500, 4212, 29250.25, 29257.08, 29247.25, 1970, 2530, 0.00, 0.00
2026-8-26, 08:31:56.094000, 29276.50, 29283.00, 29244.00, 29247.25, 4500, 4247, 29262.69, 29258.08, 29263.50, 2250, 2250, 0.00, 0.00
2026-8-26, 08:33:24.931000, 29248.75, 29277.75, 29236.75, 29238.50, 4500, 4325, 29250.44, 29251.00, 29257.25, 2217, 2283, 0.00, 0.00
2026-8-26, 08:35:07.622000, 29238.00, 29242.00, 29206.75, 29221.75, 4500, 4207, 29227.13, 29223.50, 29224.38, 2214, 2286, 0.00, 0.00
2026-8-26, 08:36:11.233000, 29222.25, 29275.50, 29209.25, 29247.00, 4500, 4319, 29238.50, 29243.92, 29242.38, 2247, 2253, 0.00, 0.00
2026-8-26, 08:37:57.546000, 29247.25, 29266.50, 29223.00, 29234.75, 4500, 4312, 29242.88, 29241.42, 29244.75, 2228, 2272, 0.00, 0.00
2026-8-26, 08:40:07.051002, 29234.75, 29271.25, 29229.50, 29235.00, 4500, 4362, 29242.63, 29245.25, 29250.38, 2212, 2288, 0.00, 0.00
2026-8-26, 08:42:25.543003, 29235.00, 29301.25, 29223.75, 29285.75, 4500, 4205, 29261.44, 29270.25, 29262.50, 1873, 2627, 0.00, 0.00
2026-8-26, 08:43:54.248003, 29285.50, 29313.25, 29283.00, 29289.75, 4500, 4195, 29292.88, 29295.33, 29298.13, 2295, 2205, 0.00, 0.00
2026-8-26, 08:45:42.209001, 29289.75, 29316.00, 29270.50, 29281.75, 4500, 4112, 29289.50, 29289.42, 29293.25, 2321, 2179, 0.00, 0.00
2026-8-26, 08:47:50.395000, 29282.00, 29306.50, 29261.25, 29268.25, 4500, 4308, 29279.50, 29278.67, 29283.88, 2313, 2187, 0.00, 0.00
2026-8-26, 08:50:33.800000, 29268.75, 29294.25, 29252.50, 29287.75, 4500, 4279, 29275.81, 29278.17, 29273.38, 2175, 2325, 0.00, 0.00
2026-8-26, 08:53:38.263000, 29287.25, 29321.25, 29284.50, 29312.00, 4500, 4156, 29301.25, 29305.92, 29302.88, 2008, 2492, 0.00, 0.00
2026-8-26, 08:56:16.896003, 29312.00, 29332.75, 29308.25, 29329.00, 4500, 4294, 29320.50, 29323.33, 29320.50, 2164, 2336, 0.00, 0.00
2026-8-26, 09:00:01.581014, 29329.00, 29330.75, 29296.75, 29316.25, 4500, 4226, 29318.19, 29314.58, 29313.75, 2469, 2031, 0.00, 0.00
2026-8-26, 09:03:38.747004, 29316.25, 29320.00, 29286.50, 29300.50, 4500, 4307, 29305.81, 29302.33, 29303.25, 2332, 2168, 0.00, 0.00
2026-8-26, 09:08:32.224000, 29300.50, 29301.25, 29235.50, 29238.75, 4500, 4205, 29269.00, 29258.50, 29268.38, 2575, 1925, 0.00, 0.00
2026-8-26, 09:12:26.421001, 29238.75, 29262.25, 29232.00, 29236.00, 4500, 4303, 29242.25, 29243.42, 29247.13, 2327, 2173, 0.00, 0.00
2026-8-26, 09:16:09.514000, 29235.50, 29262.75, 29228.00, 29228.25, 4500, 4285, 29238.63, 29239.67, 29245.38, 2299, 2201, 0.00, 0.00
2026-8-26, 09:21:03.315000, 29228.00, 29232.75, 29200.75, 29201.75, 4500, 4328, 29215.81, 29211.75, 29216.75, 2412, 2088, 0.00, 0.00
2026-8-26, 09:24:16.356000, 29202.50, 29211.50, 29166.00, 29168.00, 4500, 4088, 29187.00, 29181.83, 29188.75, 2480, 2020, 0.00, 0.00
2026-8-26, 09:27:01.188003, 29168.00, 29189.50, 29156.75, 29186.25, 4500, 3998, 29175.13, 29177.50, 29173.13, 2082, 2418, 0.00, 0.00
2026-8-26, 09:29:41.186000, 29183.50, 29201.25, 29176.00, 29200.25, 4500, 4324, 29190.25, 29192.50, 29188.63, 2208, 2292, 0.00, 0.00
2026-8-26, 09:34:01.718000, 29200.25, 29231.75, 29183.25, 29229.25, 4500, 4185, 29211.13, 29214.75, 29207.50, 1979, 2521, 0.00, 0.00
2026-8-26, 09:38:01.299000, 29229.00, 29238.50, 29213.00, 29219.75, 4500, 4258, 29225.06, 29223.75, 29225.75, 2304, 2196, 0.00, 29243.50
2026-8-26, 09:43:20.176000, 29219.75, 29244.50, 29206.25, 29229.75, 4500, 4209, 29225.06, 29226.83, 29225.38, 2135, 2365, 0.00, 0.00
2026-8-26, 09:48:41.880001, 29230.00, 29268.00, 29228.75, 29249.00, 4500, 4211, 29243.94, 29248.58, 29248.38, 2033, 2467, 0.00, 0.00
2026-8-26, 09:54:01.964001, 29249.00, 29259.00, 29234.50, 29255.00, 4500, 4228, 29249.38, 29249.50, 29246.75, 2317, 2183, 0.00, 0.00
2026-8-26, 10:00:38.384003, 29254.75, 29276.25, 29247.50, 29274.00, 4500, 4130, 29263.13, 29265.92, 29261.88, 2148, 2352, 0.00, 0.00
2026-8-26, 10:07:06.725000, 29273.75, 29283.00, 29252.00, 29253.75, 4500, 4151, 29265.63, 29262.92, 29267.50, 2402, 2098, 0.00, 0.00
2026-8-26, 10:13:54.014000, 29253.50, 29258.75, 29222.50, 29237.75, 4500, 4138, 29243.13, 29239.67, 29240.63, 2381, 2119, 0.00, 0.00
2026-8-26, 10:19:49.218000, 29237.25, 29261.25, 29233.50, 29244.00, 4500, 4183, 29244.00, 29246.25, 29247.38, 2121, 2379, 0.00, 0.00
2026-8-26, 10:27:39.026001, 29244.00, 29267.00, 29227.25, 29229.75, 4500, 4094, 29242.00, 29241.33, 29247.13, 2282, 2218, 0.00, 0.00
2026-8-26, 10:34:20.405000, 29229.50, 29270.25, 29220.75, 29270.25, 4500, 4117, 29247.69, 29253.75, 29245.50, 2014, 2486, 0.00, 0.00
2026-8-26, 10:41:10.674007, 29270.25, 29289.75, 29261.75, 29280.00, 4500, 4108, 29275.44, 29277.17, 29275.75, 2074, 2426, 0.00, 0.00
2026-8-26, 10:47:56.236002, 29280.00, 29291.50, 29240.75, 29246.75, 4500, 4101, 29264.75, 29259.67, 29266.13, 2507, 1993, 0.00, 29296.50
2026-8-26, 10:52:03.196000, 29247.00, 29256.50, 29225.75, 29243.50, 4500, 4094, 29243.19, 29241.92, 29241.13, 2329, 2171, 0.00, 0.00
2026-8-26, 10:57:05.400000, 29243.50, 29245.00, 29189.00, 29200.00, 4500, 4217, 29219.38, 29211.33, 29217.00, 2474, 2026, 0.00, 0.00
2026-8-26, 11:02:19.543003, 29200.00, 29222.50, 29196.25, 29222.25, 4500, 4078, 29210.25, 29213.67, 29209.38, 2156, 2344, 0.00, 0.00
2026-8-26, 11:08:23.074002, 29222.25, 29224.25, 29192.50, 29200.25, 4500, 4219, 29209.81, 29205.67, 29208.38, 2323, 2177, 0.00, 0.00
2026-8-26, 11:19:00.363003, 29200.25, 29219.00, 29199.50, 29215.25, 4500, 4078, 29208.50, 29211.25, 29209.25, 2027, 2473, 0.00, 0.00
2026-8-26, 11:32:56.260000, 29215.75, 29220.00, 29173.00, 29189.00, 4500, 4163, 29199.44, 29194.00, 29196.50, 2402, 2098, 0.00, 0.00
2026-8-26, 11:42:28.977000, 29189.00, 29198.50, 29170.00, 29190.75, 4500, 4151, 29187.06, 29186.42, 29184.25, 2176, 2324, 0.00, 0.00
2026-8-26, 11:51:16.850000, 29190.75, 29224.75, 29175.50, 29216.25, 4500, 4092, 29201.81, 29205.50, 29200.13, 1798, 2702, 0.00, 0.00
2026-8-26, 11:58:26.533000, 29216.75, 29233.75, 29209.75, 29231.75, 4500, 4128, 29223.00, 29225.08, 29221.75, 2129, 2371, 0.00, 0.00
2026-8-26, 12:08:02.709000, 29232.25, 29258.00, 29229.75, 29258.00, 4500, 4153, 29244.50, 29248.58, 29243.88, 2133, 2367, 0.00, 0.00
2026-8-26, 12:16:46.342000, 29258.25, 29270.75, 29246.75, 29264.75, 4500, 4155, 29260.13, 29260.75, 29258.75, 2220, 2280, 0.00, 0.00
2026-8-26, 12:25:25.085000, 29265.00, 29274.00, 29256.50, 29274.00, 4500, 3957, 29267.38, 29268.17, 29265.25, 2189, 2311, 0.00, 0.00
2026-8-26, 12:34:30.791000, 29274.00, 29291.75, 29272.75, 29278.50, 4500, 4152, 29279.25, 29281.00, 29282.25, 2140, 2360, 0.00, 0.00
2026-8-26, 12:43:14.310001, 29278.50, 29286.25, 29267.50, 29274.50, 4500, 4151, 29276.69, 29276.08, 29276.88, 2189, 2311, 0.00, 0.00
2026-8-26, 12:53:33.767000, 29275.00, 29293.75, 29271.50, 29279.25, 4500, 4126, 29279.88, 29281.50, 29282.63, 2161, 2339, 0.00, 0.00
2026-8-26, 13:04:46.040001, 29279.25, 29296.00, 29265.25, 29270.25, 4500, 4240, 29277.69, 29277.17, 29280.63, 2197, 2303, 0.00, 0.00
2026-8-26, 13:15:37.501000, 29269.50, 29292.25, 29264.75, 29279.50, 4500, 3898, 29276.50, 29278.83, 29278.50, 2091, 2409, 0.00, 0.00
2026-8-26, 13:26:10.309000, 29279.25, 29303.50, 29274.75, 29294.50, 4500, 4102, 29288.00, 29290.92, 29289.13, 2070, 2430, 0.00, 0.00
2026-8-26, 13:37:23.868000, 29294.25, 29320.75, 29288.00, 29320.25, 4500, 4036, 29305.81, 29309.67, 29304.38, 2008, 2492, 0.00, 0.00
2026-8-26, 13:47:02.499001, 29320.00, 29328.75, 29310.00, 29318.00, 4500, 4127, 29319.19, 29318.92, 29319.38, 2170, 2330, 0.00, 0.00
2026-8-26, 13:55:22.725001, 29318.00, 29346.00, 29315.75, 29337.75, 4500, 3864, 29329.38, 29333.17, 29330.88, 2098, 2402, 0.00, 0.00
2026-8-26, 14:01:11.598000, 29337.75, 29368.25, 29333.00, 29354.75, 4500, 4108, 29348.44, 29352.00, 29350.63, 2163, 2337, 0.00, 0.00
2026-8-26, 14:06:03.358000, 29354.50, 29363.75, 29330.25, 29338.50, 4500, 4121, 29346.75, 29344.17, 29347.00, 2241, 2259, 0.00, 0.00
2026-8-26, 14:14:38.737009, 29338.75, 29357.25, 29332.25, 29336.00, 4500, 4172, 29341.06, 29341.83, 29344.75, 2273, 2227, 0.00, 0.00
2026-8-26, 14:23:48.572001, 29336.00, 29355.25, 29329.50, 29341.75, 4500, 4147, 29340.63, 29342.17, 29342.38, 2139, 2361, 0.00, 0.00
2026-8-26, 14:32:27.758000, 29342.00, 29345.50, 29322.00, 29326.00, 4500, 4063, 29333.88, 29331.17, 29333.75, 2194, 2306, 0.00, 0.00
2026-8-26, 14:40:22.432000, 29325.75, 29329.00, 29305.50, 29319.75, 4500, 4083, 29320.00, 29318.08, 29317.25, 2236, 2264, 0.00, 0.00
2026-8-26, 14:46:40.867000, 29320.00, 29341.50, 29316.75, 29317.00, 4500, 4174, 29323.81, 29325.08, 29329.13, 2116, 2384, 0.00, 0.00
2026-8-26, 14:52:40.019006, 29317.00, 29318.25, 29280.50, 29282.50, 4500, 4166, 29299.56, 29293.75, 29299.38, 2413, 2087, 0.00, 0.00
2026-8-26, 14:55:08.144000, 29282.75, 29310.75, 29281.00, 29299.50, 4500, 3963, 29293.50, 29297.08, 29295.88, 2034, 2466, 0.00, 0.00
2026-8-26, 14:58:48.745000, 29299.50, 29302.25, 29280.25, 29288.75, 4500, 3800, 29292.69, 29290.42, 29291.25, 2222, 2278, 0.00, 0.00
2026-8-26, 14:59:51.077006, 29288.75, 29307.50, 29283.50, 29307.50, 4500, 3664, 29296.81, 29299.50, 29295.50, 1954, 2546, 0.00, 0.00
2026-8-26, 15:00:23.784000, 29306.50, 29357.50, 29283.25, 29351.50, 4500, 3848, 29324.69, 29330.75, 29320.38, 2130, 2370, 0.00, 0.00
2026-8-26, 15:05:20.411001, 29351.50, 29383.75, 29346.00, 29346.00, 4500, 3807, 29356.81, 29358.58, 29364.88, 2158, 2342, 0.00, 29388.75
2026-8-26, 15:20:00.075003, 29348.00, 29382.00, 29291.00, 29317.00, 4500, 3913, 29334.50, 29330.00, 29336.50, 2340, 2160, 0.00, 0.00
2026-8-26, 15:22:57.844000, 29316.50, 29362.75, 29314.25, 29346.25, 4500, 4044, 29334.94, 29341.08, 29338.50, 2131, 2369, 0.00, 0.00
2026-8-26, 15:30:18.148000, 29345.50, 29382.50, 29317.00, 29381.25, 4500, 4133, 29356.56, 29360.25, 29349.75, 2196, 2304, 0.00, 0.00
2026-8-26, 15:50:08.706005, 29381.00, 29575.00, 29377.00, 29572.50, 4500, 3858, 29476.38, 29508.17, 29476.00, 1908, 2592, 0.00, 0.00
2026-8-26, 17:01:22.169018, 29572.50, 29582.25, 29550.00, 29566.25, 4500, 3833, 29567.75, 29566.17, 29566.13, 2336, 2164, 0.00, 0.00
2026-8-26, 17:15:23.759002, 29566.25, 29618.00, 29554.25, 29604.75, 4500, 4018, 29585.81, 29592.33, 29586.13, 2052, 2448, 29549.25, 0.00
2026-8-26, 17:40:20.544001, 29605.00, 29628.50, 29585.00, 29588.75, 4500, 3965, 29601.81, 29600.75, 29606.75, 2318, 2182, 0.00, 0.00
2026-8-26, 18:20:18.044001, 29588.75, 29654.75, 29587.00, 29629.50, 4500, 3998, 29615.00, 29623.75, 29620.88, 2034, 2466, 0.00, 0.00
2026-8-26, 19:01:26.640000, 29630.75, 29641.75, 29558.00, 29568.50, 4500, 4052, 29599.75, 29589.42, 29599.88, 2594, 1906, 0.00, 0.00
2026-8-26, 19:21:34.111000, 29569.00, 29585.00, 29504.00, 29508.75, 4500, 4086, 29541.69, 29532.58, 29544.50, 2515, 1985, 0.00, 0.00
2026-8-26, 19:40:22.227000, 29508.50, 29521.50, 29446.00, 29446.00, 4500, 4180, 29480.50, 29471.17, 29483.75, 2326, 2174, 0.00, 0.00
2026-8-26, 19:52:08.675000, 29446.00, 29484.00, 29432.50, 29472.75, 4500, 4066, 29458.81, 29463.08, 29458.25, 2171, 2329, 0.00, 0.00
2026-8-26, 20:08:46.012000, 29472.50, 29521.50, 29445.50, 29520.75, 4500, 4167, 29490.06, 29495.92, 29483.50, 2064, 2436, 0.00, 0.00
2026-8-26, 20:33:00.928001, 29520.75, 29554.25, 29491.75, 29530.00, 4500, 4171, 29524.19, 29525.33, 29523.00, 2258, 2242, 0.00, 0.00
2026-8-26, 20:59:35.480001, 29530.00, 29560.50, 29516.75, 29556.75, 4500, 4121, 29541.00, 29544.67, 29538.63, 2245, 2255, 0.00, 0.00
2026-8-26, 21:52:48.641000, 29556.75, 29575.75, 29530.00, 29540.50, 4500, 3871, 29550.75, 29548.75, 29552.88, 2338, 2162, 0.00, 0.00
2026-8-26, 22:50:09.109000, 29540.50, 29551.75, 29493.00, 29502.50, 4500, 4020, 29521.94, 29515.75, 29522.38, 2332, 2168, 0.00, 0.00
2026-8-26, 23:57:37.156018, 29502.50, 29504.25, 29445.25, 29449.25, 4500, 4088, 29475.31, 29466.25, 29474.75, 2346, 2154, 0.00, 0.00
2026-8-27, 00:36:05.811000, 29448.75, 29472.75, 29418.50, 29423.25, 4500, 4089, 29440.81, 29438.17, 29445.63, 2415, 2085, 0.00, 0.00
2026-8-27, 01:06:32.489000, 29424.25, 29473.00, 29401.75, 29471.75, 4500, 4083, 29442.69, 29448.83, 29437.38, 2191, 2309, 0.00, 0.00
2026-8-27, 01:40:07.849002, 29471.75, 29525.50, 29471.25, 29521.00, 4500, 3963, 29497.38, 29505.92, 29498.38, 2107, 2393, 0.00, 0.00
2026-8-27, 02:10:47.820001, 29521.00, 29549.75, 29502.75, 29505.75, 4500, 3869, 29519.81, 29519.42, 29526.25, 2568, 1932, 0.00, 0.00
2026-8-27, 02:40:36.449001, 29505.75, 29601.00, 29499.00, 29597.75, 4500, 4008, 29550.88, 29565.92, 29550.00, 2054, 2446, 0.00, 0.00
2026-8-27, 03:10:56.561000, 29597.50, 29655.50, 29595.25, 29653.00, 4500, 3879, 29625.31, 29634.58, 29625.38, 2210, 2290, 0.00, 0.00
2026-8-27, 03:29:18.099000, 29653.50, 29662.00, 29610.25, 29646.00, 4500, 4035, 29642.94, 29639.42, 29636.13, 2260, 2240, 0.00, 0.00
2026-8-27, 03:52:25.438003, 29646.00, 29646.50, 29573.25, 29576.50, 4500, 3968, 29610.56, 29598.75, 29609.88, 2404, 2096, 0.00, 0.00
2026-8-27, 04:16:00.260000, 29578.25, 29625.50, 29568.00, 29617.25, 4500, 3650, 29597.25, 29603.58, 29596.75, 2326, 2174, 0.00, 0.00
2026-8-27, 04:45:57.830000, 29618.00, 29634.50, 29575.50, 29585.00, 4500, 3885, 29603.25, 29598.33, 29605.00, 2415, 2085, 0.00, 0.00
2026-8-27, 05:33:22.240000, 29583.25, 29627.00, 29568.25, 29626.75, 4500, 4054, 29601.31, 29607.33, 29597.63, 2228, 2272, 0.00, 0.00
2026-8-27, 06:13:35.967000, 29626.50, 29630.00, 29546.25, 29550.25, 4500, 3985, 29588.25, 29575.50, 29588.13, 2431, 2069, 0.00, 0.00
2026-8-27, 06:42:40.303000, 29550.50, 29571.75, 29514.75, 29567.25, 4500, 3874, 29551.06, 29551.25, 29543.25, 2296, 2204, 0.00, 0.00
2026-8-27, 07:09:01.022000, 29567.00, 29590.50, 29556.25, 29556.25, 4500, 4092, 29567.50, 29567.67, 29573.38, 2212, 2288, 0.00, 0.00
2026-8-27, 07:37:09.781000, 29556.25, 29565.00, 29515.50, 29534.75, 4500, 4153, 29542.88, 29538.42, 29540.25, 2177, 2323, 0.00, 0.00
2026-8-27, 07:57:32.351000, 29534.75, 29570.25, 29518.50, 29562.25, 4500, 4094, 29546.44, 29550.33, 29544.38, 2196, 2304, 0.00, 0.00
2026-8-27, 08:16:33.412000, 29562.25, 29562.50, 29530.00, 29530.00, 4500, 3996, 29546.19, 29540.83, 29546.25, 2376, 2124, 0.00, 0.00
2026-8-27, 08:28:19.465000, 29530.25, 29535.00, 29523.25, 29524.50, 1355, 1251, 29528.25, 29527.58, 29529.13, 673, 682, 0.00, 0.00
2026-8-27, 08:30:00.000000, 29524.25, 29560.75, 29502.25, 29559.25, 4500, 4239, 29536.63, 29540.75, 29531.50, 2249, 2251, 0.00, 0.00
2026-8-27, 08:30:43.823001, 29559.25, 29588.75, 29538.50, 29539.00, 4500, 4290, 29556.38, 29555.42, 29563.63, 2158, 2342, 0.00, 0.00
2026-8-27, 08:31:35.235000, 29539.25, 29548.75, 29477.50, 29482.75, 4500, 4249, 29512.06, 29503.00, 29513.13, 2476, 2024, 0.00, 0.00
2026-8-27, 08:32:13.757001, 29482.75, 29514.25, 29474.00, 29514.00, 4500, 4275, 29496.25, 29500.75, 29494.13, 2119, 2381, 29469.00, 0.00
2026-8-27, 08:33:17.281000, 29514.50, 29520.00, 29455.00, 29459.75, 4500, 4341, 29487.31, 29478.25, 29487.50, 2397, 2103, 0.00, 0.00
2026-8-27, 08:34:36.895000, 29459.25, 29480.00, 29443.00, 29470.25, 4500, 4279, 29463.13, 29464.42, 29461.50, 2210, 2290, 0.00, 0.00
2026-8-27, 08:35:54.300003, 29470.25, 29486.00, 29449.00, 29451.00, 4500, 4029, 29464.06, 29462.00, 29467.50, 2471, 2029, 0.00, 0.00
2026-8-27, 08:37:18.626000, 29451.00, 29478.75, 29447.25, 29458.75, 4500, 4270, 29458.94, 29461.58, 29463.00, 2229, 2271, 0.00, 0.00
2026-8-27, 08:39:23.979000, 29459.50, 29520.25, 29450.00, 29519.25, 4500, 4216, 29487.25, 29496.50, 29485.13, 2132, 2368, 0.00, 0.00
2026-8-27, 08:41:05.438001, 29519.25, 29545.75, 29486.50, 29500.00, 4500, 4295, 29512.88, 29510.75, 29516.13, 2244, 2256, 0.00, 0.00
2026-8-27, 08:42:32.092001, 29500.25, 29586.00, 29500.00, 29578.50, 4500, 4186, 29541.19, 29554.83, 29543.00, 1862, 2638, 0.00, 0.00
2026-8-27, 08:44:05.229000, 29579.75, 29598.25, 29553.25, 29578.25, 4500, 4147, 29577.38, 29576.58, 29575.75, 2145, 2355, 0.00, 0.00
2026-8-27, 08:45:09.654000, 29577.50, 29605.00, 29566.50, 29588.50, 4500, 4146, 29584.38, 29586.67, 29585.75, 2234, 2266, 0.00, 0.00
2026-8-27, 08:46:38.101001, 29588.50, 29589.25, 29489.75, 29500.50, 4500, 4017, 29542.00, 29526.50, 29539.50, 2565, 1935, 0.00, 0.00
2026-8-27, 08:47:27.552000, 29500.00, 29508.00, 29481.00, 29502.25, 4500, 4170, 29497.81, 29497.08, 29494.50, 2207, 2293, 29476.00, 0.00
2026-8-27, 08:48:43.650004, 29502.50, 29508.00, 29451.75, 29490.00, 4500, 4088, 29488.06, 29483.25, 29479.88, 2416, 2084, 0.00, 0.00
2026-8-27, 08:50:07.639002, 29490.00, 29554.75, 29490.00, 29543.00, 4500, 4209, 29519.44, 29529.25, 29522.38, 2034, 2466, 0.00, 0.00
2026-8-27, 08:51:39.786001, 29543.00, 29561.00, 29529.25, 29550.00, 4500, 4274, 29545.81, 29546.75, 29545.13, 2255, 2245, 0.00, 0.00
2026-8-27, 08:53:52.271002, 29550.00, 29567.25, 29500.50, 29521.25, 4500, 4261, 29534.75, 29529.67, 29533.88, 2362, 2138, 0.00, 0.00
2026-8-27, 08:56:01.157000, 29520.25, 29522.00, 29440.25, 29463.25, 4500, 4077, 29486.44, 29475.17, 29481.13, 2339, 2161, 0.00, 0.00
2026-8-27, 08:57:29.019000, 29463.00, 29464.00, 29423.75, 29454.75, 4500, 4251, 29451.38, 29447.50, 29443.88, 2350, 2150, 0.00, 0.00
2026-8-27, 08:58:54.724001, 29455.00, 29505.00, 29451.00, 29499.50, 4500, 4289, 29477.63, 29485.17, 29478.00, 2107, 2393, 0.00, 0.00
2026-8-27, 09:00:34.896000, 29498.25, 29524.75, 29493.50, 29512.75, 4500, 4376, 29507.31, 29510.33, 29509.13, 2189, 2311, 0.00, 0.00
2026-8-27, 09:02:41.333000, 29513.25, 29549.00, 29506.00, 29538.75, 4500, 4175, 29526.75, 29531.25, 29527.50, 2215, 2285, 0.00, 0.00
2026-8-27, 09:05:02.929000, 29539.00, 29557.50, 29502.00, 29527.00, 4500, 4279, 29531.38, 29528.83, 29529.75, 2320, 2180, 0.00, 0.00
2026-8-27, 09:07:26.925000, 29527.75, 29555.50, 29508.25, 29554.00, 4500, 4319, 29536.38, 29539.25, 29531.88, 2136, 2364, 0.00, 0.00
2026-8-27, 09:10:31.860000, 29554.00, 29586.50, 29554.00, 29576.25, 4500, 4330, 29567.69, 29572.25, 29570.25, 2156, 2344, 0.00, 0.00
2026-8-27, 09:13:51.647000, 29576.25, 29588.50, 29554.25, 29567.50, 4500, 4258, 29571.63, 29570.08, 29571.38, 2345, 2155, 0.00, 0.00
2026-8-27, 09:17:07.467002, 29567.50, 29594.75, 29565.25, 29593.75, 4500, 4171, 29580.31, 29584.58, 29580.00, 2135, 2365, 0.00, 0.00
2026-8-27, 09:21:01.882000, 29593.50, 29601.50, 29571.00, 29588.50, 4500, 4140, 29588.63, 29587.00, 29586.25, 2345, 2155, 0.00, 0.00
2026-8-27, 09:24:18.447000, 29589.00, 29617.50, 29572.25, 29616.50, 4500, 4203, 29598.81, 29602.08, 29594.88, 2192, 2308, 0.00, 0.00
2026-8-27, 09:27:23.013000, 29616.50, 29623.50, 29580.00, 29583.00, 4500, 3922, 29600.75, 29595.50, 29601.75, 2429, 2071, 0.00, 0.00
2026-8-27, 09:30:30.851001, 29583.00, 29595.25, 29563.50, 29595.25, 4500, 3970, 29584.25, 29584.67, 29579.38, 2021, 2479, 0.00, 0.00
2026-8-27, 09:33:46.107001, 29595.50, 29605.00, 29568.50, 29579.50, 4500, 4261, 29587.13, 29584.33, 29586.75, 2300, 2200, 0.00, 29610.00
2026-8-27, 09:38:47.776000, 29579.50, 29580.75, 29542.25, 29563.00, 4500, 4102, 29566.38, 29562.00, 29561.50, 2345, 2155, 0.00, 0.00
2026-8-27, 09:42:16.468000, 29563.00, 29566.50, 29532.25, 29534.25, 4500, 4196, 29549.00, 29544.33, 29549.38, 2371, 2129, 0.00, 0.00
2026-8-27, 09:47:25.943002, 29534.50, 29599.75, 29532.00, 29588.25, 4500, 4058, 29563.63, 29573.33, 29565.88, 2125, 2375, 0.00, 0.00
2026-8-27, 09:50:26.655000, 29588.75, 29605.25, 29560.25, 29574.00, 4500, 3999, 29582.06, 29579.83, 29582.75, 2310, 2190, 0.00, 0.00
2026-8-27, 09:53:55.962002, 29574.00, 29596.50, 29552.25, 29589.25, 4500, 4283, 29578.00, 29579.33, 29574.38, 2106, 2394, 0.00, 0.00
2026-8-27, 09:58:36.711001, 29589.25, 29615.50, 29588.00, 29596.00, 4500, 4200, 29597.19, 29599.83, 29601.75, 2278, 2222, 0.00, 0.00
2026-8-27, 10:03:45.321003, 29596.00, 29625.75, 29591.00, 29616.75, 4500, 4248, 29607.38, 29611.17, 29608.38, 2140, 2360, 0.00, 0.00
2026-8-27, 10:09:21.100000, 29616.50, 29631.00, 29608.00, 29629.00, 4500, 4139, 29621.13, 29622.67, 29619.50, 2278, 2222, 0.00, 0.00
2026-8-27, 10:15:38.326000, 29629.75, 29635.00, 29609.50, 29614.25, 4500, 4183, 29622.13, 29619.58, 29622.25, 2297, 2203, 0.00, 0.00
2026-8-27, 10:22:34.428000, 29614.50, 29618.25, 29581.75, 29583.00, 4500, 4063, 29599.38, 29594.33, 29600.00, 2368, 2132, 0.00, 0.00
2026-8-27, 10:28:08.358001, 29583.00, 29597.25, 29566.00, 29586.00, 4500, 4202, 29583.06, 29583.08, 29581.63, 2281, 2219, 0.00, 0.00
2026-8-27, 10:33:31.049002, 29586.00, 29589.75, 29551.00, 29555.25, 4500, 4229, 29570.50, 29565.33, 29570.38, 2377, 2123, 0.00, 0.00
2026-8-27, 10:39:00.676000, 29555.25, 29574.00, 29537.50, 29542.75, 4500, 4300, 29552.38, 29551.42, 29555.75, 2286, 2214, 0.00, 0.00
2026-8-27, 10:43:44.988000, 29542.50, 29543.25, 29511.50, 29520.00, 4500, 4169, 29529.31, 29524.92, 29527.38, 2323, 2177, 0.00, 0.00
2026-8-27, 10:47:10.639000, 29519.75, 29560.25, 29512.75, 29559.25, 4500, 4159, 29538.00, 29544.08, 29536.50, 2066, 2434, 0.00, 0.00
2026-8-27, 10:51:36.375000, 29559.25, 29598.50, 29558.50, 29597.75, 4500, 4078, 29578.50, 29584.92, 29578.50, 2252, 2248, 0.00, 0.00
2026-8-27, 10:54:30.614000, 29597.75, 29610.00, 29592.75, 29597.25, 4500, 4211, 29599.44, 29600.00, 29601.38, 2307, 2193, 0.00, 0.00
2026-8-27, 10:59:19.511003, 29597.50, 29623.75, 29594.25, 29620.75, 4500, 4216, 29609.06, 29612.92, 29609.00, 2122, 2378, 0.00, 0.00
2026-8-27, 11:05:37.777001, 29620.75, 29621.25, 29582.25, 29587.25, 4500, 4132, 29602.88, 29596.92, 29601.75, 2323, 2177, 0.00, 0.00
2026-8-27, 11:12:06.469000, 29588.00, 29603.00, 29575.25, 29575.25, 4500, 4144, 29585.38, 29584.50, 29589.13, 2270, 2230, 0.00, 0.00
2026-8-27, 11:21:14.336000, 29575.75, 29608.00, 29570.00, 29604.50, 4500, 4140, 29589.56, 29594.17, 29589.00, 2050, 2450, 0.00, 0.00
2026-8-27, 11:29:09.245002, 29604.50, 29635.75, 29598.75, 29629.25, 4500, 4228, 29617.06, 29621.25, 29617.25, 2152, 2348, 0.00, 0.00
2026-8-27, 11:38:42.473000, 29629.00, 29652.50, 29628.75, 29651.50, 4500, 4201, 29640.44, 29644.25, 29640.63, 2094, 2406, 0.00, 0.00
2026-8-27, 11:45:26.512001, 29651.50, 29659.50, 29637.00, 29646.00, 4500, 4057, 29648.50, 29647.50, 29648.25, 2275, 2225, 0.00, 0.00
2026-8-27, 11:51:53.170001, 29646.00, 29656.00, 29642.25, 29653.00, 4500, 3894, 29649.31, 29650.42, 29649.13, 2260, 2240, 0.00, 0.00
2026-8-27, 12:00:18.874000, 29653.00, 29667.25, 29648.00, 29650.50, 4500, 4136, 29654.69, 29655.25, 29657.63, 2186, 2314, 0.00, 0.00
2026-8-27, 12:07:15.962003, 29650.50, 29676.00, 29649.00, 29665.75, 4500, 4177, 29660.31, 29663.58, 29662.50, 2079, 2421, 0.00, 0.00
2026-8-27, 12:14:17.320001, 29665.75, 29678.50, 29659.50, 29672.00, 4500, 4205, 29668.94, 29670.00, 29669.00, 2103, 2397, 0.00, 0.00
2026-8-27, 12:24:15.063001, 29672.00, 29673.25, 29637.75, 29641.25, 4500, 4138, 29656.06, 29650.75, 29655.50, 2412, 2088, 0.00, 0.00
2026-8-27, 12:30:35.248001, 29641.25, 29658.50, 29634.25, 29641.00, 4500, 4159, 29643.75, 29644.58, 29646.38, 2262, 2238, 0.00, 0.00
2026-8-27, 12:38:54.523000, 29641.50, 29648.00, 29619.00, 29619.00, 4500, 4034, 29631.88, 29628.67, 29633.50, 2275, 2225, 0.00, 0.00
2026-8-27, 12:46:35.881002, 29619.00, 29629.75, 29610.00, 29627.75, 4500, 4169, 29621.63, 29622.50, 29619.88, 2050, 2450, 0.00, 0.00
2026-8-27, 12:54:40.392000, 29627.75, 29629.25, 29595.50, 29595.50, 4500, 4130, 29612.00, 29606.75, 29612.38, 2317, 2183, 0.00, 0.00
2026-8-27, 13:01:52.079008, 29595.50, 29596.00, 29573.25, 29590.25, 4500, 4204, 29588.75, 29586.50, 29584.63, 2132, 2368, 0.00, 0.00
2026-8-27, 13:06:17.661000, 29590.25, 29591.25, 29568.75, 29570.25, 4500, 4166, 29580.13, 29576.75, 29580.00, 2385, 2115, 0.00, 0.00
2026-8-27, 13:13:45.743001, 29570.25, 29589.75, 29561.75, 29575.50, 4500, 4080, 29574.31, 29575.67, 29575.75, 2173, 2327, 0.00, 0.00
2026-8-27, 13:19:41.607000, 29576.25, 29582.50, 29553.00, 29561.75, 4500, 4067, 29568.38, 29565.75, 29567.75, 2382, 2118, 0.00, 0.00
2026-8-27, 13:26:22.914002, 29561.75, 29561.75, 29526.50, 29546.25, 4500, 4170, 29549.06, 29544.83, 29544.13, 2319, 2181, 0.00, 0.00
2026-8-27, 13:30:20.102001, 29546.25, 29571.50, 29542.25, 29549.00, 4500, 4070, 29552.25, 29554.25, 29556.88, 2061, 2439, 0.00, 0.00
2026-8-27, 13:34:55.547001, 29549.00, 29581.25, 29543.00, 29576.25, 4500, 3987, 29562.38, 29566.83, 29562.13, 2070, 2430, 0.00, 0.00
2026-8-27, 13:41:26.275000, 29575.75, 29582.25, 29555.25, 29555.25, 4500, 4044, 29567.13, 29564.25, 29568.75, 2319, 2181, 0.00, 0.00
2026-8-27, 13:49:53.599040, 29555.25, 29566.25, 29544.75, 29564.25, 4500, 4149, 29557.63, 29558.42, 29555.50, 2198, 2302, 0.00, 0.00
2026-8-27, 13:57:58.739000, 29564.25, 29598.25, 29561.75, 29597.75, 4500, 4113, 29580.50, 29585.92, 29580.00, 2023, 2477, 0.00, 0.00
2026-8-27, 14:05:12.588000, 29597.00, 29604.00, 29572.25, 29592.50, 4500, 4023, 29591.44, 29589.58, 29588.13, 2367, 2133, 0.00, 0.00
2026-8-27, 14:10:54.383001, 29592.25, 29610.25, 29591.50, 29600.00, 4500, 4180, 29598.50, 29600.58, 29600.88, 2318, 2182, 0.00, 0.00
2026-8-27, 14:19:02.609003, 29600.25, 29613.00, 29595.00, 29597.75, 4500, 4147, 29601.50, 29601.92, 29604.00, 2235, 2265, 0.00, 0.00
2026-8-27, 14:27:51.652000, 29597.25, 29629.00, 29595.00, 29620.25, 4500, 4213, 29610.38, 29614.75, 29612.00, 2202, 2298, 0.00, 0.00
2026-8-27, 14:35:10.750002, 29620.25, 29631.75, 29619.75, 29629.00, 4500, 4210, 29625.19, 29626.83, 29625.75, 2226, 2274, 0.00, 0.00
2026-8-27, 14:43:48.874012, 29629.00, 29650.00, 29627.75, 29642.50, 4500, 4159, 29637.31, 29640.08, 29638.88, 2170, 2330, 0.00, 0.00
2026-8-27, 14:50:00.046000, 29641.50, 29668.75, 29629.00, 29667.00, 4500, 4100, 29651.56, 29654.92, 29648.88, 2021, 2479, 0.00, 0.00
2026-8-27, 14:53:10.217014, 29667.00, 29686.00, 29659.75, 29682.25, 4500, 3943, 29673.75, 29676.00, 29672.88, 2074, 2426, 0.00, 0.00
2026-8-27, 14:55:16.532001, 29682.25, 29700.00, 29672.50, 29699.50, 4500, 4138, 29688.56, 29690.67, 29686.25, 1903, 2597, 0.00, 0.00
2026-8-27, 14:58:03.099000, 29700.00, 29703.75, 29691.75, 29700.25, 4500, 4237, 29698.94, 29698.58, 29697.75, 2262, 2238, 0.00, 0.00
2026-8-27, 14:59:31.011000, 29700.00, 29701.75, 29692.25, 29692.50, 4500, 4003, 29696.63, 29695.50, 29697.00, 2341, 2159, 0.00, 0.00
2026-8-27, 14:59:51.470001, 29692.50, 29704.50, 29686.50, 29692.25, 4500, 3983, 29693.94, 29694.42, 29695.50, 2034, 2466, 0.00, 0.00
2026-8-27, 14:59:59.877000, 29692.25, 29708.00, 29686.75, 29689.25, 4500, 3964, 29694.06, 29694.67, 29697.38, 2301, 2199, 0.00, 29713.00
2026-8-27, 15:01:31.260000, 29689.00, 29692.75, 29655.50, 29667.25, 4500, 3845, 29676.13, 29671.83, 29674.13, 2341, 2159, 0.00, 29697.75
2026-8-27, 15:06:15.206000, 29667.25, 29678.00, 29634.25, 29639.75, 4500, 3934, 29654.81, 29650.67, 29656.13, 2203, 2297, 0.00, 0.00
2026-8-27, 15:28:52.132001, 29639.75, 29644.75, 29605.50, 29609.00, 4500, 3983, 29624.75, 29619.75, 29625.13, 2235, 2265, 0.00, 0.00
2026-8-27, 17:02:38.242002, 29609.00, 29640.75, 29600.00, 29612.50, 4500, 4140, 29615.56, 29617.75, 29620.38, 2317, 2183, 0.00, 0.00
2026-8-27, 18:27:13.195000, 29612.50, 29625.25, 29592.00, 29620.25, 4500, 4175, 29612.50, 29612.50, 29608.63, 2306, 2194, 0.00, 29630.25
2026-8-27, 19:08:52.915004, 29620.25, 29656.00, 29617.25, 29639.75, 4500, 4140, 29633.31, 29637.67, 29636.63, 2162, 2338, 0.00, 0.00
2026-8-27, 19:39:26.259001, 29640.00, 29672.75, 29633.50, 29649.75, 4500, 4129, 29649.00, 29652.00, 29653.13, 2208, 2292, 0.00, 0.00
2026-8-27, 20:27:19.879000, 29649.75, 29696.25, 29641.75, 29696.25, 4500, 4163, 29671.00, 29678.08, 29669.00, 2082, 2418, 0.00, 0.00
2026-8-27, 21:07:36.580000, 29696.25, 29703.00, 29644.75, 29674.50, 4500, 4181, 29679.63, 29674.08, 29673.88, 2385, 2115, 0.00, 0.00
2026-8-27, 22:03:20.931000, 29673.50, 29707.00, 29640.25, 29663.00, 4500, 4099, 29670.94, 29670.08, 29673.63, 2287, 2213, 0.00, 0.00
2026-8-27, 22:48:08.664005, 29662.75, 29676.50, 29629.50, 29636.50, 4500, 4276, 29651.31, 29647.50, 29653.00, 2344, 2156, 0.00, 0.00
2026-8-28, 00:04:56.423003, 29636.75, 29637.00, 29594.50, 29606.00, 4500, 4050, 29618.56, 29612.50, 29615.75, 2627, 1873, 0.00, 0.00
2026-8-28, 01:03:57.595001, 29606.00, 29634.25, 29594.50, 29632.50, 4500, 4211, 29616.81, 29620.42, 29614.38, 2131, 2369, 0.00, 0.00
2026-8-28, 01:55:24.975001, 29632.75, 29653.50, 29599.75, 29619.25, 4500, 4126, 29626.31, 29624.17, 29626.63, 2409, 2091, 0.00, 0.00
2026-8-28, 02:37:03.154000, 29619.50, 29625.75, 29578.25, 29599.25, 4500, 4052, 29605.69, 29601.08, 29602.00, 2399, 2101, 0.00, 0.00
2026-8-28, 03:12:29.092000, 29599.75, 29633.50, 29581.75, 29605.00, 4500, 4070, 29605.00, 29606.75, 29607.63, 2335, 2165, 0.00, 0.00
2026-8-28, 04:05:19.318000, 29605.25, 29623.00, 29593.25, 29619.00, 4500, 4189, 29610.13, 29611.75, 29608.13, 2281, 2219, 0.00, 0.00
2026-8-28, 05:34:08.478000, 29617.75, 29639.25, 29598.00, 29638.75, 4500, 4185, 29623.44, 29625.33, 29618.63, 2154, 2346, 0.00, 0.00
2026-8-28, 06:31:02.868000, 29638.50, 29648.25, 29597.50, 29648.25, 4500, 4129, 29633.13, 29631.33, 29622.88, 2211, 2289, 0.00, 0.00
2026-8-28, 07:20:48.095009, 29648.50, 29663.00, 29615.00, 29654.50, 4500, 4186, 29645.25, 29644.17, 29639.00, 2211, 2289, 0.00, 0.00
2026-8-28, 07:47:00.518000, 29654.00, 29681.75, 29649.25, 29660.00, 4500, 4195, 29661.25, 29663.67, 29665.50, 2184, 2316, 0.00, 0.00
2026-8-28, 08:06:06.215001, 29660.25, 29667.75, 29622.00, 29629.75, 4500, 4233, 29644.94, 29639.83, 29644.88, 2333, 2167, 0.00, 0.00
2026-8-28, 08:27:10.466002, 29629.75, 29646.25, 29622.50, 29628.00, 1757, 1665, 29631.63, 29632.25, 29634.38, 826, 931, 0.00, 0.00
2026-8-28, 08:30:00.000000, 29628.50, 29637.00, 29596.75, 29622.50, 4500, 4246, 29621.19, 29618.75, 29616.88, 2316, 2184, 0.00, 0.00
2026-8-28, 08:30:50.531000, 29623.25, 29631.00, 29571.75, 29581.00, 4500, 4214, 29601.75, 29594.58, 29601.38, 2322, 2178, 0.00, 0.00
2026-8-28, 08:31:55.718000, 29580.75, 29592.00, 29562.75, 29563.25, 4500, 4164, 29574.69, 29572.67, 29577.38, 2474, 2026, 0.00, 0.00
2026-8-28, 08:33:22.180002, 29563.25, 29610.00, 29562.75, 29603.75, 4500, 4289, 29584.94, 29592.17, 29586.38, 2104, 2396, 29557.75, 0.00
2026-8-28, 08:35:05.659000, 29603.75, 29627.50, 29585.75, 29623.25, 4500, 4367, 29610.06, 29612.17, 29606.63, 2247, 2253, 0.00, 0.00
2026-8-28, 08:36:45.511000, 29622.50, 29648.50, 29618.25, 29637.25, 4500, 4294, 29631.63, 29634.67, 29633.38, 2317, 2183, 0.00, 0.00
2026-8-28, 08:38:45.752000, 29636.75, 29685.00, 29634.25, 29683.75, 4500, 4259, 29659.94, 29667.67, 29659.63, 1978, 2522, 0.00, 0.00
2026-8-28, 08:40:40.013001, 29684.00, 29700.00, 29677.50, 29689.75, 4500, 4287, 29687.81, 29689.08, 29688.75, 2272, 2228, 0.00, 0.00
2026-8-28, 08:43:08.593001, 29689.50, 29701.75, 29660.00, 29676.50, 4500, 4247, 29681.94, 29679.42, 29680.88, 2360, 2140, 0.00, 0.00
2026-8-28, 08:45:42.500000, 29676.25, 29697.50, 29661.50, 29697.00, 4500, 4333, 29683.06, 29685.33, 29679.50, 2170, 2330, 0.00, 0.00
2026-8-28, 08:48:46.975000, 29697.25, 29703.25, 29650.00, 29656.00, 4500, 4257, 29676.63, 29669.75, 29676.63, 2471, 2029, 0.00, 0.00
2026-8-28, 08:50:37.364000, 29656.75, 29669.50, 29625.00, 29638.25, 4500, 4183, 29647.38, 29644.25, 29647.25, 2346, 2154, 0.00, 0.00
2026-8-28, 08:53:22.863000, 29637.50, 29657.75, 29629.50, 29654.25, 4500, 4297, 29644.75, 29647.17, 29643.63, 2279, 2221, 0.00, 0.00
2026-8-28, 08:57:24.299001, 29654.00, 29682.75, 29605.00, 29674.75, 4500, 4209, 29654.13, 29654.17, 29643.88, 2420, 2080, 0.00, 0.00
2026-8-28, 09:00:19.988000, 29674.50, 29706.00, 29642.25, 29643.75, 4500, 4233, 29666.63, 29664.00, 29674.13, 2338, 2162, 0.00, 0.00
2026-8-28, 09:01:55.345001, 29643.75, 29661.25, 29619.25, 29627.25, 4500, 4320, 29637.88, 29635.92, 29640.25, 2258, 2242, 0.00, 0.00
2026-8-28, 09:03:49.321000, 29627.50, 29633.25, 29597.75, 29620.75, 4500, 4340, 29619.81, 29617.25, 29615.50, 2327, 2173, 0.00, 0.00
2026-8-28, 09:05:30.066000, 29621.25, 29631.00, 29566.00, 29580.00, 4500, 4128, 29599.56, 29592.33, 29598.50, 2325, 2175, 0.00, 0.00
2026-8-28, 09:06:52.495000, 29580.00, 29592.00, 29559.00, 29562.75, 4500, 4191, 29573.44, 29571.25, 29575.50, 2393, 2107, 0.00, 0.00
2026-8-28, 09:08:31.060000, 29562.50, 29617.25, 29559.50, 29584.25, 4500, 4333, 29580.88, 29587.00, 29588.38, 2191, 2309, 0.00, 0.00
2026-8-28, 09:10:14.653001, 29584.00, 29602.00, 29542.75, 29561.00, 4500, 4248, 29572.44, 29568.58, 29572.38, 2383, 2117, 0.00, 0.00
2026-8-28, 09:12:00.663000, 29560.25, 29561.00, 29511.50, 29517.00, 4500, 4255, 29537.44, 29529.83, 29536.25, 2413, 2087, 0.00, 0.00
2026-8-28, 09:13:33.972000, 29516.50, 29547.25, 29505.00, 29545.00, 4500, 4293, 29528.44, 29532.42, 29526.13, 2104, 2396, 0.00, 0.00
2026-8-28, 09:15:21.130000, 29544.25, 29574.00, 29535.00, 29560.25, 4500, 4276, 29553.38, 29556.42, 29554.50, 2136, 2364, 0.00, 0.00
2026-8-28, 09:17:26.574001, 29560.25, 29621.25, 29560.25, 29621.25, 4500, 4135, 29590.75, 29600.92, 29590.75, 1955, 2545, 0.00, 0.00
2026-8-28, 09:19:24.309004, 29621.50, 29639.00, 29602.75, 29638.25, 4500, 4278, 29625.38, 29626.67, 29620.88, 2117, 2383, 0.00, 0.00
2026-8-28, 09:21:41.028001, 29638.50, 29675.75, 29638.50, 29651.50, 4500, 4277, 29651.06, 29655.25, 29657.13, 2172, 2328, 0.00, 0.00
2026-8-28, 09:23:34.478000, 29651.00, 29653.75, 29614.75, 29639.25, 4500, 4258, 29639.69, 29635.92, 29634.25, 2224, 2276, 0.00, 0.00
2026-8-28, 09:25:29.486000, 29640.00, 29654.00, 29606.00, 29619.75, 4500, 4342, 29629.94, 29626.58, 29630.00, 2283, 2217, 0.00, 0.00
2026-8-28, 09:27:41.383000, 29619.25, 29655.75, 29604.00, 29655.75, 4500, 4213, 29633.69, 29638.50, 29629.88, 2099, 2401, 0.00, 0.00
2026-8-28, 09:30:02.080000, 29656.25, 29661.25, 29632.00, 29639.00, 4500, 4325, 29647.13, 29644.08, 29646.63, 2277, 2223, 0.00, 0.00
2026-8-28, 09:32:21.122002, 29639.00, 29688.50, 29635.50, 29675.75, 4500, 4205, 29659.69, 29666.58, 29662.00, 2139, 2361, 0.00, 0.00
2026-8-28, 09:34:48.222001, 29675.75, 29696.00, 29671.00, 29694.75, 4500, 4258, 29684.38, 29687.25, 29683.50, 2264, 2236, 0.00, 0.00
2026-8-28, 09:37:46.000000, 29695.00, 29713.00, 29678.50, 29679.25, 4500, 4216, 29691.44, 29690.25, 29695.75, 2209, 2291, 0.00, 0.00
2026-8-28, 09:40:03.904000, 29680.50, 29715.25, 29674.50, 29713.00, 4500, 4111, 29695.81, 29700.92, 29694.88, 2143, 2357, 0.00, 0.00
2026-8-28, 09:42:56.696000, 29712.50, 29744.00, 29705.00, 29736.75, 4500, 4210, 29724.56, 29728.58, 29724.50, 2099, 2401, 0.00, 0.00
2026-8-28, 09:45:07.226043, 29736.75, 29755.00, 29725.25, 29744.25, 4500, 4018, 29740.31, 29741.50, 29740.13, 2232, 2268, 0.00, 29760.00
2026-8-28, 09:47:38.653002, 29744.00, 29769.75, 29731.75, 29764.00, 4500, 4184, 29752.38, 29755.17, 29750.75, 2111, 2389, 0.00, 0.00
2026-8-28, 09:50:54.680000, 29764.00, 29778.50, 29746.75, 29771.50, 4500, 4173, 29765.19, 29765.58, 29762.63, 2277, 2223, 0.00, 0.00
2026-8-28, 09:54:20.489003, 29771.50, 29796.50, 29767.00, 29791.00, 4500, 3722, 29781.50, 29784.83, 29781.75, 2244, 2256, 0.00, 0.00
2026-8-28, 09:56:30.412000, 29791.75, 29799.00, 29785.25, 29795.50, 4500, 4046, 29792.88, 29793.25, 29792.13, 2251, 2249, 0.00, 0.00
2026-8-28, 09:59:58.953002, 29795.50, 29811.50, 29778.50, 29780.50, 4500, 4085, 29791.50, 29790.17, 29795.00, 2198, 2302, 0.00, 0.00
2026-8-28, 10:02:18.144000, 29780.25, 29806.25, 29779.50, 29797.00, 4500, 4163, 29790.75, 29794.25, 29792.88, 2266, 2234, 0.00, 0.00
2026-8-28, 10:05:20.782000, 29797.25, 29803.75, 29766.00, 29766.75, 4500, 3949, 29783.44, 29778.83, 29784.88, 2392, 2108, 0.00, 0.00
2026-8-28, 10:09:11.886023, 29766.75, 29772.00, 29735.25, 29740.00, 4500, 4221, 29753.50, 29749.08, 29753.63, 2343, 2157, 0.00, 0.00
2026-8-28, 10:12:34.241000, 29739.75, 29774.50, 29737.50, 29772.25, 4500, 4309, 29756.00, 29761.42, 29756.00, 2085, 2415, 0.00, 0.00
2026-8-28, 10:16:41.023000, 29772.75, 29775.00, 29743.75, 29746.00, 4500, 4239, 29759.38, 29754.92, 29759.38, 2276, 2224, 0.00, 0.00
2026-8-28, 10:21:24.380000, 29745.50, 29791.25, 29738.00, 29788.50, 4500, 4274, 29765.81, 29772.58, 29764.63, 2069, 2431, 0.00, 0.00
2026-8-28, 10:26:17.853000, 29789.25, 29790.50, 29768.25, 29774.25, 4500, 4255, 29780.56, 29777.67, 29779.38, 2329, 2171, 0.00, 0.00
2026-8-28, 10:32:41.284001, 29774.25, 29785.50, 29741.75, 29742.00, 4500, 4136, 29760.88, 29756.42, 29763.63, 2406, 2094, 0.00, 29790.50
2026-8-28, 10:38:34.574059, 29742.00, 29744.75, 29684.50, 29687.25, 4500, 4157, 29714.63, 29705.50, 29714.63, 2524, 1976, 0.00, 0.00
2026-8-28, 10:40:50.895000, 29687.25, 29699.50, 29663.00, 29686.75, 4500, 4254, 29684.13, 29683.08, 29681.25, 2078, 2422, 0.00, 0.00
2026-8-28, 10:42:38.888005, 29686.75, 29697.50, 29662.50, 29670.50, 4500, 4265, 29679.31, 29676.83, 29680.00, 2194, 2306, 0.00, 0.00
2026-8-28, 10:45:49.501000, 29671.50, 29678.50, 29629.25, 29635.50, 4500, 4202, 29653.69, 29647.75, 29653.88, 2362, 2138, 0.00, 0.00
2026-8-28, 10:48:40.569000, 29635.75, 29648.00, 29619.75, 29627.75, 4500, 4255, 29632.81, 29631.83, 29633.88, 2168, 2332, 0.00, 0.00
2026-8-28, 10:51:21.084000, 29628.50, 29628.50, 29585.50, 29604.75, 4500, 4222, 29611.81, 29606.25, 29607.00, 2248, 2252, 0.00, 0.00
2026-8-28, 10:53:20.008000, 29604.75, 29620.25, 29585.75, 29589.50, 4500, 4111, 29600.06, 29598.50, 29603.00, 2231, 2269, 0.00, 0.00
2026-8-28, 10:55:42.019000, 29589.25, 29593.75, 29547.50, 29555.75, 4500, 4062, 29571.56, 29565.67, 29570.63, 2309, 2191, 0.00, 0.00
2026-8-28, 10:57:32.984000, 29555.50, 29571.75, 29544.25, 29554.75, 4500, 4251, 29556.56, 29556.92, 29558.00, 2175, 2325, 0.00, 0.00
2026-8-28, 10:59:59.039000, 29554.50, 29566.50, 29509.75, 29510.50, 4500, 4203, 29535.31, 29528.92, 29538.13, 2410, 2090, 0.00, 0.00
2026-8-28, 11:01:40.181001, 29510.50, 29555.75, 29510.00, 29546.00, 4500, 4314, 29530.56, 29537.25, 29532.88, 2022, 2478, 0.00, 0.00
2026-8-28, 11:03:50.159000, 29546.00, 29562.50, 29525.00, 29539.00, 4500, 4289, 29543.13, 29542.17, 29543.75, 2200, 2300, 0.00, 0.00
2026-8-28, 11:06:42.657001, 29539.25, 29593.00, 29533.75, 29587.50, 4500, 4218, 29563.38, 29571.42, 29563.38, 1954, 2546, 0.00, 0.00
2026-8-28, 11:09:58.072009, 29587.50, 29591.50, 29554.00, 29560.25, 4500, 4304, 29573.31, 29568.58, 29572.75, 2436, 2064, 0.00, 29596.50
2026-8-28, 11:13:11.491009, 29560.25, 29572.00, 29523.75, 29524.50, 4500, 4288, 29545.13, 29540.08, 29547.88, 2286, 2214, 0.00, 0.00
2026-8-28, 11:17:23.610002, 29524.50, 29534.00, 29492.75, 29512.00, 4500, 4014, 29515.81, 29512.92, 29513.38, 2427, 2073, 0.00, 0.00
2026-8-28, 11:19:20.228000, 29511.75, 29523.75, 29478.00, 29495.50, 4500, 4094, 29502.25, 29499.08, 29500.88, 2318, 2182, 0.00, 0.00
2026-8-28, 11:21:46.833000, 29495.25, 29506.50, 29464.50, 29471.50, 4500, 4248, 29484.44, 29480.83, 29485.50, 2262, 2238, 0.00, 0.00
2026-8-28, 11:24:32.764000, 29471.00, 29504.50, 29471.00, 29492.75, 4500, 4273, 29484.81, 29489.42, 29487.75, 2088, 2412, 0.00, 0.00
2026-8-28, 11:28:14.027031, 29492.75, 29513.25, 29482.75, 29504.00, 4500, 4091, 29498.19, 29500.00, 29498.00, 2203, 2297, 0.00, 0.00
2026-8-28, 11:31:53.388000, 29504.75, 29526.00, 29475.75, 29502.00, 4500, 4161, 29502.13, 29501.25, 29500.88, 2266, 2234, 0.00, 0.00
2026-8-28, 11:35:51.392000, 29501.75, 29529.25, 29490.00, 29490.00, 4500, 4256, 29502.75, 29503.08, 29509.63, 2258, 2242, 0.00, 0.00
2026-8-28, 11:40:29.839000, 29489.00, 29502.00, 29475.00, 29498.50, 4500, 4133, 29491.13, 29491.83, 29488.50, 2146, 2354, 0.00, 0.00
2026-8-28, 11:45:20.464000, 29499.00, 29545.50, 29498.50, 29529.25, 4500, 4079, 29518.06, 29524.42, 29522.00, 1980, 2520, 0.00, 0.00
2026-8-28, 11:49:51.656000, 29530.00, 29549.00, 29508.25, 29508.25, 4500, 4092, 29523.88, 29521.83, 29528.63, 2193, 2307, 0.00, 0.00
2026-8-28, 11:54:56.791001, 29508.25, 29524.00, 29476.00, 29480.00, 4500, 4174, 29497.06, 29493.33, 29500.00, 2309, 2191, 0.00, 29529.00
2026-8-28, 12:00:28.740001, 29480.00, 29482.25, 29446.00, 29453.25, 4500, 3951, 29465.38, 29460.50, 29464.13, 2193, 2307, 0.00, 0.00
2026-8-28, 12:02:20.038000, 29453.75, 29494.25, 29443.75, 29448.00, 4500, 4131, 29459.94, 29462.00, 29469.00, 2197, 2303, 0.00, 0.00
2026-8-28, 12:06:20.696002, 29448.00, 29467.25, 29436.25, 29457.75, 4500, 4228, 29452.31, 29453.75, 29451.75, 2270, 2230, 0.00, 0.00
2026-8-28, 12:11:18.493000, 29456.50, 29488.00, 29451.50, 29470.00, 4500, 4202, 29466.50, 29469.83, 29469.75, 2115, 2385, 0.00, 0.00
2026-8-28, 12:16:44.884000, 29470.25, 29489.75, 29452.25, 29458.75, 4500, 4260, 29467.75, 29466.92, 29471.00, 2205, 2295, 0.00, 0.00
2026-8-28, 12:23:39.159000, 29458.50, 29495.25, 29453.25, 29475.75, 4500, 4148, 29470.69, 29474.75, 29474.25, 2102, 2398, 0.00, 0.00
2026-8-28, 12:30:50.778010, 29475.75, 29504.50, 29470.00, 29484.75, 4500, 4119, 29483.75, 29486.42, 29487.25, 2089, 2411, 0.00, 0.00
2026-8-28, 12:38:53.174000, 29485.75, 29506.75, 29461.25, 29506.25, 4500, 4230, 29490.00, 29491.42, 29484.00, 2150, 2350, 0.00, 0.00
2026-8-28, 12:46:21.370005, 29506.25, 29529.25, 29502.25, 29513.25, 4500, 4079, 29512.75, 29514.92, 29515.75, 2101, 2399, 0.00, 0.00
2026-8-28, 12:54:10.389000, 29513.75, 29524.00, 29494.25, 29500.25, 4500, 4270, 29508.06, 29506.17, 29509.13, 2343, 2157, 0.00, 29529.00
2026-8-28, 13:01:15.357003, 29500.25, 29517.75, 29495.00, 29510.00, 4500, 4233, 29505.75, 29507.58, 29506.38, 2264, 2236, 0.00, 0.00
2026-8-28, 13:10:44.009003, 29510.00, 29518.75, 29482.75, 29495.75, 4500, 4154, 29501.81, 29499.08, 29500.75, 2448, 2052, 0.00, 0.00
2026-8-28, 13:18:27.633000, 29496.75, 29505.00, 29471.25, 29491.50, 4500, 4288, 29491.13, 29489.25, 29488.13, 2220, 2280, 0.00, 0.00
2026-8-28, 13:27:40.004000, 29492.50, 29507.00, 29479.00, 29492.00, 4500, 4252, 29492.63, 29492.67, 29493.00, 2127, 2373, 0.00, 0.00
2026-8-28, 13:37:03.620000, 29492.50, 29499.00, 29474.25, 29480.25, 4500, 4032, 29486.50, 29484.50, 29486.63, 2258, 2242, 0.00, 0.00
2026-8-28, 13:48:18.166000, 29480.50, 29482.00, 29441.00, 29458.25, 4500, 4203, 29465.44, 29460.42, 29461.50, 2345, 2155, 0.00, 0.00
2026-8-28, 13:54:02.777000, 29458.50, 29470.25, 29443.25, 29469.75, 4500, 4202, 29460.44, 29461.08, 29456.75, 2207, 2293, 0.00, 0.00
2026-8-28, 14:02:00.651000, 29470.00, 29479.75, 29454.50, 29478.75, 4500, 4015, 29470.75, 29471.00, 29467.13, 2202, 2298, 0.00, 0.00
2026-8-28, 14:08:45.162000, 29478.75, 29492.25, 29465.00, 29475.25, 4500, 4165, 29477.81, 29477.50, 29478.63, 2219, 2281, 0.00, 0.00
2026-8-28, 14:16:06.755001, 29475.25, 29496.75, 29464.50, 29486.00, 4500, 4253, 29480.63, 29482.42, 29480.63, 2228, 2272, 0.00, 0.00
2026-8-28, 14:25:19.377000, 29485.25, 29503.75, 29483.25, 29497.75, 4500, 4304, 29492.50, 29494.92, 29493.50, 2073, 2427, 0.00, 0.00
2026-8-28, 14:33:18.239000, 29498.00, 29513.75, 29482.25, 29503.00, 4500, 4086, 29499.25, 29499.67, 29498.00, 2082, 2418, 0.00, 0.00
2026-8-28, 14:41:35.217005, 29502.75, 29511.25, 29478.00, 29480.75, 4500, 3925, 29493.19, 29490.00, 29494.63, 2301, 2199, 0.00, 0.00
2026-8-28, 14:46:53.941001, 29480.75, 29521.50, 29473.50, 29513.00, 4500, 4059, 29497.19, 29502.67, 29497.50, 1976, 2524, 0.00, 0.00
2026-8-28, 14:50:51.946003, 29513.00, 29519.50, 29482.50, 29497.25, 4500, 4060, 29503.06, 29499.75, 29501.00, 2159, 2341, 0.00, 0.00
2026-8-28, 14:54:20.029002, 29497.25, 29513.75, 29483.75, 29509.00, 4500, 3937, 29500.94, 29502.17, 29498.75, 2096, 2404, 0.00, 0.00
2026-8-28, 14:56:38.212000, 29509.00, 29511.50, 29483.50, 29485.00, 4500, 4022, 29497.25, 29493.33, 29497.50, 2239, 2261, 0.00, 0.00
2026-8-28, 14:59:17.624005, 29485.25, 29504.25, 29485.00, 29494.00, 4500, 3973, 29492.13, 29494.42, 29494.63, 2074, 2426, 0.00, 0.00
2026-8-28, 14:59:50.025001, 29494.00, 29503.00, 29482.50, 29495.50, 4500, 4046, 29493.75, 29493.67, 29492.75, 2103, 2397, 0.00, 0.00
2026-8-28, 15:00:14.975000, 29495.50, 29507.75, 29478.25, 29485.75, 4500, 3904, 29491.81, 29490.58, 29493.00, 2283, 2217, 0.00, 29512.75
2026-8-28, 15:12:59.298004, 29485.75, 29519.25, 29485.00, 29516.25, 4500, 4016, 29501.56, 29506.83, 29502.13, 2155, 2345, 0.00, 0.00
2026-8-28, 15:49:12.162000, 29516.50, 29517.50, 29506.75, 29509.50, 1430, 1171, 29512.56, 29511.25, 29512.13, 777, 653, 0.00, 0.00
2026-8-30, 17:00:00.000000, 29540.00, 29546.25, 29446.75, 29474.00, 4500, 3890, 29501.75, 29489.00, 29496.50, 2415, 2085, 0.00, 0.00
2026-8-30, 17:17:48.770007, 29474.00, 29495.00, 29428.00, 29445.00, 4500, 4199, 29460.50, 29456.00, 29461.50, 2401, 2099, 0.00, 0.00
2026-8-30, 17:56:33.427000, 29445.25, 29449.25, 29371.25, 29383.50, 4500, 4096, 29412.31, 29401.33, 29410.25, 2430, 2070, 0.00, 0.00
2026-8-30, 18:24:45.682000, 29384.75, 29385.25, 29321.25, 29324.00, 4500, 4029, 29353.81, 29343.50, 29353.25, 2349, 2151, 0.00, 0.00
2026-8-30, 18:46:10.160000, 29325.25, 29339.75, 29273.50, 29281.50, 4500, 4102, 29305.00, 29298.25, 29306.63, 2361, 2139, 0.00, 0.00
2026-8-30, 19:02:11.277010, 29281.50, 29367.00, 29274.25, 29359.25, 4500, 4116, 29320.50, 29333.50, 29320.63, 2029, 2471, 0.00, 0.00
2026-8-30, 19:18:42.024001, 29359.50, 29398.50, 29341.50, 29372.50, 4500, 4125, 29368.00, 29370.83, 29370.00, 2241, 2259, 0.00, 0.00
2026-8-30, 19:47:06.617000, 29372.50, 29393.00, 29304.75, 29339.50, 4500, 4166, 29352.44, 29345.75, 29348.88, 2240, 2260, 0.00, 0.00
2026-8-30, 20:06:53.722000, 29339.25, 29340.25, 29292.50, 29333.00, 4500, 4168, 29326.25, 29321.92, 29316.38, 2272, 2228, 0.00, 0.00
2026-8-30, 20:32:19.886001, 29333.00, 29338.00, 29302.25, 29326.25, 4500, 4087, 29324.88, 29322.17, 29320.13, 2200, 2300, 0.00, 0.00
2026-8-30, 21:03:51.271004, 29326.25, 29362.75, 29304.50, 29324.00, 4500, 4000, 29329.38, 29330.42, 29333.63, 2318, 2182, 0.00, 0.00
2026-8-30, 21:30:59.909002, 29324.00, 29350.00, 29287.00, 29346.75, 4500, 3958, 29326.94, 29327.92, 29318.50, 2185, 2315, 0.00, 0.00
2026-8-30, 22:01:43.474001, 29347.00, 29367.25, 29337.75, 29352.00, 4500, 4112, 29351.00, 29352.33, 29352.50, 2215, 2285, 0.00, 0.00
2026-8-30, 23:21:00.077000, 29351.50, 29437.75, 29333.75, 29425.75, 4500, 4161, 29387.19, 29399.08, 29385.75, 2132, 2368, 0.00, 0.00
2026-8-31, 00:06:03.748000, 29425.75, 29477.25, 29417.75, 29444.00, 4500, 4153, 29441.19, 29446.33, 29447.50, 2233, 2267, 29412.75, 0.00
2026-8-31, 00:42:46.468001, 29444.00, 29514.25, 29432.00, 29509.75, 4500, 4141, 29475.00, 29485.33, 29473.13, 1891, 2609, 0.00, 0.00
2026-8-31, 01:18:41.918002, 29509.75, 29528.50, 29495.75, 29509.00, 4500, 3934, 29510.75, 29511.08, 29512.13, 2172, 2328, 0.00, 0.00
2026-8-31, 02:04:58.090000, 29509.75, 29534.75, 29487.25, 29497.00, 4500, 4227, 29507.19, 29506.33, 29511.00, 2277, 2223, 0.00, 0.00
2026-8-31, 03:06:19.337000, 29496.75, 29535.00, 29475.00, 29483.50, 4500, 4201, 29497.56, 29497.83, 29505.00, 2420, 2080, 0.00, 0.00
2026-8-31, 03:57:30.275000, 29484.75, 29509.25, 29440.50, 29443.50, 4500, 4066, 29469.50, 29464.42, 29474.88, 2436, 2064, 0.00, 0.00
2026-8-31, 05:01:43.511000, 29444.75, 29471.50, 29436.75, 29439.50, 4500, 4180, 29448.13, 29449.25, 29454.13, 2320, 2180, 0.00, 0.00
2026-8-31, 06:05:56.294002, 29439.50, 29471.00, 29425.25, 29428.50, 4500, 4253, 29441.06, 29441.58, 29448.13, 2274, 2226, 0.00, 0.00
2026-8-31, 06:54:00.225000, 29428.75, 29486.00, 29398.50, 29449.25, 4500, 4218, 29440.63, 29444.58, 29442.25, 2238, 2262, 0.00, 0.00
2026-8-31, 07:22:14.748002, 29449.00, 29453.50, 29397.00, 29406.50, 4500, 4168, 29426.50, 29419.00, 29425.25, 2365, 2135, 0.00, 0.00
2026-8-31, 07:39:28.515001, 29406.50, 29409.75, 29380.00, 29383.00, 4500, 4184, 29394.81, 29390.92, 29394.88, 2360, 2140, 0.00, 0.00
2026-8-31, 08:00:48.806019, 29383.00, 29423.00, 29377.50, 29418.25, 4500, 4179, 29400.44, 29406.25, 29400.25, 2166, 2334, 0.00, 0.00
2026-8-31, 08:22:30.384000, 29418.50, 29445.25, 29411.00, 29438.50, 3642, 3313, 29428.31, 29431.58, 29428.13, 1710, 1932, 0.00, 0.00
2026-8-31, 08:30:00.002000, 29437.75, 29477.75, 29417.50, 29474.00, 4500, 4270, 29451.75, 29456.42, 29447.63, 2264, 2236, 0.00, 0.00
2026-8-31, 08:30:52.741000, 29473.25, 29516.75, 29469.75, 29503.50, 4500, 4278, 29490.81, 29496.67, 29493.25, 2049, 2451, 0.00, 0.00
2026-8-31, 08:32:07.957004, 29503.50, 29515.00, 29437.50, 29437.50, 4500, 4184, 29473.38, 29463.33, 29476.25, 2413, 2087, 0.00, 0.00
2026-8-31, 08:33:31.583007, 29437.50, 29467.75, 29419.75, 29432.50, 4500, 4296, 29439.38, 29440.00, 29443.75, 2316, 2184, 0.00, 0.00
2026-8-31, 08:35:23.126000, 29433.00, 29440.00, 29394.50, 29419.25, 4500, 4322, 29421.69, 29417.92, 29417.25, 2308, 2192, 0.00, 0.00
2026-8-31, 08:36:59.872004, 29419.00, 29436.50, 29391.50, 29394.50, 4500, 4299, 29410.38, 29407.50, 29414.00, 2337, 2163, 0.00, 0.00
2026-8-31, 08:39:00.222000, 29394.25, 29433.00, 29390.25, 29395.75, 4500, 4362, 29403.31, 29406.33, 29411.63, 2266, 2234, 0.00, 0.00
2026-8-31, 08:40:58.384000, 29397.00, 29442.25, 29393.75, 29432.25, 4500, 4278, 29416.31, 29422.75, 29418.00, 2137, 2363, 0.00, 0.00
2026-8-31, 08:43:12.388000, 29433.00, 29436.25, 29397.50, 29415.00, 4500, 4333, 29420.44, 29416.25, 29416.88, 2396, 2104, 0.00, 0.00
2026-8-31, 08:45:44.429000, 29414.50, 29442.75, 29387.75, 29442.75, 4500, 4291, 29421.94, 29424.42, 29415.25, 1981, 2519, 0.00, 0.00
2026-8-31, 08:47:38.264000, 29442.75, 29475.50, 29431.75, 29450.00, 4500, 4305, 29450.00, 29452.42, 29453.63, 2091, 2409, 0.00, 0.00
2026-8-31, 08:49:13.963002, 29450.25, 29457.75, 29412.75, 29455.25, 4500, 4314, 29444.00, 29441.92, 29435.25, 2248, 2252, 0.00, 0.00
2026-8-31, 08:51:33.245182, 29455.50, 29464.75, 29424.75, 29462.00, 4500, 4307, 29451.75, 29450.50, 29444.75, 2245, 2255, 0.00, 0.00
2026-8-31, 08:53:59.903000, 29462.25, 29479.00, 29445.25, 29455.75, 4500, 4278, 29460.56, 29460.00, 29462.13, 2279, 2221, 0.00, 0.00
2026-8-31, 08:57:09.915002, 29455.50, 29458.75, 29430.00, 29438.50, 4500, 4260, 29445.69, 29442.42, 29444.38, 2540, 1960, 0.00, 0.00
2026-8-31, 09:00:44.104000, 29438.50, 29443.50, 29396.50, 29409.00, 4500, 4201, 29421.88, 29416.33, 29420.00, 2530, 1970, 0.00, 0.00
2026-8-31, 09:04:10.619001, 29409.00, 29423.50, 29376.75, 29378.50, 4500, 4225, 29396.94, 29392.92, 29400.13, 2358, 2142, 0.00, 0.00
2026-8-31, 09:06:58.350003, 29378.50, 29407.00, 29373.25, 29382.50, 4500, 4261, 29385.31, 29387.58, 29390.13, 2291, 2209, 0.00, 0.00
2026-8-31, 09:10:29.347001, 29382.50, 29405.50, 29371.00, 29394.50, 4500, 4191, 29388.38, 29390.33, 29388.25, 2124, 2376, 0.00, 0.00
2026-8-31, 09:14:33.763001, 29394.50, 29419.50, 29381.25, 29418.25, 4500, 4234, 29403.38, 29406.33, 29400.38, 1929, 2571, 0.00, 0.00
2026-8-31, 09:17:57.061003, 29418.25, 29431.50, 29402.25, 29416.25, 4500, 4325, 29417.06, 29416.67, 29416.88, 2070, 2430, 0.00, 0.00
2026-8-31, 09:22:06.163000, 29416.25, 29423.00, 29358.75, 29363.25, 4500, 4203, 29390.31, 29381.67, 29390.88, 2591, 1909, 0.00, 0.00
2026-8-31, 09:25:20.525000, 29363.50, 29386.75, 29355.00, 29374.50, 4500, 4240, 29369.94, 29372.08, 29370.88, 2099, 2401, 0.00, 0.00
2026-8-31, 09:29:35.179000, 29373.75, 29388.00, 29364.50, 29385.75, 4500, 4224, 29378.00, 29379.42, 29376.25, 2181, 2319, 0.00, 0.00
2026-8-31, 09:35:38.716000, 29386.25, 29429.50, 29384.00, 29405.25, 4500, 4217, 29401.25, 29406.25, 29406.75, 1983, 2517, 0.00, 0.00
2026-8-31, 09:39:02.611001, 29405.25, 29434.75, 29400.50, 29420.00, 4500, 4056, 29415.13, 29418.42, 29417.63, 2225, 2275, 0.00, 29439.75
2026-8-31, 09:44:50.353007, 29420.00, 29428.25, 29396.50, 29397.50, 4500, 3512, 29410.56, 29407.42, 29412.38, 2875, 1625, 0.00, 0.00
2026-8-31, 09:48:59.934000, 29397.75, 29416.25, 29384.25, 29413.50, 4500, 4267, 29402.94, 29404.67, 29400.25, 2158, 2342, 0.00, 0.00
2026-8-31, 09:55:11.840001, 29413.75, 29444.25, 29407.25, 29424.25, 4500, 3978, 29422.38, 29425.25, 29425.75, 2153, 2347, 0.00, 0.00
2026-8-31, 09:59:22.982001, 29424.25, 29442.50, 29407.00, 29417.50, 4500, 4226, 29422.81, 29422.33, 29424.75, 2247, 2253, 0.00, 0.00
2026-8-31, 10:02:31.417001, 29417.50, 29436.00, 29395.50, 29435.75, 4500, 4187, 29421.19, 29422.42, 29415.75, 2194, 2306, 0.00, 0.00
2026-8-31, 10:07:18.895001, 29435.75, 29436.25, 29403.00, 29417.75, 4500, 4127, 29423.19, 29419.00, 29419.63, 2293, 2207, 0.00, 0.00
2026-8-31, 10:13:52.916001, 29417.50, 29427.75, 29396.50, 29413.75, 4500, 4281, 29413.88, 29412.67, 29412.13, 2230, 2270, 0.00, 0.00
2026-8-31, 10:20:25.625000, 29414.25, 29445.75, 29407.75, 29443.00, 4500, 4084, 29427.69, 29432.17, 29426.75, 2152, 2348, 0.00, 0.00
2026-8-31, 10:25:13.931000, 29443.25, 29443.50, 29400.00, 29400.75, 4500, 4175, 29421.88, 29414.75, 29421.75, 2442, 2058, 0.00, 0.00
2026-8-31, 10:30:54.919003, 29400.75, 29409.50, 29386.25, 29402.50, 4500, 4259, 29399.75, 29399.42, 29397.88, 2274, 2226, 0.00, 0.00
2026-8-31, 10:36:49.925008, 29402.75, 29408.75, 29383.00, 29408.75, 4500, 4222, 29400.81, 29400.17, 29395.88, 2172, 2328, 0.00, 0.00
2026-8-31, 10:44:51.456007, 29408.75, 29431.50, 29395.25, 29426.50, 4500, 4259, 29415.50, 29417.75, 29413.38, 2128, 2372, 0.00, 0.00
2026-8-31, 10:51:28.224000, 29426.50, 29432.75, 29394.50, 29400.00, 4500, 4181, 29413.44, 29409.08, 29413.63, 2540, 1960, 0.00, 0.00
2026-8-31, 10:58:05.005000, 29400.50, 29400.50, 29369.00, 29375.50, 4500, 4189, 29386.38, 29381.67, 29384.75, 2395, 2105, 0.00, 0.00
2026-8-31, 11:03:20.121000, 29375.25, 29386.25, 29362.50, 29386.25, 4500, 4262, 29377.56, 29378.33, 29374.38, 2124, 2376, 0.00, 0.00
2026-8-31, 11:10:19.194028, 29386.25, 29412.75, 29382.75, 29398.25, 4500, 4216, 29395.00, 29397.92, 29397.75, 2128, 2372, 0.00, 0.00
2026-8-31, 11:16:40.139000, 29398.50, 29407.25, 29381.50, 29400.50, 4500, 4301, 29396.94, 29396.42, 29394.38, 2308, 2192, 0.00, 0.00
2026-8-31, 11:24:45.598000, 29398.00, 29426.75, 29396.25, 29425.50, 4500, 4264, 29411.63, 29416.17, 29411.50, 2071, 2429, 0.00, 0.00
2026-8-31, 11:30:07.316003, 29425.50, 29426.25, 29395.25, 29396.25, 4500, 4217, 29410.81, 29405.92, 29410.75, 2352, 2148, 0.00, 0.00
2026-8-31, 11:40:01.118002, 29396.25, 29431.50, 29394.25, 29431.50, 4500, 4263, 29413.38, 29419.08, 29412.88, 2073, 2427, 0.00, 0.00
2026-8-31, 11:49:31.267006, 29431.50, 29443.00, 29421.75, 29433.75, 4500, 4259, 29432.50, 29432.83, 29432.38, 2237, 2263, 0.00, 0.00
2026-8-31, 11:59:03.919000, 29433.75, 29443.25, 29415.25, 29419.00, 4500, 4275, 29427.81, 29425.83, 29429.25, 2330, 2170, 0.00, 0.00
2026-8-31, 12:11:17.361001, 29419.00, 29434.00, 29411.25, 29422.00, 4500, 4273, 29421.56, 29422.42, 29422.63, 2255, 2245, 0.00, 0.00
2026-8-31, 12:24:16.301005, 29422.00, 29422.75, 29389.25, 29403.50, 4500, 4248, 29409.38, 29405.17, 29406.00, 2350, 2150, 0.00, 0.00
2026-8-31, 12:34:00.198000, 29403.50, 29434.50, 29388.00, 29431.50, 4500, 4282, 29414.38, 29418.00, 29411.25, 2099, 2401, 0.00, 0.00
2026-8-31, 12:42:22.993001, 29431.25, 29456.00, 29422.25, 29453.50, 4500, 4215, 29440.75, 29443.92, 29439.13, 1981, 2519, 0.00, 0.00
2026-8-31, 12:50:42.824001, 29453.25, 29457.50, 29428.00, 29433.25, 4500, 4302, 29443.00, 29439.58, 29442.75, 2414, 2086, 0.00, 29462.50
2026-8-31, 13:00:04.215000, 29433.75, 29456.75, 29422.25, 29454.50, 4500, 4332, 29441.81, 29444.50, 29439.50, 2259, 2241, 0.00, 0.00
2026-8-31, 13:08:58.461006, 29454.50, 29464.25, 29442.25, 29448.75, 4500, 4285, 29452.44, 29451.75, 29453.25, 2245, 2255, 0.00, 0.00
2026-8-31, 13:22:32.937000, 29449.25, 29460.25, 29430.50, 29430.75, 4500, 4322, 29442.69, 29440.50, 29445.38, 2332, 2168, 0.00, 0.00
2026-8-31, 13:34:19.167001, 29430.75, 29432.25, 29391.50, 29396.50, 4500, 4247, 29412.75, 29406.75, 29411.88, 2332, 2168, 0.00, 0.00
2026-8-31, 13:40:06.035000, 29397.00, 29404.00, 29382.50, 29392.50, 4500, 4331, 29394.00, 29393.00, 29393.25, 2200, 2300, 0.00, 0.00
2026-8-31, 13:48:12.745000, 29392.25, 29415.00, 29390.50, 29410.75, 4500, 4241, 29402.13, 29405.42, 29402.75, 2187, 2313, 0.00, 0.00
2026-8-31, 13:58:40.547000, 29411.50, 29425.50, 29403.50, 29416.50, 4500, 4114, 29414.25, 29415.17, 29414.50, 2175, 2325, 0.00, 0.00
2026-8-31, 14:08:36.744000, 29416.75, 29429.75, 29414.75, 29423.50, 4500, 4207, 29421.19, 29422.67, 29422.25, 2192, 2308, 0.00, 0.00
2026-8-31, 14:20:24.398001, 29423.50, 29453.50, 29419.00, 29447.00, 4500, 4124, 29435.75, 29439.83, 29436.25, 2221, 2279, 0.00, 0.00
2026-8-31, 14:28:30.773001, 29447.00, 29452.75, 29430.50, 29451.00, 4500, 4283, 29445.31, 29444.75, 29441.63, 2081, 2419, 0.00, 0.00
2026-8-31, 14:37:37.824001, 29451.00, 29476.00, 29447.25, 29475.25, 4500, 4027, 29462.38, 29466.17, 29461.63, 2204, 2296, 0.00, 0.00
2026-8-31, 14:43:39.498001, 29475.25, 29485.75, 29458.50, 29466.00, 4500, 4244, 29471.38, 29470.08, 29472.13, 2206, 2294, 0.00, 0.00
2026-8-31, 14:48:42.000003, 29466.00, 29528.25, 29458.75, 29514.75, 4500, 3609, 29491.94, 29500.58, 29493.50, 2396, 2104, 0.00, 0.00
2026-8-31, 14:50:23.172000, 29514.75, 29534.50, 29505.75, 29528.00, 4500, 4034, 29520.75, 29522.75, 29520.13, 2135, 2365, 0.00, 0.00
2026-8-31, 14:53:07.839000, 29528.50, 29529.25, 29501.75, 29510.25, 4500, 4213, 29517.44, 29513.75, 29515.50, 2232, 2268, 0.00, 0.00
2026-8-31, 14:55:28.723000, 29509.75, 29518.25, 29503.00, 29508.25, 4500, 4137, 29509.81, 29509.83, 29510.63, 2167, 2333, 0.00, 0.00
2026-8-31, 14:58:55.904002, 29508.00, 29538.25, 29508.00, 29527.75, 4500, 4173, 29520.50, 29524.67, 29523.13, 2187, 2313, 0.00, 0.00
2026-8-31, 14:59:37.153000, 29527.75, 29528.00, 29504.50, 29521.50, 4500, 3847, 29520.44, 29518.00, 29516.25, 2351, 2149, 0.00, 0.00
2026-8-31, 14:59:52.759004, 29521.50, 29524.50, 29498.00, 29506.25, 4500, 3968, 29512.56, 29509.58, 29511.25, 2360, 2140, 0.00, 0.00
2026-8-31, 15:00:00.015001, 29506.50, 29526.25, 29503.75, 29520.25, 4500, 3976, 29514.19, 29516.75, 29515.00, 2255, 2245, 0.00, 0.00
2026-8-31, 15:02:49.675001, 29520.25, 29527.50, 29507.00, 29513.50, 4500, 3977, 29517.06, 29516.00, 29517.25, 2350, 2150, 0.00, 0.00
2026-8-31, 15:28:29.341005, 29513.50, 29522.50, 29496.00, 29498.75, 4500, 4159, 29507.69, 29505.75, 29509.25, 2177, 2323, 0.00, 0.00
2026-8-31, 17:48:51.060000, 29498.00, 29519.50, 29482.00, 29487.25, 4500, 4210, 29496.69, 29496.25, 29500.75, 2188, 2312, 29477.00, 0.00
2026-8-31, 19:00:50.951003, 29487.00, 29521.75, 29478.25, 29514.25, 4500, 4252, 29500.31, 29504.75, 29500.00, 2245, 2255, 0.00, 0.00
2026-8-31, 19:31:28.825001, 29514.50, 29516.50, 29484.25, 29511.25, 4500, 4180, 29506.63, 29504.00, 29500.38, 2184, 2316, 0.00, 0.00
2026-8-31, 20:24:00.741004, 29511.25, 29515.50, 29475.00, 29500.50, 4500, 4090, 29500.56, 29497.00, 29495.25, 2237, 2263, 0.00, 0.00
2026-8-31, 21:04:05.200000, 29500.25, 29500.75, 29434.75, 29440.50, 4500, 4197, 29469.06, 29458.67, 29467.75, 2408, 2092, 0.00, 0.00
2026-8-31, 21:44:56.942003, 29440.50, 29493.75, 29436.25, 29472.00, 4500, 3996, 29460.63, 29467.33, 29465.00, 2167, 2333, 0.00, 0.00
2026-8-31, 22:36:17.178000, 29473.00, 29503.00, 29467.00, 29489.75, 4500, 3969, 29483.19, 29486.58, 29485.00, 2195, 2305, 0.00, 0.00
2026-8-31, 23:48:42.708000, 29490.50, 29507.00, 29447.25, 29507.00, 4500, 4019, 29487.94, 29487.08, 29477.13, 2155, 2345, 0.00, 0.00
2026-9-1, 00:37:51.192001, 29507.00, 29569.50, 29506.25, 29569.00, 4500, 3915, 29537.94, 29548.25, 29537.88, 1731, 2769, 0.00, 0.00
2026-9-1, 00:57:54.986000, 29569.25, 29571.25, 29513.75, 29523.50, 4500, 4166, 29544.44, 29536.17, 29542.50, 2281, 2219, 0.00, 0.00
2026-9-1, 01:34:30.954000, 29524.50, 29555.00, 29512.25, 29555.00, 4500, 3939, 29536.69, 29540.75, 29533.63, 2291, 2209, 0.00, 0.00
2026-9-1, 02:14:55.444008, 29555.00, 29556.75, 29452.75, 29455.25, 4500, 4081, 29504.94, 29488.25, 29504.75, 2435, 2065, 0.00, 0.00
2026-9-1, 02:45:23.121000, 29455.25, 29478.75, 29412.25, 29418.50, 4500, 4095, 29441.19, 29436.50, 29445.50, 2408, 2092, 0.00, 0.00
2026-9-1, 03:05:56.840011, 29418.00, 29419.25, 29327.00, 29343.75, 4500, 4039, 29377.00, 29363.33, 29373.13, 2362, 2138, 0.00, 0.00
2026-9-1, 03:11:00.020001, 29343.50, 29361.25, 29283.50, 29286.25, 4500, 4128, 29318.63, 29310.33, 29322.38, 2321, 2179, 0.00, 0.00
2026-9-1, 03:27:38.853000, 29287.50, 29312.00, 29257.25, 29266.75, 4500, 4006, 29280.88, 29278.67, 29284.63, 2260, 2240, 0.00, 0.00
2026-9-1, 03:41:33.771000, 29265.25, 29279.75, 29223.75, 29228.00, 4500, 3888, 29249.19, 29243.83, 29251.75, 2371, 2129, 0.00, 0.00
2026-9-1, 04:01:43.884001, 29228.00, 29230.25, 29185.50, 29202.75, 4500, 3971, 29211.63, 29206.17, 29207.88, 2296, 2204, 0.00, 0.00
2026-9-1, 04:22:57.543000, 29203.00, 29228.00, 29184.25, 29220.25, 4500, 3928, 29208.88, 29210.83, 29206.13, 2152, 2348, 0.00, 0.00
2026-9-1, 04:56:14.584000, 29221.25, 29257.75, 29201.25, 29239.75, 4500, 4148, 29230.00, 29232.92, 29229.50, 2232, 2268, 0.00, 0.00
2026-9-1, 05:40:22.280000, 29239.25, 29244.00, 29190.00, 29190.00, 4500, 4174, 29215.81, 29208.00, 29217.00, 2422, 2078, 0.00, 0.00
2026-9-1, 06:05:31.862014, 29190.00, 29225.75, 29178.00, 29217.75, 4500, 4070, 29202.88, 29207.17, 29201.88, 2241, 2259, 0.00, 0.00
2026-9-1, 06:35:19.753000, 29217.50, 29238.00, 29157.75, 29160.75, 4500, 4076, 29193.50, 29185.50, 29197.88, 2396, 2104, 0.00, 0.00
2026-9-1, 07:00:29.067000, 29162.00, 29179.50, 29150.25, 29159.50, 4500, 4187, 29162.81, 29163.08, 29164.88, 2167, 2333, 0.00, 0.00
2026-9-1, 07:18:29.520003, 29159.50, 29171.50, 29137.50, 29147.75, 4500, 3976, 29154.06, 29152.25, 29154.50, 2261, 2239, 0.00, 0.00
2026-9-1, 07:33:01.345000, 29148.50, 29154.75, 29123.25, 29146.50, 4500, 3985, 29143.25, 29141.50, 29139.00, 2203, 2297, 0.00, 0.00
2026-9-1, 07:47:33.449003, 29146.75, 29153.00, 29102.25, 29102.25, 4500, 4121, 29126.06, 29119.17, 29127.63, 2313, 2187, 0.00, 0.00
2026-9-1, 08:01:53.304000, 29102.50, 29116.50, 29087.00, 29100.50, 4500, 4023, 29101.63, 29101.33, 29101.75, 2417, 2083, 0.00, 0.00
2026-9-1, 08:09:05.272001, 29100.50, 29104.25, 29084.25, 29101.25, 4500, 3971, 29097.56, 29096.58, 29094.25, 2315, 2185, 0.00, 0.00
2026-9-1, 08:21:59.688000, 29101.00, 29122.75, 29100.00, 29117.00, 4500, 4036, 29110.19, 29113.25, 29111.38, 2150, 2350, 0.00, 0.00
2026-9-1, 08:29:50.175003, 29117.00, 29118.75, 29110.75, 29112.00, 290, 270, 29114.63, 29113.83, 29114.75, 180, 110, 0.00, 0.00
2026-9-1, 08:30:00.000000, 29111.75, 29124.75, 29086.75, 29088.25, 4500, 4224, 29102.88, 29099.92, 29105.75, 2392, 2108, 0.00, 0.00
2026-9-1, 08:30:39.085000, 29088.75, 29113.75, 29082.75, 29085.50, 4500, 4282, 29092.69, 29094.00, 29098.25, 2238, 2262, 29077.75, 0.00
2026-9-1, 08:31:43.385000, 29085.50, 29098.00, 29062.75, 29094.75, 4500, 4238, 29085.25, 29085.17, 29080.38, 2314, 2186, 0.00, 0.00
2026-9-1, 08:32:58.061002, 29095.25, 29115.00, 29085.00, 29112.25, 4500, 4272, 29101.88, 29104.08, 29100.00, 2208, 2292, 0.00, 0.00
2026-9-1, 08:34:34.350000, 29112.50, 29140.50, 29092.00, 29110.25, 4500, 4181, 29113.81, 29114.25, 29116.25, 2201, 2299, 0.00, 0.00
2026-9-1, 08:35:51.565000, 29110.75, 29126.75, 29095.25, 29124.50, 4500, 4269, 29114.31, 29115.50, 29111.00, 2283, 2217, 0.00, 0.00
2026-9-1, 08:37:51.414002, 29124.50, 29125.50, 29060.25, 29066.00, 4500, 4188, 29094.06, 29083.92, 29092.88, 2573, 1927, 0.00, 0.00
2026-9-1, 08:39:18.097001, 29065.75, 29087.25, 29056.75, 29059.00, 4500, 4187, 29067.19, 29067.67, 29072.00, 2280, 2220, 0.00, 0.00
2026-9-1, 08:41:05.690001, 29059.00, 29074.50, 29040.25, 29067.00, 4500, 4148, 29060.19, 29060.58, 29057.38, 2196, 2304, 0.00, 0.00
2026-9-1, 08:42:44.750000, 29067.25, 29096.75, 29059.00, 29076.75, 4500, 4181, 29074.94, 29077.50, 29077.88, 2252, 2248, 0.00, 0.00
2026-9-1, 08:45:04.429000, 29076.75, 29127.25, 29074.75, 29105.25, 4500, 4247, 29096.00, 29102.42, 29101.00, 2120, 2380, 0.00, 0.00
2026-9-1, 08:46:45.391000, 29106.00, 29143.00, 29103.25, 29113.75, 4500, 4273, 29116.50, 29120.00, 29123.13, 2248, 2252, 0.00, 0.00
2026-9-1, 08:49:02.067000, 29113.75, 29158.00, 29110.75, 29136.25, 4500, 4285, 29129.69, 29135.00, 29134.38, 2096, 2404, 0.00, 0.00
2026-9-1, 08:51:12.703002, 29136.25, 29146.75, 29106.00, 29107.50, 4500, 4275, 29124.13, 29120.08, 29126.38, 2351, 2149, 0.00, 0.00
2026-9-1, 08:54:17.352000, 29108.00, 29130.00, 29095.00, 29102.75, 4500, 4228, 29108.94, 29109.25, 29112.50, 2415, 2085, 0.00, 0.00
2026-9-1, 08:57:38.454000, 29103.25, 29132.75, 29091.25, 29102.25, 4500, 4197, 29107.38, 29108.75, 29112.00, 2345, 2155, 0.00, 0.00
2026-9-1, 09:00:55.665000, 29102.25, 29138.25, 29085.25, 29100.00, 4500, 4204, 29106.44, 29107.83, 29111.75, 2265, 2235, 0.00, 0.00
2026-9-1, 09:02:55.412000, 29100.25, 29137.25, 29094.50, 29137.25, 4500, 4308, 29117.31, 29123.00, 29115.88, 2180, 2320, 0.00, 0.00
2026-9-1, 09:06:52.352002, 29137.25, 29161.75, 29134.00, 29156.25, 4500, 4248, 29147.31, 29150.67, 29147.88, 2047, 2453, 0.00, 0.00
2026-9-1, 09:09:50.025000, 29155.50, 29160.00, 29119.00, 29122.00, 4500, 4289, 29139.13, 29133.67, 29139.50, 2409, 2091, 0.00, 0.00
2026-9-1, 09:13:11.578000, 29122.00, 29171.75, 29116.00, 29154.25, 4500, 4349, 29141.00, 29147.33, 29143.88, 2057, 2443, 0.00, 0.00
2026-9-1, 09:15:54.094000, 29153.50, 29174.25, 29135.50, 29140.75, 4500, 4245, 29151.00, 29150.17, 29154.88, 2342, 2158, 0.00, 0.00
2026-9-1, 09:19:27.327000, 29141.00, 29179.50, 29140.00, 29165.50, 4500, 4202, 29156.50, 29161.67, 29159.75, 1985, 2515, 0.00, 0.00
2026-9-1, 09:23:24.246000, 29166.25, 29178.00, 29152.50, 29160.75, 4500, 4228, 29164.38, 29163.75, 29165.25, 2257, 2243, 0.00, 0.00
2026-9-1, 09:28:20.755000, 29160.75, 29208.75, 29155.75, 29206.00, 4500, 4117, 29182.81, 29190.17, 29182.25, 1933, 2567, 0.00, 0.00
2026-9-1, 09:31:45.307003, 29206.00, 29215.00, 29195.00, 29207.75, 4500, 4112, 29205.94, 29205.92, 29205.00, 2229, 2271, 0.00, 0.00
2026-9-1, 09:35:55.106000, 29207.00, 29215.00, 29196.50, 29212.50, 4500, 4246, 29207.75, 29208.00, 29205.75, 2319, 2181, 0.00, 0.00
2026-9-1, 09:40:36.932000, 29212.50, 29229.75, 29209.50, 29228.50, 4500, 4125, 29220.06, 29222.58, 29219.63, 2174, 2326, 0.00, 0.00
2026-9-1, 09:44:55.035003, 29228.50, 29261.25, 29224.25, 29261.25, 4500, 4083, 29243.81, 29248.92, 29242.75, 1845, 2655, 0.00, 0.00
2026-9-1, 09:48:23.919007, 29261.25, 29268.00, 29234.25, 29243.25, 4500, 4128, 29251.69, 29248.50, 29251.13, 2427, 2073, 0.00, 29273.00
2026-9-1, 09:51:33.357000, 29243.25, 29243.25, 29218.50, 29224.25, 4500, 4150, 29232.31, 29228.67, 29230.88, 2332, 2168, 0.00, 0.00
2026-9-1, 09:55:17.026001, 29224.25, 29228.00, 29207.00, 29223.75, 4500, 4221, 29220.75, 29219.58, 29217.50, 2152, 2348, 0.00, 0.00
2026-9-1, 09:59:46.518005, 29223.75, 29241.50, 29201.75, 29202.25, 4500, 4227, 29217.31, 29215.17, 29221.63, 2258, 2242, 0.00, 0.00
2026-9-1, 10:04:21.003000, 29202.50, 29216.00, 29182.75, 29182.75, 4500, 4182, 29196.00, 29193.83, 29199.38, 2376, 2124, 0.00, 0.00
2026-9-1, 10:08:30.757011, 29182.75, 29199.75, 29180.25, 29188.75, 4500, 4260, 29187.88, 29189.58, 29190.00, 2111, 2389, 0.00, 0.00
2026-9-1, 10:14:08.874000, 29188.50, 29205.50, 29178.25, 29198.00, 4500, 4210, 29192.56, 29193.92, 29191.88, 2134, 2366, 0.00, 0.00
2026-9-1, 10:20:41.428001, 29198.00, 29221.50, 29186.25, 29216.00, 4500, 4181, 29205.44, 29207.92, 29203.88, 2161, 2339, 0.00, 0.00
2026-9-1, 10:27:18.921002, 29216.00, 29245.25, 29207.75, 29233.75, 4500, 4051, 29225.69, 29228.92, 29226.50, 2091, 2409, 0.00, 0.00
2026-9-1, 10:31:41.720000, 29233.50, 29256.75, 29226.00, 29256.00, 4500, 4205, 29243.06, 29246.25, 29241.38, 2092, 2408, 0.00, 0.00
2026-9-1, 10:38:05.874003, 29256.00, 29282.75, 29255.75, 29274.50, 4500, 3977, 29267.25, 29271.00, 29269.25, 2060, 2440, 0.00, 0.00
2026-9-1, 10:41:40.294011, 29274.50, 29295.50, 29267.25, 29291.75, 4500, 3967, 29282.25, 29284.83, 29281.38, 2055, 2445, 0.00, 0.00
2026-9-1, 10:45:52.336009, 29291.75, 29317.50, 29291.25, 29317.50, 4500, 3871, 29304.50, 29308.75, 29304.38, 1978, 2522, 0.00, 0.00
2026-9-1, 10:49:22.944016, 29317.50, 29317.75, 29295.25, 29309.00, 4500, 4204, 29309.88, 29307.33, 29306.50, 2364, 2136, 0.00, 29322.75
2026-9-1, 10:54:38.237000, 29309.50, 29311.25, 29287.00, 29287.00, 4500, 4230, 29298.69, 29295.08, 29299.13, 2366, 2134, 0.00, 0.00
2026-9-1, 11:01:05.409003, 29287.00, 29290.00, 29258.00, 29259.75, 4500, 3985, 29273.69, 29269.25, 29274.00, 2535, 1965, 0.00, 0.00
2026-9-1, 11:06:40.134000, 29259.75, 29273.00, 29244.75, 29261.75, 4500, 4100, 29259.81, 29259.83, 29258.88, 2245, 2255, 0.00, 0.00
2026-9-1, 11:12:31.155001, 29261.75, 29263.00, 29223.25, 29225.00, 4500, 4022, 29243.25, 29237.08, 29243.13, 2355, 2145, 0.00, 0.00
2026-9-1, 11:17:33.440004, 29225.00, 29226.50, 29181.25, 29181.25, 4500, 4038, 29203.50, 29196.33, 29203.88, 2411, 2089, 0.00, 0.00
2026-9-1, 11:20:55.179000, 29181.25, 29195.50, 29170.50, 29190.25, 4500, 4138, 29184.38, 29185.42, 29183.00, 2203, 2297, 0.00, 0.00
2026-9-1, 11:23:23.930006, 29190.25, 29209.75, 29172.00, 29178.00, 4500, 4128, 29187.50, 29186.58, 29190.88, 2333, 2167, 0.00, 0.00
2026-9-1, 11:26:58.326000, 29177.25, 29184.50, 29162.75, 29181.50, 4500, 4113, 29176.50, 29176.25, 29173.63, 2091, 2409, 0.00, 0.00
2026-9-1, 11:30:11.550001, 29181.25, 29182.00, 29140.50, 29151.75, 4500, 4006, 29163.88, 29158.08, 29161.25, 2447, 2053, 0.00, 0.00
2026-9-1, 11:33:13.308001, 29152.00, 29158.50, 29131.25, 29140.25, 4500, 4187, 29145.50, 29143.33, 29144.88, 2182, 2318, 0.00, 0.00
2026-9-1, 11:37:45.641000, 29140.00, 29168.75, 29139.25, 29152.25, 4500, 4188, 29150.06, 29153.42, 29154.00, 2066, 2434, 0.00, 0.00
2026-9-1, 11:42:30.588000, 29152.25, 29158.50, 29133.00, 29158.50, 4500, 4056, 29150.56, 29150.00, 29145.75, 2147, 2353, 0.00, 0.00
2026-9-1, 11:49:19.954003, 29158.50, 29186.25, 29151.75, 29179.75, 4500, 4132, 29169.06, 29172.58, 29169.00, 2070, 2430, 0.00, 0.00
2026-9-1, 11:56:18.319001, 29179.75, 29197.25, 29157.50, 29158.75, 4500, 4244, 29173.31, 29171.17, 29177.38, 2335, 2165, 0.00, 0.00
2026-9-1, 12:02:05.422002, 29158.75, 29164.50, 29138.75, 29149.00, 4500, 4206, 29152.75, 29150.75, 29151.63, 2220, 2280, 0.00, 0.00
2026-9-1, 12:09:57.008000, 29149.25, 29165.50, 29133.75, 29135.25, 4500, 4096, 29145.94, 29144.83, 29149.63, 2300, 2200, 0.00, 0.00
2026-9-1, 12:16:57.397002, 29135.25, 29150.25, 29123.50, 29123.50, 4500, 4168, 29133.13, 29132.42, 29136.88, 2310, 2190, 0.00, 0.00
2026-9-1, 12:25:46.448004, 29123.50, 29143.50, 29100.50, 29136.50, 4500, 4086, 29126.00, 29126.83, 29122.00, 2415, 2085, 0.00, 0.00
2026-9-1, 12:29:28.971000, 29137.00, 29161.75, 29133.75, 29148.50, 4500, 4286, 29145.25, 29148.00, 29147.75, 2127, 2373, 0.00, 0.00
2026-9-1, 12:37:34.385000, 29148.25, 29158.75, 29125.50, 29129.25, 4500, 4067, 29140.44, 29137.83, 29142.13, 2140, 2360, 0.00, 0.00
2026-9-1, 12:48:53.536002, 29129.25, 29138.75, 29117.75, 29127.25, 4500, 4126, 29128.25, 29127.92, 29128.25, 2157, 2343, 0.00, 0.00
2026-9-1, 12:58:26.946002, 29127.50, 29151.50, 29114.50, 29115.50, 4500, 4205, 29127.25, 29127.17, 29133.00, 2253, 2247, 0.00, 0.00
2026-9-1, 13:06:39.047000, 29115.50, 29126.00, 29094.50, 29097.75, 4500, 4040, 29108.44, 29106.08, 29110.25, 2227, 2273, 0.00, 0.00
2026-9-1, 13:15:20.597001, 29097.75, 29117.25, 29090.25, 29115.25, 4500, 4141, 29105.13, 29107.58, 29103.75, 2037, 2463, 0.00, 0.00
2026-9-1, 13:23:10.889002, 29115.25, 29118.50, 29085.25, 29088.00, 4500, 4226, 29101.75, 29097.25, 29101.88, 2283, 2217, 0.00, 29123.50
2026-9-1, 13:30:55.269000, 29087.50, 29097.00, 29067.75, 29076.00, 4500, 4147, 29082.06, 29080.25, 29082.38, 2185, 2315, 0.00, 0.00
2026-9-1, 13:36:52.047001, 29075.75, 29077.25, 29041.75, 29044.25, 4500, 4130, 29059.75, 29054.42, 29059.50, 2279, 2221, 0.00, 29082.25
2026-9-1, 13:42:27.675002, 29044.25, 29045.75, 29010.00, 29010.50, 4500, 4147, 29027.63, 29022.08, 29027.88, 2458, 2042, 0.00, 0.00
2026-9-1, 13:45:32.068000, 29011.00, 29031.25, 29002.00, 29015.00, 4500, 4013, 29014.81, 29016.08, 29016.63, 2181, 2319, 0.00, 0.00
2026-9-1, 13:48:48.545001, 29015.00, 29051.50, 29013.75, 29048.00, 4500, 4057, 29032.06, 29037.75, 29032.63, 1992, 2508, 0.00, 0.00
2026-9-1, 13:53:56.713000, 29048.25, 29081.25, 29043.00, 29080.50, 4500, 4155, 29063.25, 29068.25, 29062.13, 2185, 2315, 0.00, 0.00
2026-9-1, 13:59:11.754000, 29080.25, 29104.75, 29070.50, 29096.50, 4500, 4250, 29088.00, 29090.58, 29087.63, 2091, 2409, 0.00, 0.00
2026-9-1, 14:04:52.915001, 29096.50, 29118.50, 29088.50, 29114.25, 4500, 4196, 29104.44, 29107.08, 29103.50, 2136, 2364, 0.00, 0.00
2026-9-1, 14:11:48.410001, 29114.25, 29125.50, 29100.50, 29108.50, 4500, 4250, 29112.19, 29111.50, 29113.00, 2309, 2191, 0.00, 29130.50
2026-9-1, 14:18:42.156000, 29108.50, 29124.75, 29103.75, 29116.00, 4500, 4188, 29113.25, 29114.83, 29114.25, 2204, 2296, 0.00, 0.00
2026-9-1, 14:27:43.369000, 29115.50, 29129.25, 29093.00, 29098.50, 4500, 4190, 29109.06, 29106.92, 29111.13, 2224, 2276, 0.00, 0.00
2026-9-1, 14:33:24.363000, 29098.25, 29124.50, 29098.00, 29118.25, 4500, 4295, 29109.75, 29113.58, 29111.25, 2069, 2431, 0.00, 0.00
2026-9-1, 14:41:49.238000, 29117.50, 29135.50, 29103.25, 29131.75, 4500, 4286, 29122.00, 29123.50, 29119.38, 2062, 2438, 0.00, 0.00
2026-9-1, 14:48:10.694000, 29131.75, 29141.00, 29111.25, 29118.75, 4500, 4222, 29125.69, 29123.67, 29126.13, 2307, 2193, 0.00, 0.00
2026-9-1, 14:51:58.067000, 29119.00, 29121.50, 29086.00, 29096.25, 4500, 4168, 29105.69, 29101.25, 29103.75, 2320, 2180, 0.00, 0.00
2026-9-1, 14:54:50.086001, 29096.50, 29124.25, 29095.50, 29103.25, 4500, 4202, 29104.88, 29107.67, 29109.88, 2191, 2309, 0.00, 0.00
2026-9-1, 14:57:44.019000, 29102.75, 29124.50, 29101.00, 29124.25, 4500, 3922, 29113.13, 29116.58, 29112.75, 1834, 2666, 0.00, 0.00
2026-9-1, 14:59:23.626000, 29124.25, 29131.25, 29119.50, 29125.75, 4500, 3812, 29125.19, 29125.50, 29125.38, 1953, 2547, 0.00, 0.00
2026-9-1, 14:59:50.448002, 29125.75, 29139.75, 29120.50, 29139.00, 4500, 3931, 29131.25, 29133.08, 29130.13, 2236, 2264, 0.00, 0.00
2026-9-1, 15:00:02.336001, 29139.00, 29158.00, 29119.00, 29120.00, 4500, 3988, 29134.00, 29132.33, 29138.50, 2214, 2286, 0.00, 29163.00
2026-9-1, 15:01:48.020000, 29120.50, 29145.00, 29113.50, 29128.00, 4500, 3860, 29126.75, 29128.83, 29129.25, 2131, 2369, 0.00, 0.00
2026-9-1, 15:10:06.848000, 29128.50, 29159.00, 29120.25, 29135.25, 4500, 3997, 29135.75, 29138.17, 29139.63, 2263, 2237, 0.00, 0.00
2026-9-1, 15:40:45.897002, 29135.25, 29155.25, 29102.25, 29114.75, 4500, 3983, 29126.88, 29124.08, 29128.75, 2100, 2400, 0.00, 0.00
2026-9-1, 17:29:03.724000, 29114.75, 29148.25, 29111.00, 29139.25, 4500, 4233, 29128.31, 29132.83, 29129.63, 2174, 2326, 29106.00, 0.00
2026-9-1, 19:01:30.246000, 29140.75, 29170.00, 29106.00, 29140.50, 4500, 4305, 29139.31, 29138.83, 29138.00, 2198, 2302, 0.00, 0.00
2026-9-1, 19:25:25.518005, 29140.25, 29149.00, 29097.25, 29110.75, 4500, 4201, 29124.31, 29119.00, 29123.13, 2313, 2187, 0.00, 0.00
2026-9-1, 20:01:40.072000, 29110.00, 29129.50, 29086.75, 29116.50, 4500, 4117, 29110.69, 29110.92, 29108.13, 2170, 2330, 0.00, 0.00
2026-9-1, 20:34:22.676002, 29116.50, 29122.75, 29047.75, 29071.50, 4500, 3926, 29089.63, 29080.67, 29085.25, 2404, 2096, 0.00, 0.00
2026-9-1, 20:59:02.271003, 29071.25, 29100.00, 29044.50, 29073.25, 4500, 4198, 29072.25, 29072.58, 29072.25, 2228, 2272, 0.00, 0.00
2026-9-1, 21:40:24.461000, 29073.75, 29092.25, 29053.75, 29054.50, 4500, 4248, 29068.56, 29066.83, 29073.00, 2272, 2228, 0.00, 0.00
2026-9-1, 22:50:00.035000, 29054.25, 29065.00, 29035.50, 29040.25, 4500, 4221, 29048.75, 29046.92, 29050.25, 2226, 2274, 0.00, 0.00
2026-9-2, 00:08:17.619000, 29040.25, 29104.25, 29038.75, 29070.50, 4500, 4061, 29063.44, 29071.17, 29071.50, 2301, 2199, 0.00, 0.00
2026-9-2, 00:57:00.175000, 29071.00, 29080.50, 29016.50, 29038.00, 4500, 4233, 29051.50, 29045.00, 29048.50, 2372, 2128, 0.00, 0.00
2026-9-2, 01:36:58.806000, 29037.00, 29120.75, 29029.25, 29116.25, 4500, 4205, 29075.81, 29088.75, 29075.00, 2166, 2334, 0.00, 0.00
2026-9-2, 02:11:03.729000, 29115.75, 29117.00, 29050.00, 29077.00, 4500, 4232, 29089.94, 29081.33, 29083.50, 2316, 2184, 0.00, 0.00
2026-9-2, 02:56:18.153000, 29078.00, 29097.25, 29035.50, 29047.75, 4500, 4194, 29064.63, 29060.17, 29066.38, 2311, 2189, 0.00, 0.00
2026-9-2, 03:40:00.788005, 29047.50, 29055.00, 28954.50, 28985.75, 4500, 4110, 29010.69, 28998.42, 29004.75, 2425, 2075, 0.00, 0.00
2026-9-2, 04:02:26.008000, 28985.75, 29027.50, 28950.00, 28950.00, 4500, 4197, 28978.31, 28975.83, 28988.75, 2400, 2100, 0.00, 0.00
2026-9-2, 04:33:09.293024, 28950.00, 28979.50, 28940.50, 28973.25, 4500, 4073, 28960.81, 28964.42, 28960.00, 2169, 2331, 0.00, 0.00
2026-9-2, 05:14:00.353007, 28973.25, 28996.00, 28952.50, 28952.50, 4500, 4140, 28968.56, 28967.00, 28974.25, 2273, 2227, 0.00, 0.00
2026-9-2, 06:00:58.862000, 28952.75, 29005.50, 28927.25, 29005.50, 4500, 3982, 28972.75, 28979.42, 28966.38, 2176, 2324, 0.00, 0.00
2026-9-2, 06:14:38.340001, 29005.50, 29055.00, 28992.50, 29052.50, 4500, 4143, 29026.38, 29033.33, 29023.75, 2095, 2405, 0.00, 0.00
2026-9-2, 06:35:16.172000, 29052.50, 29084.50, 29022.50, 29077.50, 4500, 4048, 29059.25, 29061.50, 29053.50, 2198, 2302, 0.00, 0.00
2026-9-2, 07:00:13.075001, 29077.50, 29124.25, 29074.50, 29111.25, 4500, 3890, 29096.88, 29103.33, 29099.38, 2132, 2368, 0.00, 0.00
2026-9-2, 07:15:34.793010, 29111.25, 29149.50, 29094.75, 29110.50, 4500, 4031, 29116.50, 29118.25, 29122.13, 2118, 2382, 0.00, 0.00
2026-9-2, 07:27:49.434004, 29110.50, 29113.50, 29056.75, 29060.00, 4500, 4018, 29085.19, 29076.75, 29085.13, 2317, 2183, 0.00, 0.00
2026-9-2, 07:48:57.189000, 29060.25, 29061.75, 29032.75, 29058.25, 4500, 4259, 29053.25, 29050.92, 29047.25, 2266, 2234, 0.00, 0.00
2026-9-2, 08:06:09.536000, 29058.75, 29092.50, 29055.00, 29089.75, 4500, 4176, 29074.00, 29079.08, 29073.75, 2144, 2356, 0.00, 0.00
2026-9-2, 08:26:40.119000, 29089.25, 29115.25, 29084.75, 29098.50, 2624, 2367, 29096.94, 29099.50, 29100.00, 1136, 1488, 0.00, 0.00
2026-9-2, 08:30:00.000000, 29098.75, 29102.75, 29042.75, 29061.75, 4500, 4373, 29076.50, 29069.08, 29072.75, 2406, 2094, 0.00, 0.00
2026-9-2, 08:30:41.820002, 29061.75, 29083.50, 29044.50, 29049.50, 4500, 4375, 29059.81, 29059.17, 29064.00, 2278, 2222, 0.00, 0.00
2026-9-2, 08:31:55.585007, 29049.50, 29087.25, 29045.25, 29063.50, 4500, 4320, 29061.38, 29065.33, 29066.25, 2170, 2330, 0.00, 0.00
2026-9-2, 08:33:53.554000, 29063.25, 29090.50, 29057.75, 29064.00, 4500, 4346, 29068.88, 29070.75, 29074.13, 2201, 2299, 0.00, 0.00
2026-9-2, 08:36:04.976000, 29062.25, 29070.75, 29036.50, 29049.00, 4500, 4264, 29054.63, 29052.08, 29053.63, 2376, 2124, 0.00, 0.00
2026-9-2, 08:38:06.055002, 29049.00, 29102.25, 29039.50, 29102.25, 4500, 4262, 29073.25, 29081.33, 29070.88, 1954, 2546, 0.00, 0.00
2026-9-2, 08:40:29.960002, 29102.50, 29119.00, 29091.50, 29111.75, 4500, 4292, 29106.19, 29107.42, 29105.25, 2109, 2391, 0.00, 0.00
2026-9-2, 08:42:59.512001, 29111.75, 29112.75, 29071.75, 29075.00, 4500, 4282, 29092.81, 29086.50, 29092.25, 2537, 1963, 0.00, 0.00
2026-9-2, 08:45:56.178000, 29075.00, 29086.00, 29049.75, 29073.50, 4500, 4212, 29071.06, 29069.75, 29067.88, 2279, 2221, 0.00, 0.00
2026-9-2, 08:48:19.866000, 29072.50, 29082.50, 29041.75, 29048.00, 4500, 4156, 29061.19, 29057.42, 29062.13, 2285, 2215, 0.00, 0.00
2026-9-2, 08:51:27.078032, 29048.00, 29063.75, 29035.00, 29040.00, 4500, 4262, 29046.69, 29046.25, 29049.38, 2311, 2189, 0.00, 0.00
2026-9-2, 08:54:19.617001, 29039.75, 29050.25, 29017.25, 29050.25, 4500, 4304, 29039.38, 29039.25, 29033.75, 2349, 2151, 0.00, 0.00
2026-9-2, 08:56:47.234000, 29049.00, 29057.25, 29024.25, 29054.75, 4500, 4213, 29046.31, 29045.42, 29040.75, 2320, 2180, 0.00, 0.00
2026-9-2, 08:59:48.470000, 29055.00, 29067.75, 29044.25, 29051.75, 4500, 4239, 29054.69, 29054.58, 29056.00, 2237, 2263, 0.00, 0.00
2026-9-2, 09:02:20.054000, 29052.00, 29087.00, 29032.25, 29087.00, 4500, 4259, 29064.56, 29068.75, 29059.63, 2146, 2354, 0.00, 0.00
2026-9-2, 09:05:10.087000, 29086.25, 29109.75, 29079.75, 29098.50, 4500, 4251, 29093.56, 29096.00, 29094.75, 2164, 2336, 0.00, 0.00
2026-9-2, 09:08:28.602001, 29098.50, 29125.00, 29088.50, 29109.00, 4500, 4279, 29105.25, 29107.50, 29106.75, 2104, 2396, 0.00, 0.00
2026-9-2, 09:11:27.969000, 29108.75, 29126.25, 29088.00, 29119.50, 4500, 4277, 29110.63, 29111.25, 29107.13, 2131, 2369, 0.00, 0.00
2026-9-2, 09:14:34.844004, 29119.50, 29144.50, 29118.25, 29144.50, 4500, 4318, 29131.69, 29135.75, 29131.38, 2019, 2481, 0.00, 0.00
2026-9-2, 09:17:20.209001, 29144.50, 29163.50, 29138.25, 29158.25, 4500, 4123, 29151.13, 29153.33, 29150.88, 2123, 2377, 0.00, 0.00
2026-9-2, 09:20:03.909001, 29158.00, 29183.25, 29149.25, 29181.75, 4500, 4064, 29168.06, 29171.42, 29166.25, 2169, 2331, 0.00, 0.00
2026-9-2, 09:22:42.248000, 29181.50, 29188.50, 29160.25, 29173.00, 4500, 4095, 29175.81, 29173.92, 29174.38, 2368, 2132, 0.00, 0.00
2026-9-2, 09:26:12.165000, 29173.00, 29193.00, 29171.50, 29184.00, 4500, 4207, 29180.38, 29182.83, 29182.25, 2052, 2448, 0.00, 0.00
2026-9-2, 09:30:10.582002, 29183.75, 29196.50, 29172.25, 29193.75, 4500, 4167, 29186.56, 29187.50, 29184.38, 2243, 2257, 0.00, 29201.50
2026-9-2, 09:34:14.889030, 29193.75, 29213.00, 29191.25, 29198.00, 4500, 4171, 29199.00, 29200.75, 29202.13, 2147, 2353, 0.00, 0.00
2026-9-2, 09:37:26.086000, 29197.75, 29200.75, 29168.50, 29182.00, 4500, 4176, 29187.25, 29183.75, 29184.63, 2370, 2130, 0.00, 29205.75
2026-9-2, 09:42:00.321004, 29182.00, 29203.00, 29175.00, 29178.25, 4500, 4061, 29184.56, 29185.42, 29189.00, 2242, 2258, 0.00, 0.00
2026-9-2, 09:47:15.430000, 29178.75, 29178.75, 29140.00, 29142.75, 4500, 4214, 29160.06, 29153.83, 29159.38, 2555, 1945, 0.00, 0.00
2026-9-2, 09:51:07.650000, 29143.75, 29154.25, 29121.75, 29135.75, 4500, 4222, 29138.88, 29137.25, 29138.00, 2436, 2064, 0.00, 0.00
2026-9-2, 09:55:20.286002, 29135.75, 29140.75, 29111.25, 29111.75, 4500, 4283, 29124.88, 29121.25, 29126.00, 2390, 2110, 0.00, 0.00
2026-9-2, 10:00:15.764000, 29112.50, 29145.75, 29106.25, 29140.75, 4500, 4200, 29126.31, 29130.92, 29126.00, 2020, 2480, 0.00, 0.00
2026-9-2, 10:04:06.272003, 29140.75, 29153.50, 29124.75, 29141.00, 4500, 4237, 29140.00, 29139.75, 29139.13, 2157, 2343, 0.00, 0.00
2026-9-2, 10:08:02.666003, 29141.00, 29168.50, 29138.00, 29147.00, 4500, 4205, 29148.63, 29151.17, 29153.25, 2127, 2373, 0.00, 0.00
2026-9-2, 10:12:58.879001, 29147.00, 29176.50, 29140.50, 29173.50, 4500, 4267, 29159.38, 29163.50, 29158.50, 2108, 2392, 0.00, 0.00
2026-9-2, 10:18:27.773000, 29173.00, 29189.25, 29167.25, 29180.00, 4500, 4285, 29177.38, 29178.83, 29178.25, 2295, 2205, 0.00, 0.00
2026-9-2, 10:25:02.555000, 29180.00, 29208.50, 29177.50, 29196.50, 4500, 4169, 29190.63, 29194.17, 29193.00, 2175, 2325, 0.00, 0.00
2026-9-2, 10:30:51.652001, 29196.50, 29202.75, 29179.50, 29191.25, 4500, 4088, 29192.50, 29191.17, 29191.13, 2348, 2152, 0.00, 0.00
2026-9-2, 10:36:08.643001, 29191.25, 29202.50, 29171.50, 29177.00, 4500, 4250, 29185.56, 29183.67, 29187.00, 2367, 2133, 0.00, 0.00
2026-9-2, 10:42:31.985000, 29176.50, 29187.50, 29149.00, 29154.50, 4500, 4161, 29166.88, 29163.67, 29168.25, 2411, 2089, 0.00, 0.00
2026-9-2, 10:48:56.217000, 29154.00, 29166.00, 29136.00, 29152.50, 4500, 4246, 29152.13, 29151.50, 29151.00, 2179, 2321, 0.00, 0.00
2026-9-2, 10:55:05.329000, 29152.75, 29190.75, 29141.00, 29186.00, 4500, 4271, 29167.63, 29172.58, 29165.88, 2086, 2414, 0.00, 0.00
2026-9-2, 11:01:17.457000, 29186.25, 29198.50, 29173.50, 29193.25, 4500, 4152, 29187.88, 29188.42, 29186.00, 2249, 2251, 0.00, 0.00
2026-9-2, 11:10:58.135000, 29193.50, 29195.00, 29159.25, 29165.50, 4500, 4272, 29178.31, 29173.25, 29177.13, 2433, 2067, 0.00, 0.00
2026-9-2, 11:21:20.683001, 29165.50, 29172.25, 29142.25, 29154.25, 4500, 4181, 29158.56, 29156.25, 29157.25, 2393, 2107, 0.00, 0.00
2026-9-2, 11:31:05.066002, 29154.25, 29175.25, 29151.50, 29152.50, 4500, 4324, 29158.38, 29159.75, 29163.38, 2093, 2407, 0.00, 0.00
2026-9-2, 11:40:29.355002, 29152.75, 29159.50, 29137.50, 29143.50, 4500, 4252, 29148.31, 29146.83, 29148.50, 2165, 2335, 0.00, 0.00
2026-9-2, 11:51:54.417000, 29143.00, 29175.00, 29137.00, 29171.00, 4500, 4308, 29156.50, 29161.00, 29156.00, 2161, 2339, 0.00, 0.00
2026-9-2, 12:01:47.847000, 29171.00, 29182.50, 29128.00, 29128.00, 4500, 4213, 29152.38, 29146.17, 29155.25, 2359, 2141, 0.00, 0.00
2026-9-2, 12:09:42.601001, 29128.00, 29153.00, 29125.25, 29127.75, 4500, 4220, 29133.50, 29135.33, 29139.13, 2217, 2283, 0.00, 0.00
2026-9-2, 12:19:10.317010, 29127.75, 29154.50, 29126.00, 29151.75, 4500, 4257, 29140.00, 29144.08, 29140.25, 2074, 2426, 0.00, 0.00
2026-9-2, 12:29:07.372002, 29151.75, 29155.25, 29130.25, 29130.50, 4500, 4201, 29141.94, 29138.67, 29142.75, 2310, 2190, 0.00, 0.00
2026-9-2, 12:41:10.114004, 29130.50, 29173.75, 29127.50, 29170.00, 4500, 4274, 29150.44, 29157.08, 29150.63, 1980, 2520, 0.00, 0.00
2026-9-2, 12:46:46.818000, 29170.50, 29172.25, 29142.50, 29160.25, 4500, 4334, 29161.38, 29158.33, 29157.38, 2311, 2189, 0.00, 29177.25
2026-9-2, 12:57:29.762000, 29160.25, 29168.75, 29135.75, 29165.25, 4500, 4355, 29157.50, 29156.58, 29152.25, 2333, 2167, 0.00, 0.00
2026-9-2, 13:05:50.133003, 29165.25, 29166.00, 29137.75, 29150.50, 4500, 4263, 29154.88, 29151.42, 29151.88, 2375, 2125, 0.00, 0.00
2026-9-2, 13:16:34.041000, 29150.75, 29199.75, 29146.00, 29172.00, 4500, 4329, 29167.13, 29172.58, 29172.88, 2065, 2435, 0.00, 0.00
2026-9-2, 13:20:19.501000, 29171.75, 29176.50, 29155.00, 29161.00, 4500, 4325, 29166.06, 29164.17, 29165.75, 2343, 2157, 0.00, 0.00
2026-9-2, 13:30:27.565000, 29161.00, 29175.00, 29138.75, 29140.00, 4500, 4329, 29153.69, 29151.25, 29156.88, 2382, 2118, 0.00, 0.00
2026-9-2, 13:40:23.839000, 29139.75, 29153.25, 29130.25, 29151.50, 4500, 4308, 29143.69, 29145.00, 29141.75, 2190, 2310, 0.00, 0.00
2026-9-2, 13:50:05.708020, 29151.50, 29154.25, 29134.25, 29146.00, 4500, 4320, 29146.50, 29144.83, 29144.25, 2276, 2224, 0.00, 0.00
2026-9-2, 14:02:26.717000, 29146.25, 29172.00, 29142.50, 29169.75, 4500, 4195, 29157.63, 29161.42, 29157.25, 2127, 2373, 0.00, 0.00
2026-9-2, 14:14:10.559000, 29169.75, 29170.50, 29150.00, 29154.50, 4500, 4308, 29161.19, 29158.33, 29160.25, 2275, 2225, 0.00, 0.00
2026-9-2, 14:26:32.406000, 29154.25, 29175.00, 29154.25, 29162.00, 4500, 4266, 29161.38, 29163.75, 29164.63, 2095, 2405, 0.00, 0.00
2026-9-2, 14:36:28.593000, 29161.75, 29183.75, 29155.25, 29178.50, 4500, 4215, 29169.81, 29172.50, 29169.50, 2124, 2376, 0.00, 0.00
2026-9-2, 14:46:38.073000, 29178.25, 29191.75, 29170.50, 29172.75, 4500, 4198, 29178.31, 29178.33, 29181.13, 2166, 2334, 0.00, 0.00
2026-9-2, 14:53:01.411001, 29172.75, 29197.25, 29171.00, 29182.50, 4500, 4310, 29180.88, 29183.58, 29184.13, 1966, 2534, 0.00, 0.00
2026-9-2, 14:57:26.132000, 29182.25, 29194.00, 29179.75, 29182.25, 4500, 4097, 29184.56, 29185.33, 29186.88, 2154, 2346, 0.00, 0.00
2026-9-2, 14:59:45.965205, 29182.25, 29202.25, 29178.50, 29196.00, 4500, 4020, 29189.75, 29192.25, 29190.38, 2257, 2243, 0.00, 0.00
2026-9-2, 15:00:09.237000, 29196.00, 29212.00, 29187.75, 29196.50, 4500, 4050, 29198.06, 29198.75, 29199.88, 2289, 2211, 0.00, 0.00
2026-9-2, 15:13:58.348021, 29196.50, 29199.50, 29139.75, 29159.25, 4500, 4021, 29173.75, 29166.17, 29169.63, 2424, 2076, 0.00, 0.00
2026-9-2, 15:25:19.350002, 29159.25, 29183.75, 29139.25, 29166.00, 4500, 4297, 29162.06, 29163.00, 29161.50, 2218, 2282, 0.00, 0.00
2026-9-2, 17:10:48.224002, 29166.00, 29208.75, 29164.25, 29169.00, 4500, 4114, 29177.00, 29180.67, 29186.50, 2274, 2226, 0.00, 0.00
2026-9-2, 18:21:35.342016, 29168.75, 29213.00, 29167.50, 29179.25, 4500, 4181, 29182.13, 29186.58, 29190.25, 2224, 2276, 0.00, 0.00
2026-9-2, 19:10:19.507003, 29179.50, 29188.50, 29141.00, 29160.00, 4500, 4181, 29167.25, 29163.17, 29164.75, 2351, 2149, 0.00, 0.00
2026-9-2, 20:03:42.784017, 29160.25, 29200.75, 29156.50, 29193.00, 4500, 4060, 29177.63, 29183.42, 29178.63, 2037, 2463, 0.00, 0.00
2026-9-2, 20:33:58.663001, 29193.25, 29199.25, 29132.75, 29185.25, 4500, 4172, 29177.63, 29172.42, 29166.00, 2347, 2153, 0.00, 0.00
2026-9-2, 21:12:58.404000, 29185.50, 29202.50, 29167.50, 29202.50, 4500, 4109, 29189.50, 29190.83, 29185.00, 2095, 2405, 0.00, 0.00
2026-9-2, 22:13:58.537000, 29203.00, 29243.00, 29199.50, 29231.25, 4500, 4160, 29219.19, 29224.58, 29221.25, 2077, 2423, 0.00, 0.00
2026-9-2, 23:05:04.330004, 29231.75, 29255.00, 29179.50, 29181.25, 4500, 4087, 29211.88, 29205.25, 29217.25, 2461, 2039, 0.00, 0.00
2026-9-3, 00:04:44.859000, 29181.75, 29182.00, 29100.25, 29100.25, 4500, 3894, 29141.06, 29127.50, 29141.13, 2568, 1932, 0.00, 0.00
2026-9-3, 00:21:17.289003, 29100.25, 29133.00, 29075.00, 29131.75, 4500, 3927, 29110.00, 29113.25, 29104.00, 2279, 2221, 0.00, 0.00
2026-9-3, 00:34:20.858001, 29131.75, 29188.50, 29118.50, 29185.75, 4500, 4081, 29156.13, 29164.25, 29153.50, 2133, 2367, 0.00, 0.00
2026-9-3, 00:56:53.185000, 29185.50, 29203.25, 29161.00, 29175.50, 4500, 4138, 29181.31, 29179.92, 29182.13, 2382, 2118, 0.00, 0.00
2026-9-3, 01:32:28.983000, 29176.75, 29233.00, 29159.50, 29196.50, 4500, 4215, 29191.44, 29196.33, 29196.25, 2160, 2340, 0.00, 0.00
2026-9-3, 02:12:50.594000, 29196.25, 29245.50, 29178.50, 29191.75, 4500, 4201, 29203.00, 29205.25, 29212.00, 2328, 2172, 0.00, 0.00
2026-9-3, 02:50:41.083000, 29192.00, 29282.25, 29182.75, 29274.50, 4500, 4278, 29232.88, 29246.50, 29232.50, 2054, 2446, 0.00, 0.00
2026-9-3, 03:06:08.311000, 29274.25, 29292.75, 29232.75, 29245.00, 4500, 4328, 29261.19, 29256.83, 29262.75, 2501, 1999, 0.00, 0.00
2026-9-3, 03:25:30.275001, 29245.00, 29264.00, 29211.00, 29222.00, 4500, 4240, 29235.50, 29232.33, 29237.50, 2440, 2060, 0.00, 0.00
2026-9-3, 04:14:14.739001, 29222.00, 29225.75, 29132.25, 29132.75, 4500, 4295, 29178.19, 29163.58, 29179.00, 2301, 2199, 0.00, 0.00
2026-9-3, 04:58:33.680007, 29132.75, 29158.50, 29119.25, 29128.75, 4500, 4291, 29134.81, 29135.50, 29138.88, 2164, 2336, 0.00, 0.00
2026-9-3, 05:34:19.075000, 29129.25, 29170.75, 29105.50, 29159.75, 4500, 4255, 29141.31, 29145.33, 29138.13, 2092, 2408, 0.00, 0.00
2026-9-3, 06:09:00.226003, 29159.50, 29186.75, 29111.25, 29154.50, 4500, 4179, 29153.00, 29150.83, 29149.00, 2287, 2213, 0.00, 0.00
2026-9-3, 06:38:51.810001, 29154.50, 29154.50, 29101.00, 29114.25, 4500, 4093, 29131.06, 29123.25, 29127.75, 2175, 2325, 0.00, 0.00
2026-9-3, 07:04:03.942000, 29114.50, 29152.50, 29105.75, 29152.50, 4500, 4195, 29131.31, 29136.92, 29129.13, 2076, 2424, 0.00, 0.00
2026-9-3, 07:30:00.733000, 29153.25, 29244.00, 29152.00, 29208.00, 4500, 4025, 29189.31, 29201.33, 29198.00, 2132, 2368, 0.00, 0.00
2026-9-3, 07:34:00.015000, 29208.00, 29214.75, 29179.00, 29191.50, 4500, 4206, 29198.31, 29195.08, 29196.88, 2259, 2241, 0.00, 29219.75
2026-9-3, 07:47:07.477001, 29191.50, 29258.75, 29185.00, 29254.25, 4500, 4127, 29222.38, 29232.67, 29221.88, 2091, 2409, 0.00, 0.00
2026-9-3, 07:57:53.432000, 29254.00, 29255.75, 29194.25, 29216.50, 4500, 4205, 29230.13, 29222.17, 29225.00, 2297, 2203, 0.00, 0.00
2026-9-3, 08:07:26.585000, 29216.25, 29246.00, 29200.50, 29212.25, 4500, 4211, 29218.75, 29219.58, 29223.25, 2195, 2305, 0.00, 0.00
2026-9-3, 08:21:59.508007, 29212.25, 29253.75, 29208.50, 29249.00, 3668, 3435, 29230.88, 29237.08, 29231.13, 1800, 1868, 0.00, 0.00
2026-9-3, 08:30:00.000000, 29249.50, 29278.50, 29240.25, 29272.75, 4500, 4284, 29260.25, 29263.83, 29259.38, 2169, 2331, 0.00, 0.00
2026-9-3, 08:30:32.404001, 29273.00, 29284.50, 29246.75, 29252.75, 4500, 4307, 29264.25, 29261.33, 29265.63, 2289, 2211, 0.00, 0.00
2026-9-3, 08:31:50.437008, 29252.75, 29256.50, 29222.25, 29243.75, 4500, 4248, 29243.81, 29240.83, 29239.38, 2206, 2294, 0.00, 0.00
2026-9-3, 08:32:58.898158, 29243.75, 29279.00, 29227.50, 29278.75, 4500, 4218, 29257.25, 29261.75, 29253.25, 2170, 2330, 0.00, 0.00
2026-9-3, 08:34:23.301000, 29278.00, 29285.00, 29246.25, 29260.25, 4500, 4260, 29267.38, 29263.83, 29265.63, 2273, 2227, 0.00, 0.00
2026-9-3, 08:35:47.941000, 29260.50, 29268.00, 29199.50, 29223.50, 4500, 4299, 29237.88, 29230.33, 29233.75, 2326, 2174, 0.00, 0.00
2026-9-3, 08:36:56.884000, 29223.25, 29275.00, 29216.50, 29273.25, 4500, 4339, 29247.00, 29254.92, 29245.75, 2212, 2288, 0.00, 0.00
2026-9-3, 08:38:20.236002, 29273.25, 29309.50, 29271.00, 29305.00, 4500, 4144, 29289.69, 29295.17, 29290.25, 1958, 2542, 0.00, 0.00
2026-9-3, 08:39:29.635000, 29304.25, 29344.75, 29302.75, 29337.25, 4500, 4207, 29322.25, 29328.25, 29323.75, 2054, 2446, 0.00, 0.00
2026-9-3, 08:40:45.523010, 29337.25, 29359.50, 29326.25, 29338.75, 4500, 4248, 29340.44, 29341.50, 29342.88, 2231, 2269, 0.00, 0.00
2026-9-3, 08:42:19.659003, 29338.75, 29341.00, 29317.00, 29332.00, 4500, 4308, 29332.19, 29330.00, 29329.00, 2293, 2207, 0.00, 0.00
2026-9-3, 08:44:46.128000, 29331.75, 29350.25, 29318.75, 29346.75, 4500, 4309, 29336.88, 29338.58, 29334.50, 2216, 2284, 0.00, 0.00
2026-9-3, 08:46:40.018000, 29347.25, 29356.00, 29333.50, 29349.25, 4500, 4310, 29346.50, 29346.25, 29344.75, 2324, 2176, 0.00, 0.00
2026-9-3, 08:49:10.604003, 29349.25, 29374.50, 29347.25, 29360.50, 4500, 4134, 29357.88, 29360.75, 29360.88, 2104, 2396, 0.00, 0.00
2026-9-3, 08:51:00.912001, 29360.50, 29375.50, 29336.50, 29339.25, 4500, 4276, 29352.94, 29350.42, 29356.00, 2303, 2197, 0.00, 0.00
2026-9-3, 08:53:28.085000, 29339.00, 29354.25, 29319.75, 29322.25, 4500, 4303, 29333.81, 29332.08, 29337.00, 2351, 2149, 0.00, 0.00
2026-9-3, 08:56:06.698004, 29322.25, 29324.00, 29296.75, 29304.75, 4500, 4185, 29311.94, 29308.50, 29310.38, 2447, 2053, 0.00, 0.00
2026-9-3, 08:58:33.638002, 29304.75, 29339.25, 29297.25, 29319.25, 4500, 4187, 29315.13, 29318.58, 29318.25, 2344, 2156, 0.00, 0.00
2026-9-3, 09:00:46.812004, 29319.00, 29324.50, 29260.00, 29260.00, 4500, 4237, 29290.88, 29281.50, 29292.25, 2518, 1982, 0.00, 0.00
2026-9-3, 09:02:14.275001, 29260.00, 29291.50, 29250.25, 29271.75, 4500, 4248, 29268.38, 29271.17, 29270.88, 2137, 2363, 0.00, 0.00
2026-9-3, 09:04:20.024000, 29272.00, 29283.25, 29259.00, 29276.25, 4500, 4231, 29272.63, 29272.83, 29271.13, 2274, 2226, 0.00, 0.00
2026-9-3, 09:07:23.582000, 29275.50, 29278.75, 29241.75, 29262.25, 4500, 4244, 29264.56, 29260.92, 29260.25, 2302, 2198, 0.00, 0.00
2026-9-3, 09:09:51.888001, 29262.00, 29299.25, 29249.50, 29299.25, 4500, 4148, 29277.50, 29282.67, 29274.38, 2101, 2399, 0.00, 0.00
2026-9-3, 09:12:33.393000, 29298.75, 29312.75, 29273.25, 29312.75, 4500, 4269, 29299.38, 29299.58, 29293.00, 2136, 2364, 0.00, 0.00
2026-9-3, 09:15:23.763000, 29312.00, 29328.25, 29307.75, 29327.25, 4500, 4149, 29318.81, 29321.08, 29318.00, 2042, 2458, 0.00, 0.00
2026-9-3, 09:17:41.022001, 29327.50, 29351.50, 29314.25, 29349.25, 4500, 4312, 29335.63, 29338.33, 29332.88, 2089, 2411, 0.00, 0.00
2026-9-3, 09:20:41.650000, 29349.50, 29364.50, 29328.25, 29353.50, 4500, 4192, 29348.94, 29348.75, 29346.38, 2275, 2225, 0.00, 0.00
2026-9-3, 09:23:40.090001, 29353.50, 29362.50, 29327.00, 29349.50, 4500, 4174, 29348.13, 29346.33, 29344.75, 2420, 2080, 0.00, 0.00
2026-9-3, 09:27:15.025002, 29349.50, 29364.25, 29338.75, 29342.00, 4500, 4271, 29348.63, 29348.33, 29351.50, 2225, 2275, 0.00, 0.00
2026-9-3, 09:31:27.346000, 29341.75, 29341.75, 29307.00, 29310.25, 4500, 4193, 29325.19, 29319.67, 29324.38, 2462, 2038, 0.00, 0.00
2026-9-3, 09:33:57.596000, 29310.75, 29319.00, 29284.00, 29297.25, 4500, 4108, 29302.75, 29300.08, 29301.50, 2392, 2108, 0.00, 0.00
2026-9-3, 09:37:17.434000, 29297.25, 29307.75, 29273.25, 29277.75, 4500, 4251, 29289.00, 29286.25, 29290.50, 2330, 2170, 0.00, 0.00
2026-9-3, 09:41:15.972000, 29277.25, 29311.50, 29275.25, 29283.50, 4500, 4211, 29286.88, 29290.08, 29293.38, 2171, 2329, 0.00, 0.00
2026-9-3, 09:45:12.586001, 29283.50, 29307.50, 29275.50, 29299.75, 4500, 4234, 29291.56, 29294.25, 29291.50, 2327, 2173, 0.00, 0.00
2026-9-3, 09:49:44.067000, 29299.75, 29313.00, 29285.25, 29301.75, 4500, 4007, 29299.94, 29300.00, 29299.13, 2281, 2219, 0.00, 0.00
2026-9-3, 09:54:23.769000, 29300.50, 29325.50, 29246.50, 29294.75, 4500, 4070, 29291.81, 29288.92, 29286.00, 2468, 2032, 0.00, 0.00
2026-9-3, 09:56:29.012001, 29295.00, 29347.00, 29287.25, 29339.75, 4500, 4301, 29317.25, 29324.67, 29317.13, 2142, 2358, 0.00, 0.00
2026-9-3, 09:59:16.453000, 29340.00, 29390.50, 29338.25, 29380.00, 4500, 4010, 29362.19, 29369.58, 29364.38, 1995, 2505, 0.00, 0.00
2026-9-3, 10:00:41.500000, 29379.50, 29404.75, 29374.25, 29403.50, 4500, 4138, 29390.50, 29394.17, 29389.50, 2285, 2215, 0.00, 0.00
2026-9-3, 10:02:59.735000, 29403.25, 29434.50, 29402.50, 29431.50, 4500, 3981, 29417.94, 29422.83, 29418.50, 2133, 2367, 0.00, 0.00
2026-9-3, 10:04:57.816000, 29431.50, 29444.50, 29425.50, 29431.50, 4500, 4023, 29433.25, 29433.83, 29435.00, 2238, 2262, 0.00, 0.00
2026-9-3, 10:07:07.346000, 29432.25, 29445.50, 29422.25, 29441.50, 4500, 4224, 29435.38, 29436.42, 29433.88, 2369, 2131, 0.00, 0.00
2026-9-3, 10:10:49.610005, 29441.50, 29466.25, 29441.25, 29451.75, 4500, 3971, 29450.19, 29453.08, 29453.75, 2344, 2156, 0.00, 0.00
2026-9-3, 10:12:51.673000, 29451.00, 29475.00, 29450.25, 29469.00, 4500, 4126, 29461.31, 29464.75, 29462.63, 2149, 2351, 0.00, 0.00
2026-9-3, 10:16:04.377003, 29469.00, 29480.00, 29462.25, 29472.50, 4500, 4122, 29470.94, 29471.58, 29471.13, 2284, 2216, 0.00, 0.00
2026-9-3, 10:19:36.087000, 29472.00, 29482.25, 29453.75, 29480.00, 4500, 4167, 29472.00, 29472.00, 29468.00, 2323, 2177, 0.00, 0.00
2026-9-3, 10:23:02.021027, 29480.00, 29496.00, 29479.00, 29490.00, 4500, 4054, 29486.25, 29488.33, 29487.50, 2114, 2386, 0.00, 0.00
2026-9-3, 10:26:12.780003, 29490.00, 29524.75, 29489.25, 29517.00, 4500, 3997, 29505.25, 29510.33, 29507.00, 2114, 2386, 0.00, 0.00
2026-9-3, 10:28:30.201000, 29517.25, 29539.50, 29513.00, 29533.75, 4500, 4202, 29525.88, 29528.75, 29526.25, 2271, 2229, 0.00, 29544.50
2026-9-3, 10:30:56.168000, 29534.00, 29542.50, 29517.75, 29524.00, 4500, 4197, 29529.56, 29528.08, 29530.13, 2404, 2096, 0.00, 0.00
2026-9-3, 10:34:14.992001, 29524.25, 29537.50, 29512.00, 29512.75, 4500, 4220, 29521.63, 29520.75, 29524.75, 2309, 2191, 0.00, 0.00
2026-9-3, 10:39:26.828000, 29512.75, 29525.00, 29503.50, 29516.75, 4500, 4060, 29514.50, 29515.08, 29514.25, 2285, 2215, 0.00, 0.00
2026-9-3, 10:44:24.530000, 29517.00, 29520.75, 29504.00, 29510.00, 4500, 4156, 29512.94, 29511.58, 29512.38, 2279, 2221, 0.00, 0.00
2026-9-3, 10:51:26.636000, 29510.00, 29534.75, 29507.50, 29529.25, 4500, 4240, 29520.38, 29523.83, 29521.13, 2127, 2373, 0.00, 0.00
2026-9-3, 10:58:43.191000, 29529.75, 29539.75, 29522.50, 29529.25, 4500, 4169, 29530.31, 29530.50, 29531.13, 2454, 2046, 0.00, 0.00
2026-9-3, 11:03:48.766001, 29529.25, 29530.25, 29503.00, 29510.50, 4500, 4154, 29518.25, 29514.58, 29516.63, 2320, 2180, 0.00, 0.00
2026-9-3, 11:10:17.152001, 29510.50, 29526.00, 29505.00, 29517.50, 4500, 4264, 29514.75, 29516.17, 29515.50, 2155, 2345, 0.00, 0.00
2026-9-3, 11:18:44.580003, 29517.50, 29529.50, 29494.50, 29497.25, 4500, 4243, 29509.69, 29507.08, 29512.00, 2488, 2012, 0.00, 0.00
2026-9-3, 11:26:41.831000, 29497.00, 29501.75, 29483.50, 29483.75, 4500, 4299, 29491.50, 29489.67, 29492.63, 2336, 2164, 0.00, 0.00
2026-9-3, 11:35:41.793000, 29483.75, 29534.50, 29483.00, 29532.50, 4500, 4312, 29508.44, 29516.67, 29508.75, 2049, 2451, 0.00, 0.00
2026-9-3, 11:42:06.098001, 29532.50, 29533.75, 29519.00, 29520.25, 4500, 4238, 29526.38, 29524.33, 29526.38, 2386, 2114, 0.00, 0.00
2026-9-3, 11:52:30.914000, 29520.00, 29544.00, 29516.50, 29531.50, 4500, 4264, 29528.00, 29530.67, 29530.25, 2024, 2476, 0.00, 0.00
2026-9-3, 12:00:08.001011, 29531.50, 29534.00, 29491.00, 29493.25, 4500, 4197, 29512.44, 29506.08, 29512.50, 2425, 2075, 0.00, 29539.00
2026-9-3, 12:10:06.668001, 29493.25, 29501.75, 29479.00, 29479.00, 4500, 4171, 29488.25, 29486.58, 29490.38, 2372, 2128, 0.00, 0.00
2026-9-3, 12:20:17.313000, 29479.25, 29508.00, 29476.00, 29504.25, 4500, 4280, 29491.88, 29496.08, 29492.00, 2122, 2378, 0.00, 0.00
2026-9-3, 12:29:57.282001, 29504.25, 29529.00, 29502.25, 29519.00, 4500, 4103, 29513.63, 29516.75, 29515.63, 2097, 2403, 0.00, 0.00
2026-9-3, 12:38:32.812006, 29518.50, 29535.00, 29514.00, 29528.50, 4500, 4233, 29524.00, 29525.83, 29524.50, 2178, 2322, 0.00, 0.00
2026-9-3, 12:48:01.523000, 29528.50, 29552.50, 29521.75, 29545.25, 4500, 4157, 29537.00, 29539.83, 29537.13, 2001, 2499, 0.00, 0.00
2026-9-3, 12:54:24.025000, 29545.50, 29564.75, 29540.00, 29564.75, 4500, 4107, 29553.75, 29556.50, 29552.38, 1966, 2534, 0.00, 0.00
2026-9-3, 13:00:55.811004, 29564.75, 29578.50, 29562.50, 29575.75, 4500, 4120, 29570.38, 29572.25, 29570.50, 2233, 2267, 0.00, 29583.50
2026-9-3, 13:06:33.659000, 29575.25, 29579.50, 29565.25, 29574.25, 4500, 3931, 29573.56, 29573.00, 29572.38, 2080, 2420, 0.00, 0.00
2026-9-3, 13:14:44.220000, 29574.50, 29584.25, 29567.75, 29570.75, 4500, 4146, 29574.31, 29574.25, 29576.00, 2077, 2423, 0.00, 0.00
2026-9-3, 13:23:08.261000, 29570.50, 29578.75, 29564.00, 29573.75, 4500, 4094, 29571.75, 29572.17, 29571.38, 2108, 2392, 0.00, 0.00
2026-9-3, 13:33:48.933002, 29573.75, 29580.00, 29559.50, 29567.75, 4500, 4189, 29570.25, 29569.08, 29569.75, 2207, 2293, 0.00, 0.00
2026-9-3, 13:46:13.594002, 29567.75, 29581.00, 29561.50, 29563.75, 4500, 4265, 29568.50, 29568.75, 29571.25, 2173, 2327, 0.00, 0.00
2026-9-3, 13:56:55.859000, 29564.00, 29570.50, 29550.00, 29550.00, 4500, 4188, 29558.63, 29556.83, 29560.25, 2272, 2228, 0.00, 0.00
2026-9-3, 14:08:07.357001, 29550.00, 29555.25, 29532.75, 29537.25, 4500, 4229, 29543.81, 29541.75, 29544.00, 2336, 2164, 0.00, 0.00
2026-9-3, 14:16:14.552000, 29537.00, 29543.50, 29530.50, 29534.75, 4500, 4280, 29536.44, 29536.25, 29537.00, 2267, 2233, 0.00, 0.00
2026-9-3, 14:23:56.835000, 29535.00, 29539.50, 29526.00, 29537.25, 4500, 4262, 29534.44, 29534.25, 29532.75, 2214, 2286, 0.00, 0.00
2026-9-3, 14:31:32.109000, 29537.75, 29540.00, 29523.75, 29538.00, 4500, 4139, 29534.88, 29533.92, 29531.88, 2273, 2227, 0.00, 0.00
2026-9-3, 14:40:32.114000, 29537.50, 29539.00, 29521.75, 29521.75, 4500, 4105, 29530.00, 29527.50, 29530.38, 2498, 2002, 0.00, 0.00
2026-9-3, 14:48:13.576002, 29521.75, 29527.00, 29509.75, 29512.25, 4500, 4205, 29517.69, 29516.33, 29518.38, 2423, 2077, 0.00, 0.00
2026-9-3, 14:53:02.143000, 29511.75, 29528.75, 29509.25, 29515.00, 4500, 4374, 29516.19, 29517.67, 29519.00, 2143, 2357, 0.00, 0.00
2026-9-3, 14:56:00.148000, 29515.50, 29524.75, 29509.75, 29515.75, 4500, 4235, 29516.44, 29516.75, 29517.25, 2030, 2470, 0.00, 0.00
2026-9-3, 14:58:48.203000, 29515.50, 29522.50, 29512.00, 29519.25, 4500, 4086, 29517.31, 29517.92, 29517.25, 2056, 2444, 0.00, 0.00
2026-9-3, 14:59:45.001000, 29519.25, 29535.25, 29515.75, 29531.25, 4500, 3910, 29525.38, 29527.42, 29525.50, 1943, 2557, 0.00, 0.00
2026-9-3, 14:59:59.024000, 29531.50, 29536.25, 29507.00, 29512.50, 4500, 4096, 29521.81, 29518.58, 29521.63, 2217, 2283, 0.00, 29541.25
2026-9-3, 15:01:38.670000, 29513.00, 29523.25, 29506.75, 29506.75, 4500, 4174, 29512.44, 29512.25, 29515.00, 2375, 2125, 0.00, 29528.25
2026-9-3, 15:24:25.041007, 29506.75, 29516.75, 29482.00, 29489.50, 4500, 4239, 29498.75, 29496.08, 29499.38, 2436, 2064, 0.00, 0.00
2026-9-3, 17:24:51.803017, 29489.25, 29520.50, 29485.50, 29517.50, 4500, 4237, 29503.19, 29507.83, 29503.00, 2187, 2313, 0.00, 0.00
2026-9-3, 19:08:08.288000, 29517.50, 29542.25, 29505.00, 29526.75, 4500, 4143, 29522.88, 29524.67, 29523.63, 2171, 2329, 0.00, 0.00
2026-9-3, 20:01:10.243002, 29527.00, 29547.75, 29516.25, 29534.25, 4500, 4171, 29531.31, 29532.75, 29532.00, 2295, 2205, 0.00, 0.00
2026-9-3, 20:56:09.339002, 29534.25, 29568.00, 29533.25, 29558.75, 4500, 4150, 29548.56, 29553.33, 29550.63, 2149, 2351, 0.00, 0.00
2026-9-3, 22:13:36.248002, 29558.75, 29595.00, 29556.50, 29593.75, 4500, 4208, 29576.00, 29581.75, 29575.75, 1977, 2523, 0.00, 0.00
2026-9-3, 23:29:46.068000, 29593.50, 29643.00, 29583.25, 29633.25, 4500, 4003, 29613.25, 29619.83, 29613.13, 1976, 2524, 0.00, 0.00
2026-9-4, 00:23:48.423002, 29633.25, 29639.00, 29591.50, 29627.00, 4500, 4102, 29622.69, 29619.17, 29615.25, 2260, 2240, 29586.50, 0.00
2026-9-4, 01:10:04.725031, 29627.00, 29643.75, 29576.00, 29576.00, 4500, 4216, 29605.69, 29598.58, 29609.88, 2456, 2044, 0.00, 0.00
2026-9-4, 01:57:24.883000, 29576.00, 29646.75, 29574.00, 29643.75, 4500, 4073, 29610.13, 29621.50, 29610.38, 2083, 2417, 0.00, 0.00
2026-9-4, 02:42:05.859000, 29643.50, 29669.25, 29635.50, 29662.25, 4500, 4121, 29652.63, 29655.67, 29652.38, 2166, 2334, 0.00, 0.00
2026-9-4, 03:21:56.008000, 29662.50, 29673.00, 29619.50, 29620.50, 4500, 4266, 29643.88, 29637.67, 29646.25, 2342, 2158, 0.00, 0.00
2026-9-4, 04:21:48.341001, 29620.75, 29686.00, 29616.50, 29674.75, 4500, 4260, 29649.50, 29659.08, 29651.25, 2081, 2419, 0.00, 0.00
2026-9-4, 05:30:02.688001, 29674.50, 29704.50, 29650.75, 29672.75, 4500, 4117, 29675.63, 29676.00, 29677.63, 2121, 2379, 0.00, 0.00
2026-9-4, 06:27:21.994000, 29672.75, 29690.00, 29627.00, 29639.25, 4500, 4043, 29657.25, 29652.08, 29658.50, 2392, 2108, 0.00, 0.00
2026-9-4, 07:07:49.621001, 29639.50, 29694.00, 29605.50, 29605.50, 4500, 4090, 29636.13, 29635.00, 29649.75, 2325, 2175, 0.00, 0.00
2026-9-4, 07:30:01.180006, 29605.50, 29605.75, 29547.00, 29557.50, 4500, 3958, 29578.94, 29570.08, 29576.38, 2457, 2043, 0.00, 0.00
2026-9-4, 07:32:15.062003, 29558.00, 29574.00, 29531.25, 29565.00, 4500, 4153, 29557.06, 29556.75, 29552.63, 2157, 2343, 0.00, 0.00
2026-9-4, 07:36:56.494000, 29565.50, 29587.00, 29540.00, 29581.25, 4500, 4034, 29568.44, 29569.42, 29563.50, 2237, 2263, 0.00, 0.00
2026-9-4, 07:43:25.432000, 29581.25, 29581.25, 29502.00, 29519.00, 4500, 4211, 29545.88, 29534.08, 29541.63, 2467, 2033, 0.00, 0.00
2026-9-4, 07:49:40.423000, 29518.00, 29548.25, 29515.25, 29541.50, 4500, 4205, 29530.75, 29535.00, 29531.75, 2088, 2412, 0.00, 0.00
2026-9-4, 07:58:10.361000, 29541.75, 29556.75, 29523.00, 29543.25, 4500, 4210, 29541.19, 29541.00, 29539.88, 2221, 2279, 0.00, 0.00
2026-9-4, 08:06:49.202003, 29543.25, 29578.75, 29527.75, 29578.75, 4500, 4098, 29557.13, 29561.75, 29553.25, 2160, 2340, 0.00, 0.00
2026-9-4, 08:22:04.118000, 29578.75, 29591.00, 29569.00, 29589.00, 4490, 3979, 29581.94, 29583.00, 29580.00, 2113, 2377, 0.00, 0.00
2026-9-4, 08:30:00.000000, 29588.25, 29596.25, 29562.00, 29562.00, 4500, 4284, 29577.13, 29573.42, 29579.13, 2306, 2194, 0.00, 0.00
2026-9-4, 08:30:55.286001, 29562.00, 29611.25, 29554.50, 29608.00, 4500, 4323, 29583.94, 29591.25, 29582.88, 2140, 2360, 0.00, 0.00
2026-9-4, 08:32:01.432001, 29608.00, 29625.50, 29590.00, 29606.25, 4500, 4304, 29607.44, 29607.25, 29607.75, 2269, 2231, 0.00, 0.00
2026-9-4, 08:33:25.196001, 29606.00, 29635.25, 29599.00, 29629.00, 4500, 4176, 29617.31, 29621.08, 29617.13, 2235, 2265, 0.00, 0.00
2026-9-4, 08:35:20.480000, 29629.00, 29644.50, 29611.25, 29627.50, 4500, 4361, 29628.06, 29627.75, 29627.88, 2245, 2255, 0.00, 0.00
2026-9-4, 08:37:06.892000, 29627.50, 29642.25, 29612.75, 29616.00, 4500, 4340, 29624.63, 29623.67, 29627.50, 2358, 2142, 0.00, 0.00
2026-9-4, 08:39:29.677000, 29616.75, 29641.00, 29602.00, 29628.50, 4500, 4364, 29622.06, 29623.83, 29621.50, 2161, 2339, 0.00, 0.00
2026-9-4, 08:41:38.906001, 29628.50, 29646.00, 29607.25, 29646.00, 4500, 4105, 29631.94, 29633.08, 29626.63, 2183, 2317, 0.00, 0.00
2026-9-4, 08:44:00.104049, 29646.25, 29647.00, 29594.00, 29598.25, 4500, 4208, 29621.38, 29613.08, 29620.50, 2559, 1941, 0.00, 29652.00
2026-9-4, 08:45:30.329000, 29598.50, 29633.00, 29577.50, 29630.50, 4500, 4248, 29609.88, 29613.67, 29605.25, 2222, 2278, 0.00, 0.00
2026-9-4, 08:47:35.955000, 29631.25, 29649.00, 29616.25, 29633.00, 4500, 4178, 29632.38, 29632.75, 29632.63, 2338, 2162, 0.00, 0.00
2026-9-4, 08:50:37.568000, 29633.00, 29644.50, 29609.75, 29643.00, 4500, 4178, 29632.56, 29632.42, 29627.13, 2256, 2244, 0.00, 0.00
2026-9-4, 08:53:48.438000, 29642.75, 29686.00, 29639.25, 29680.50, 4500, 4270, 29662.13, 29668.58, 29662.63, 1959, 2541, 0.00, 0.00
2026-9-4, 08:56:05.397001, 29680.50, 29691.75, 29673.00, 29679.00, 4500, 4287, 29681.06, 29681.25, 29682.38, 2344, 2156, 0.00, 0.00
2026-9-4, 08:59:35.351004, 29679.00, 29691.00, 29653.75, 29664.25, 4500, 4198, 29672.00, 29669.67, 29672.38, 2393, 2107, 0.00, 0.00
2026-9-4, 09:02:03.063003, 29664.25, 29677.75, 29655.75, 29664.00, 4500, 4261, 29665.44, 29665.83, 29666.75, 2428, 2072, 0.00, 0.00
2026-9-4, 09:05:47.422000, 29664.50, 29674.50, 29645.00, 29650.25, 4500, 4125, 29658.56, 29656.58, 29659.75, 2421, 2079, 0.00, 0.00
2026-9-4, 09:09:14.984000, 29650.25, 29658.25, 29614.50, 29615.50, 4500, 4270, 29634.63, 29629.42, 29636.38, 2534, 1966, 0.00, 0.00
2026-9-4, 09:12:00.624003, 29615.50, 29628.50, 29594.00, 29626.50, 4500, 4268, 29616.13, 29616.33, 29611.25, 2120, 2380, 0.00, 0.00
2026-9-4, 09:14:09.500000, 29626.50, 29651.50, 29621.00, 29621.25, 4500, 4130, 29630.06, 29631.25, 29636.25, 2395, 2105, 0.00, 0.00
2026-9-4, 09:16:58.613001, 29621.50, 29631.75, 29592.00, 29598.50, 4500, 4287, 29610.94, 29607.42, 29611.88, 2497, 2003, 0.00, 0.00
2026-9-4, 09:20:17.380000, 29598.50, 29608.25, 29579.00, 29593.00, 4500, 4267, 29594.69, 29593.42, 29593.63, 2436, 2064, 0.00, 0.00
2026-9-4, 09:22:20.050000, 29592.50, 29611.25, 29583.00, 29583.00, 4500, 4315, 29592.44, 29592.42, 29597.13, 2435, 2065, 0.00, 0.00
2026-9-4, 09:26:05.513004, 29583.00, 29587.75, 29564.75, 29576.00, 4500, 4025, 29577.88, 29576.17, 29576.25, 2488, 2012, 0.00, 0.00
2026-9-4, 09:28:38.271002, 29576.00, 29598.25, 29562.00, 29566.50, 4500, 4326, 29575.69, 29575.58, 29580.13, 2440, 2060, 0.00, 0.00
2026-9-4, 09:31:25.040007, 29566.50, 29584.50, 29554.00, 29561.50, 4500, 4183, 29566.63, 29566.67, 29569.25, 2465, 2035, 0.00, 0.00
2026-9-4, 09:35:06.431000, 29561.25, 29589.25, 29561.00, 29577.75, 4500, 4206, 29572.31, 29576.00, 29575.13, 2314, 2186, 0.00, 0.00
2026-9-4, 09:38:56.915000, 29579.00, 29587.75, 29541.25, 29544.00, 4500, 4215, 29563.00, 29557.67, 29564.50, 2669, 1831, 0.00, 0.00
2026-9-4, 09:42:49.209000, 29544.25, 29547.50, 29530.25, 29533.00, 4500, 4290, 29538.75, 29536.92, 29538.88, 2422, 2078, 0.00, 0.00
2026-9-4, 09:45:54.740001, 29533.00, 29541.00, 29517.75, 29519.00, 4500, 4221, 29527.69, 29525.92, 29529.38, 2348, 2152, 0.00, 0.00
2026-9-4, 09:49:31.195000, 29518.75, 29535.50, 29509.50, 29517.75, 4500, 4213, 29520.38, 29520.92, 29522.50, 2327, 2173, 0.00, 0.00
2026-9-4, 09:52:27.605001, 29518.00, 29532.00, 29505.75, 29506.00, 4500, 4242, 29515.44, 29514.58, 29518.88, 2605, 1895, 0.00, 0.00
2026-9-4, 09:56:50.116003, 29506.00, 29530.00, 29498.75, 29528.00, 4500, 4199, 29515.69, 29518.92, 29514.38, 2306, 2194, 0.00, 0.00
2026-9-4, 10:00:15.004000, 29527.25, 29529.00, 29497.25, 29503.00, 4500, 4297, 29514.13, 29509.75, 29513.13, 2585, 1915, 0.00, 0.00
2026-9-4, 10:04:10.000003, 29503.00, 29531.50, 29501.25, 29530.00, 4500, 4281, 29516.44, 29520.92, 29516.38, 2257, 2243, 0.00, 0.00
2026-9-4, 10:08:20.594003, 29530.00, 29540.00, 29511.25, 29534.75, 4500, 4198, 29529.00, 29528.67, 29525.63, 2300, 2200, 0.00, 0.00
2026-9-4, 10:13:06.774000, 29534.75, 29543.00, 29516.00, 29521.00, 4500, 4318, 29528.69, 29526.67, 29529.50, 2473, 2027, 0.00, 0.00
2026-9-4, 10:17:58.495000, 29521.25, 29521.25, 29490.00, 29494.50, 4500, 4089, 29506.75, 29501.92, 29505.63, 2365, 2135, 0.00, 0.00
2026-9-4, 10:21:01.539000, 29494.50, 29512.75, 29484.25, 29504.75, 4500, 4194, 29499.06, 29500.58, 29498.50, 2335, 2165, 0.00, 0.00
2026-9-4, 10:25:46.117000, 29504.25, 29510.75, 29480.50, 29481.25, 4500, 4223, 29494.19, 29490.83, 29495.63, 2493, 2007, 0.00, 0.00
2026-9-4, 10:31:06.540000, 29480.75, 29506.75, 29478.00, 29505.50, 4500, 4156, 29492.75, 29496.75, 29492.38, 2300, 2200, 0.00, 0.00
2026-9-4, 10:35:48.273000, 29505.75, 29524.25, 29492.25, 29521.25, 4500, 4220, 29510.88, 29512.58, 29508.25, 2213, 2287, 0.00, 0.00
2026-9-4, 10:43:30.353000, 29521.50, 29524.50, 29487.00, 29497.00, 4500, 4242, 29507.50, 29502.83, 29505.75, 2544, 1956, 0.00, 0.00
2026-9-4, 10:49:29.593000, 29496.75, 29516.25, 29493.25, 29507.25, 4500, 4296, 29503.38, 29505.58, 29504.75, 2374, 2126, 0.00, 0.00
2026-9-4, 10:56:49.337000, 29508.25, 29520.00, 29497.50, 29518.00, 4500, 4390, 29510.94, 29511.83, 29508.75, 2398, 2102, 0.00, 0.00
2026-9-4, 11:05:12.478000, 29518.00, 29539.75, 29507.25, 29538.25, 4500, 4223, 29525.81, 29528.42, 29523.50, 2333, 2167, 0.00, 0.00
2026-9-4, 11:11:46.742001, 29538.25, 29554.25, 29536.00, 29540.00, 4500, 4213, 29542.13, 29543.42, 29545.13, 2367, 2133, 0.00, 0.00
2026-9-4, 11:18:25.552001, 29540.00, 29565.25, 29538.75, 29549.50, 4500, 4196, 29548.38, 29551.17, 29552.00, 2324, 2176, 0.00, 0.00
2026-9-4, 11:26:29.684000, 29549.50, 29570.75, 29546.50, 29570.50, 4500, 4121, 29559.31, 29562.58, 29558.63, 2277, 2223, 0.00, 0.00
2026-9-4, 11:34:34.518000, 29570.25, 29574.00, 29557.00, 29561.75, 4500, 4191, 29565.75, 29564.25, 29565.50, 2539, 1961, 0.00, 0.00
2026-9-4, 11:43:36.856002, 29561.75, 29590.50, 29561.75, 29590.50, 4500, 4219, 29576.13, 29580.92, 29576.13, 2078, 2422, 0.00, 0.00
2026-9-4, 11:50:03.494017, 29590.50, 29595.75, 29577.75, 29582.75, 4500, 4290, 29586.69, 29585.42, 29586.75, 2540, 1960, 0.00, 0.00
2026-9-4, 11:57:57.182028, 29582.75, 29587.25, 29544.75, 29546.00, 4500, 4241, 29565.19, 29559.33, 29566.00, 2557, 1943, 0.00, 0.00
2026-9-4, 12:04:31.809001, 29546.00, 29560.75, 29531.75, 29536.00, 4500, 4159, 29543.63, 29542.83, 29546.25, 2287, 2213, 0.00, 0.00
2026-9-4, 12:12:20.878002, 29536.00, 29543.50, 29525.00, 29525.00, 4500, 4251, 29532.38, 29531.17, 29534.25, 2591, 1909, 0.00, 0.00
2026-9-4, 12:21:27.961007, 29525.00, 29528.25, 29504.25, 29508.25, 4500, 4217, 29516.44, 29513.58, 29516.25, 2470, 2030, 0.00, 0.00
2026-9-4, 12:30:16.422024, 29508.25, 29508.25, 29485.00, 29495.00, 4500, 4150, 29499.13, 29496.08, 29496.63, 2389, 2111, 0.00, 0.00
2026-9-4, 12:36:49.273015, 29495.00, 29498.50, 29474.75, 29486.50, 4500, 4193, 29488.69, 29486.58, 29486.63, 2429, 2071, 0.00, 0.00
2026-9-4, 12:44:13.593000, 29486.25, 29492.50, 29468.00, 29486.00, 4500, 4117, 29483.19, 29482.17, 29480.25, 2363, 2137, 0.00, 0.00
2026-9-4, 12:50:23.906000, 29486.00, 29497.50, 29480.50, 29495.00, 4500, 4071, 29489.75, 29491.00, 29489.00, 2359, 2141, 0.00, 0.00
2026-9-4, 12:58:59.160008, 29495.00, 29498.25, 29471.50, 29472.00, 4500, 4238, 29484.19, 29480.58, 29484.88, 2530, 1970, 0.00, 0.00
2026-9-4, 13:06:39.077000, 29471.75, 29497.25, 29471.25, 29490.50, 4500, 4251, 29482.69, 29486.33, 29484.25, 2230, 2270, 0.00, 0.00
2026-9-4, 13:16:14.347005, 29490.75, 29514.50, 29484.50, 29508.00, 4500, 4188, 29499.44, 29502.33, 29499.50, 2273, 2227, 0.00, 0.00
2026-9-4, 13:25:01.867008, 29508.00, 29518.25, 29502.00, 29516.75, 4500, 4103, 29511.25, 29512.33, 29510.13, 2380, 2120, 0.00, 0.00
2026-9-4, 13:35:10.994004, 29516.50, 29524.50, 29504.00, 29522.75, 4500, 4181, 29516.94, 29517.08, 29514.25, 2398, 2102, 0.00, 0.00
2026-9-4, 13:44:19.111000, 29523.25, 29535.00, 29520.00, 29533.75, 4500, 4152, 29528.00, 29529.58, 29527.50, 2300, 2200, 0.00, 0.00
2026-9-4, 13:55:44.595000, 29533.50, 29544.00, 29520.00, 29521.75, 4500, 4243, 29529.81, 29528.58, 29532.00, 2494, 2006, 0.00, 0.00
2026-9-4, 14:03:42.730003, 29521.75, 29522.75, 29506.75, 29515.50, 4500, 4076, 29516.69, 29515.00, 29514.75, 2320, 2180, 0.00, 0.00
2026-9-4, 14:14:12.621001, 29515.50, 29528.75, 29510.00, 29528.00, 4500, 4120, 29520.56, 29522.25, 29519.38, 2138, 2362, 0.00, 0.00
2026-9-4, 14:27:29.797001, 29528.00, 29547.00, 29519.25, 29547.00, 4500, 4073, 29535.31, 29537.75, 29533.13, 2194, 2306, 0.00, 0.00
2026-9-4, 14:36:11.085075, 29547.00, 29547.50, 29526.75, 29541.25, 4500, 4150, 29540.63, 29538.50, 29537.13, 2273, 2227, 0.00, 0.00
2026-9-4, 14:45:16.785001, 29541.25, 29569.25, 29540.00, 29558.50, 4500, 4163, 29552.25, 29555.92, 29554.63, 2099, 2401, 0.00, 0.00
2026-9-4, 14:50:20.291000, 29558.00, 29578.50, 29554.75, 29571.25, 4500, 4166, 29565.63, 29568.17, 29566.63, 2253, 2247, 0.00, 0.00
2026-9-4, 14:54:10.040001, 29571.75, 29585.00, 29568.25, 29585.00, 4500, 4361, 29577.50, 29579.42, 29576.63, 2241, 2259, 0.00, 0.00
2026-9-4, 14:57:22.926000, 29585.25, 29586.50, 29560.00, 29563.75, 4500, 4122, 29573.88, 29570.08, 29573.25, 2574, 1926, 0.00, 0.00
2026-9-4, 14:59:25.323000, 29563.75, 29569.25, 29558.50, 29562.75, 4500, 3906, 29563.56, 29563.50, 29563.88, 2184, 2316, 0.00, 0.00
2026-9-4, 14:59:55.025014, 29562.75, 29572.00, 29553.75, 29559.00, 4500, 3971, 29561.88, 29561.58, 29562.88, 2205, 2295, 0.00, 0.00
2026-9-4, 15:01:07.370004, 29559.00, 29564.75, 29529.50, 29540.75, 4500, 4013, 29548.50, 29545.00, 29547.13, 2319, 2181, 0.00, 0.00
2026-9-4, 15:11:18.385001, 29540.75, 29546.75, 29514.50, 29531.00, 4500, 4061, 29533.25, 29530.75, 29530.63, 2524, 1976, 0.00, 0.00
2026-9-4, 15:47:45.285000, 29531.00, 29531.75, 29519.50, 29523.00, 1663, 1301, 29526.31, 29524.75, 29525.63, 998, 665, 0.00, 0.00
