Date, Time, Open, High, Low, Last, Volume, # of Trades, OHLC Avg, HLC Avg, HL Avg, Bid Volume, Ask Volume, Buy Aggression, Sell Aggression
2026-7-7, 08:30:00.000000, 29593.00, 29685.75, 29569.25, 29670.75, 5250, 4886, 29629.69, 29641.92, 29627.50, 2391, 2859, 0.00, 0.00
2026-7-7, 08:30:32.645000, 29672.75, 29677.50, 29604.50, 29653.50, 5250, 4984, 29652.06, 29645.17, 29641.00, 2721, 2529, 0.00, 29682.50
2026-7-7, 08:32:25.727002, 29653.50, 29655.00, 29554.25, 29555.50, 5250, 3942, 29604.56, 29588.25, 29604.63, 3461, 1789, 0.00, 29660.00
2026-7-7, 08:33:48.102000, 29555.75, 29572.00, 29515.25, 29534.75, 5250, 3831, 29544.44, 29540.67, 29543.63, 3286, 1964, 0.00, 29577.00
2026-7-7, 08:34:50.349000, 29535.25, 29557.75, 29503.75, 29557.25, 5250, 4903, 29538.50, 29539.58, 29530.75, 2628, 2622, 0.00, 29562.75
2026-7-7, 08:37:01.951001, 29557.75, 29577.50, 29491.25, 29509.75, 5250, 4841, 29534.06, 29526.17, 29534.38, 2915, 2335, 0.00, 29582.50
2026-7-7, 08:39:07.875000, 29509.50, 29590.75, 29494.75, 29580.00, 5250, 4977, 29543.75, 29555.17, 29542.75, 2383, 2867, 0.00, 29595.75
2026-7-7, 08:41:09.802000, 29579.00, 29602.75, 29538.00, 29589.75, 5250, 4415, 29577.38, 29576.83, 29570.38, 2310, 2940, 0.00, 29607.75
2026-7-7, 08:43:39.781000, 29588.25, 29607.00, 29553.00, 29566.50, 5250, 4762, 29578.69, 29575.50, 29580.00, 2727, 2523, 0.00, 29612.00
2026-7-7, 08:45:59.950000, 29566.50, 29578.50, 29516.00, 29560.00, 5250, 4620, 29555.25, 29551.50, 29547.25, 2772, 2478, 0.00, 29583.50
2026-7-7, 08:48:13.177005, 29560.00, 29576.50, 29502.50, 29502.50, 5250, 4788, 29535.38, 29527.17, 29539.50, 2646, 2604, 0.00, 29581.50
2026-7-7, 08:51:11.049001, 29502.50, 29538.25, 29468.00, 29471.00, 5250, 4711, 29494.94, 29492.42, 29503.13, 2944, 2306, 0.00, 0.00
2026-7-7, 08:53:16.157000, 29472.00, 29477.25, 29428.00, 29430.25, 5250, 4718, 29451.88, 29445.17, 29452.63, 2726, 2524, 0.00, 0.00
2026-7-7, 08:55:49.216000, 29429.50, 29468.00, 29420.25, 29462.75, 5250, 4973, 29445.13, 29450.33, 29444.13, 2496, 2754, 0.00, 0.00
2026-7-7, 08:58:37.180006, 29462.75, 29484.25, 29428.50, 29475.25, 5250, 4895, 29462.69, 29462.67, 29456.38, 2702, 2548, 0.00, 0.00
2026-7-7, 09:00:49.987000, 29476.00, 29505.75, 29448.25, 29457.25, 5250, 4904, 29471.81, 29470.42, 29477.00, 2637, 2613, 0.00, 0.00
2026-7-7, 09:03:31.624000, 29458.75, 29473.00, 29422.50, 29468.25, 5250, 4937, 29455.63, 29454.58, 29447.75, 2711, 2539, 0.00, 0.00
2026-7-7, 09:06:50.369000, 29468.75, 29474.00, 29414.00, 29425.50, 5250, 4953, 29445.56, 29437.83, 29444.00, 2787, 2463, 0.00, 0.00
2026-7-7, 09:10:24.735000, 29426.25, 29426.50, 29364.00, 29369.50, 5250, 4807, 29396.56, 29386.67, 29395.25, 2862, 2388, 0.00, 0.00
2026-7-7, 09:13:01.526000, 29369.50, 29392.75, 29350.00, 29350.00, 5250, 3533, 29365.56, 29364.25, 29371.38, 3100, 2150, 0.00, 0.00
2026-7-7, 09:14:38.229010, 29350.00, 29356.00, 29307.00, 29349.25, 5250, 4707, 29340.56, 29337.42, 29331.50, 2692, 2558, 0.00, 0.00
2026-7-7, 09:16:07.440000, 29349.00, 29364.50, 29322.75, 29357.00, 5250, 4666, 29348.31, 29348.08, 29343.63, 2579, 2671, 0.00, 0.00
2026-7-7, 09:19:09.593014, 29357.25, 29378.25, 29321.75, 29325.25, 5250, 4802, 29345.63, 29341.75, 29350.00, 2570, 2680, 0.00, 0.00
2026-7-7, 09:22:44.007001, 29325.00, 29335.25, 29268.00, 29271.25, 5250, 4571, 29299.88, 29291.50, 29301.63, 3050, 2200, 0.00, 0.00
2026-7-7, 09:25:09.861000, 29270.75, 29296.50, 29259.75, 29285.50, 5250, 4884, 29278.13, 29280.58, 29278.13, 2425, 2825, 0.00, 0.00
2026-7-7, 09:28:23.536002, 29285.25, 29327.75, 29274.00, 29323.00, 5250, 4890, 29302.50, 29308.25, 29300.88, 2444, 2806, 0.00, 0.00
2026-7-7, 09:31:22.003000, 29322.50, 29326.00, 29259.25, 29259.25, 5250, 4971, 29291.75, 29281.50, 29292.63, 2738, 2512, 0.00, 0.00
2026-7-7, 09:35:30.642004, 29258.75, 29284.75, 29240.75, 29278.50, 5250, 4829, 29265.69, 29268.00, 29262.75, 2634, 2616, 29235.75, 0.00
2026-7-7, 09:38:44.300017, 29278.75, 29281.25, 29210.00, 29214.00, 5250, 4647, 29246.00, 29235.08, 29245.63, 3066, 2184, 0.00, 0.00
2026-7-7, 09:42:11.469000, 29214.75, 29263.75, 29211.75, 29242.00, 5250, 4884, 29233.06, 29239.17, 29237.75, 2383, 2867, 29206.75, 0.00
2026-7-7, 09:45:55.004001, 29241.75, 29292.50, 29235.50, 29269.25, 5250, 4712, 29259.75, 29265.75, 29264.00, 2413, 2837, 29230.50, 0.00
2026-7-7, 09:49:06.632000, 29268.50, 29313.75, 29254.25, 29311.25, 5250, 4766, 29286.94, 29293.08, 29284.00, 2297, 2953, 29249.25, 0.00
2026-7-7, 09:53:11.357000, 29311.50, 29322.00, 29276.75, 29292.50, 5250, 4824, 29300.69, 29297.08, 29299.38, 2588, 2662, 29271.75, 0.00
2026-7-7, 09:57:07.972005, 29292.50, 29325.75, 29274.00, 29282.00, 5250, 4798, 29293.56, 29293.92, 29299.88, 2736, 2514, 0.00, 0.00
2026-7-7, 10:01:18.777001, 29282.00, 29329.75, 29271.25, 29320.00, 5250, 4781, 29300.75, 29307.00, 29300.50, 2496, 2754, 29266.25, 0.00
2026-7-7, 10:06:25.448016, 29320.00, 29343.50, 29297.50, 29340.00, 5250, 4708, 29325.25, 29327.00, 29320.50, 2577, 2673, 29292.50, 0.00
2026-7-7, 10:12:16.595003, 29340.00, 29358.00, 29286.75, 29290.00, 5250, 4751, 29318.69, 29311.58, 29322.38, 2768, 2482, 0.00, 0.00
2026-7-7, 10:16:38.882000, 29290.50, 29318.25, 29274.25, 29308.00, 5250, 4788, 29297.75, 29300.17, 29296.25, 2561, 2689, 0.00, 0.00
2026-7-7, 10:22:24.646000, 29307.50, 29322.50, 29271.75, 29317.25, 5250, 4873, 29304.75, 29303.83, 29297.13, 2595, 2655, 0.00, 0.00
2026-7-7, 10:30:01.840000, 29318.00, 29323.75, 29271.75, 29298.50, 5250, 4772, 29303.00, 29298.00, 29297.75, 2565, 2685, 0.00, 0.00
2026-7-7, 10:36:43.374000, 29298.00, 29302.25, 29248.25, 29295.50, 5250, 4729, 29286.00, 29282.00, 29275.25, 2833, 2417, 0.00, 29307.25
2026-7-7, 10:42:45.164000, 29296.00, 29366.75, 29282.50, 29365.25, 5250, 4833, 29327.63, 29338.17, 29324.63, 2349, 2901, 0.00, 0.00
2026-7-7, 10:47:29.157000, 29365.50, 29378.25, 29332.25, 29377.00, 5250, 4520, 29363.25, 29362.50, 29355.25, 2712, 2538, 0.00, 29383.25
2026-7-7, 10:52:52.578000, 29376.50, 29399.75, 29347.00, 29399.75, 5250, 4929, 29380.75, 29382.17, 29373.38, 2553, 2697, 0.00, 0.00
2026-7-7, 11:00:49.002008, 29399.75, 29432.00, 29396.25, 29428.75, 5250, 4703, 29414.19, 29419.00, 29414.13, 2534, 2716, 0.00, 0.00
2026-7-7, 11:05:54.620004, 29428.75, 29452.00, 29398.00, 29421.25, 5250, 4565, 29425.00, 29423.75, 29425.00, 2581, 2669, 0.00, 29457.00
2026-7-7, 11:11:01.403002, 29421.50, 29473.75, 29416.00, 29456.00, 5250, 4751, 29441.81, 29448.58, 29444.88, 2317, 2933, 0.00, 0.00
2026-7-7, 11:15:49.822000, 29455.75, 29503.00, 29450.50, 29499.00, 5250, 4329, 29477.06, 29484.17, 29476.75, 2247, 3003, 0.00, 0.00
2026-7-7, 11:21:43.626000, 29498.50, 29548.00, 29498.00, 29513.00, 5250, 4157, 29514.38, 29519.67, 29523.00, 2259, 2991, 0.00, 0.00
2026-7-7, 11:24:13.193000, 29513.00, 29545.75, 29501.50, 29538.75, 5250, 4504, 29524.75, 29528.67, 29523.63, 2387, 2863, 0.00, 0.00
2026-7-7, 11:29:08.551000, 29538.50, 29558.25, 29512.75, 29519.25, 5250, 4691, 29532.19, 29530.08, 29535.50, 2669, 2581, 0.00, 0.00
2026-7-7, 11:34:11.561004, 29519.25, 29539.00, 29486.25, 29520.75, 5250, 4830, 29516.31, 29515.33, 29512.63, 2672, 2578, 0.00, 0.00
2026-7-7, 11:39:30.124002, 29520.75, 29548.25, 29491.75, 29523.00, 5250, 4757, 29520.94, 29521.00, 29520.00, 2703, 2547, 0.00, 0.00
2026-7-7, 11:46:43.461001, 29523.00, 29557.75, 29521.50, 29532.25, 5250, 4536, 29533.63, 29537.17, 29539.63, 2649, 2601, 29516.50, 0.00
2026-7-7, 11:55:07.932000, 29531.75, 29559.75, 29502.50, 29546.75, 5250, 4714, 29535.19, 29536.33, 29531.13, 2634, 2616, 29497.50, 0.00
2026-7-7, 12:02:48.806000, 29546.00, 29580.75, 29530.00, 29577.50, 5250, 4660, 29558.56, 29562.75, 29555.38, 2491, 2759, 29525.00, 0.00
2026-7-7, 12:09:40.699002, 29577.50, 29578.25, 29517.75, 29519.75, 5250, 4688, 29548.31, 29538.58, 29548.00, 2863, 2387, 0.00, 0.00
2026-7-7, 12:16:35.559000, 29520.50, 29573.50, 29510.00, 29568.50, 5250, 4845, 29543.13, 29550.67, 29541.75, 2572, 2678, 29505.00, 0.00
2026-7-7, 12:24:28.682000, 29569.00, 29569.75, 29524.25, 29551.00, 5250, 4734, 29553.50, 29548.33, 29547.00, 2627, 2623, 29519.25, 0.00
2026-7-7, 12:34:10.272000, 29551.00, 29570.00, 29535.50, 29557.50, 5250, 4645, 29553.50, 29554.33, 29552.75, 2584, 2666, 0.00, 0.00
2026-7-7, 12:45:05.733001, 29557.50, 29561.75, 29528.25, 29561.50, 5250, 4767, 29552.25, 29550.50, 29545.00, 2431, 2819, 0.00, 0.00
2026-7-7, 12:56:18.247000, 29561.75, 29574.25, 29533.50, 29547.25, 5250, 4779, 29554.19, 29551.67, 29553.88, 2623, 2627, 0.00, 29579.25
2026-7-7, 13:07:52.515003, 29547.25, 29561.00, 29529.00, 29534.00, 5250, 4690, 29542.81, 29541.33, 29545.00, 2635, 2615, 0.00, 29566.00
2026-7-7, 13:19:16.059000, 29534.50, 29561.00, 29509.75, 29517.75, 5250, 4811, 29530.75, 29529.50, 29535.38, 2850, 2400, 0.00, 29566.00
2026-7-7, 13:29:28.976000, 29517.75, 29531.50, 29489.00, 29511.25, 5250, 4592, 29512.38, 29510.58, 29510.25, 2734, 2516, 0.00, 29536.50
2026-7-7, 13:35:59.352008, 29511.25, 29518.50, 29452.75, 29469.50, 5250, 4736, 29488.00, 29480.25, 29485.63, 2754, 2496, 0.00, 0.00
2026-7-7, 13:44:22.735001, 29469.50, 29485.00, 29418.75, 29440.00, 5250, 4692, 29453.31, 29447.92, 29451.88, 2678, 2572, 29413.75, 0.00
2026-7-7, 13:49:45.550000, 29439.25, 29456.75, 29400.00, 29400.00, 5250, 4845, 29424.00, 29418.92, 29428.38, 2960, 2290, 0.00, 0.00
2026-7-7, 13:54:02.284029, 29400.00, 29426.75, 29381.75, 29382.00, 5250, 4790, 29397.63, 29396.83, 29404.25, 2617, 2633, 29376.75, 0.00
2026-7-7, 14:00:18.920000, 29381.50, 29392.75, 29353.25, 29392.25, 5250, 4854, 29379.94, 29379.42, 29373.00, 2699, 2551, 29348.25, 0.00
2026-7-7, 14:05:43.478000, 29392.75, 29410.00, 29326.50, 29331.25, 5250, 4930, 29365.13, 29355.92, 29368.25, 2855, 2395, 0.00, 0.00
2026-7-7, 14:11:00.036000, 29331.25, 29349.00, 29294.75, 29295.00, 5250, 4969, 29317.50, 29312.92, 29321.88, 2702, 2548, 29289.75, 0.00
2026-7-7, 14:17:31.267000, 29295.00, 29323.50, 29271.00, 29306.00, 5250, 4854, 29298.88, 29300.17, 29297.25, 2552, 2698, 29266.00, 0.00
2026-7-7, 14:22:02.233000, 29308.00, 29329.50, 29280.75, 29311.75, 5250, 4962, 29307.50, 29307.33, 29305.13, 2711, 2539, 29275.75, 0.00
2026-7-7, 14:29:01.413004, 29311.75, 29370.50, 29311.75, 29356.75, 5250, 4934, 29337.69, 29346.33, 29341.13, 2498, 2752, 29306.75, 0.00
2026-7-7, 14:33:05.949004, 29356.75, 29371.75, 29319.25, 29327.25, 5250, 4781, 29343.75, 29339.42, 29345.50, 2690, 2560, 0.00, 0.00
2026-7-7, 14:39:32.076000, 29327.00, 29333.75, 29303.75, 29312.25, 5250, 4973, 29319.19, 29316.58, 29318.75, 2685, 2565, 29298.75, 0.00
2026-7-7, 14:48:10.383000, 29311.25, 29367.25, 29311.25, 29336.75, 5250, 4803, 29331.63, 29338.42, 29339.25, 2690, 2560, 0.00, 0.00
2026-7-7, 14:53:12.962000, 29336.75, 29391.75, 29336.25, 29383.75, 5250, 4922, 29362.13, 29370.58, 29364.00, 2563, 2687, 29331.25, 0.00
2026-7-7, 14:56:48.681000, 29384.00, 29399.00, 29367.50, 29392.00, 5250, 4805, 29385.63, 29386.17, 29383.25, 2756, 2494, 0.00, 0.00
2026-7-7, 14:59:27.415000, 29391.25, 29397.25, 29382.50, 29391.50, 5250, 4677, 29390.63, 29390.42, 29389.88, 2966, 2284, 0.00, 0.00
2026-7-7, 14:59:57.251000, 29391.50, 29410.25, 29387.75, 29408.75, 5250, 4791, 29399.56, 29402.25, 29399.00, 2357, 2893, 29382.75, 0.00
2026-7-7, 15:00:41.685000, 29408.00, 29426.25, 29390.75, 29420.50, 5250, 4757, 29411.38, 29412.50, 29408.50, 2699, 2551, 29385.75, 0.00
2026-7-7, 15:06:30.889002, 29420.50, 29437.25, 29393.25, 29407.50, 5250, 4661, 29414.63, 29412.67, 29415.25, 2779, 2471, 29388.25, 0.00
2026-7-7, 15:24:16.471001, 29407.50, 29424.75, 29319.50, 29363.75, 5250, 4891, 29378.88, 29369.33, 29372.13, 2589, 2661, 29314.50, 0.00
2026-7-7, 17:10:25.796001, 29363.50, 29400.00, 29356.00, 29375.75, 5250, 4809, 29373.81, 29377.25, 29378.00, 2511, 2739, 0.00, 0.00
2026-7-7, 18:15:21.959001, 29375.75, 29407.00, 29275.50, 29275.50, 5250, 4875, 29333.44, 29319.33, 29341.25, 2739, 2511, 0.00, 0.00
2026-7-7, 19:00:41.575000, 29275.25, 29442.00, 29266.00, 29418.25, 5250, 4890, 29350.38, 29375.42, 29354.00, 2340, 2910, 0.00, 0.00
2026-7-7, 19:15:53.180000, 29418.50, 29477.50, 29391.25, 29431.25, 5250, 4762, 29429.63, 29433.33, 29434.38, 2746, 2504, 0.00, 29482.50
2026-7-7, 19:36:38.174000, 29429.75, 29544.00, 29428.00, 29542.50, 5250, 4815, 29486.06, 29504.83, 29486.00, 2498, 2752, 0.00, 0.00
2026-7-7, 19:59:18.658009, 29542.50, 29558.75, 29495.00, 29506.00, 5250, 4656, 29525.56, 29519.92, 29526.88, 2647, 2603, 0.00, 29563.75
2026-7-7, 20:26:27.068000, 29507.75, 29513.00, 29427.00, 29430.00, 5250, 4888, 29469.44, 29456.67, 29470.00, 2766, 2484, 0.00, 29518.00
2026-7-7, 20:57:11.231000, 29430.00, 29458.75, 29388.00, 29402.50, 5250, 4921, 29419.81, 29416.42, 29423.38, 2640, 2610, 0.00, 0.00
2026-7-7, 21:33:03.979005, 29402.50, 29519.75, 29399.75, 29516.25, 5250, 4877, 29459.56, 29478.58, 29459.75, 2550, 2700, 0.00, 0.00
2026-7-7, 22:29:13.475000, 29515.25, 29532.25, 29428.00, 29453.50, 5250, 4955, 29482.25, 29471.25, 29480.13, 2719, 2531, 0.00, 29537.25
2026-7-7, 23:23:29.062002, 29453.50, 29464.00, 29376.75, 29421.25, 5250, 4910, 29428.88, 29420.67, 29420.38, 2729, 2521, 0.00, 0.00
2026-7-8, 00:10:54.192000, 29421.00, 29432.00, 29311.75, 29350.00, 5250, 4824, 29378.69, 29364.58, 29371.88, 2760, 2490, 0.00, 0.00
2026-7-8, 00:55:13.952000, 29350.25, 29363.50, 29302.75, 29310.50, 5250, 4860, 29331.75, 29325.58, 29333.13, 2839, 2411, 0.00, 0.00
2026-7-8, 01:33:20.186000, 29307.75, 29352.50, 29281.75, 29293.25, 5250, 4896, 29308.81, 29309.17, 29317.13, 2624, 2626, 0.00, 0.00
2026-7-8, 02:15:09.357000, 29292.75, 29409.50, 29281.00, 29388.75, 5250, 4731, 29343.00, 29359.75, 29345.25, 2479, 2771, 0.00, 0.00
2026-7-8, 02:50:17.800000, 29386.75, 29414.75, 29252.50, 29276.00, 5250, 4859, 29332.50, 29314.42, 29333.63, 2777, 2473, 0.00, 0.00
2026-7-8, 03:18:14.935001, 29276.00, 29300.00, 29085.50, 29087.50, 5250, 4532, 29187.25, 29157.67, 29192.75, 3129, 2121, 0.00, 0.00
2026-7-8, 03:25:23.499000, 29087.75, 29136.00, 29035.00, 29088.00, 5250, 4625, 29086.69, 29086.33, 29085.50, 2637, 2613, 29030.00, 0.00
2026-7-8, 03:33:53.833001, 29088.50, 29103.50, 28957.25, 28981.00, 5250, 4662, 29032.56, 29013.92, 29030.38, 2841, 2409, 0.00, 0.00
2026-7-8, 03:42:28.953000, 28980.00, 29099.00, 28979.50, 29081.75, 5250, 4648, 29035.06, 29053.42, 29039.25, 2736, 2514, 28974.50, 0.00
2026-7-8, 03:56:02.067006, 29082.00, 29084.00, 28931.00, 28948.00, 5250, 4675, 29011.25, 28987.67, 29007.50, 2831, 2419, 28926.00, 0.00
2026-7-8, 04:09:51.710003, 28948.00, 28975.50, 28909.75, 28970.75, 5250, 4658, 28951.00, 28952.00, 28942.63, 2579, 2671, 28904.75, 0.00
2026-7-8, 04:30:24.767000, 28969.25, 29011.00, 28947.25, 28976.50, 5250, 4766, 28976.00, 28978.25, 28979.13, 2530, 2720, 0.00, 0.00
2026-7-8, 05:00:12.332000, 28977.50, 29036.75, 28922.75, 29028.75, 5250, 4744, 28991.44, 28996.08, 28979.75, 2415, 2835, 0.00, 0.00
2026-7-8, 05:32:07.537000, 29030.00, 29063.00, 28994.50, 29006.75, 5250, 4722, 29023.56, 29021.42, 29028.75, 2629, 2621, 0.00, 0.00
2026-7-8, 06:03:33.554000, 29006.00, 29060.00, 28973.00, 29060.00, 5250, 4914, 29024.75, 29031.00, 29016.50, 2489, 2761, 28968.00, 0.00
2026-7-8, 06:43:35.746001, 29060.00, 29124.75, 29051.25, 29109.25, 5250, 4724, 29086.31, 29095.08, 29088.00, 2491, 2759, 0.00, 0.00
2026-7-8, 06:55:16.012003, 29109.25, 29181.25, 29054.25, 29172.25, 5250, 4665, 29129.25, 29135.92, 29117.75, 2432, 2818, 0.00, 0.00
2026-7-8, 07:09:15.263014, 29172.75, 29188.50, 29124.75, 29187.75, 5250, 4556, 29168.44, 29167.00, 29156.63, 2882, 2368, 0.00, 29193.50
2026-7-8, 07:31:37.516004, 29188.00, 29225.00, 29145.75, 29218.50, 5250, 4579, 29194.31, 29196.42, 29185.38, 2554, 2696, 0.00, 0.00
2026-7-8, 07:56:17.179005, 29218.25, 29239.50, 29148.00, 29165.75, 5250, 4912, 29192.88, 29184.42, 29193.75, 2675, 2575, 0.00, 29244.50
2026-7-8, 08:08:01.948015, 29166.00, 29226.00, 29165.50, 29182.25, 5250, 4911, 29184.94, 29191.25, 29195.75, 2586, 2664, 0.00, 29231.00
2026-7-8, 08:23:25.376000, 29182.50, 29230.00, 29154.00, 29202.25, 5052, 4606, 29192.19, 29195.42, 29192.00, 2524, 2528, 0.00, 29235.00
2026-7-8, 08:30:00.000000, 29202.75, 29277.50, 29201.00, 29252.00, 5250, 4857, 29233.31, 29243.50, 29239.25, 2554, 2696, 0.00, 0.00
2026-7-8, 08:30:56.192000, 29253.25, 29327.50, 29222.25, 29294.00, 5250, 4896, 29274.25, 29281.25, 29274.88, 2465, 2785, 0.00, 0.00
2026-7-8, 08:32:18.986000, 29293.25, 29322.50, 29282.50, 29308.00, 5250, 4822, 29301.56, 29304.33, 29302.50, 2799, 2451, 0.00, 0.00
2026-7-8, 08:34:45.654005, 29308.00, 29338.00, 29273.50, 29277.75, 5250, 4866, 29299.31, 29296.42, 29305.75, 2690, 2560, 0.00, 0.00
2026-7-8, 08:36:48.851000, 29278.00, 29325.00, 29254.50, 29314.00, 5250, 4856, 29292.88, 29297.83, 29289.75, 2567, 2683, 0.00, 0.00
2026-7-8, 08:39:50.835001, 29314.00, 29385.00, 29311.50, 29384.75, 5250, 4754, 29348.81, 29360.42, 29348.25, 2476, 2774, 0.00, 0.00
2026-7-8, 08:41:41.653004, 29384.75, 29385.00, 29329.75, 29353.00, 5250, 4731, 29363.13, 29355.92, 29357.38, 2805, 2445, 0.00, 0.00
2026-7-8, 08:44:49.063000, 29353.75, 29399.00, 29340.25, 29365.25, 5250, 4925, 29364.56, 29368.17, 29369.63, 2546, 2704, 0.00, 0.00
2026-7-8, 08:48:00.019000, 29365.25, 29379.00, 29287.75, 29294.75, 5250, 4907, 29331.69, 29320.50, 29333.38, 2888, 2362, 0.00, 0.00
2026-7-8, 08:50:45.205000, 29294.50, 29374.25, 29294.50, 29323.25, 5250, 4921, 29321.63, 29330.67, 29334.38, 2516, 2734, 0.00, 0.00
2026-7-8, 08:54:47.125000, 29323.25, 29383.25, 29291.00, 29374.00, 5250, 4913, 29342.88, 29349.42, 29337.13, 2533, 2717, 0.00, 0.00
2026-7-8, 08:59:02.327002, 29373.75, 29394.75, 29335.75, 29345.50, 5250, 4958, 29362.44, 29358.67, 29365.25, 2977, 2273, 0.00, 0.00
2026-7-8, 09:01:51.023002, 29345.25, 29354.00, 29297.50, 29335.75, 5250, 4913, 29333.13, 29329.08, 29325.75, 2657, 2593, 0.00, 0.00
2026-7-8, 09:06:03.673001, 29335.75, 29342.50, 29277.00, 29283.50, 5250, 4902, 29309.69, 29301.00, 29309.75, 2982, 2268, 0.00, 0.00
2026-7-8, 09:11:11.207000, 29284.50, 29299.25, 29245.75, 29270.75, 5250, 4854, 29275.06, 29271.92, 29272.50, 2713, 2537, 0.00, 0.00
2026-7-8, 09:14:53.631003, 29270.50, 29316.00, 29235.25, 29303.75, 5250, 4817, 29281.38, 29285.00, 29275.63, 2611, 2639, 0.00, 0.00
2026-7-8, 09:18:30.349000, 29303.00, 29373.00, 29253.75, 29359.00, 5250, 4869, 29322.19, 29328.58, 29313.38, 2452, 2798, 0.00, 0.00
2026-7-8, 09:22:07.239000, 29358.50, 29367.75, 29298.00, 29300.00, 5250, 4820, 29331.06, 29321.92, 29332.88, 2892, 2358, 0.00, 0.00
2026-7-8, 09:27:05.101000, 29299.00, 29324.00, 29254.25, 29309.25, 5250, 4875, 29296.63, 29295.83, 29289.13, 2688, 2562, 0.00, 0.00
2026-7-8, 09:31:56.413000, 29308.00, 29335.25, 29260.00, 29264.00, 5250, 4834, 29291.81, 29286.42, 29297.63, 2661, 2589, 0.00, 0.00
2026-7-8, 09:36:30.782000, 29264.50, 29310.75, 29244.00, 29264.25, 5250, 4845, 29270.88, 29273.00, 29277.38, 2713, 2537, 0.00, 0.00
2026-7-8, 09:40:58.687000, 29264.00, 29282.25, 29209.25, 29247.50, 5250, 4766, 29250.75, 29246.33, 29245.75, 2793, 2457, 0.00, 0.00
2026-7-8, 09:44:38.626006, 29247.50, 29266.00, 29179.00, 29202.00, 5250, 4762, 29223.63, 29215.67, 29222.50, 2829, 2421, 0.00, 0.00
2026-7-8, 09:48:26.644001, 29202.00, 29215.75, 29151.00, 29215.25, 5250, 4785, 29196.00, 29194.00, 29183.38, 2652, 2598, 0.00, 0.00
2026-7-8, 09:52:29.784002, 29215.50, 29297.50, 29210.75, 29239.25, 5250, 4860, 29240.75, 29249.17, 29254.13, 2472, 2778, 0.00, 0.00
2026-7-8, 09:55:17.365001, 29239.25, 29289.50, 29193.25, 29204.00, 5250, 4851, 29231.50, 29228.92, 29241.38, 2739, 2511, 0.00, 0.00
2026-7-8, 09:59:33.680000, 29204.25, 29224.25, 29178.75, 29186.00, 5250, 4915, 29198.31, 29196.33, 29201.50, 2675, 2575, 0.00, 0.00
2026-7-8, 10:06:24.850000, 29186.75, 29216.50, 29159.25, 29163.25, 5250, 4920, 29181.44, 29179.67, 29187.88, 2767, 2483, 0.00, 0.00
2026-7-8, 10:13:58.828009, 29163.25, 29164.75, 29093.00, 29102.50, 5250, 4696, 29130.88, 29120.08, 29128.88, 2869, 2381, 0.00, 0.00
2026-7-8, 10:17:45.480001, 29102.75, 29161.25, 29086.25, 29087.50, 5250, 4864, 29109.44, 29111.67, 29123.75, 2768, 2482, 0.00, 0.00
2026-7-8, 10:22:52.671000, 29087.50, 29092.75, 29034.50, 29046.50, 5250, 4868, 29065.31, 29057.92, 29063.63, 2766, 2484, 0.00, 0.00
2026-7-8, 10:27:06.143000, 29046.50, 29075.00, 29034.00, 29063.75, 5250, 4784, 29054.81, 29057.58, 29054.50, 2509, 2741, 0.00, 0.00
2026-7-8, 10:31:27.368000, 29063.00, 29125.75, 29049.75, 29111.50, 5250, 4845, 29087.50, 29095.67, 29087.75, 2557, 2693, 0.00, 0.00
2026-7-8, 10:36:24.346000, 29110.50, 29153.00, 29099.50, 29134.00, 5250, 4749, 29124.25, 29128.83, 29126.25, 2762, 2488, 0.00, 0.00
2026-7-8, 10:41:30.814006, 29134.00, 29138.75, 29080.25, 29096.25, 5250, 4888, 29112.31, 29105.08, 29109.50, 2826, 2424, 0.00, 0.00
2026-7-8, 10:48:15.782000, 29095.00, 29102.00, 29051.25, 29097.50, 5250, 4771, 29086.44, 29083.58, 29076.63, 2643, 2607, 0.00, 0.00
2026-7-8, 10:55:38.117000, 29098.25, 29143.25, 29061.00, 29129.00, 5250, 4855, 29107.88, 29111.08, 29102.13, 2548, 2702, 0.00, 0.00
2026-7-8, 11:02:09.105004, 29129.00, 29167.75, 29112.50, 29156.75, 5250, 4800, 29141.50, 29145.67, 29140.13, 2695, 2555, 0.00, 0.00
2026-7-8, 11:09:28.078006, 29156.75, 29222.25, 29155.25, 29212.50, 5250, 4811, 29186.69, 29196.67, 29188.75, 2312, 2938, 0.00, 0.00
2026-7-8, 11:14:59.228002, 29212.25, 29263.50, 29194.50, 29261.75, 5250, 4721, 29233.00, 29239.92, 29229.00, 2408, 2842, 0.00, 0.00
2026-7-8, 11:20:59.870008, 29261.75, 29298.00, 29250.75, 29260.50, 5250, 4635, 29267.75, 29269.75, 29274.38, 2660, 2590, 0.00, 0.00
2026-7-8, 11:25:10.159000, 29261.25, 29331.75, 29254.25, 29326.00, 5250, 4851, 29293.31, 29304.00, 29293.00, 2302, 2948, 0.00, 0.00
2026-7-8, 11:31:07.082000, 29326.25, 29327.50, 29270.25, 29293.50, 5250, 4789, 29304.38, 29297.08, 29298.88, 2638, 2612, 29265.25, 0.00
2026-7-8, 11:35:43.845004, 29293.50, 29314.75, 29245.50, 29304.75, 5250, 4855, 29289.63, 29288.33, 29280.13, 2530, 2720, 29240.50, 0.00
2026-7-8, 11:40:40.190000, 29306.00, 29350.00, 29304.50, 29339.75, 5250, 4791, 29325.06, 29331.42, 29327.25, 2394, 2856, 29299.50, 0.00
2026-7-8, 11:46:50.726000, 29340.50, 29372.75, 29323.00, 29363.25, 5250, 4840, 29349.88, 29353.00, 29347.88, 2487, 2763, 0.00, 0.00
2026-7-8, 11:53:46.639005, 29363.25, 29377.00, 29344.25, 29344.50, 5250, 4717, 29357.25, 29355.25, 29360.63, 2708, 2542, 0.00, 0.00
2026-7-8, 12:02:39.358003, 29344.50, 29389.75, 29340.00, 29340.50, 5250, 4659, 29353.69, 29356.75, 29364.88, 2541, 2709, 0.00, 0.00
2026-7-8, 12:11:06.072001, 29340.50, 29382.75, 29334.75, 29378.75, 5250, 4819, 29359.19, 29365.42, 29358.75, 2445, 2805, 0.00, 0.00
2026-7-8, 12:20:04.007000, 29379.75, 29443.00, 29368.25, 29426.25, 5250, 4844, 29404.31, 29412.50, 29405.63, 2368, 2882, 0.00, 0.00
2026-7-8, 12:25:39.608002, 29426.00, 29457.75, 29413.50, 29440.50, 5250, 4662, 29434.44, 29437.25, 29435.63, 2522, 2728, 0.00, 0.00
2026-7-8, 12:33:32.354000, 29442.00, 29451.00, 29389.50, 29395.50, 5250, 4797, 29419.50, 29412.00, 29420.25, 2890, 2360, 0.00, 29456.00
2026-7-8, 12:43:37.692003, 29395.25, 29396.25, 29346.75, 29375.75, 5250, 4580, 29378.50, 29372.92, 29371.50, 2632, 2618, 0.00, 29401.25
2026-7-8, 12:50:38.705001, 29375.50, 29390.00, 29324.25, 29349.50, 5250, 4685, 29359.81, 29354.58, 29357.13, 2460, 2790, 0.00, 0.00
2026-7-8, 12:59:24.250002, 29349.25, 29422.75, 29330.00, 29381.75, 5250, 4705, 29370.94, 29378.17, 29376.38, 2540, 2710, 0.00, 0.00
2026-7-8, 13:05:40.881000, 29382.25, 29429.25, 29381.50, 29390.00, 5250, 4879, 29395.75, 29400.25, 29405.38, 2643, 2607, 0.00, 29434.25
2026-7-8, 13:17:03.194000, 29390.25, 29414.50, 29361.25, 29370.00, 5250, 4932, 29384.00, 29381.92, 29387.88, 2806, 2444, 0.00, 0.00
2026-7-8, 13:30:22.294000, 29369.50, 29417.75, 29347.50, 29406.25, 5250, 4830, 29385.25, 29390.50, 29382.63, 2627, 2623, 29342.50, 0.00
2026-7-8, 13:40:12.922000, 29406.00, 29424.25, 29372.50, 29412.50, 5250, 4962, 29403.81, 29403.08, 29398.38, 2582, 2668, 0.00, 0.00
2026-7-8, 13:52:26.551003, 29412.75, 29437.25, 29383.00, 29403.75, 5250, 4912, 29409.19, 29408.00, 29410.13, 2547, 2703, 0.00, 0.00
2026-7-8, 14:01:58.686001, 29403.50, 29413.75, 29375.75, 29400.75, 5250, 4923, 29398.44, 29396.75, 29394.75, 2741, 2509, 0.00, 0.00
2026-7-8, 14:13:20.002000, 29401.50, 29419.00, 29380.00, 29409.00, 5250, 4633, 29402.38, 29402.67, 29399.50, 2625, 2625, 0.00, 0.00
2026-7-8, 14:25:19.081001, 29408.75, 29438.75, 29388.50, 29410.50, 5250, 4899, 29411.63, 29412.58, 29413.63, 2505, 2745, 0.00, 0.00
2026-7-8, 14:36:17.291006, 29410.75, 29427.50, 29381.00, 29385.75, 5250, 4971, 29401.25, 29398.08, 29404.25, 2658, 2592, 29376.00, 0.00
2026-7-8, 14:47:54.492000, 29386.00, 29455.50, 29386.00, 29450.50, 5250, 4908, 29419.50, 29430.67, 29420.75, 2436, 2814, 0.00, 0.00
2026-7-8, 14:54:10.071003, 29450.50, 29498.00, 29447.00, 29489.00, 5250, 4831, 29471.13, 29478.00, 29472.50, 2521, 2729, 0.00, 0.00
2026-7-8, 14:58:00.330000, 29488.25, 29500.00, 29467.00, 29467.25, 5250, 4596, 29480.63, 29478.08, 29483.50, 2978, 2272, 0.00, 0.00
2026-7-8, 14:59:45.001164, 29467.25, 29471.25, 29454.75, 29458.00, 5250, 4766, 29462.81, 29461.33, 29463.00, 2894, 2356, 0.00, 0.00
2026-7-8, 15:00:03.636000, 29457.25, 29459.75, 29424.50, 29432.25, 5250, 4877, 29443.44, 29438.83, 29442.13, 2607, 2643, 29419.50, 0.00
2026-7-8, 15:07:29.271000, 29431.50, 29441.00, 29385.75, 29389.00, 5250, 4955, 29411.81, 29405.25, 29413.38, 2733, 2517, 29380.75, 0.00
2026-7-8, 15:30:47.171003, 29389.00, 29434.50, 29353.25, 29414.50, 5250, 4873, 29397.81, 29400.75, 29393.88, 2755, 2495, 0.00, 0.00
2026-7-8, 17:01:32.921000, 29417.25, 29457.50, 29395.00, 29405.00, 5250, 4992, 29418.69, 29419.17, 29426.25, 2656, 2594, 0.00, 29462.50
2026-7-8, 18:22:58.169000, 29406.00, 29528.75, 29397.75, 29526.75, 5250, 4900, 29464.81, 29484.42, 29463.25, 2203, 3047, 29392.75, 0.00
2026-7-8, 19:03:30.112001, 29526.75, 29567.75, 29516.25, 29557.00, 5250, 4654, 29541.94, 29547.00, 29542.00, 2397, 2853, 0.00, 29572.75
2026-7-8, 19:29:15.336001, 29557.00, 29583.00, 29486.25, 29520.25, 5250, 4886, 29536.63, 29529.83, 29534.63, 2783, 2467, 0.00, 29588.00
2026-7-8, 20:01:08.799000, 29521.50, 29555.25, 29462.75, 29516.25, 5250, 4842, 29513.94, 29511.42, 29509.00, 2604, 2646, 0.00, 29560.25
2026-7-8, 20:44:01.634000, 29515.00, 29537.50, 29426.00, 29510.00, 5250, 4570, 29497.13, 29491.17, 29481.75, 2684, 2566, 0.00, 0.00
2026-7-8, 21:10:53.441000, 29509.25, 29579.00, 29461.25, 29461.25, 5250, 4807, 29502.69, 29500.50, 29520.13, 2693, 2557, 0.00, 0.00
2026-7-8, 21:44:52.859008, 29460.75, 29467.75, 29396.50, 29430.75, 5250, 4763, 29438.94, 29431.67, 29432.13, 2635, 2615, 0.00, 29472.75
2026-7-8, 22:22:23.289000, 29431.50, 29519.00, 29424.00, 29519.00, 5250, 4898, 29473.38, 29487.33, 29471.50, 2559, 2691, 0.00, 29524.00
2026-7-8, 23:32:12.384001, 29518.75, 29597.00, 29508.75, 29549.25, 5250, 4623, 29543.44, 29551.67, 29552.88, 2670, 2580, 29503.75, 0.00
2026-7-9, 00:16:59.673000, 29547.00, 29616.50, 29474.75, 29606.75, 5250, 4810, 29561.25, 29566.00, 29545.63, 2490, 2760, 29469.75, 0.00
2026-7-9, 01:01:23.526001, 29606.75, 29644.25, 29572.25, 29625.00, 5250, 4671, 29612.06, 29613.83, 29608.25, 2663, 2587, 29567.25, 0.00
2026-7-9, 01:39:30.204000, 29624.50, 29660.00, 29601.50, 29653.75, 5250, 4484, 29634.94, 29638.42, 29630.75, 2548, 2702, 0.00, 0.00
2026-7-9, 02:20:08.777000, 29652.50, 29706.75, 29639.75, 29685.25, 5250, 4469, 29671.06, 29677.25, 29673.25, 2614, 2636, 0.00, 0.00
2026-7-9, 02:59:30.471001, 29685.50, 29735.75, 29664.00, 29672.25, 5250, 4632, 29689.38, 29690.67, 29699.88, 2547, 2703, 29659.00, 0.00
2026-7-9, 03:38:28.664000, 29671.25, 29681.50, 29613.75, 29620.50, 5250, 4829, 29646.75, 29638.58, 29647.63, 2704, 2546, 29608.75, 0.00
2026-7-9, 04:44:37.739000, 29619.75, 29669.00, 29570.75, 29572.50, 5250, 4691, 29608.00, 29604.08, 29619.88, 2798, 2452, 0.00, 29674.00
2026-7-9, 05:53:06.719000, 29574.00, 29649.75, 29564.50, 29643.75, 5250, 4804, 29608.00, 29619.33, 29607.13, 2502, 2748, 29559.50, 0.00
2026-7-9, 06:30:40.614032, 29643.75, 29721.75, 29626.75, 29704.00, 5250, 4681, 29674.06, 29684.17, 29674.25, 2465, 2785, 0.00, 29726.75
2026-7-9, 06:58:15.826000, 29704.25, 29744.50, 29681.00, 29744.50, 5250, 4455, 29718.56, 29723.33, 29712.75, 2386, 2864, 0.00, 29749.50
2026-7-9, 07:25:09.432003, 29744.50, 29786.50, 29730.00, 29751.50, 5250, 4636, 29753.13, 29756.00, 29758.25, 2549, 2701, 0.00, 29791.50
2026-7-9, 07:43:59.455000, 29751.25, 29754.75, 29715.25, 29730.75, 5250, 4750, 29738.00, 29733.58, 29735.00, 2573, 2677, 0.00, 29759.75
2026-7-9, 08:07:47.835000, 29730.50, 29759.50, 29726.75, 29739.75, 5250, 4638, 29739.13, 29742.00, 29743.13, 2542, 2708, 0.00, 0.00
2026-7-9, 08:27:45.133000, 29740.25, 29758.00, 29730.00, 29745.25, 1905, 1688, 29743.38, 29744.42, 29744.00, 1049, 856, 0.00, 29763.00
2026-7-9, 08:30:00.000000, 29746.75, 29755.00, 29682.50, 29689.50, 5250, 4829, 29718.44, 29709.00, 29718.75, 2875, 2375, 0.00, 0.00
2026-7-9, 08:31:01.989000, 29689.50, 29731.50, 29672.00, 29702.50, 5250, 4960, 29698.88, 29702.00, 29701.75, 2585, 2665, 0.00, 0.00
2026-7-9, 08:33:23.741000, 29702.25, 29812.25, 29702.00, 29812.25, 5250, 4669, 29757.19, 29775.50, 29757.13, 2094, 3156, 0.00, 0.00
2026-7-9, 08:35:27.375000, 29812.50, 29850.50, 29796.25, 29850.50, 5250, 4895, 29827.44, 29832.42, 29823.38, 2420, 2830, 0.00, 0.00
2026-7-9, 08:38:15.996000, 29850.00, 29863.00, 29815.00, 29818.50, 5250, 4878, 29836.63, 29832.17, 29839.00, 2674, 2576, 0.00, 0.00
2026-7-9, 08:40:54.048003, 29818.25, 29871.25, 29811.75, 29863.50, 5250, 4973, 29841.19, 29848.83, 29841.50, 2489, 2761, 0.00, 0.00
2026-7-9, 08:43:41.243000, 29863.75, 29886.50, 29844.50, 29885.00, 5250, 5027, 29869.94, 29872.00, 29865.50, 2431, 2819, 0.00, 0.00
2026-7-9, 08:46:04.349010, 29885.00, 29891.75, 29830.50, 29831.00, 5250, 4884, 29859.56, 29851.08, 29861.13, 2800, 2450, 0.00, 0.00
2026-7-9, 08:48:48.782000, 29830.75, 29879.00, 29808.50, 29877.00, 5250, 4994, 29848.81, 29854.83, 29843.75, 2488, 2762, 0.00, 0.00
2026-7-9, 08:51:33.090003, 29877.00, 29911.50, 29875.00, 29909.00, 5250, 4943, 29893.13, 29898.50, 29893.25, 2498, 2752, 0.00, 0.00
2026-7-9, 08:54:07.549000, 29908.75, 29929.75, 29896.00, 29925.25, 5250, 4884, 29914.94, 29917.00, 29912.88, 2556, 2694, 0.00, 0.00
2026-7-9, 08:58:14.929032, 29925.00, 29931.25, 29887.75, 29906.75, 5250, 4845, 29912.69, 29908.58, 29909.50, 2645, 2605, 0.00, 0.00
2026-7-9, 09:02:47.773004, 29906.75, 29922.25, 29863.25, 29865.25, 5250, 4986, 29889.38, 29883.58, 29892.75, 2817, 2433, 0.00, 0.00
2026-7-9, 09:07:15.763000, 29864.75, 29888.00, 29821.00, 29824.25, 5250, 4930, 29849.50, 29844.42, 29854.50, 2742, 2508, 0.00, 0.00
2026-7-9, 09:10:52.039000, 29823.75, 29834.00, 29785.25, 29809.50, 5250, 4912, 29813.13, 29809.58, 29809.63, 2741, 2509, 0.00, 0.00
2026-7-9, 09:13:49.860001, 29809.50, 29825.25, 29730.00, 29730.00, 5250, 4899, 29773.69, 29761.75, 29777.63, 2885, 2365, 0.00, 0.00
2026-7-9, 09:15:49.660005, 29730.00, 29737.50, 29680.25, 29728.25, 5250, 4672, 29719.00, 29715.33, 29708.88, 2626, 2624, 0.00, 0.00
2026-7-9, 09:17:15.643001, 29728.00, 29749.50, 29674.00, 29682.25, 5250, 4954, 29708.44, 29701.92, 29711.75, 2696, 2554, 0.00, 0.00
2026-7-9, 09:20:12.061001, 29682.50, 29684.25, 29614.50, 29643.00, 5250, 4760, 29656.06, 29647.25, 29649.38, 2812, 2438, 0.00, 0.00
2026-7-9, 09:22:00.810001, 29643.00, 29693.00, 29623.50, 29688.75, 5250, 4822, 29662.06, 29668.42, 29658.25, 2590, 2660, 0.00, 0.00
2026-7-9, 09:24:46.400000, 29689.25, 29758.00, 29686.75, 29756.00, 5250, 4932, 29722.50, 29733.58, 29722.38, 2407, 2843, 0.00, 0.00
2026-7-9, 09:27:38.560000, 29757.75, 29777.50, 29716.25, 29716.75, 5250, 4846, 29742.06, 29736.83, 29746.88, 2834, 2416, 0.00, 0.00
2026-7-9, 09:31:23.387002, 29716.75, 29779.25, 29694.25, 29773.00, 5250, 4900, 29740.81, 29748.83, 29736.75, 2525, 2725, 0.00, 0.00
2026-7-9, 09:36:21.383000, 29773.75, 29795.25, 29726.25, 29792.50, 5250, 4881, 29771.94, 29771.33, 29760.75, 2657, 2593, 0.00, 0.00
2026-7-9, 09:42:28.051001, 29792.50, 29804.50, 29750.50, 29797.75, 5250, 4810, 29786.31, 29784.25, 29777.50, 2627, 2623, 0.00, 0.00
2026-7-9, 09:48:30.392000, 29798.25, 29811.00, 29725.25, 29736.75, 5250, 4946, 29767.81, 29757.67, 29768.13, 2827, 2423, 0.00, 0.00
2026-7-9, 09:53:44.884003, 29736.75, 29818.00, 29723.50, 29815.75, 5250, 4912, 29773.50, 29785.75, 29770.75, 2351, 2899, 0.00, 0.00
2026-7-9, 09:58:43.204003, 29816.00, 29830.50, 29779.50, 29828.00, 5250, 4833, 29813.50, 29812.67, 29805.00, 2585, 2665, 0.00, 0.00
2026-7-9, 10:05:33.033001, 29828.25, 29864.25, 29823.00, 29847.75, 5250, 4862, 29840.81, 29845.00, 29843.63, 2557, 2693, 0.00, 0.00
2026-7-9, 10:11:10.748005, 29847.75, 29879.00, 29833.25, 29853.00, 5250, 4766, 29853.25, 29855.08, 29856.13, 2552, 2698, 0.00, 0.00
2026-7-9, 10:17:59.900000, 29851.25, 29881.50, 29830.00, 29881.25, 5250, 4665, 29861.00, 29864.25, 29855.75, 2506, 2744, 0.00, 0.00
2026-7-9, 10:25:00.189000, 29881.25, 29886.25, 29860.50, 29865.75, 5250, 4901, 29873.44, 29870.83, 29873.38, 2770, 2480, 0.00, 0.00
2026-7-9, 10:33:39.563002, 29865.75, 29899.75, 29856.25, 29887.75, 5250, 4973, 29877.38, 29881.25, 29878.00, 2495, 2755, 0.00, 0.00
2026-7-9, 10:44:09.619000, 29887.75, 29903.25, 29880.25, 29901.50, 5250, 4179, 29893.19, 29895.00, 29891.75, 2253, 2997, 0.00, 0.00
2026-7-9, 10:51:44.580001, 29901.50, 29906.50, 29878.50, 29905.00, 5250, 4849, 29897.88, 29896.67, 29892.50, 2646, 2604, 0.00, 29911.50
2026-7-9, 11:01:15.534003, 29905.00, 29924.25, 29902.50, 29904.00, 5250, 4937, 29908.94, 29910.25, 29913.38, 2553, 2697, 0.00, 0.00
2026-7-9, 11:10:59.622004, 29904.00, 29917.00, 29892.50, 29897.75, 5250, 4930, 29902.81, 29902.42, 29904.75, 2763, 2487, 0.00, 0.00
2026-7-9, 11:22:32.756000, 29898.00, 29912.50, 29880.75, 29909.25, 5250, 4752, 29900.13, 29900.83, 29896.63, 2499, 2751, 0.00, 0.00
2026-7-9, 11:32:34.974000, 29908.75, 29912.50, 29864.00, 29903.75, 5250, 4858, 29897.25, 29893.42, 29888.25, 2706, 2544, 0.00, 0.00
2026-7-9, 11:40:21.902000, 29903.50, 29916.50, 29891.25, 29902.75, 5250, 4760, 29903.50, 29903.50, 29903.88, 2580, 2670, 0.00, 0.00
2026-7-9, 11:52:35.893007, 29902.75, 29927.75, 29885.25, 29927.75, 5250, 4836, 29910.88, 29913.58, 29906.50, 2454, 2796, 0.00, 0.00
2026-7-9, 12:06:25.166000, 29927.50, 29953.25, 29925.75, 29953.00, 5250, 4130, 29939.88, 29944.00, 29939.50, 1879, 3371, 0.00, 0.00
2026-7-9, 12:10:32.076000, 29953.00, 29970.00, 29951.00, 29968.50, 5250, 4336, 29960.63, 29963.17, 29960.50, 2191, 3059, 0.00, 0.00
2026-7-9, 12:18:08.208000, 29969.25, 29989.25, 29966.75, 29988.50, 5250, 4840, 29978.44, 29981.50, 29978.00, 2580, 2670, 0.00, 0.00
2026-7-9, 12:28:06.299001, 29988.00, 29993.50, 29962.00, 29973.50, 5250, 4934, 29979.25, 29976.33, 29977.75, 2653, 2597, 0.00, 0.00
2026-7-9, 12:38:37.321000, 29973.25, 29992.25, 29964.75, 29977.50, 5250, 4994, 29976.94, 29978.17, 29978.50, 2657, 2593, 0.00, 0.00
2026-7-9, 12:56:47.869000, 29976.50, 29982.75, 29950.75, 29972.75, 5250, 4854, 29970.69, 29968.75, 29966.75, 3000, 2250, 0.00, 0.00
2026-7-9, 13:05:15.536001, 29972.75, 29985.00, 29962.50, 29964.00, 5250, 4929, 29971.06, 29970.50, 29973.75, 2783, 2467, 0.00, 0.00
2026-7-9, 13:20:18.545003, 29964.00, 29967.75, 29942.00, 29959.75, 5250, 4881, 29958.38, 29956.50, 29954.88, 2802, 2448, 0.00, 0.00
2026-7-9, 13:30:21.931000, 29959.25, 29968.25, 29939.50, 29952.25, 5250, 5052, 29954.81, 29953.33, 29953.88, 2785, 2465, 0.00, 0.00
2026-7-9, 13:43:17.270000, 29952.50, 29965.00, 29930.00, 29939.00, 5250, 4946, 29946.63, 29944.67, 29947.50, 2733, 2517, 0.00, 0.00
2026-7-9, 13:56:40.068000, 29939.00, 29944.00, 29911.25, 29913.25, 5250, 4829, 29926.88, 29922.83, 29927.63, 2872, 2378, 0.00, 0.00
2026-7-9, 14:04:36.921000, 29913.50, 29936.75, 29905.25, 29914.25, 5250, 4945, 29917.44, 29918.75, 29921.00, 2741, 2509, 0.00, 0.00
2026-7-9, 14:15:04.441000, 29913.75, 29958.25, 29902.75, 29946.50, 5250, 4811, 29930.31, 29935.83, 29930.50, 2464, 2786, 0.00, 0.00
2026-7-9, 14:23:05.618004, 29946.50, 29951.50, 29913.25, 29925.50, 5250, 4630, 29934.19, 29930.08, 29932.38, 2884, 2366, 0.00, 0.00
2026-7-9, 14:32:00.080000, 29924.75, 29945.50, 29909.00, 29931.25, 5250, 4741, 29927.63, 29928.58, 29927.25, 2730, 2520, 0.00, 0.00
2026-7-9, 14:42:34.688001, 29931.25, 29952.25, 29909.00, 29918.75, 5250, 4607, 29927.81, 29926.67, 29930.63, 2667, 2583, 0.00, 0.00
2026-7-9, 14:50:46.549004, 29918.75, 29930.00, 29896.75, 29917.50, 5250, 4706, 29915.75, 29914.75, 29913.38, 2819, 2431, 0.00, 0.00
2026-7-9, 14:55:00.236002, 29917.50, 29954.75, 29917.00, 29947.25, 5250, 4890, 29934.13, 29939.67, 29935.88, 2556, 2694, 0.00, 0.00
2026-7-9, 14:59:06.749000, 29947.25, 29948.75, 29926.75, 29937.50, 5250, 4485, 29940.06, 29937.67, 29937.75, 2828, 2422, 0.00, 0.00
2026-7-9, 14:59:53.517000, 29937.75, 29952.75, 29932.00, 29951.75, 5250, 4568, 29943.56, 29945.50, 29942.38, 2507, 2743, 0.00, 0.00
2026-7-9, 15:00:29.014011, 29952.00, 29970.75, 29943.25, 29969.75, 5250, 4796, 29958.94, 29961.25, 29957.00, 2500, 2750, 0.00, 0.00
2026-7-9, 15:09:42.037000, 29969.75, 29973.75, 29932.00, 29934.75, 5250, 4967, 29952.56, 29946.83, 29952.88, 2739, 2511, 0.00, 0.00
2026-7-9, 15:45:15.355000, 29935.25, 29961.00, 29906.75, 29913.25, 5250, 4697, 29929.06, 29927.00, 29933.88, 2736, 2514, 29901.75, 0.00
2026-7-9, 17:27:58.803000, 29911.00, 29964.25, 29904.00, 29941.50, 5250, 4979, 29930.19, 29936.58, 29934.13, 2504, 2746, 0.00, 29969.25
2026-7-9, 18:53:42.625000, 29942.50, 29958.00, 29858.00, 29873.25, 5250, 4889, 29907.94, 29896.42, 29908.00, 2735, 2515, 0.00, 29963.00
2026-7-9, 19:17:28.577000, 29873.25, 29890.50, 29804.25, 29829.75, 5250, 4817, 29849.44, 29841.50, 29847.38, 2625, 2625, 0.00, 29895.50
2026-7-9, 19:45:46.862001, 29829.75, 29870.75, 29808.00, 29819.75, 5250, 4202, 29832.06, 29832.83, 29839.38, 2262, 2988, 0.00, 0.00
2026-7-9, 20:10:41.173000, 29819.75, 29922.75, 29817.50, 29903.25, 5250, 4740, 29865.81, 29881.17, 29870.13, 2337, 2913, 0.00, 0.00
2026-7-9, 20:54:11.168003, 29903.50, 29916.25, 29854.25, 29913.25, 5250, 4710, 29896.81, 29894.58, 29885.25, 2562, 2688, 29849.25, 0.00
2026-7-9, 21:42:46.497000, 29913.50, 29963.50, 29902.00, 29932.25, 5250, 4759, 29927.81, 29932.58, 29932.75, 2516, 2734, 0.00, 0.00
2026-7-9, 22:58:41.017000, 29933.25, 29948.75, 29865.75, 29868.25, 5250, 4644, 29904.00, 29894.25, 29907.25, 2743, 2507, 29860.75, 0.00
2026-7-10, 00:10:03.165000, 29867.75, 29897.00, 29835.00, 29835.75, 5250, 4813, 29858.88, 29855.92, 29866.00, 2684, 2566, 29830.00, 0.00
2026-7-10, 01:06:13.284000, 29835.00, 29848.00, 29775.25, 29820.50, 5250, 4481, 29819.69, 29814.58, 29811.63, 2784, 2466, 0.00, 0.00
2026-7-10, 01:31:50.032000, 29821.50, 29832.50, 29787.50, 29800.00, 5250, 4824, 29810.38, 29806.67, 29810.00, 2645, 2605, 0.00, 29837.50
2026-7-10, 02:23:21.076000, 29799.25, 29820.50, 29743.75, 29788.00, 5250, 4988, 29787.88, 29784.08, 29782.13, 2719, 2531, 0.00, 29825.50
2026-7-10, 03:19:18.203000, 29787.50, 29799.00, 29717.25, 29765.00, 5250, 4628, 29767.19, 29760.42, 29758.13, 2897, 2353, 29712.25, 0.00
2026-7-10, 04:04:36.304002, 29765.00, 29841.75, 29758.25, 29823.75, 5250, 4834, 29797.19, 29807.92, 29800.00, 2538, 2712, 29753.25, 0.00
2026-7-10, 05:20:36.072000, 29825.25, 29878.00, 29805.50, 29867.50, 5250, 4803, 29844.06, 29850.33, 29841.75, 2593, 2657, 0.00, 29883.00
2026-7-10, 06:13:32.919000, 29868.25, 29887.75, 29806.75, 29814.75, 5250, 4895, 29844.38, 29836.42, 29847.25, 2669, 2581, 0.00, 0.00
2026-7-10, 06:59:24.327000, 29815.00, 29878.75, 29771.25, 29839.75, 5250, 4158, 29826.19, 29829.92, 29825.00, 2107, 3143, 0.00, 0.00
2026-7-10, 07:14:41.007000, 29838.00, 29860.75, 29816.50, 29823.50, 5250, 4489, 29834.69, 29833.58, 29838.63, 2731, 2519, 0.00, 29865.75
2026-7-10, 07:46:43.124002, 29823.50, 29841.50, 29790.50, 29810.50, 5250, 4790, 29816.50, 29814.17, 29816.00, 2669, 2581, 0.00, 29846.50
2026-7-10, 08:12:49.555001, 29810.50, 29851.00, 29801.50, 29835.00, 4708, 4263, 29824.50, 29829.17, 29826.25, 2325, 2383, 0.00, 29856.00
2026-7-10, 08:30:00.002000, 29834.75, 29892.75, 29812.50, 29880.50, 5250, 4906, 29855.13, 29861.92, 29852.63, 2577, 2673, 0.00, 0.00
2026-7-10, 08:31:20.807000, 29882.50, 29921.25, 29854.75, 29916.75, 5250, 4943, 29893.81, 29897.58, 29888.00, 2591, 2659, 0.00, 0.00
2026-7-10, 08:33:41.008000, 29916.50, 29931.75, 29880.50, 29930.50, 5250, 4868, 29914.81, 29914.25, 29906.13, 2634, 2616, 0.00, 0.00
2026-7-10, 08:36:50.881000, 29929.75, 29936.75, 29856.75, 29867.00, 5250, 4830, 29897.56, 29886.83, 29896.75, 2907, 2343, 0.00, 0.00
2026-7-10, 08:40:00.458004, 29867.00, 29867.75, 29798.00, 29843.25, 5250, 4688, 29844.00, 29836.33, 29832.88, 2804, 2446, 0.00, 0.00
2026-7-10, 08:42:15.310000, 29843.00, 29887.00, 29830.00, 29882.50, 5250, 5010, 29860.63, 29866.50, 29858.50, 2501, 2749, 0.00, 0.00
2026-7-10, 08:45:25.179000, 29883.00, 29921.00, 29861.25, 29909.75, 5250, 4840, 29893.75, 29897.33, 29891.13, 2649, 2601, 0.00, 0.00
2026-7-10, 08:48:55.477000, 29910.00, 29953.00, 29907.00, 29950.50, 5250, 4860, 29930.13, 29936.83, 29930.00, 2259, 2991, 0.00, 0.00
2026-7-10, 08:52:14.468007, 29950.50, 29968.50, 29912.00, 29917.75, 5250, 4533, 29937.19, 29932.75, 29940.25, 2558, 2692, 0.00, 0.00
2026-7-10, 08:55:17.868000, 29917.25, 29955.00, 29903.50, 29932.25, 5250, 4922, 29927.00, 29930.25, 29929.25, 2559, 2691, 0.00, 0.00
2026-7-10, 08:59:33.391005, 29932.25, 29961.25, 29912.75, 29945.50, 5250, 4951, 29937.94, 29939.83, 29937.00, 2539, 2711, 0.00, 0.00
2026-7-10, 09:03:55.418000, 29944.75, 29960.75, 29906.50, 29939.00, 5250, 4924, 29937.75, 29935.42, 29933.63, 2637, 2613, 0.00, 0.00
2026-7-10, 09:09:02.375003, 29939.00, 29966.00, 29932.25, 29953.00, 5250, 4808, 29947.56, 29950.42, 29949.13, 2506, 2744, 0.00, 0.00
2026-7-10, 09:13:25.265001, 29953.00, 29959.50, 29910.00, 29950.50, 5250, 4892, 29943.25, 29940.00, 29934.75, 2500, 2750, 0.00, 0.00
2026-7-10, 09:17:57.036000, 29949.25, 29951.25, 29844.75, 29858.25, 5250, 4915, 29900.88, 29884.75, 29898.00, 3043, 2207, 0.00, 0.00
2026-7-10, 09:21:58.701000, 29858.50, 29911.75, 29857.50, 29872.25, 5250, 4771, 29875.00, 29880.50, 29884.63, 2449, 2801, 0.00, 0.00
2026-7-10, 09:25:34.360000, 29872.00, 29942.25, 29863.75, 29914.25, 5250, 4944, 29898.06, 29906.75, 29903.00, 2447, 2803, 0.00, 0.00
2026-7-10, 09:30:01.306000, 29915.00, 29957.25, 29735.50, 29744.00, 5250, 4686, 29837.94, 29812.25, 29846.38, 3099, 2151, 0.00, 0.00
2026-7-10, 09:33:01.203000, 29743.50, 29873.50, 29675.00, 29871.50, 5250, 4837, 29790.88, 29806.67, 29774.25, 2551, 2699, 0.00, 0.00
2026-7-10, 09:34:18.717000, 29873.00, 29886.75, 29818.25, 29875.75, 5250, 4919, 29863.44, 29860.25, 29852.50, 2646, 2604, 0.00, 0.00
2026-7-10, 09:37:43.831000, 29875.75, 29895.00, 29840.00, 29859.75, 5250, 4703, 29867.63, 29864.92, 29867.50, 2725, 2525, 0.00, 0.00
2026-7-10, 09:43:18.225000, 29859.25, 29908.75, 29845.75, 29908.25, 5250, 4873, 29880.50, 29887.58, 29877.25, 2590, 2660, 0.00, 0.00
2026-7-10, 09:50:03.046000, 29907.50, 29913.00, 29822.50, 29822.50, 5250, 4802, 29866.38, 29852.67, 29867.75, 2981, 2269, 0.00, 0.00
2026-7-10, 09:56:03.016004, 29822.50, 29853.25, 29794.50, 29801.50, 5250, 4803, 29817.94, 29816.42, 29823.88, 2573, 2677, 0.00, 0.00
2026-7-10, 10:00:20.926005, 29801.50, 29834.00, 29782.25, 29783.00, 5250, 4882, 29800.19, 29799.75, 29808.13, 2886, 2364, 0.00, 0.00
2026-7-10, 10:05:03.048011, 29782.75, 29874.00, 29780.00, 29873.00, 5250, 4871, 29827.44, 29842.33, 29827.00, 2338, 2912, 0.00, 0.00
2026-7-10, 10:10:30.650001, 29873.25, 29933.25, 29860.25, 29931.25, 5250, 4771, 29899.50, 29908.25, 29896.75, 2422, 2828, 0.00, 0.00
2026-7-10, 10:16:27.003000, 29931.00, 29957.00, 29901.25, 29937.00, 5250, 4869, 29931.56, 29931.75, 29929.13, 2635, 2615, 0.00, 0.00
2026-7-10, 10:21:47.571000, 29937.50, 29987.50, 29923.25, 29977.00, 5250, 4800, 29956.31, 29962.58, 29955.38, 2396, 2854, 0.00, 0.00
2026-7-10, 10:27:54.736000, 29976.50, 29991.50, 29962.75, 29987.50, 5250, 4973, 29979.56, 29980.58, 29977.13, 2509, 2741, 0.00, 0.00
2026-7-10, 10:32:47.458000, 29987.50, 29991.50, 29934.25, 29936.00, 5250, 5005, 29962.31, 29953.92, 29962.88, 2782, 2468, 0.00, 0.00
2026-7-10, 10:39:09.428000, 29935.00, 29936.75, 29834.00, 29841.25, 5250, 4929, 29886.75, 29870.67, 29885.38, 2872, 2378, 0.00, 0.00
2026-7-10, 10:42:45.614000, 29841.75, 29884.00, 29834.00, 29864.00, 5250, 4916, 29855.94, 29860.67, 29859.00, 2560, 2690, 0.00, 0.00
2026-7-10, 10:46:03.112000, 29864.00, 29923.00, 29863.00, 29919.00, 5250, 4853, 29892.25, 29901.67, 29893.00, 2438, 2812, 0.00, 0.00
2026-7-10, 10:52:27.614000, 29918.25, 29975.25, 29914.00, 29970.00, 5250, 4949, 29944.38, 29953.08, 29944.63, 2466, 2784, 0.00, 0.00
2026-7-10, 11:00:55.490000, 29970.25, 29990.00, 29962.00, 29968.00, 5250, 4927, 29972.56, 29973.33, 29976.00, 2464, 2786, 0.00, 0.00
2026-7-10, 11:09:07.876005, 29968.00, 30000.00, 29962.50, 29999.75, 5250, 4738, 29982.56, 29987.42, 29981.25, 2219, 3031, 0.00, 0.00
2026-7-10, 11:16:16.769009, 29999.75, 30023.00, 29995.75, 30016.00, 5250, 4521, 30008.63, 30011.58, 30009.38, 2446, 2804, 0.00, 0.00
2026-7-10, 11:21:25.803011, 30016.00, 30029.00, 29999.00, 30020.25, 5250, 4893, 30016.06, 30016.08, 30014.00, 2711, 2539, 0.00, 0.00
2026-7-10, 11:30:27.848001, 30020.25, 30034.00, 30004.00, 30022.75, 5250, 4799, 30020.25, 30020.25, 30019.00, 2803, 2447, 0.00, 0.00
2026-7-10, 11:40:54.884000, 30023.25, 30043.25, 30010.00, 30017.75, 5250, 4991, 30023.56, 30023.67, 30026.63, 2714, 2536, 0.00, 0.00
2026-7-10, 11:54:34.401000, 30017.00, 30035.00, 29999.25, 30018.25, 5250, 4938, 30017.38, 30017.50, 30017.13, 2776, 2474, 0.00, 0.00
2026-7-10, 12:06:31.305000, 30018.75, 30030.00, 29996.50, 30028.50, 5250, 5019, 30018.44, 30018.33, 30013.25, 2579, 2671, 0.00, 0.00
2026-7-10, 12:22:53.135000, 30029.00, 30058.25, 30021.75, 30048.00, 5250, 4826, 30039.25, 30042.67, 30040.00, 2380, 2870, 0.00, 0.00
2026-7-10, 12:35:00.589000, 30048.25, 30072.25, 30041.25, 30062.25, 5250, 4726, 30056.00, 30058.58, 30056.75, 2595, 2655, 0.00, 0.00
2026-7-10, 12:48:16.282000, 30062.75, 30069.50, 30031.25, 30050.25, 5250, 4845, 30053.44, 30050.33, 30050.38, 2801, 2449, 0.00, 0.00
2026-7-10, 13:01:40.015010, 30050.50, 30071.00, 30043.50, 30065.50, 5250, 4780, 30057.63, 30060.00, 30057.25, 2566, 2684, 0.00, 0.00
2026-7-10, 13:12:17.364031, 30065.50, 30069.00, 30021.50, 30040.50, 5250, 4866, 30049.13, 30043.67, 30045.25, 2907, 2343, 0.00, 0.00
2026-7-10, 13:23:37.669000, 30041.00, 30065.50, 30036.75, 30048.00, 5250, 4754, 30047.81, 30050.08, 30051.13, 2591, 2659, 0.00, 0.00
2026-7-10, 13:35:40.622014, 30047.75, 30050.50, 30028.25, 30042.25, 5250, 5054, 30042.19, 30040.33, 30039.38, 2780, 2470, 0.00, 0.00
2026-7-10, 13:53:02.396000, 30042.00, 30077.75, 30033.00, 30069.00, 5250, 4834, 30055.44, 30059.92, 30055.38, 2622, 2628, 0.00, 0.00
2026-7-10, 14:05:09.156000, 30069.50, 30071.25, 30037.00, 30042.25, 5250, 4977, 30055.00, 30050.17, 30054.13, 2791, 2459, 0.00, 0.00
2026-7-10, 14:18:11.858002, 30042.25, 30067.25, 30036.50, 30053.50, 5250, 4820, 30049.88, 30052.42, 30051.88, 2489, 2761, 0.00, 0.00
2026-7-10, 14:32:30.925001, 30053.50, 30068.00, 30047.25, 30052.00, 5250, 4846, 30055.19, 30055.75, 30057.63, 2678, 2572, 0.00, 0.00
2026-7-10, 14:47:12.008001, 30052.00, 30066.50, 30038.25, 30045.50, 5250, 4894, 30050.56, 30050.08, 30052.38, 2816, 2434, 0.00, 0.00
2026-7-10, 14:54:11.099002, 30045.50, 30052.50, 30034.00, 30037.00, 5250, 4867, 30042.25, 30041.17, 30043.25, 2917, 2333, 0.00, 0.00
2026-7-10, 14:58:47.036001, 30037.00, 30037.25, 30024.75, 30032.75, 5250, 4549, 30032.94, 30031.58, 30031.00, 2815, 2435, 0.00, 0.00
2026-7-10, 14:59:57.125000, 30032.50, 30062.00, 30031.75, 30060.00, 5250, 4708, 30046.56, 30051.25, 30046.88, 2429, 2821, 30026.75, 0.00
2026-7-10, 15:03:11.418000, 30060.00, 30061.50, 30036.00, 30057.00, 5250, 4901, 30053.63, 30051.50, 30048.75, 2710, 2540, 0.00, 0.00
2026-7-10, 15:44:44.516000, 30056.75, 30073.75, 30056.50, 30068.50, 1898, 1647, 30063.88, 30066.25, 30065.13, 1000, 898, 30051.50, 0.00
2026-7-12, 17:00:00.000000, 29952.00, 29979.50, 29869.75, 29902.00, 5250, 4642, 29925.81, 29917.08, 29924.63, 2857, 2393, 0.00, 29984.50
2026-7-12, 17:09:29.172007, 29902.00, 29915.00, 29855.00, 29882.75, 5250, 4853, 29888.69, 29884.25, 29885.00, 2594, 2656, 0.00, 29920.00
2026-7-12, 17:40:36.598006, 29882.75, 29915.00, 29869.50, 29896.00, 5250, 4779, 29890.81, 29893.50, 29892.25, 2555, 2695, 29864.50, 0.00
2026-7-12, 18:40:38.555004, 29896.25, 29986.25, 29845.00, 29986.25, 5250, 4836, 29928.44, 29939.17, 29915.63, 2455, 2795, 0.00, 29991.25
2026-7-12, 19:04:24.258000, 29985.25, 30041.00, 29953.50, 29990.75, 5250, 4791, 29992.63, 29995.08, 29997.25, 2673, 2577, 0.00, 30046.00
2026-7-12, 19:20:44.185002, 29990.75, 30014.25, 29850.00, 29890.50, 5250, 4919, 29936.38, 29918.25, 29932.13, 2825, 2425, 0.00, 30019.25
2026-7-12, 19:45:35.753000, 29891.00, 29905.25, 29807.50, 29844.00, 5250, 4843, 29861.94, 29852.25, 29856.38, 2628, 2622, 0.00, 29910.25
2026-7-12, 20:03:56.565000, 29843.75, 29849.00, 29788.75, 29796.50, 5250, 4880, 29819.50, 29811.42, 29818.88, 2688, 2562, 0.00, 29854.00
2026-7-12, 20:33:53.270000, 29796.50, 29843.25, 29737.25, 29743.00, 5250, 4821, 29780.00, 29774.50, 29790.25, 2735, 2515, 0.00, 0.00
2026-7-12, 20:56:17.213002, 29743.25, 29775.50, 29727.00, 29773.50, 5250, 4741, 29754.81, 29758.67, 29751.25, 2480, 2770, 29722.00, 0.00
2026-7-12, 21:19:55.964000, 29772.50, 29808.75, 29716.00, 29716.00, 5250, 4813, 29753.31, 29746.92, 29762.38, 2766, 2484, 0.00, 0.00
2026-7-12, 21:59:39.557000, 29716.00, 29721.25, 29682.00, 29703.75, 5250, 4807, 29705.75, 29702.33, 29701.63, 2703, 2547, 0.00, 29726.25
2026-7-12, 22:39:12.705000, 29703.50, 29727.25, 29650.00, 29659.00, 5250, 4866, 29684.94, 29678.75, 29688.63, 2768, 2482, 0.00, 0.00
2026-7-12, 23:21:12.638000, 29659.00, 29673.00, 29606.50, 29648.50, 5250, 4668, 29646.75, 29642.67, 29639.75, 2770, 2480, 0.00, 0.00
2026-7-13, 00:07:03.314000, 29646.25, 29693.75, 29542.75, 29581.00, 5250, 4757, 29615.94, 29605.83, 29618.25, 2713, 2537, 0.00, 0.00
2026-7-13, 00:33:20.523000, 29582.00, 29670.75, 29580.50, 29630.00, 5250, 4917, 29615.81, 29627.08, 29625.63, 2582, 2668, 29575.50, 0.00
2026-7-13, 01:08:04.281000, 29631.00, 29652.00, 29585.50, 29642.00, 5250, 4820, 29627.63, 29626.50, 29618.75, 2518, 2732, 29580.50, 0.00
2026-7-13, 01:49:42.089000, 29641.25, 29690.25, 29607.00, 29646.50, 5250, 4841, 29646.25, 29647.92, 29648.63, 2466, 2784, 0.00, 0.00
2026-7-13, 02:35:09.479001, 29646.25, 29730.00, 29636.75, 29725.00, 5250, 4687, 29684.50, 29697.25, 29683.38, 2364, 2886, 29631.75, 0.00
2026-7-13, 03:22:08.594003, 29725.00, 29756.50, 29700.00, 29751.25, 5250, 4619, 29733.19, 29735.92, 29728.25, 2594, 2656, 29695.00, 0.00
2026-7-13, 04:21:34.146001, 29751.25, 29778.00, 29737.50, 29743.50, 5250, 4768, 29752.56, 29753.00, 29757.75, 2546, 2704, 29732.50, 0.00
2026-7-13, 05:41:44.372001, 29743.50, 29799.75, 29735.75, 29771.75, 5250, 4831, 29762.69, 29769.08, 29767.75, 2597, 2653, 29730.75, 0.00
2026-7-13, 06:33:59.846001, 29772.00, 29793.50, 29710.25, 29713.75, 5250, 4648, 29747.38, 29739.17, 29751.88, 2526, 2724, 0.00, 29798.50
2026-7-13, 07:12:00.487009, 29712.25, 29735.75, 29656.25, 29657.25, 5250, 4698, 29690.38, 29683.08, 29696.00, 2514, 2736, 0.00, 29740.75
2026-7-13, 07:37:59.566001, 29657.00, 29748.00, 29655.50, 29734.00, 5250, 4734, 29698.63, 29712.50, 29701.75, 2371, 2879, 0.00, 0.00
2026-7-13, 08:08:00.460002, 29734.00, 29734.00, 29683.25, 29712.00, 5250, 4867, 29715.81, 29709.75, 29708.63, 2639, 2611, 0.00, 29739.00
2026-7-13, 08:29:59.552001, 29712.25, 29713.75, 29709.25, 29710.75, 42, 42, 29711.50, 29711.25, 29711.50, 19, 23, 0.00, 0.00
2026-7-13, 08:30:00.000000, 29710.00, 29737.00, 29651.00, 29699.00, 5250, 4995, 29699.25, 29695.67, 29694.00, 2606, 2644, 0.00, 0.00
2026-7-13, 08:31:22.150004, 29699.00, 29737.25, 29670.00, 29676.75, 5250, 4969, 29695.75, 29694.67, 29703.63, 2822, 2428, 0.00, 0.00
2026-7-13, 08:33:37.279003, 29676.75, 29683.00, 29631.75, 29649.75, 5250, 4946, 29660.31, 29654.83, 29657.38, 2736, 2514, 0.00, 0.00
2026-7-13, 08:36:05.365001, 29649.75, 29659.00, 29610.75, 29644.25, 5250, 4981, 29640.94, 29638.00, 29634.88, 2773, 2477, 0.00, 0.00
2026-7-13, 08:38:42.770000, 29644.75, 29666.75, 29562.25, 29593.75, 5250, 4885, 29616.88, 29607.58, 29614.50, 2869, 2381, 0.00, 0.00
2026-7-13, 08:41:03.605013, 29593.50, 29596.25, 29552.25, 29571.50, 5250, 4922, 29578.38, 29573.33, 29574.25, 2697, 2553, 0.00, 0.00
2026-7-13, 08:43:57.622000, 29572.50, 29602.75, 29540.00, 29541.50, 5250, 4960, 29564.19, 29561.42, 29571.38, 2927, 2323, 0.00, 0.00
2026-7-13, 08:45:45.911002, 29541.50, 29599.50, 29535.75, 29579.25, 5250, 4761, 29564.00, 29571.50, 29567.63, 2448, 2802, 0.00, 0.00
2026-7-13, 08:48:09.634010, 29579.25, 29595.25, 29536.00, 29536.00, 5250, 4706, 29561.63, 29555.75, 29565.63, 2875, 2375, 0.00, 0.00
2026-7-13, 08:51:17.842004, 29535.75, 29561.50, 29518.00, 29540.00, 5250, 4707, 29538.81, 29539.83, 29539.75, 2688, 2562, 0.00, 0.00
2026-7-13, 08:53:53.072007, 29540.00, 29590.75, 29526.75, 29584.50, 5250, 4942, 29560.50, 29567.33, 29558.75, 2574, 2676, 0.00, 0.00
2026-7-13, 08:57:40.938000, 29586.00, 29640.00, 29576.00, 29631.75, 5250, 4751, 29608.44, 29615.92, 29608.00, 2372, 2878, 0.00, 0.00
2026-7-13, 09:00:04.759011, 29632.00, 29662.50, 29611.75, 29618.25, 5250, 4794, 29631.13, 29630.83, 29637.13, 2781, 2469, 0.00, 0.00
2026-7-13, 09:02:29.961182, 29618.25, 29633.50, 29565.50, 29569.00, 5250, 4893, 29596.56, 29589.33, 29599.50, 2906, 2344, 0.00, 0.00
2026-7-13, 09:05:32.054001, 29569.50, 29625.50, 29560.75, 29619.25, 5250, 4928, 29593.75, 29601.83, 29593.13, 2495, 2755, 0.00, 0.00
2026-7-13, 09:10:10.008001, 29619.50, 29657.25, 29615.00, 29653.75, 5250, 4860, 29636.38, 29642.00, 29636.13, 2382, 2868, 0.00, 0.00
2026-7-13, 09:15:02.937009, 29653.50, 29659.75, 29488.50, 29545.25, 5250, 4705, 29586.75, 29564.50, 29574.13, 3098, 2152, 0.00, 0.00
2026-7-13, 09:17:06.973001, 29545.25, 29583.00, 29493.50, 29575.75, 5250, 4791, 29549.38, 29550.75, 29538.25, 2603, 2647, 0.00, 0.00
2026-7-13, 09:19:17.542004, 29575.75, 29625.00, 29568.50, 29623.00, 5250, 4821, 29598.06, 29605.50, 29596.75, 2457, 2793, 0.00, 0.00
2026-7-13, 09:24:03.494001, 29623.00, 29681.00, 29623.00, 29656.50, 5250, 4904, 29645.88, 29653.50, 29652.00, 2385, 2865, 0.00, 0.00
2026-7-13, 09:28:02.915003, 29656.50, 29724.00, 29652.25, 29700.50, 5250, 4893, 29683.31, 29692.25, 29688.13, 2427, 2823, 0.00, 0.00
2026-7-13, 09:31:46.506000, 29700.25, 29717.00, 29671.50, 29678.00, 5250, 4919, 29691.69, 29688.83, 29694.25, 2519, 2731, 0.00, 0.00
2026-7-13, 09:36:56.028000, 29677.25, 29694.00, 29635.25, 29637.00, 5250, 4978, 29660.88, 29655.42, 29664.63, 2597, 2653, 0.00, 0.00
2026-7-13, 09:42:17.846002, 29636.75, 29649.00, 29603.50, 29644.50, 5250, 4937, 29633.44, 29632.33, 29626.25, 2591, 2659, 0.00, 0.00
2026-7-13, 09:46:59.969009, 29644.50, 29700.50, 29634.25, 29685.25, 5250, 4834, 29666.13, 29673.33, 29667.38, 2347, 2903, 0.00, 0.00
2026-7-13, 09:51:35.009000, 29686.25, 29688.00, 29627.75, 29681.25, 5250, 4931, 29670.81, 29665.67, 29657.88, 2631, 2619, 0.00, 0.00
2026-7-13, 09:57:49.599000, 29682.75, 29752.50, 29679.75, 29741.50, 5250, 4796, 29714.13, 29724.58, 29716.13, 2238, 3012, 0.00, 0.00
2026-7-13, 10:01:35.742000, 29740.75, 29747.00, 29691.25, 29696.50, 5250, 4912, 29718.88, 29711.58, 29719.13, 2789, 2461, 0.00, 0.00
2026-7-13, 10:08:11.540001, 29696.50, 29719.00, 29662.50, 29662.75, 5250, 4779, 29685.19, 29681.42, 29690.75, 2696, 2554, 0.00, 0.00
2026-7-13, 10:15:36.566000, 29663.25, 29728.25, 29662.00, 29721.00, 5250, 4769, 29693.63, 29703.75, 29695.13, 2459, 2791, 0.00, 0.00
2026-7-13, 10:24:08.715001, 29720.75, 29729.50, 29681.25, 29704.25, 5250, 4893, 29708.94, 29705.00, 29705.38, 2662, 2588, 0.00, 0.00
2026-7-13, 10:34:40.332000, 29703.50, 29705.50, 29656.50, 29656.50, 5250, 4830, 29680.50, 29672.83, 29681.00, 2841, 2409, 0.00, 0.00
2026-7-13, 10:43:46.605002, 29656.25, 29661.75, 29601.00, 29601.00, 5250, 4851, 29630.00, 29621.25, 29631.38, 2874, 2376, 0.00, 0.00
2026-7-13, 10:51:49.524000, 29601.00, 29633.75, 29592.50, 29598.25, 5250, 4889, 29606.38, 29608.17, 29613.13, 2700, 2550, 0.00, 0.00
2026-7-13, 11:00:54.105000, 29597.50, 29629.50, 29584.25, 29626.75, 5250, 4896, 29609.50, 29613.50, 29606.88, 2585, 2665, 0.00, 0.00
2026-7-13, 11:10:19.116004, 29626.75, 29638.50, 29577.00, 29581.25, 5250, 4894, 29605.88, 29598.92, 29607.75, 2825, 2425, 0.00, 0.00
2026-7-13, 11:16:38.257001, 29581.25, 29591.50, 29556.25, 29565.00, 5250, 4900, 29573.50, 29570.92, 29573.88, 2724, 2526, 0.00, 0.00
2026-7-13, 11:24:50.237045, 29565.00, 29568.25, 29535.00, 29538.75, 5250, 4870, 29551.75, 29547.33, 29551.63, 2706, 2544, 0.00, 0.00
2026-7-13, 11:30:12.262003, 29538.75, 29545.25, 29513.00, 29515.00, 5250, 4689, 29528.00, 29524.42, 29529.13, 2670, 2580, 0.00, 0.00
2026-7-13, 11:34:37.222002, 29515.25, 29517.00, 29460.75, 29473.50, 5250, 4802, 29491.63, 29483.75, 29488.88, 2761, 2489, 0.00, 0.00
2026-7-13, 11:37:43.394001, 29473.50, 29543.00, 29468.25, 29530.00, 5250, 4820, 29503.69, 29513.75, 29505.63, 2379, 2871, 0.00, 0.00
2026-7-13, 11:42:26.994001, 29529.50, 29556.25, 29520.00, 29520.75, 5250, 4666, 29531.63, 29532.33, 29538.13, 2803, 2447, 0.00, 0.00
2026-7-13, 11:49:25.220000, 29520.75, 29530.00, 29463.75, 29514.75, 5250, 5022, 29507.31, 29502.83, 29496.88, 2654, 2596, 0.00, 0.00
2026-7-13, 11:56:05.101002, 29514.75, 29554.25, 29510.75, 29525.00, 5250, 4875, 29526.19, 29530.00, 29532.50, 2580, 2670, 0.00, 0.00
2026-7-13, 12:05:04.785002, 29524.75, 29580.75, 29524.25, 29536.00, 5250, 4854, 29541.44, 29547.00, 29552.50, 2550, 2700, 0.00, 0.00
2026-7-13, 12:15:37.952000, 29535.50, 29551.50, 29498.25, 29500.00, 5250, 4824, 29521.31, 29516.58, 29524.88, 2808, 2442, 0.00, 0.00
2026-7-13, 12:25:57.604000, 29501.00, 29533.25, 29496.00, 29497.75, 5250, 4914, 29507.00, 29509.00, 29514.63, 2569, 2681, 0.00, 0.00
2026-7-13, 12:39:07.945000, 29498.00, 29526.25, 29483.00, 29483.00, 5250, 4743, 29497.56, 29497.42, 29504.63, 2763, 2487, 0.00, 0.00
2026-7-13, 12:50:11.700000, 29482.50, 29498.25, 29468.00, 29481.00, 5250, 4768, 29482.44, 29482.42, 29483.13, 2596, 2654, 0.00, 0.00
2026-7-13, 13:00:09.406000, 29480.50, 29539.50, 29477.25, 29506.00, 5250, 4775, 29500.81, 29507.58, 29508.38, 2461, 2789, 0.00, 0.00
2026-7-13, 13:09:55.802000, 29505.75, 29521.75, 29467.50, 29476.50, 5250, 4815, 29492.88, 29488.58, 29494.63, 2676, 2574, 0.00, 0.00
2026-7-13, 13:20:04.285000, 29477.00, 29504.75, 29454.50, 29460.00, 5250, 4776, 29474.06, 29473.08, 29479.63, 2703, 2547, 0.00, 0.00
2026-7-13, 13:31:07.801002, 29460.00, 29509.00, 29457.75, 29506.75, 5250, 4819, 29483.38, 29491.17, 29483.38, 2510, 2740, 0.00, 0.00
2026-7-13, 13:41:52.750000, 29507.00, 29521.50, 29488.50, 29508.25, 5250, 4768, 29506.31, 29506.08, 29505.00, 2534, 2716, 0.00, 0.00
2026-7-13, 13:53:43.034000, 29509.00, 29522.00, 29475.25, 29516.50, 5250, 4881, 29505.69, 29504.58, 29498.63, 2669, 2581, 0.00, 0.00
2026-7-13, 14:05:43.737001, 29515.75, 29525.75, 29451.00, 29467.75, 5250, 4814, 29490.06, 29481.50, 29488.38, 2674, 2576, 0.00, 0.00
2026-7-13, 14:14:45.693000, 29467.50, 29468.50, 29432.25, 29435.50, 5250, 4817, 29450.94, 29445.42, 29450.38, 3017, 2233, 0.00, 0.00
2026-7-13, 14:23:04.558139, 29435.50, 29448.00, 29416.00, 29429.00, 5250, 4287, 29432.13, 29431.00, 29432.00, 3221, 2029, 0.00, 0.00
2026-7-13, 14:26:52.259000, 29429.75, 29429.75, 29405.50, 29420.00, 5250, 3951, 29421.25, 29418.42, 29417.63, 3463, 1787, 0.00, 0.00
2026-7-13, 14:29:27.001008, 29420.00, 29449.50, 29402.50, 29434.25, 5250, 4379, 29426.56, 29428.75, 29426.00, 2949, 2301, 0.00, 0.00
2026-7-13, 14:33:43.579026, 29434.25, 29447.00, 29394.50, 29394.50, 5250, 4225, 29417.56, 29412.00, 29420.75, 3312, 1938, 0.00, 0.00
2026-7-13, 14:38:39.191049, 29394.50, 29455.75, 29393.25, 29452.50, 5250, 4798, 29424.00, 29433.83, 29424.50, 2544, 2706, 29388.25, 0.00
2026-7-13, 14:44:42.294000, 29451.75, 29485.25, 29434.25, 29478.50, 5250, 4540, 29462.44, 29466.00, 29459.75, 2458, 2792, 0.00, 0.00
2026-7-13, 14:50:43.970001, 29478.25, 29500.25, 29466.50, 29476.75, 5250, 4361, 29480.44, 29481.17, 29483.38, 2758, 2492, 0.00, 0.00
2026-7-13, 14:54:02.020000, 29476.25, 29493.00, 29457.00, 29492.50, 5250, 4866, 29479.69, 29480.83, 29475.00, 2785, 2465, 0.00, 0.00
2026-7-13, 14:57:35.944000, 29492.50, 29504.25, 29480.50, 29482.75, 5250, 4788, 29490.00, 29489.17, 29492.38, 2857, 2393, 0.00, 0.00
2026-7-13, 14:59:35.271000, 29482.75, 29482.75, 29468.25, 29469.75, 5250, 4503, 29475.88, 29473.58, 29475.50, 2728, 2522, 0.00, 0.00
2026-7-13, 14:59:58.666000, 29470.25, 29474.00, 29451.00, 29465.25, 5250, 4738, 29465.13, 29463.42, 29462.50, 2615, 2635, 29446.00, 0.00
2026-7-13, 15:04:20.948000, 29466.00, 29471.00, 29412.00, 29419.50, 5250, 4492, 29442.13, 29434.17, 29441.50, 2934, 2316, 0.00, 0.00
2026-7-13, 15:16:17.363000, 29419.50, 29440.50, 29386.50, 29421.75, 5250, 4787, 29417.06, 29416.25, 29413.50, 2534, 2716, 0.00, 0.00
2026-7-13, 15:51:25.890001, 29421.75, 29479.50, 29416.25, 29419.50, 5250, 4774, 29434.25, 29438.42, 29447.88, 2698, 2552, 29411.25, 0.00
2026-7-13, 17:53:14.048016, 29419.00, 29419.75, 29348.00, 29353.00, 5250, 4703, 29384.94, 29373.58, 29383.88, 2602, 2648, 29343.00, 0.00
2026-7-13, 18:40:12.464000, 29353.00, 29452.25, 29327.25, 29357.25, 5250, 4761, 29372.44, 29378.92, 29389.75, 2535, 2715, 0.00, 29457.25
2026-7-13, 19:04:52.203001, 29357.00, 29475.75, 29325.75, 29380.00, 5250, 4960, 29384.63, 29393.83, 29400.75, 2619, 2631, 0.00, 29480.75
2026-7-13, 19:20:39.881001, 29380.00, 29488.00, 29375.00, 29411.00, 5250, 4872, 29413.50, 29424.67, 29431.50, 2503, 2747, 0.00, 0.00
2026-7-13, 19:44:30.189008, 29411.00, 29541.25, 29408.75, 29500.50, 5250, 4800, 29465.38, 29483.50, 29475.00, 2535, 2715, 0.00, 29546.25
2026-7-13, 20:12:51.003009, 29500.25, 29528.50, 29441.00, 29472.50, 5250, 4872, 29485.56, 29480.67, 29484.75, 2793, 2457, 0.00, 29533.50
2026-7-13, 20:43:16.065000, 29475.25, 29504.75, 29387.25, 29387.50, 5250, 4752, 29438.69, 29426.50, 29446.00, 2739, 2511, 0.00, 0.00
2026-7-13, 21:21:27.229003, 29387.25, 29456.00, 29365.25, 29379.00, 5250, 4939, 29396.88, 29400.08, 29410.63, 2675, 2575, 0.00, 0.00
2026-7-13, 22:00:31.043001, 29379.25, 29397.50, 29303.50, 29388.25, 5250, 4847, 29367.13, 29363.08, 29350.50, 2675, 2575, 0.00, 29402.50
2026-7-13, 22:30:52.994000, 29387.75, 29445.00, 29334.25, 29439.00, 5250, 4927, 29401.50, 29406.08, 29389.63, 2531, 2719, 29329.25, 0.00
2026-7-13, 23:05:22.265002, 29439.00, 29517.75, 29371.25, 29513.50, 5250, 4811, 29460.38, 29467.50, 29444.50, 2582, 2668, 29366.25, 0.00
2026-7-14, 00:06:03.981003, 29513.25, 29631.25, 29509.50, 29608.25, 5250, 4782, 29565.56, 29583.00, 29570.38, 2453, 2797, 29504.50, 0.00
2026-7-14, 00:35:43.083000, 29608.50, 29649.75, 29577.75, 29622.00, 5250, 4918, 29614.50, 29616.50, 29613.75, 2416, 2834, 29572.75, 0.00
2026-7-14, 01:24:40.662000, 29621.75, 29634.25, 29545.50, 29584.00, 5250, 4834, 29596.38, 29587.92, 29589.88, 2736, 2514, 29540.50, 0.00
2026-7-14, 02:13:02.493000, 29585.00, 29621.25, 29547.75, 29566.00, 5250, 4944, 29580.00, 29578.33, 29584.50, 2592, 2658, 0.00, 0.00
2026-7-14, 03:10:40.724000, 29565.50, 29636.25, 29557.75, 29629.50, 5250, 4761, 29597.25, 29607.83, 29597.00, 2580, 2670, 29552.75, 0.00
2026-7-14, 04:16:05.451000, 29627.00, 29633.00, 29572.25, 29597.00, 5250, 4771, 29607.31, 29600.75, 29602.63, 2780, 2470, 29567.25, 0.00
2026-7-14, 05:55:47.379015, 29596.75, 29643.25, 29555.00, 29641.50, 5250, 4611, 29609.13, 29613.25, 29599.13, 2654, 2596, 0.00, 0.00
2026-7-14, 06:20:09.177000, 29642.25, 29670.50, 29613.75, 29650.50, 5250, 4852, 29644.25, 29644.92, 29642.13, 2633, 2617, 0.00, 0.00
2026-7-14, 06:54:13.019000, 29651.75, 29669.75, 29570.00, 29667.25, 5250, 4630, 29639.69, 29635.67, 29619.88, 2723, 2527, 0.00, 29674.75
2026-7-14, 07:26:38.751001, 29667.25, 29893.25, 29652.50, 29876.00, 5250, 4239, 29772.25, 29807.25, 29772.88, 2191, 3059, 0.00, 0.00
2026-7-14, 07:30:54.347000, 29876.75, 29921.75, 29858.75, 29891.00, 5250, 4735, 29887.06, 29890.50, 29890.25, 2549, 2701, 0.00, 0.00
2026-7-14, 07:34:12.569000, 29889.00, 29904.25, 29812.75, 29813.75, 5250, 4435, 29854.94, 29843.58, 29858.50, 2866, 2384, 0.00, 0.00
2026-7-14, 07:39:30.196001, 29814.00, 29849.50, 29786.25, 29799.00, 5250, 4719, 29812.19, 29811.58, 29817.88, 2746, 2504, 0.00, 0.00
2026-7-14, 07:50:48.680000, 29798.75, 29803.75, 29754.00, 29775.00, 5250, 4610, 29782.88, 29777.58, 29778.88, 2746, 2504, 0.00, 0.00
2026-7-14, 08:03:09.136000, 29774.00, 29809.00, 29742.50, 29779.75, 5250, 4917, 29776.31, 29777.08, 29775.75, 2691, 2559, 0.00, 0.00
2026-7-14, 08:21:09.783006, 29780.00, 29832.00, 29772.00, 29811.00, 4995, 4413, 29798.75, 29805.00, 29802.00, 2394, 2601, 0.00, 0.00
2026-7-14, 08:30:00.001000, 29811.00, 29815.75, 29724.25, 29746.75, 5250, 5049, 29774.44, 29762.25, 29770.00, 2621, 2629, 0.00, 0.00
2026-7-14, 08:31:34.190001, 29746.50, 29771.50, 29703.50, 29710.00, 5250, 4940, 29732.88, 29728.33, 29737.50, 2746, 2504, 0.00, 0.00
2026-7-14, 08:34:34.440000, 29709.50, 29746.50, 29685.00, 29743.50, 5250, 4842, 29721.13, 29725.00, 29715.75, 2495, 2755, 0.00, 0.00
2026-7-14, 08:37:33.442003, 29743.50, 29798.00, 29738.50, 29759.25, 5250, 4816, 29759.81, 29765.25, 29768.25, 2491, 2759, 0.00, 0.00
2026-7-14, 08:40:19.337000, 29759.25, 29781.00, 29701.00, 29722.75, 5250, 4959, 29741.00, 29734.92, 29741.00, 2722, 2528, 0.00, 0.00
2026-7-14, 08:43:56.704000, 29723.25, 29808.50, 29713.00, 29771.25, 5250, 4928, 29754.00, 29764.25, 29760.75, 2455, 2795, 0.00, 0.00
2026-7-14, 08:46:53.750000, 29771.50, 29790.50, 29725.00, 29751.00, 5250, 4973, 29759.50, 29755.50, 29757.75, 2735, 2515, 0.00, 0.00
2026-7-14, 08:51:01.535006, 29751.00, 29799.50, 29714.00, 29747.25, 5250, 4879, 29752.94, 29753.58, 29756.75, 2619, 2631, 0.00, 0.00
2026-7-14, 08:55:09.677000, 29748.50, 29804.75, 29738.50, 29766.50, 5250, 4995, 29764.56, 29769.92, 29771.63, 2597, 2653, 0.00, 0.00
2026-7-14, 09:01:04.273000, 29766.25, 29776.50, 29688.75, 29720.75, 5250, 4799, 29738.06, 29728.67, 29732.63, 2801, 2449, 0.00, 0.00
2026-7-14, 09:04:10.485000, 29719.75, 29720.25, 29651.00, 29672.75, 5250, 4843, 29690.94, 29681.33, 29685.63, 2855, 2395, 0.00, 0.00
2026-7-14, 09:07:21.056000, 29672.00, 29704.25, 29637.00, 29660.25, 5250, 4951, 29668.38, 29667.17, 29670.63, 2618, 2632, 0.00, 0.00
2026-7-14, 09:11:14.633002, 29660.50, 29690.50, 29613.75, 29614.00, 5250, 4838, 29644.69, 29639.42, 29652.13, 2859, 2391, 0.00, 0.00
2026-7-14, 09:15:21.366000, 29614.25, 29627.25, 29567.50, 29610.25, 5250, 4864, 29604.81, 29601.67, 29597.38, 2743, 2507, 0.00, 0.00
2026-7-14, 09:17:36.025000, 29611.50, 29661.25, 29586.50, 29659.00, 5250, 4790, 29629.56, 29635.58, 29623.88, 2418, 2832, 0.00, 0.00
2026-7-14, 09:21:01.639001, 29659.00, 29715.00, 29641.50, 29654.50, 5250, 4816, 29667.50, 29670.33, 29678.25, 2735, 2515, 0.00, 0.00
2026-7-14, 09:25:05.596001, 29654.75, 29733.00, 29638.25, 29681.00, 5250, 4932, 29676.75, 29684.08, 29685.63, 2533, 2717, 0.00, 0.00
2026-7-14, 09:29:40.241000, 29682.75, 29760.00, 29658.25, 29760.00, 5250, 4848, 29715.25, 29726.08, 29709.13, 2459, 2791, 0.00, 0.00
2026-7-14, 09:34:11.948147, 29760.00, 29839.75, 29727.25, 29767.00, 5250, 4627, 29773.50, 29778.00, 29783.50, 2509, 2741, 0.00, 0.00
2026-7-14, 09:35:17.609000, 29766.75, 29800.00, 29751.00, 29786.75, 5250, 4766, 29776.13, 29779.25, 29775.50, 2819, 2431, 0.00, 0.00
2026-7-14, 09:39:37.810000, 29787.75, 29801.50, 29715.75, 29729.75, 5250, 4860, 29758.69, 29749.00, 29758.63, 2971, 2279, 0.00, 0.00
2026-7-14, 09:45:20.972001, 29729.75, 29745.50, 29659.50, 29667.50, 5250, 4891, 29700.56, 29690.83, 29702.50, 2883, 2367, 0.00, 0.00
2026-7-14, 09:50:35.702000, 29668.00, 29775.75, 29667.25, 29758.75, 5250, 4919, 29717.44, 29733.92, 29721.50, 2501, 2749, 0.00, 0.00
2026-7-14, 09:57:17.586000, 29758.75, 29794.50, 29753.50, 29764.25, 5250, 4856, 29767.75, 29770.75, 29774.00, 2647, 2603, 0.00, 0.00
2026-7-14, 10:03:04.309003, 29764.25, 29844.00, 29753.75, 29800.25, 5250, 4912, 29790.56, 29799.33, 29798.88, 2275, 2975, 0.00, 0.00
2026-7-14, 10:05:01.170000, 29801.00, 29864.00, 29794.50, 29850.75, 5250, 4811, 29827.56, 29836.42, 29829.25, 2639, 2611, 0.00, 0.00
2026-7-14, 10:09:37.312003, 29850.75, 29867.25, 29839.00, 29856.25, 5250, 4819, 29853.31, 29854.17, 29853.13, 2814, 2436, 0.00, 0.00
2026-7-14, 10:15:52.704000, 29856.50, 29871.75, 29825.25, 29864.25, 5250, 4853, 29854.44, 29853.75, 29848.50, 2628, 2622, 0.00, 0.00
2026-7-14, 10:22:07.216000, 29865.25, 29884.50, 29856.50, 29882.50, 5250, 4704, 29872.19, 29874.50, 29870.50, 2539, 2711, 0.00, 0.00
2026-7-14, 10:28:57.106012, 29882.50, 29895.75, 29853.25, 29856.50, 5250, 4652, 29872.00, 29868.50, 29874.50, 2651, 2599, 0.00, 0.00
2026-7-14, 10:33:10.011000, 29856.50, 29866.00, 29825.75, 29847.00, 5250, 4798, 29848.81, 29846.25, 29845.88, 2659, 2591, 0.00, 0.00
2026-7-14, 10:40:04.199001, 29846.75, 29848.75, 29799.00, 29838.25, 5250, 4706, 29833.19, 29828.67, 29823.88, 2672, 2578, 0.00, 0.00
2026-7-14, 10:46:45.191000, 29839.00, 29852.00, 29775.25, 29789.25, 5250, 4782, 29813.88, 29805.50, 29813.63, 2832, 2418, 0.00, 0.00
2026-7-14, 10:54:13.617003, 29789.50, 29798.25, 29755.00, 29755.50, 5250, 4838, 29774.56, 29769.58, 29776.63, 2868, 2382, 0.00, 0.00
2026-7-14, 11:00:55.347007, 29755.50, 29765.00, 29716.25, 29731.50, 5250, 4696, 29742.06, 29737.58, 29740.63, 2650, 2600, 0.00, 0.00
2026-7-14, 11:06:09.756000, 29733.00, 29762.25, 29711.00, 29746.75, 5250, 4859, 29738.25, 29740.00, 29736.63, 2616, 2634, 0.00, 0.00
2026-7-14, 11:13:40.846002, 29746.00, 29760.50, 29704.50, 29740.25, 5250, 4822, 29737.81, 29735.08, 29732.50, 2682, 2568, 0.00, 0.00
2026-7-14, 11:21:07.820000, 29739.00, 29786.00, 29725.00, 29780.50, 5250, 4750, 29757.63, 29763.83, 29755.50, 2511, 2739, 0.00, 0.00
2026-7-14, 11:30:57.317000, 29780.50, 29799.00, 29750.25, 29797.75, 5250, 4870, 29781.88, 29782.33, 29774.63, 2633, 2617, 0.00, 0.00
2026-7-14, 11:41:06.480000, 29797.25, 29830.00, 29783.50, 29808.50, 5250, 4763, 29804.81, 29807.33, 29806.75, 2577, 2673, 0.00, 0.00
2026-7-14, 11:50:00.276000, 29809.75, 29838.00, 29803.00, 29832.50, 5250, 4719, 29820.81, 29824.50, 29820.50, 2359, 2891, 0.00, 0.00
2026-7-14, 12:02:10.121001, 29832.50, 29851.00, 29814.50, 29825.25, 5250, 4801, 29830.81, 29830.25, 29832.75, 2602, 2648, 0.00, 0.00
2026-7-14, 12:14:20.255003, 29825.25, 29860.25, 29807.00, 29858.25, 5250, 4797, 29837.69, 29841.83, 29833.63, 2484, 2766, 0.00, 0.00
2026-7-14, 12:23:21.589000, 29859.50, 29867.00, 29818.75, 29839.75, 5250, 4766, 29846.25, 29841.83, 29842.88, 2884, 2366, 0.00, 0.00
2026-7-14, 12:37:15.585001, 29839.75, 29864.25, 29829.00, 29857.25, 5250, 4977, 29847.56, 29850.17, 29846.63, 2665, 2585, 0.00, 0.00
2026-7-14, 12:53:53.871000, 29856.75, 29870.00, 29842.50, 29858.25, 5250, 4916, 29856.88, 29856.92, 29856.25, 2632, 2618, 0.00, 0.00
2026-7-14, 13:08:16.666000, 29858.25, 29878.25, 29847.50, 29863.50, 5250, 4990, 29861.88, 29863.08, 29862.88, 2650, 2600, 0.00, 0.00
2026-7-14, 13:26:29.709000, 29863.25, 29869.50, 29836.00, 29836.50, 5250, 5027, 29851.31, 29847.33, 29852.75, 2800, 2450, 0.00, 0.00
2026-7-14, 13:40:20.007020, 29836.25, 29845.50, 29810.50, 29818.75, 5250, 5009, 29827.75, 29824.92, 29828.00, 2729, 2521, 29805.50, 0.00
2026-7-14, 13:49:51.043001, 29818.75, 29843.50, 29794.50, 29799.00, 5250, 4994, 29813.94, 29812.33, 29819.00, 2528, 2722, 0.00, 0.00
2026-7-14, 14:02:32.339009, 29799.00, 29810.25, 29780.00, 29807.00, 5250, 4644, 29799.06, 29799.08, 29795.13, 2648, 2602, 0.00, 0.00
2026-7-14, 14:12:33.465000, 29807.75, 29837.75, 29807.25, 29831.25, 5250, 4823, 29821.00, 29825.42, 29822.50, 2745, 2505, 0.00, 0.00
2026-7-14, 14:24:02.085000, 29831.50, 29836.75, 29771.00, 29778.75, 5250, 4877, 29804.50, 29795.50, 29803.88, 2787, 2463, 0.00, 0.00
2026-7-14, 14:31:33.322000, 29779.00, 29810.25, 29779.00, 29810.00, 5250, 4879, 29794.56, 29799.75, 29794.63, 2648, 2602, 0.00, 0.00
2026-7-14, 14:43:58.219000, 29809.75, 29834.75, 29798.25, 29832.00, 5250, 4954, 29818.69, 29821.67, 29816.50, 2781, 2469, 0.00, 0.00
2026-7-14, 14:52:36.210000, 29832.25, 29836.00, 29790.00, 29810.25, 5250, 5017, 29817.13, 29812.08, 29813.00, 2872, 2378, 0.00, 0.00
2026-7-14, 14:57:47.306001, 29810.25, 29818.25, 29783.00, 29786.50, 5250, 4751, 29799.50, 29795.92, 29800.63, 2888, 2362, 0.00, 0.00
2026-7-14, 14:59:49.457001, 29786.50, 29799.50, 29777.75, 29787.75, 5250, 4552, 29787.88, 29788.33, 29788.63, 2689, 2561, 0.00, 0.00
2026-7-14, 15:01:01.598000, 29787.50, 29810.00, 29772.50, 29794.50, 5250, 4599, 29791.13, 29792.33, 29791.25, 2737, 2513, 0.00, 0.00
2026-7-14, 15:08:54.225001, 29794.50, 29804.00, 29767.75, 29789.25, 5250, 4882, 29788.88, 29787.00, 29785.88, 2702, 2548, 0.00, 0.00
2026-7-14, 15:49:59.599000, 29789.25, 29806.25, 29745.50, 29777.75, 5250, 4852, 29779.69, 29776.50, 29775.88, 2702, 2548, 29740.50, 0.00
2026-7-14, 18:04:44.411001, 29778.00, 29900.00, 29775.75, 29889.25, 5250, 4847, 29835.75, 29855.00, 29837.88, 2285, 2965, 29770.75, 0.00
2026-7-14, 18:57:32.224000, 29888.00, 29938.00, 29837.50, 29907.50, 5250, 4808, 29892.75, 29894.33, 29887.75, 2503, 2747, 0.00, 0.00
2026-7-14, 19:33:22.085010, 29907.50, 29929.50, 29841.00, 29875.75, 5250, 4908, 29888.44, 29882.08, 29885.25, 2640, 2610, 0.00, 29934.50
2026-7-14, 20:12:25.920000, 29875.50, 29961.00, 29870.50, 29951.25, 5250, 4852, 29914.56, 29927.58, 29915.75, 2540, 2710, 0.00, 0.00
2026-7-14, 21:03:21.686000, 29953.50, 29987.25, 29947.25, 29957.25, 5250, 4770, 29961.31, 29963.92, 29967.25, 2617, 2633, 29942.25, 0.00
2026-7-14, 22:13:49.114000, 29957.75, 30019.25, 29953.75, 30004.50, 5250, 4712, 29983.81, 29992.50, 29986.50, 2503, 2747, 0.00, 0.00
2026-7-14, 23:38:56.075001, 30004.50, 30058.25, 29992.50, 30003.75, 5250, 4629, 30014.75, 30018.17, 30025.38, 2583, 2667, 29987.50, 0.00
2026-7-15, 00:16:48.191000, 30004.75, 30049.50, 29967.75, 30044.00, 5250, 4470, 30016.50, 30020.42, 30008.63, 2458, 2792, 29962.75, 0.00
2026-7-15, 01:07:55.695000, 30044.50, 30062.50, 30007.50, 30036.00, 5250, 4847, 30037.63, 30035.33, 30035.00, 2705, 2545, 30002.50, 0.00
2026-7-15, 02:11:03.375000, 30035.00, 30049.25, 29928.00, 29980.25, 5250, 4674, 29998.13, 29985.83, 29988.63, 2641, 2609, 0.00, 30054.25
2026-7-15, 02:44:35.205004, 29980.25, 30005.25, 29872.00, 29887.25, 5250, 4851, 29936.19, 29921.50, 29938.63, 2877, 2373, 0.00, 0.00
2026-7-15, 03:25:49.995000, 29889.50, 29963.50, 29884.00, 29930.00, 5250, 4781, 29916.75, 29925.83, 29923.75, 2587, 2663, 29879.00, 0.00
2026-7-15, 04:54:39.420001, 29930.25, 29953.00, 29886.00, 29930.00, 5250, 4789, 29924.81, 29923.00, 29919.50, 2681, 2569, 0.00, 29958.00
2026-7-15, 06:26:38.876001, 29929.75, 29944.00, 29856.25, 29924.50, 5250, 4866, 29913.63, 29908.25, 29900.13, 2703, 2547, 0.00, 0.00
2026-7-15, 07:30:03.290001, 29924.50, 29972.00, 29880.25, 29970.25, 5250, 4555, 29936.75, 29940.83, 29926.13, 2755, 2495, 0.00, 0.00
2026-7-15, 07:42:59.961002, 29970.25, 29995.25, 29941.75, 29977.50, 5250, 4443, 29971.19, 29971.50, 29968.50, 2688, 2562, 0.00, 0.00
2026-7-15, 08:02:37.204000, 29977.25, 29999.75, 29936.25, 29940.75, 5250, 4721, 29963.50, 29958.92, 29968.00, 2811, 2439, 0.00, 0.00
2026-7-15, 08:27:38.611000, 29940.75, 29966.75, 29939.00, 29955.25, 1262, 1180, 29950.44, 29953.67, 29952.88, 644, 618, 0.00, 0.00
2026-7-15, 08:30:00.001000, 29955.50, 29977.50, 29922.00, 29922.50, 5250, 4862, 29944.38, 29940.67, 29949.75, 2715, 2535, 0.00, 0.00
2026-7-15, 08:31:38.671000, 29921.50, 29962.00, 29912.50, 29961.25, 5250, 4965, 29939.31, 29945.25, 29937.25, 2580, 2670, 0.00, 0.00
2026-7-15, 08:35:05.174000, 29962.00, 29966.50, 29886.75, 29887.00, 5250, 4879, 29925.56, 29913.42, 29926.63, 2937, 2313, 0.00, 0.00
2026-7-15, 08:37:51.369000, 29887.25, 29894.00, 29852.00, 29868.00, 5250, 4810, 29875.31, 29871.33, 29873.00, 2715, 2535, 0.00, 0.00
2026-7-15, 08:40:13.463000, 29867.75, 29884.00, 29840.00, 29883.25, 5250, 4823, 29868.75, 29869.08, 29862.00, 2525, 2725, 0.00, 0.00
2026-7-15, 08:43:58.152000, 29883.25, 29884.50, 29807.00, 29825.75, 5250, 4786, 29850.13, 29839.08, 29845.75, 2754, 2496, 0.00, 0.00
2026-7-15, 08:46:17.613000, 29825.75, 29826.25, 29784.25, 29784.75, 5250, 4879, 29805.25, 29798.42, 29805.25, 2836, 2414, 0.00, 0.00
2026-7-15, 08:49:10.267000, 29784.50, 29794.75, 29754.50, 29761.25, 5250, 4768, 29773.75, 29770.17, 29774.63, 2845, 2405, 0.00, 0.00
2026-7-15, 08:52:02.858000, 29761.25, 29801.00, 29757.00, 29800.00, 5250, 4776, 29779.81, 29786.00, 29779.00, 2353, 2897, 0.00, 0.00
2026-7-15, 08:54:57.326001, 29800.00, 29814.75, 29779.50, 29802.00, 5250, 4982, 29799.06, 29798.75, 29797.13, 2716, 2534, 0.00, 0.00
2026-7-15, 08:58:03.672001, 29802.00, 29849.50, 29791.00, 29841.00, 5250, 4840, 29820.88, 29827.17, 29820.25, 2510, 2740, 0.00, 0.00
2026-7-15, 09:00:56.660002, 29841.00, 29871.75, 29833.00, 29840.00, 5250, 5006, 29846.44, 29848.25, 29852.38, 2717, 2533, 0.00, 0.00
2026-7-15, 09:05:13.946000, 29840.25, 29892.50, 29826.25, 29859.50, 5250, 4919, 29854.63, 29859.42, 29859.38, 2505, 2745, 0.00, 0.00
2026-7-15, 09:09:40.526002, 29859.50, 29873.75, 29806.25, 29815.50, 5250, 4990, 29838.75, 29831.83, 29840.00, 2808, 2442, 0.00, 0.00
2026-7-15, 09:14:37.275000, 29815.25, 29830.75, 29787.50, 29807.75, 5250, 4882, 29810.31, 29808.67, 29809.13, 2708, 2542, 0.00, 0.00
2026-7-15, 09:18:31.966000, 29807.00, 29821.50, 29743.50, 29748.75, 5250, 4902, 29780.19, 29771.25, 29782.50, 2942, 2308, 0.00, 0.00
2026-7-15, 09:21:41.154009, 29748.75, 29774.75, 29695.00, 29695.50, 5250, 4689, 29728.50, 29721.75, 29734.88, 2872, 2378, 0.00, 0.00
2026-7-15, 09:24:03.866004, 29695.50, 29698.00, 29646.50, 29664.75, 5250, 4832, 29676.19, 29669.75, 29672.25, 2639, 2611, 0.00, 0.00
2026-7-15, 09:25:57.233007, 29664.75, 29716.75, 29639.25, 29704.75, 5250, 4761, 29681.38, 29686.92, 29678.00, 2442, 2808, 0.00, 0.00
2026-7-15, 09:28:26.590000, 29705.00, 29736.75, 29688.25, 29693.75, 5250, 4814, 29705.94, 29706.25, 29712.50, 2677, 2573, 0.00, 0.00
2026-7-15, 09:31:24.038011, 29693.50, 29714.00, 29646.00, 29692.25, 5250, 4788, 29686.44, 29684.08, 29680.00, 2750, 2500, 0.00, 0.00
2026-7-15, 09:34:36.025000, 29691.75, 29701.75, 29612.25, 29615.25, 5250, 4800, 29655.25, 29643.08, 29657.00, 2946, 2304, 0.00, 0.00
2026-7-15, 09:37:58.495000, 29616.25, 29625.00, 29584.00, 29617.00, 5250, 4796, 29610.56, 29608.67, 29604.50, 2644, 2606, 0.00, 0.00
2026-7-15, 09:40:44.391058, 29617.00, 29624.25, 29536.75, 29544.25, 5250, 4718, 29580.56, 29568.42, 29580.50, 2798, 2452, 0.00, 0.00
2026-7-15, 09:42:57.031001, 29544.25, 29606.00, 29540.50, 29569.25, 5250, 4798, 29565.00, 29571.92, 29573.25, 2676, 2574, 0.00, 0.00
2026-7-15, 09:45:58.313004, 29569.25, 29638.75, 29562.50, 29633.00, 5250, 4726, 29600.88, 29611.42, 29600.63, 2252, 2998, 0.00, 0.00
2026-7-15, 09:49:34.726001, 29633.00, 29644.00, 29594.50, 29616.00, 5250, 4764, 29621.88, 29618.17, 29619.25, 2672, 2578, 0.00, 0.00
2026-7-15, 09:53:30.958001, 29616.25, 29631.25, 29578.00, 29610.25, 5250, 4886, 29608.94, 29606.50, 29604.63, 2578, 2672, 0.00, 0.00
2026-7-15, 09:59:04.672000, 29610.50, 29642.75, 29579.50, 29594.75, 5250, 4812, 29606.88, 29605.67, 29611.13, 2616, 2634, 0.00, 0.00
2026-7-15, 10:05:29.641000, 29594.50, 29661.75, 29590.25, 29632.00, 5250, 4757, 29619.63, 29628.00, 29626.00, 2521, 2729, 0.00, 0.00
2026-7-15, 10:12:04.161000, 29632.00, 29637.25, 29526.50, 29532.75, 5250, 4751, 29582.13, 29565.50, 29581.88, 3108, 2142, 0.00, 0.00
2026-7-15, 10:17:03.546003, 29532.75, 29611.00, 29532.50, 29578.25, 5250, 4840, 29563.63, 29573.92, 29571.75, 2525, 2725, 0.00, 0.00
2026-7-15, 10:21:23.074000, 29576.75, 29602.00, 29540.00, 29592.25, 5250, 4836, 29577.75, 29578.08, 29571.00, 2453, 2797, 0.00, 0.00
2026-7-15, 10:26:06.236000, 29593.25, 29646.25, 29588.00, 29629.75, 5250, 4682, 29614.31, 29621.33, 29617.13, 2441, 2809, 0.00, 0.00
2026-7-15, 10:31:41.512000, 29630.00, 29656.00, 29586.25, 29647.50, 5250, 4872, 29629.94, 29629.92, 29621.13, 2611, 2639, 0.00, 0.00
2026-7-15, 10:37:16.442001, 29647.75, 29656.25, 29595.00, 29602.75, 5250, 4859, 29625.44, 29618.00, 29625.63, 2824, 2426, 0.00, 0.00
2026-7-15, 10:45:31.040002, 29602.75, 29611.25, 29564.00, 29573.75, 5250, 4831, 29587.94, 29583.00, 29587.63, 2541, 2709, 0.00, 0.00
2026-7-15, 10:51:55.561000, 29573.00, 29599.50, 29546.00, 29547.75, 5250, 5048, 29566.56, 29564.42, 29572.75, 2699, 2551, 0.00, 0.00
2026-7-15, 11:01:20.490001, 29547.75, 29554.00, 29499.25, 29502.00, 5250, 4908, 29525.75, 29518.42, 29526.63, 2932, 2318, 0.00, 0.00
2026-7-15, 11:06:14.783001, 29502.00, 29523.00, 29479.00, 29517.75, 5250, 4858, 29505.44, 29506.58, 29501.00, 2517, 2733, 0.00, 0.00
2026-7-15, 11:10:56.054000, 29519.00, 29520.50, 29465.00, 29472.00, 5250, 4942, 29494.13, 29485.83, 29492.75, 2867, 2383, 0.00, 0.00
2026-7-15, 11:17:47.481000, 29472.25, 29496.75, 29454.75, 29456.25, 5250, 4789, 29470.00, 29469.25, 29475.75, 2659, 2591, 0.00, 0.00
2026-7-15, 11:24:12.054000, 29456.00, 29467.50, 29431.25, 29461.50, 5250, 4801, 29454.06, 29453.42, 29449.38, 2652, 2598, 0.00, 0.00
2026-7-15, 11:29:21.831007, 29461.50, 29483.25, 29413.00, 29420.00, 5250, 4821, 29444.44, 29438.75, 29448.13, 2732, 2518, 0.00, 0.00
2026-7-15, 11:35:32.192001, 29420.00, 29433.50, 29397.00, 29429.50, 5250, 4768, 29420.00, 29420.00, 29415.25, 2719, 2531, 0.00, 0.00
2026-7-15, 11:41:33.897002, 29429.50, 29532.75, 29418.00, 29530.00, 5250, 4649, 29477.56, 29493.58, 29475.38, 2173, 3077, 0.00, 0.00
2026-7-15, 11:46:49.013000, 29529.50, 29540.25, 29461.50, 29503.00, 5250, 4799, 29508.56, 29501.58, 29500.88, 2623, 2627, 0.00, 0.00
2026-7-15, 11:51:20.944008, 29503.00, 29517.75, 29460.75, 29493.00, 5250, 4599, 29493.63, 29490.50, 29489.25, 2799, 2451, 0.00, 0.00
2026-7-15, 11:58:00.157000, 29492.50, 29540.00, 29490.25, 29524.50, 5250, 4763, 29511.81, 29518.25, 29515.13, 2449, 2801, 0.00, 0.00
2026-7-15, 12:05:36.780000, 29524.00, 29561.75, 29521.75, 29531.25, 5250, 4832, 29534.69, 29538.25, 29541.75, 2628, 2622, 0.00, 0.00
2026-7-15, 12:15:00.158001, 29531.25, 29594.00, 29526.75, 29584.00, 5250, 4834, 29559.00, 29568.25, 29560.38, 2441, 2809, 0.00, 0.00
2026-7-15, 12:22:46.583000, 29584.75, 29623.25, 29571.75, 29613.75, 5250, 4766, 29598.38, 29602.92, 29597.50, 2504, 2746, 0.00, 0.00
2026-7-15, 12:30:31.863000, 29614.25, 29633.25, 29604.50, 29627.25, 5250, 4564, 29619.81, 29621.67, 29618.88, 2451, 2799, 0.00, 0.00
2026-7-15, 12:38:19.753000, 29626.75, 29664.50, 29619.25, 29664.50, 5250, 4779, 29643.75, 29649.42, 29641.88, 2361, 2889, 0.00, 0.00
2026-7-15, 12:47:06.481007, 29664.50, 29694.00, 29661.00, 29693.25, 5250, 4666, 29678.19, 29682.75, 29677.50, 2357, 2893, 0.00, 0.00
2026-7-15, 12:52:49.079000, 29693.50, 29705.75, 29684.25, 29701.50, 5250, 4621, 29696.25, 29697.17, 29695.00, 2478, 2772, 0.00, 0.00
2026-7-15, 12:58:11.014002, 29701.50, 29715.00, 29679.00, 29700.75, 5250, 4851, 29699.06, 29698.25, 29697.00, 2641, 2609, 0.00, 29720.00
2026-7-15, 13:05:22.344000, 29699.75, 29728.75, 29699.75, 29719.50, 5250, 4577, 29711.94, 29716.00, 29714.25, 2417, 2833, 0.00, 0.00
2026-7-15, 13:13:02.916000, 29719.25, 29730.00, 29684.75, 29707.25, 5250, 4738, 29710.31, 29707.33, 29707.38, 2688, 2562, 0.00, 0.00
2026-7-15, 13:19:16.705000, 29707.50, 29742.75, 29702.25, 29734.25, 5250, 4546, 29721.69, 29726.42, 29722.50, 2462, 2788, 0.00, 0.00
2026-7-15, 13:26:17.899000, 29734.00, 29737.50, 29690.25, 29700.50, 5250, 4757, 29715.56, 29709.42, 29713.88, 2826, 2424, 0.00, 0.00
2026-7-15, 13:36:36.656000, 29699.75, 29707.50, 29655.25, 29658.50, 5250, 4730, 29680.25, 29673.75, 29681.38, 2781, 2469, 0.00, 0.00
2026-7-15, 13:45:04.976000, 29658.00, 29665.75, 29620.75, 29621.00, 5250, 4856, 29641.38, 29635.83, 29643.25, 2906, 2344, 0.00, 0.00
2026-7-15, 13:51:39.625000, 29621.75, 29636.00, 29604.00, 29624.50, 5250, 4844, 29621.56, 29621.50, 29620.00, 2603, 2647, 0.00, 0.00
2026-7-15, 13:58:27.406002, 29624.50, 29661.75, 29595.00, 29655.75, 5250, 4864, 29634.25, 29637.50, 29628.38, 2458, 2792, 0.00, 0.00
2026-7-15, 14:04:55.028000, 29655.25, 29668.75, 29630.75, 29651.50, 5250, 4897, 29651.56, 29650.33, 29649.75, 2746, 2504, 0.00, 0.00
2026-7-15, 14:13:05.516000, 29651.50, 29653.25, 29591.75, 29606.00, 5250, 4785, 29625.63, 29617.00, 29622.50, 2892, 2358, 0.00, 0.00
2026-7-15, 14:21:58.447001, 29606.00, 29654.50, 29589.00, 29648.50, 5250, 4883, 29624.50, 29630.67, 29621.75, 2711, 2539, 0.00, 0.00
2026-7-15, 14:30:22.983000, 29649.00, 29668.00, 29612.25, 29618.00, 5250, 4613, 29636.81, 29632.75, 29640.13, 2809, 2441, 0.00, 0.00
2026-7-15, 14:34:33.223004, 29617.75, 29687.25, 29608.50, 29677.25, 5250, 4793, 29647.69, 29657.67, 29647.88, 2519, 2731, 0.00, 0.00
2026-7-15, 14:42:22.305001, 29677.25, 29695.50, 29648.50, 29688.00, 5250, 4806, 29677.31, 29677.33, 29672.00, 2687, 2563, 0.00, 0.00
2026-7-15, 14:50:00.491001, 29688.00, 29707.00, 29657.75, 29705.00, 5250, 4871, 29689.44, 29689.92, 29682.38, 2594, 2656, 0.00, 0.00
2026-7-15, 14:55:09.797000, 29705.00, 29706.75, 29686.50, 29687.75, 5250, 4824, 29696.50, 29693.67, 29696.63, 2728, 2522, 0.00, 0.00
2026-7-15, 14:59:38.087000, 29687.00, 29712.00, 29686.00, 29708.50, 5250, 4544, 29698.38, 29702.17, 29699.00, 2662, 2588, 0.00, 0.00
2026-7-15, 15:00:28.807005, 29708.50, 29737.00, 29703.50, 29719.25, 5250, 4686, 29717.06, 29719.92, 29720.25, 2205, 3045, 0.00, 0.00
2026-7-15, 15:07:59.083000, 29719.25, 29720.50, 29664.00, 29711.75, 5250, 4814, 29703.88, 29698.75, 29692.25, 2681, 2569, 0.00, 0.00
2026-7-15, 15:55:37.903000, 29711.00, 29749.00, 29677.00, 29716.50, 5250, 4823, 29713.38, 29714.17, 29713.00, 2665, 2585, 29672.00, 0.00
2026-7-15, 17:56:59.321000, 29717.25, 29746.50, 29682.00, 29725.00, 5250, 4807, 29717.69, 29717.83, 29714.25, 2555, 2695, 29677.00, 0.00
2026-7-15, 19:08:42.704000, 29726.25, 29763.25, 29652.50, 29657.50, 5250, 4919, 29699.88, 29691.08, 29707.88, 2726, 2524, 0.00, 0.00
2026-7-15, 19:39:03.153010, 29657.50, 29679.25, 29601.50, 29608.00, 5250, 4941, 29636.56, 29629.58, 29640.38, 2755, 2495, 0.00, 0.00
2026-7-15, 20:22:51.114000, 29609.00, 29685.75, 29593.50, 29633.00, 5250, 4814, 29630.31, 29637.42, 29639.63, 2591, 2659, 0.00, 0.00
2026-7-15, 21:12:39.438001, 29632.50, 29736.00, 29629.50, 29726.75, 5250, 4731, 29681.19, 29697.42, 29682.75, 2504, 2746, 29624.50, 0.00
2026-7-15, 22:00:13.420000, 29726.75, 29756.25, 29701.75, 29715.50, 5250, 4998, 29725.06, 29724.50, 29729.00, 2617, 2633, 0.00, 29761.25
2026-7-15, 23:26:40.162004, 29715.50, 29797.00, 29680.00, 29680.00, 5250, 4932, 29718.13, 29719.00, 29738.50, 2450, 2800, 29675.00, 0.00
2026-7-16, 00:35:53.292006, 29680.00, 29739.25, 29646.50, 29717.00, 5250, 4829, 29695.69, 29700.92, 29692.88, 2600, 2650, 29641.50, 0.00
2026-7-16, 01:09:31.295000, 29717.75, 29749.75, 29637.50, 29651.00, 5250, 4622, 29689.00, 29679.42, 29693.63, 2604, 2646, 29632.50, 0.00
2026-7-16, 02:04:17.417002, 29651.00, 29664.25, 29555.00, 29570.00, 5250, 4601, 29610.06, 29596.42, 29609.63, 2730, 2520, 0.00, 29669.25
2026-7-16, 02:54:20.683003, 29569.50, 29572.75, 29478.75, 29551.50, 5250, 4690, 29543.13, 29534.33, 29525.75, 2596, 2654, 29473.75, 0.00
2026-7-16, 03:32:10.854009, 29551.50, 29645.25, 29538.50, 29603.75, 5250, 4700, 29584.75, 29595.83, 29591.88, 2533, 2717, 29533.50, 0.00
2026-7-16, 04:36:52.847001, 29603.50, 29607.25, 29512.25, 29534.75, 5250, 4717, 29564.44, 29551.42, 29559.75, 2785, 2465, 0.00, 29612.25
2026-7-16, 05:36:03.794003, 29534.75, 29537.75, 29446.25, 29491.00, 5250, 4809, 29502.44, 29491.67, 29492.00, 2647, 2603, 0.00, 0.00
2026-7-16, 06:24:08.328001, 29490.75, 29502.00, 29361.00, 29404.00, 5250, 4712, 29439.44, 29422.33, 29431.50, 2846, 2404, 0.00, 0.00
2026-7-16, 06:50:42.075002, 29404.00, 29457.25, 29392.75, 29427.25, 5250, 4890, 29420.31, 29425.75, 29425.00, 2648, 2602, 0.00, 29462.25
2026-7-16, 07:21:23.351052, 29427.25, 29428.00, 29365.50, 29373.75, 5250, 4762, 29398.63, 29389.08, 29396.75, 2758, 2492, 0.00, 29433.00
2026-7-16, 07:43:05.260001, 29373.75, 29437.00, 29363.50, 29427.50, 5250, 4980, 29400.44, 29409.33, 29400.25, 2569, 2681, 0.00, 0.00
2026-7-16, 08:05:46.506000, 29427.50, 29488.50, 29423.75, 29464.75, 5250, 4875, 29451.13, 29459.00, 29456.13, 2555, 2695, 0.00, 0.00
2026-7-16, 08:25:25.328000, 29464.50, 29472.00, 29447.50, 29465.75, 2037, 1891, 29462.44, 29461.75, 29459.75, 1009, 1028, 0.00, 0.00
2026-7-16, 08:30:00.001000, 29466.00, 29532.00, 29460.25, 29491.25, 5250, 4785, 29487.38, 29494.50, 29496.13, 2639, 2611, 0.00, 0.00
2026-7-16, 08:31:26.822000, 29491.50, 29529.50, 29446.25, 29446.25, 5250, 5094, 29478.38, 29474.00, 29487.88, 2798, 2452, 0.00, 0.00
2026-7-16, 08:34:36.238000, 29446.25, 29448.25, 29399.75, 29427.50, 5250, 4825, 29430.44, 29425.17, 29424.00, 2773, 2477, 0.00, 0.00
2026-7-16, 08:36:52.883000, 29427.75, 29471.00, 29382.25, 29383.25, 5250, 4996, 29416.06, 29412.17, 29426.63, 2710, 2540, 0.00, 0.00
2026-7-16, 08:39:54.885001, 29383.00, 29434.50, 29341.00, 29346.00, 5250, 4931, 29376.13, 29373.83, 29387.75, 2836, 2414, 0.00, 0.00
2026-7-16, 08:42:11.433001, 29346.00, 29375.00, 29310.00, 29310.00, 5250, 4860, 29335.25, 29331.67, 29342.50, 2702, 2548, 0.00, 0.00
2026-7-16, 08:44:49.115004, 29310.00, 29342.75, 29301.75, 29322.25, 5250, 4856, 29319.19, 29322.25, 29322.25, 2683, 2567, 0.00, 0.00
2026-7-16, 08:47:19.906000, 29322.00, 29333.25, 29264.25, 29273.25, 5250, 4737, 29298.19, 29290.25, 29298.75, 2880, 2370, 0.00, 0.00
2026-7-16, 08:50:03.246000, 29272.75, 29345.50, 29268.50, 29338.00, 5250, 4668, 29306.19, 29317.33, 29307.00, 2296, 2954, 0.00, 0.00
2026-7-16, 08:52:26.540000, 29338.75, 29353.75, 29265.75, 29270.25, 5250, 5023, 29307.13, 29296.58, 29309.75, 2715, 2535, 0.00, 0.00
2026-7-16, 08:55:07.141058, 29270.25, 29363.75, 29255.50, 29306.25, 5250, 4801, 29298.94, 29308.50, 29309.63, 2479, 2771, 0.00, 0.00
2026-7-16, 08:57:49.103000, 29305.50, 29389.00, 29296.50, 29369.50, 5250, 4875, 29340.13, 29351.67, 29342.75, 2458, 2792, 0.00, 0.00
2026-7-16, 09:01:12.650007, 29369.50, 29417.75, 29366.50, 29385.50, 5250, 4696, 29384.81, 29389.92, 29392.13, 2421, 2829, 0.00, 0.00
2026-7-16, 09:04:45.027001, 29385.25, 29461.75, 29380.00, 29459.75, 5250, 4904, 29421.69, 29433.83, 29420.88, 2524, 2726, 0.00, 0.00
2026-7-16, 09:08:09.000000, 29459.50, 29495.75, 29450.75, 29473.50, 5250, 4829, 29469.88, 29473.33, 29473.25, 2578, 2672, 0.00, 0.00
2026-7-16, 09:11:24.730000, 29474.00, 29489.50, 29447.50, 29470.50, 5250, 4855, 29470.38, 29469.17, 29468.50, 2660, 2590, 0.00, 0.00
2026-7-16, 09:16:17.730003, 29470.50, 29501.00, 29441.25, 29450.75, 5250, 4938, 29465.88, 29464.33, 29471.13, 2638, 2612, 0.00, 0.00
2026-7-16, 09:20:37.395000, 29451.00, 29453.00, 29397.75, 29440.75, 5250, 4869, 29435.63, 29430.50, 29425.38, 2734, 2516, 0.00, 0.00
2026-7-16, 09:24:14.579000, 29440.75, 29478.75, 29406.00, 29472.25, 5250, 4846, 29449.44, 29452.33, 29442.38, 2483, 2767, 0.00, 0.00
2026-7-16, 09:28:28.353001, 29472.25, 29488.00, 29440.00, 29464.75, 5250, 4893, 29466.25, 29464.25, 29464.00, 2681, 2569, 0.00, 0.00
2026-7-16, 09:34:46.024013, 29464.50, 29513.50, 29441.50, 29441.50, 5250, 4897, 29465.25, 29465.50, 29477.50, 2570, 2680, 0.00, 0.00
2026-7-16, 09:40:16.424000, 29442.00, 29479.00, 29426.50, 29444.50, 5250, 4929, 29448.00, 29450.00, 29452.75, 2654, 2596, 0.00, 0.00
2026-7-16, 09:48:11.970001, 29444.50, 29464.50, 29386.00, 29387.75, 5250, 4883, 29420.69, 29412.75, 29425.25, 2773, 2477, 0.00, 0.00
2026-7-16, 09:53:05.050001, 29387.50, 29410.00, 29362.00, 29401.00, 5250, 4762, 29390.13, 29391.00, 29386.00, 2468, 2782, 0.00, 0.00
2026-7-16, 09:57:42.227000, 29400.50, 29458.75, 29400.50, 29430.75, 5250, 4838, 29422.63, 29430.00, 29429.63, 2634, 2616, 0.00, 0.00
2026-7-16, 10:01:51.038001, 29430.25, 29456.00, 29377.50, 29378.25, 5250, 4667, 29410.50, 29403.92, 29416.75, 2656, 2594, 0.00, 0.00
2026-7-16, 10:07:04.834000, 29378.00, 29401.75, 29349.25, 29351.50, 5250, 4910, 29370.13, 29367.50, 29375.50, 2648, 2602, 0.00, 0.00
2026-7-16, 10:13:25.106000, 29352.00, 29387.50, 29336.00, 29381.00, 5250, 4829, 29364.13, 29368.17, 29361.75, 2574, 2676, 0.00, 0.00
2026-7-16, 10:18:54.997000, 29381.25, 29395.50, 29348.50, 29395.50, 5250, 4520, 29380.19, 29379.83, 29372.00, 2618, 2632, 0.00, 0.00
2026-7-16, 10:25:05.075004, 29395.75, 29451.50, 29393.00, 29395.25, 5250, 4586, 29408.88, 29413.25, 29422.25, 2602, 2648, 0.00, 0.00
2026-7-16, 10:28:42.240000, 29395.00, 29438.25, 29370.00, 29433.00, 5250, 4840, 29409.06, 29413.75, 29404.13, 2387, 2863, 0.00, 0.00
2026-7-16, 10:34:41.164005, 29433.00, 29468.00, 29398.50, 29401.75, 5250, 4751, 29425.31, 29422.75, 29433.25, 2586, 2664, 0.00, 0.00
2026-7-16, 10:41:47.231000, 29401.25, 29410.00, 29356.00, 29367.25, 5250, 4764, 29383.63, 29377.75, 29383.00, 2832, 2418, 0.00, 0.00
2026-7-16, 10:48:41.196001, 29367.50, 29435.00, 29354.50, 29401.50, 5250, 4931, 29389.63, 29397.00, 29394.75, 2597, 2653, 0.00, 0.00
2026-7-16, 10:55:28.635000, 29400.25, 29412.50, 29351.50, 29352.25, 5250, 4579, 29379.13, 29372.08, 29382.00, 2771, 2479, 0.00, 0.00
2026-7-16, 11:02:53.559000, 29352.00, 29374.00, 29312.75, 29341.75, 5250, 4821, 29345.13, 29342.83, 29343.38, 2565, 2685, 0.00, 0.00
2026-7-16, 11:08:55.397000, 29342.00, 29352.25, 29279.00, 29286.75, 5250, 4821, 29315.00, 29306.00, 29315.63, 2902, 2348, 0.00, 0.00
2026-7-16, 11:15:38.552000, 29287.00, 29313.75, 29268.00, 29290.00, 5250, 4880, 29289.69, 29290.58, 29290.88, 2465, 2785, 0.00, 0.00
2026-7-16, 11:21:34.935002, 29290.00, 29310.00, 29260.75, 29307.25, 5250, 4605, 29292.00, 29292.67, 29285.38, 2455, 2795, 0.00, 0.00
2026-7-16, 11:27:19.750005, 29307.25, 29339.50, 29284.50, 29314.75, 5250, 4741, 29311.50, 29312.92, 29312.00, 2513, 2737, 0.00, 0.00
2026-7-16, 11:34:56.621000, 29315.50, 29323.75, 29286.00, 29294.25, 5250, 4867, 29304.88, 29301.33, 29304.88, 2610, 2640, 0.00, 0.00
2026-7-16, 11:44:51.102003, 29294.25, 29321.50, 29270.75, 29317.00, 5250, 4709, 29300.88, 29303.08, 29296.13, 2624, 2626, 0.00, 0.00
2026-7-16, 11:53:50.051000, 29317.50, 29352.50, 29294.50, 29310.25, 5250, 4768, 29318.69, 29319.08, 29323.50, 2545, 2705, 0.00, 0.00
2026-7-16, 12:01:29.774000, 29310.75, 29334.25, 29285.00, 29299.75, 5250, 4953, 29307.44, 29306.33, 29309.63, 2651, 2599, 0.00, 0.00
2026-7-16, 12:13:39.943000, 29299.25, 29310.50, 29277.50, 29287.00, 5250, 4650, 29293.56, 29291.67, 29294.00, 2645, 2605, 0.00, 0.00
2026-7-16, 12:24:54.246002, 29287.00, 29345.00, 29275.00, 29321.25, 5250, 4645, 29307.06, 29313.75, 29310.00, 2636, 2614, 0.00, 0.00
2026-7-16, 12:32:47.974000, 29320.75, 29323.50, 29252.00, 29252.00, 5250, 4685, 29287.06, 29275.83, 29287.75, 2835, 2415, 0.00, 0.00
2026-7-16, 12:40:30.750062, 29252.00, 29257.25, 29219.25, 29227.00, 5250, 4860, 29238.88, 29234.50, 29238.25, 2676, 2574, 0.00, 0.00
2026-7-16, 12:46:01.314001, 29227.00, 29269.00, 29219.00, 29254.25, 5250, 4710, 29242.31, 29247.42, 29244.00, 2406, 2844, 0.00, 0.00
2026-7-16, 12:54:28.409000, 29253.25, 29260.50, 29224.00, 29241.75, 5250, 4859, 29244.88, 29242.08, 29242.25, 2678, 2572, 0.00, 0.00
2026-7-16, 13:04:30.207000, 29242.00, 29279.50, 29223.50, 29274.25, 5250, 4854, 29254.81, 29259.08, 29251.50, 2634, 2616, 0.00, 0.00
2026-7-16, 13:12:06.731000, 29273.00, 29281.50, 29217.25, 29281.50, 5250, 4740, 29263.31, 29260.08, 29249.38, 2577, 2673, 0.00, 0.00
2026-7-16, 13:20:16.565000, 29281.50, 29304.00, 29266.50, 29292.50, 5250, 4499, 29286.13, 29287.67, 29285.25, 2448, 2802, 0.00, 0.00
2026-7-16, 13:27:29.224004, 29292.25, 29295.25, 29221.75, 29237.50, 5250, 4809, 29261.69, 29251.50, 29258.50, 2741, 2509, 0.00, 0.00
2026-7-16, 13:37:36.668000, 29238.50, 29249.50, 29198.50, 29235.25, 5250, 4694, 29230.44, 29227.75, 29224.00, 2649, 2601, 0.00, 0.00
2026-7-16, 13:45:25.280000, 29235.00, 29253.25, 29202.00, 29214.00, 5250, 4539, 29226.06, 29223.08, 29227.63, 2636, 2614, 0.00, 0.00
2026-7-16, 13:57:00.085000, 29214.50, 29242.00, 29200.25, 29235.50, 5250, 4628, 29223.06, 29225.92, 29221.13, 2604, 2646, 0.00, 0.00
2026-7-16, 14:05:30.014000, 29234.50, 29240.75, 29176.25, 29187.50, 5250, 4421, 29209.75, 29201.50, 29208.50, 3029, 2221, 0.00, 0.00
2026-7-16, 14:11:27.819000, 29187.00, 29197.25, 29145.50, 29154.00, 5250, 4550, 29170.94, 29165.58, 29171.38, 2891, 2359, 0.00, 0.00
2026-7-16, 14:18:26.788000, 29154.50, 29182.25, 29141.25, 29150.00, 5250, 4691, 29157.00, 29157.83, 29161.75, 2550, 2700, 0.00, 0.00
2026-7-16, 14:25:20.328000, 29150.25, 29164.00, 29119.00, 29164.00, 5250, 4828, 29149.31, 29149.00, 29141.50, 2489, 2761, 0.00, 0.00
2026-7-16, 14:30:25.082001, 29164.25, 29170.25, 29118.25, 29133.50, 5250, 4877, 29146.56, 29140.67, 29144.25, 2567, 2683, 0.00, 0.00
2026-7-16, 14:35:56.921000, 29133.50, 29162.75, 29117.25, 29146.50, 5250, 4539, 29140.00, 29142.17, 29140.00, 2545, 2705, 0.00, 0.00
2026-7-16, 14:42:34.322000, 29146.00, 29160.50, 29080.75, 29081.25, 5250, 4845, 29117.13, 29107.50, 29120.63, 2880, 2370, 0.00, 0.00
2026-7-16, 14:48:11.895000, 29081.50, 29149.75, 29078.50, 29143.50, 5250, 4704, 29113.31, 29123.92, 29114.13, 2400, 2850, 0.00, 0.00
2026-7-16, 14:51:31.219002, 29143.50, 29175.50, 29142.00, 29164.25, 5250, 4660, 29156.31, 29160.58, 29158.75, 2645, 2605, 0.00, 0.00
2026-7-16, 14:54:40.130000, 29163.50, 29210.50, 29158.25, 29198.75, 5250, 4602, 29182.75, 29189.17, 29184.38, 2422, 2828, 0.00, 0.00
2026-7-16, 14:57:49.003000, 29199.50, 29228.25, 29193.50, 29228.00, 5250, 4555, 29212.31, 29216.58, 29210.88, 2593, 2657, 0.00, 0.00
2026-7-16, 14:59:35.408000, 29228.25, 29238.25, 29215.75, 29220.50, 5250, 4361, 29225.69, 29224.83, 29227.00, 2512, 2738, 0.00, 0.00
2026-7-16, 14:59:57.411001, 29220.50, 29228.25, 29199.75, 29210.75, 5250, 4587, 29214.81, 29212.92, 29214.00, 2632, 2618, 0.00, 0.00
2026-7-16, 15:01:06.046000, 29209.25, 29231.25, 29180.00, 29187.00, 5250, 4529, 29201.88, 29199.42, 29205.63, 2354, 2896, 0.00, 0.00
2026-7-16, 15:05:48.498000, 29186.75, 29202.00, 29162.75, 29191.00, 5250, 4678, 29185.63, 29185.25, 29182.38, 2563, 2687, 0.00, 0.00
2026-7-16, 15:23:15.266001, 29191.00, 29220.00, 29164.00, 29197.50, 5250, 4852, 29193.13, 29193.83, 29192.00, 2549, 2701, 0.00, 0.00
2026-7-16, 17:11:37.206000, 29196.50, 29203.25, 29106.25, 29126.00, 5250, 4860, 29158.00, 29145.17, 29154.75, 2818, 2432, 0.00, 29208.25
2026-7-16, 18:08:12.048000, 29124.75, 29140.00, 29060.00, 29103.75, 5250, 4860, 29107.13, 29101.25, 29100.00, 2672, 2578, 29055.00, 0.00
2026-7-16, 19:02:12.683001, 29104.00, 29118.25, 29017.75, 29023.25, 5250, 4786, 29065.81, 29053.08, 29068.00, 2781, 2469, 0.00, 0.00
2026-7-16, 19:29:10.861000, 29023.25, 29082.00, 28993.50, 29073.25, 5250, 4687, 29043.00, 29049.58, 29037.75, 2652, 2598, 0.00, 0.00
2026-7-16, 19:55:24.151000, 29073.50, 29105.50, 29010.50, 29040.75, 5250, 4775, 29057.56, 29052.25, 29058.00, 2577, 2673, 0.00, 0.00
2026-7-16, 20:30:01.515000, 29039.00, 29039.00, 28945.75, 28962.25, 5250, 4429, 28996.50, 28982.33, 28992.38, 2989, 2261, 0.00, 0.00
2026-7-16, 20:56:47.983000, 28961.75, 28985.75, 28903.25, 28910.25, 5250, 4746, 28940.25, 28933.08, 28944.50, 2802, 2448, 0.00, 0.00
2026-7-16, 21:39:53.662000, 28912.00, 29022.50, 28902.25, 29016.00, 5250, 4813, 28963.19, 28980.25, 28962.38, 2296, 2954, 0.00, 0.00
2026-7-16, 22:22:59.595000, 29016.00, 29026.00, 28908.50, 28908.50, 5250, 4803, 28964.75, 28947.67, 28967.25, 2877, 2373, 0.00, 29031.00
2026-7-16, 23:00:07.346001, 28908.50, 28908.50, 28820.75, 28823.50, 5250, 4763, 28865.31, 28850.92, 28864.63, 2760, 2490, 0.00, 0.00
2026-7-16, 23:25:29.907001, 28823.25, 28837.00, 28774.50, 28834.50, 5250, 4820, 28817.31, 28815.33, 28805.75, 2608, 2642, 28769.50, 0.00
2026-7-16, 23:49:22.781001, 28834.50, 28841.25, 28783.50, 28795.25, 5250, 4800, 28813.63, 28806.67, 28812.38, 2746, 2504, 0.00, 0.00
2026-7-17, 00:31:53.582000, 28795.75, 28798.50, 28725.00, 28762.00, 5250, 4804, 28770.31, 28761.83, 28761.75, 2674, 2576, 28720.00, 0.00
2026-7-17, 01:01:08.900002, 28762.00, 28824.00, 28722.50, 28821.00, 5250, 4651, 28782.38, 28789.17, 28773.25, 2561, 2689, 0.00, 0.00
2026-7-17, 01:27:54.704000, 28819.75, 28825.00, 28728.50, 28765.00, 5250, 4864, 28784.56, 28772.83, 28776.75, 2659, 2591, 0.00, 0.00
2026-7-17, 02:04:48.499000, 28765.25, 28767.50, 28703.00, 28703.75, 5250, 4685, 28734.88, 28724.75, 28735.25, 2559, 2691, 0.00, 0.00
2026-7-17, 02:42:32.763003, 28703.75, 28735.00, 28667.50, 28672.50, 5250, 4547, 28694.69, 28691.67, 28701.25, 2641, 2609, 0.00, 0.00
2026-7-17, 03:13:06.417001, 28672.25, 28683.75, 28579.00, 28613.00, 5250, 4659, 28637.00, 28625.25, 28631.38, 2547, 2703, 0.00, 0.00
2026-7-17, 03:24:23.981000, 28613.00, 28634.25, 28550.00, 28594.50, 5250, 4773, 28597.94, 28592.92, 28592.13, 2625, 2625, 0.00, 0.00
2026-7-17, 03:49:37.405000, 28592.50, 28675.50, 28590.75, 28633.75, 5250, 4752, 28623.13, 28633.33, 28633.13, 2627, 2623, 28585.75, 0.00
2026-7-17, 04:18:57.923000, 28633.75, 28728.00, 28630.00, 28700.50, 5250, 4757, 28673.06, 28686.17, 28679.00, 2445, 2805, 28625.00, 0.00
2026-7-17, 04:57:03.796000, 28701.50, 28787.25, 28691.50, 28738.25, 5250, 4516, 28729.63, 28739.00, 28739.38, 2520, 2730, 0.00, 0.00
2026-7-17, 05:21:45.657016, 28737.75, 28825.50, 28722.00, 28803.00, 5250, 4431, 28772.06, 28783.50, 28773.75, 2423, 2827, 0.00, 0.00
2026-7-17, 05:44:32.858000, 28802.25, 28815.00, 28750.00, 28766.75, 5250, 4621, 28783.50, 28777.25, 28782.50, 2714, 2536, 0.00, 0.00
2026-7-17, 06:13:13.120001, 28767.25, 28775.00, 28713.50, 28733.25, 5250, 4625, 28747.25, 28740.58, 28744.25, 2629, 2621, 28708.50, 0.00
2026-7-17, 06:51:37.601004, 28733.75, 28764.25, 28670.75, 28680.25, 5250, 4704, 28712.25, 28705.08, 28717.50, 2746, 2504, 0.00, 0.00
2026-7-17, 07:22:51.154001, 28680.00, 28696.75, 28650.75, 28676.75, 5250, 4776, 28676.06, 28674.75, 28673.75, 2700, 2550, 0.00, 0.00
2026-7-17, 07:48:27.428000, 28677.00, 28686.50, 28627.00, 28632.50, 5250, 4973, 28655.75, 28648.67, 28656.75, 2714, 2536, 0.00, 0.00
2026-7-17, 08:08:48.555018, 28633.00, 28635.75, 28596.75, 28627.50, 5250, 4977, 28623.25, 28620.00, 28616.25, 2650, 2600, 0.00, 0.00
2026-7-17, 08:25:20.224001, 28627.75, 28648.25, 28581.00, 28590.50, 5250, 4751, 28611.88, 28606.58, 28614.63, 2519, 2731, 0.00, 0.00
2026-7-17, 08:29:58.119001, 28590.75, 28609.50, 28588.25, 28606.00, 295, 211, 28598.63, 28601.25, 28598.88, 83, 212, 0.00, 0.00
2026-7-17, 08:30:00.000000, 28607.75, 28665.00, 28599.50, 28659.50, 5250, 4890, 28632.94, 28641.33, 28632.25, 2441, 2809, 0.00, 0.00
2026-7-17, 08:31:04.044000, 28659.75, 28686.00, 28623.00, 28631.25, 5250, 4809, 28650.00, 28646.75, 28654.50, 2646, 2604, 0.00, 0.00
2026-7-17, 08:33:00.145000, 28632.25, 28638.75, 28539.75, 28555.00, 5250, 4768, 28591.44, 28577.83, 28589.25, 2958, 2292, 0.00, 0.00
2026-7-17, 08:34:42.365004, 28555.00, 28577.00, 28514.50, 28533.50, 5250, 4990, 28545.00, 28541.67, 28545.75, 2642, 2608, 0.00, 0.00
2026-7-17, 08:36:55.822000, 28532.25, 28535.00, 28475.00, 28475.00, 5250, 4632, 28504.31, 28495.00, 28505.00, 2979, 2271, 0.00, 0.00
2026-7-17, 08:39:12.144003, 28475.00, 28506.25, 28456.00, 28485.75, 5250, 4707, 28480.75, 28482.67, 28481.13, 2536, 2714, 0.00, 0.00
2026-7-17, 08:40:44.457000, 28484.25, 28512.00, 28435.00, 28440.75, 5250, 4952, 28468.00, 28462.58, 28473.50, 2673, 2577, 0.00, 0.00
2026-7-17, 08:42:43.906006, 28440.75, 28451.00, 28408.25, 28435.25, 5250, 4902, 28433.81, 28431.50, 28429.63, 2692, 2558, 0.00, 0.00
2026-7-17, 08:45:02.162000, 28436.75, 28480.00, 28412.00, 28464.00, 5250, 4990, 28448.19, 28452.00, 28446.00, 2445, 2805, 0.00, 0.00
2026-7-17, 08:47:14.087008, 28464.00, 28519.00, 28461.25, 28498.75, 5250, 4928, 28485.75, 28493.00, 28490.13, 2586, 2664, 0.00, 0.00
2026-7-17, 08:49:59.413000, 28499.00, 28567.00, 28486.25, 28564.00, 5250, 4842, 28529.06, 28539.08, 28526.63, 2403, 2847, 0.00, 0.00
2026-7-17, 08:52:36.636001, 28564.00, 28614.50, 28548.25, 28597.50, 5250, 4757, 28581.06, 28586.75, 28581.38, 2464, 2786, 0.00, 0.00
2026-7-17, 08:54:51.179000, 28598.50, 28646.25, 28578.25, 28641.75, 5250, 4898, 28616.19, 28622.08, 28612.25, 2527, 2723, 0.00, 0.00
2026-7-17, 08:57:14.275003, 28642.25, 28706.00, 28621.75, 28699.00, 5250, 4819, 28667.25, 28675.58, 28663.88, 2366, 2884, 0.00, 0.00
2026-7-17, 09:00:08.830005, 28699.00, 28748.00, 28676.00, 28732.25, 5250, 4781, 28713.81, 28718.75, 28712.00, 2590, 2660, 0.00, 0.00
2026-7-17, 09:01:45.752001, 28732.25, 28783.75, 28717.25, 28754.00, 5250, 4817, 28746.81, 28751.67, 28750.50, 2435, 2815, 0.00, 0.00
2026-7-17, 09:03:45.550000, 28752.75, 28780.75, 28710.50, 28770.00, 5250, 4871, 28753.50, 28753.75, 28745.63, 2761, 2489, 0.00, 0.00
2026-7-17, 09:05:48.511000, 28771.25, 28814.00, 28762.50, 28790.25, 5250, 4912, 28784.50, 28788.92, 28788.25, 2484, 2766, 0.00, 0.00
2026-7-17, 09:08:18.465000, 28790.00, 28862.25, 28785.00, 28853.00, 5250, 4753, 28822.56, 28833.42, 28823.63, 2153, 3097, 0.00, 0.00
2026-7-17, 09:11:03.049001, 28853.00, 28860.25, 28800.25, 28803.00, 5250, 4841, 28829.13, 28821.17, 28830.25, 2676, 2574, 0.00, 0.00
2026-7-17, 09:13:35.574003, 28802.75, 28852.25, 28779.75, 28849.25, 5250, 4773, 28821.00, 28827.08, 28816.00, 2528, 2722, 0.00, 0.00
2026-7-17, 09:16:02.253000, 28848.75, 28885.50, 28819.00, 28847.00, 5250, 4848, 28850.06, 28850.50, 28852.25, 2435, 2815, 0.00, 0.00
2026-7-17, 09:18:27.323011, 28847.00, 28870.75, 28815.50, 28845.50, 5250, 4871, 28844.69, 28843.92, 28843.13, 2579, 2671, 0.00, 0.00
2026-7-17, 09:21:51.023000, 28845.25, 28885.00, 28820.75, 28882.00, 5250, 4789, 28858.25, 28862.58, 28852.88, 2561, 2689, 0.00, 0.00
2026-7-17, 09:25:10.068000, 28882.25, 28887.50, 28818.75, 28823.00, 5250, 4943, 28852.88, 28843.08, 28853.13, 2669, 2581, 0.00, 0.00
2026-7-17, 09:29:18.716000, 28822.00, 28850.25, 28794.75, 28802.25, 5250, 4846, 28817.31, 28815.75, 28822.50, 2757, 2493, 0.00, 0.00
2026-7-17, 09:32:12.624000, 28803.25, 28815.25, 28760.25, 28798.50, 5250, 4900, 28794.31, 28791.33, 28787.75, 2740, 2510, 0.00, 0.00
2026-7-17, 09:35:13.306000, 28798.75, 28886.25, 28791.00, 28861.50, 5250, 4793, 28834.38, 28846.25, 28838.63, 2505, 2745, 0.00, 0.00
2026-7-17, 09:38:27.456000, 28862.25, 28896.00, 28849.25, 28865.25, 5250, 4162, 28868.19, 28870.17, 28872.63, 2989, 2261, 0.00, 0.00
2026-7-17, 09:40:36.458002, 28865.25, 28884.50, 28806.00, 28815.00, 5250, 4682, 28842.69, 28835.17, 28845.25, 2963, 2287, 0.00, 0.00
2026-7-17, 09:44:35.417001, 28815.00, 28857.75, 28768.25, 28837.75, 5250, 4817, 28819.69, 28821.25, 28813.00, 2871, 2379, 0.00, 0.00
2026-7-17, 09:48:08.307000, 28838.25, 28846.00, 28760.50, 28781.50, 5250, 4892, 28806.56, 28796.00, 28803.25, 2717, 2533, 0.00, 0.00
2026-7-17, 09:52:58.615000, 28781.25, 28808.75, 28748.25, 28763.50, 5250, 4818, 28775.44, 28773.50, 28778.50, 2777, 2473, 0.00, 0.00
2026-7-17, 09:57:06.499000, 28762.75, 28784.00, 28693.00, 28693.00, 5250, 4903, 28733.19, 28723.33, 28738.50, 2887, 2363, 0.00, 0.00
2026-7-17, 10:01:26.065000, 28693.25, 28726.50, 28682.50, 28691.25, 5250, 4820, 28698.38, 28700.08, 28704.50, 2742, 2508, 0.00, 0.00
2026-7-17, 10:06:05.199000, 28691.75, 28755.75, 28676.75, 28703.75, 5250, 4882, 28707.00, 28712.08, 28716.25, 2664, 2586, 0.00, 0.00
2026-7-17, 10:10:42.362000, 28704.25, 28729.00, 28686.00, 28694.50, 5250, 4809, 28703.44, 28703.17, 28707.50, 2787, 2463, 0.00, 0.00
2026-7-17, 10:16:58.362010, 28694.50, 28747.25, 28688.00, 28736.00, 5250, 4905, 28716.44, 28723.75, 28717.63, 2616, 2634, 0.00, 0.00
2026-7-17, 10:22:33.779000, 28736.00, 28742.75, 28672.25, 28727.50, 5250, 4839, 28719.63, 28714.17, 28707.50, 2744, 2506, 0.00, 0.00
2026-7-17, 10:27:35.166001, 28727.50, 28778.75, 28712.25, 28757.25, 5250, 4868, 28743.94, 28749.42, 28745.50, 2595, 2655, 0.00, 0.00
2026-7-17, 10:32:02.474005, 28757.25, 28790.75, 28718.00, 28740.75, 5250, 4903, 28751.69, 28749.83, 28754.38, 2716, 2534, 0.00, 0.00
2026-7-17, 10:35:51.123000, 28741.00, 28843.50, 28740.50, 28839.25, 5250, 4906, 28791.06, 28807.75, 28792.00, 2447, 2803, 0.00, 0.00
2026-7-17, 10:40:28.671001, 28839.25, 28840.25, 28766.25, 28803.50, 5250, 4846, 28812.31, 28803.33, 28803.25, 2792, 2458, 0.00, 0.00
2026-7-17, 10:45:29.268002, 28803.75, 28835.00, 28781.50, 28823.00, 5250, 4886, 28810.81, 28813.17, 28808.25, 2700, 2550, 0.00, 0.00
2026-7-17, 10:52:39.055001, 28822.50, 28924.00, 28819.75, 28920.75, 5250, 4545, 28871.75, 28888.17, 28871.88, 2344, 2906, 0.00, 0.00
2026-7-17, 10:56:24.003002, 28921.00, 28950.75, 28907.75, 28948.50, 5250, 4820, 28932.00, 28935.67, 28929.25, 2426, 2824, 0.00, 0.00
2026-7-17, 11:00:14.799001, 28948.75, 28955.75, 28881.50, 28904.50, 5250, 4893, 28922.63, 28913.92, 28918.63, 2807, 2443, 0.00, 28960.75
2026-7-17, 11:02:33.899000, 28904.75, 28904.75, 28851.00, 28855.75, 5250, 4763, 28879.06, 28870.50, 28877.88, 2676, 2574, 0.00, 0.00
2026-7-17, 11:07:34.116009, 28855.50, 28944.50, 28846.00, 28919.75, 5250, 4593, 28891.44, 28903.42, 28895.25, 2519, 2731, 0.00, 0.00
2026-7-17, 11:12:27.290000, 28919.25, 28956.00, 28916.00, 28942.00, 5250, 4626, 28933.31, 28938.00, 28936.00, 2624, 2626, 0.00, 0.00
2026-7-17, 11:17:51.681001, 28942.00, 28956.00, 28866.50, 28872.75, 5250, 4718, 28909.31, 28898.42, 28911.25, 2704, 2546, 0.00, 0.00
2026-7-17, 11:23:56.067000, 28873.00, 28942.75, 28858.00, 28925.75, 5250, 4742, 28899.88, 28908.83, 28900.38, 2548, 2702, 0.00, 0.00
2026-7-17, 11:29:33.282000, 28926.25, 28935.00, 28885.75, 28913.25, 5250, 4920, 28915.06, 28911.33, 28910.38, 2640, 2610, 0.00, 0.00
2026-7-17, 11:38:30.602003, 28913.25, 28973.00, 28902.00, 28973.00, 5250, 4794, 28940.31, 28949.33, 28937.50, 2510, 2740, 0.00, 0.00
2026-7-17, 11:45:01.037014, 28973.00, 29007.75, 28962.50, 29001.25, 5250, 4603, 28986.13, 28990.50, 28985.13, 2456, 2794, 0.00, 0.00
2026-7-17, 11:50:08.641001, 29001.25, 29028.00, 28983.25, 28994.75, 5250, 4931, 29001.81, 29002.00, 29005.63, 2766, 2484, 0.00, 29033.00
2026-7-17, 11:55:49.916000, 28995.00, 29022.25, 28960.50, 29020.50, 5250, 4727, 28999.56, 29001.08, 28991.38, 2654, 2596, 0.00, 0.00
2026-7-17, 12:01:21.070001, 29020.50, 29039.50, 28993.50, 29036.75, 5250, 4799, 29022.56, 29023.25, 29016.50, 2659, 2591, 0.00, 0.00
2026-7-17, 12:08:27.191000, 29037.50, 29050.25, 28987.00, 29006.75, 5250, 4820, 29020.38, 29014.67, 29018.63, 2590, 2660, 0.00, 0.00
2026-7-17, 12:15:28.165004, 29006.75, 29042.75, 28979.25, 28999.50, 5250, 4749, 29007.06, 29007.17, 29011.00, 2720, 2530, 0.00, 0.00
2026-7-17, 12:22:57.733000, 28999.75, 29041.00, 28982.25, 29032.75, 5250, 4642, 29013.94, 29018.67, 29011.63, 2466, 2784, 0.00, 0.00
2026-7-17, 12:30:01.594002, 29032.75, 29042.25, 28976.25, 28983.75, 5250, 4846, 29008.75, 29000.75, 29009.25, 2613, 2637, 0.00, 0.00
2026-7-17, 12:38:08.744000, 28984.75, 28988.25, 28940.00, 28958.50, 5250, 4944, 28967.88, 28962.25, 28964.13, 2737, 2513, 0.00, 0.00
2026-7-17, 12:45:30.248002, 28958.75, 28969.75, 28913.00, 28915.50, 5250, 4825, 28939.25, 28932.75, 28941.38, 2779, 2471, 0.00, 0.00
2026-7-17, 12:55:10.629000, 28916.25, 28925.50, 28882.00, 28908.25, 5250, 4804, 28908.00, 28905.25, 28903.75, 2628, 2622, 0.00, 0.00
2026-7-17, 13:02:46.130001, 28908.25, 28937.00, 28870.25, 28874.50, 5250, 4775, 28897.50, 28893.92, 28903.63, 2709, 2541, 0.00, 0.00
2026-7-17, 13:09:55.885000, 28873.75, 28881.75, 28833.50, 28839.25, 5250, 4859, 28857.06, 28851.50, 28857.63, 2738, 2512, 0.00, 0.00
2026-7-17, 13:17:59.849000, 28839.75, 28862.50, 28825.25, 28828.50, 5250, 4918, 28839.00, 28838.75, 28843.88, 2639, 2611, 0.00, 0.00
2026-7-17, 13:25:41.264000, 28828.50, 28891.75, 28822.50, 28845.50, 5250, 4870, 28847.06, 28853.25, 28857.13, 2521, 2729, 0.00, 0.00
2026-7-17, 13:32:48.026000, 28844.50, 28858.00, 28807.00, 28814.50, 5250, 4840, 28831.00, 28826.50, 28832.50, 2787, 2463, 0.00, 0.00
2026-7-17, 13:41:56.061000, 28814.50, 28831.25, 28797.00, 28829.75, 5250, 4071, 28818.13, 28819.33, 28814.13, 2646, 2604, 0.00, 0.00
2026-7-17, 13:47:14.813000, 28830.00, 28872.00, 28826.00, 28858.75, 5250, 4528, 28846.69, 28852.25, 28849.00, 2634, 2616, 0.00, 0.00
2026-7-17, 13:54:15.567002, 28858.75, 28886.00, 28838.50, 28843.25, 5250, 4838, 28856.63, 28855.92, 28862.25, 2680, 2570, 0.00, 0.00
2026-7-17, 14:02:18.045001, 28843.25, 28861.50, 28786.25, 28787.75, 5250, 4956, 28819.69, 28811.83, 28823.88, 2859, 2391, 0.00, 0.00
2026-7-17, 14:11:48.653000, 28788.00, 28798.75, 28734.50, 28752.00, 5250, 4765, 28768.31, 28761.75, 28766.63, 2773, 2477, 0.00, 0.00
2026-7-17, 14:17:57.556004, 28751.75, 28775.25, 28720.00, 28725.00, 5250, 4888, 28743.00, 28740.08, 28747.63, 2762, 2488, 0.00, 0.00
2026-7-17, 14:25:36.567001, 28725.00, 28832.50, 28718.50, 28828.25, 5250, 4913, 28776.06, 28793.08, 28775.50, 2242, 3008, 0.00, 0.00
2026-7-17, 14:30:18.302000, 28828.50, 28846.50, 28791.75, 28793.00, 5250, 4874, 28814.94, 28810.42, 28819.13, 2620, 2630, 0.00, 0.00
2026-7-17, 14:35:02.019001, 28793.00, 28825.25, 28753.75, 28791.50, 5250, 4929, 28790.88, 28790.17, 28789.50, 2605, 2645, 0.00, 0.00
2026-7-17, 14:42:00.074000, 28791.00, 28824.50, 28769.50, 28822.75, 5250, 4995, 28801.94, 28805.58, 28797.00, 2455, 2795, 0.00, 0.00
2026-7-17, 14:48:20.107003, 28823.00, 28853.50, 28805.75, 28823.50, 5250, 4894, 28826.44, 28827.58, 28829.63, 2600, 2650, 0.00, 0.00
2026-7-17, 14:53:02.317007, 28823.25, 28848.50, 28806.75, 28840.00, 5250, 4805, 28829.63, 28831.75, 28827.63, 2640, 2610, 0.00, 0.00
2026-7-17, 14:57:04.337000, 28839.25, 28839.75, 28789.75, 28790.75, 5250, 4566, 28814.88, 28806.75, 28814.75, 2596, 2654, 0.00, 0.00
2026-7-17, 14:59:40.775000, 28791.00, 28792.25, 28756.00, 28760.75, 5250, 4741, 28775.00, 28769.67, 28774.13, 2678, 2572, 0.00, 0.00
2026-7-17, 15:00:01.241005, 28760.75, 28764.00, 28725.75, 28726.25, 5250, 4709, 28744.19, 28738.67, 28744.88, 2749, 2501, 0.00, 0.00
2026-7-17, 15:02:40.456000, 28727.00, 28741.75, 28712.50, 28726.00, 5250, 4796, 28726.81, 28726.75, 28727.13, 2644, 2606, 0.00, 0.00
2026-7-17, 15:11:35.966007, 28726.00, 28768.75, 28723.50, 28763.75, 5250, 4808, 28745.50, 28752.00, 28746.13, 2599, 2651, 0.00, 0.00
2026-7-17, 15:34:47.168000, 28763.75, 28779.75, 28750.50, 28768.25, 3282, 2891, 28765.56, 28766.17, 28765.13, 1636, 1646, 28745.50, 0.00
2026-7-19, 17:00:00.000000, 28747.75, 28813.25, 28709.75, 28781.50, 5250, 4506, 28763.06, 28768.17, 28761.50, 2729, 2521, 0.00, 28818.25
2026-7-19, 17:19:26.588000, 28782.25, 28851.00, 28757.75, 28819.50, 5250, 4887, 28802.63, 28809.42, 28804.38, 2536, 2714, 0.00, 0.00
2026-7-19, 17:53:18.168000, 28821.00, 28868.50, 28781.00, 28833.00, 5250, 4915, 28825.88, 28827.50, 28824.75, 2765, 2485, 0.00, 0.00
2026-7-19, 18:46:36.908001, 28833.00, 28948.50, 28806.00, 28945.25, 5250, 4409, 28883.19, 28899.92, 28877.25, 2427, 2823, 0.00, 0.00
2026-7-19, 19:11:49.597000, 28944.75, 28963.50, 28873.00, 28892.75, 5250, 4680, 28918.50, 28909.75, 28918.25, 2698, 2552, 0.00, 0.00
2026-7-19, 19:40:13.930001, 28892.75, 28935.50, 28844.25, 28854.75, 5250, 4847, 28881.81, 28878.17, 28889.88, 2556, 2694, 0.00, 0.00
2026-7-19, 20:18:17.362001, 28854.75, 28885.00, 28776.50, 28797.50, 5250, 4544, 28828.44, 28819.67, 28830.75, 2798, 2452, 0.00, 0.00
2026-7-19, 20:48:03.852001, 28797.50, 28889.00, 28762.75, 28809.75, 5250, 4792, 28814.75, 28820.50, 28825.88, 2631, 2619, 28757.75, 0.00
2026-7-19, 21:21:54.871000, 28808.75, 28948.00, 28793.00, 28862.00, 5250, 4826, 28852.94, 28867.67, 28870.50, 2350, 2900, 0.00, 0.00
2026-7-19, 22:06:37.272000, 28861.75, 28937.75, 28851.00, 28898.50, 5250, 4623, 28887.25, 28895.75, 28894.38, 2691, 2559, 0.00, 0.00
2026-7-19, 23:03:07.857001, 28899.25, 28942.00, 28844.50, 28862.50, 5250, 4754, 28887.06, 28883.00, 28893.25, 2807, 2443, 0.00, 0.00
2026-7-20, 00:06:12.111000, 28861.25, 28870.00, 28789.00, 28817.50, 5250, 4844, 28834.44, 28825.50, 28829.50, 2655, 2595, 28784.00, 0.00
2026-7-20, 01:01:54.852002, 28817.50, 28833.75, 28766.00, 28826.25, 5250, 4783, 28810.88, 28808.67, 28799.88, 2655, 2595, 0.00, 0.00
2026-7-20, 02:05:08.070000, 28823.50, 28926.00, 28797.75, 28887.75, 5250, 4936, 28858.75, 28870.50, 28861.88, 2381, 2869, 0.00, 0.00
2026-7-20, 02:47:41.889000, 28888.50, 28939.75, 28860.00, 28863.00, 5250, 4911, 28887.81, 28887.58, 28899.88, 2588, 2662, 0.00, 0.00
2026-7-20, 03:45:09.324001, 28863.00, 28996.50, 28854.00, 28992.50, 5250, 4799, 28926.50, 28947.67, 28925.25, 2469, 2781, 0.00, 0.00
2026-7-20, 04:52:42.982001, 28992.50, 28998.25, 28920.50, 28969.00, 5250, 4845, 28970.06, 28962.58, 28959.38, 2560, 2690, 0.00, 29003.25
2026-7-20, 05:44:22.897001, 28969.00, 29034.50, 28961.50, 29027.00, 5250, 4683, 28998.00, 29007.67, 28998.00, 2637, 2613, 0.00, 0.00
2026-7-20, 06:30:12.521001, 29027.00, 29109.50, 29011.50, 29081.00, 5250, 4592, 29057.25, 29067.33, 29060.50, 2519, 2731, 0.00, 0.00
2026-7-20, 06:40:20.459000, 29081.25, 29108.75, 28997.50, 28999.25, 5250, 4774, 29046.69, 29035.17, 29053.13, 2669, 2581, 0.00, 0.00
2026-7-20, 07:02:32.633000, 28999.25, 29043.00, 28981.75, 29029.00, 5250, 4910, 29013.25, 29017.92, 29012.38, 2559, 2691, 0.00, 0.00
2026-7-20, 07:31:12.053001, 29029.00, 29054.50, 29001.00, 29036.50, 5250, 4997, 29030.25, 29030.67, 29027.75, 2863, 2387, 0.00, 0.00
2026-7-20, 08:01:13.144000, 29037.50, 29060.00, 29021.25, 29052.00, 5250, 4960, 29042.69, 29044.42, 29040.63, 2601, 2649, 0.00, 0.00
2026-7-20, 08:27:40.089000, 29052.25, 29058.00, 29021.25, 29045.00, 1640, 1545, 29044.13, 29041.42, 29039.63, 910, 730, 0.00, 0.00
2026-7-20, 08:30:00.000000, 29045.00, 29084.25, 29025.75, 29073.25, 5250, 5024, 29057.06, 29061.08, 29055.00, 2643, 2607, 0.00, 0.00
2026-7-20, 08:31:36.085001, 29073.50, 29119.50, 29047.75, 29118.50, 5250, 4911, 29089.81, 29095.25, 29083.63, 2496, 2754, 0.00, 0.00
2026-7-20, 08:33:48.788000, 29119.00, 29149.50, 29115.25, 29135.00, 5250, 4851, 29129.69, 29133.25, 29132.38, 2516, 2734, 0.00, 0.00
2026-7-20, 08:36:19.569000, 29134.75, 29167.25, 29134.25, 29135.00, 5250, 4781, 29142.81, 29145.50, 29150.75, 2578, 2672, 0.00, 0.00
2026-7-20, 08:39:14.418000, 29135.00, 29162.75, 29119.50, 29155.50, 5250, 4877, 29143.19, 29145.92, 29141.13, 2496, 2754, 0.00, 0.00
2026-7-20, 08:42:35.688001, 29154.75, 29190.00, 29152.75, 29188.50, 5250, 4762, 29171.50, 29177.08, 29171.38, 2335, 2915, 0.00, 0.00
2026-7-20, 08:45:13.145023, 29188.50, 29192.50, 29141.00, 29152.75, 5250, 4744, 29168.69, 29162.08, 29166.75, 2850, 2400, 0.00, 0.00
2026-7-20, 08:47:42.540001, 29152.50, 29160.00, 29097.25, 29107.75, 5250, 4883, 29129.38, 29121.67, 29128.63, 2844, 2406, 0.00, 0.00
2026-7-20, 08:50:57.458007, 29107.75, 29108.25, 29031.75, 29055.75, 5250, 4935, 29075.88, 29065.25, 29070.00, 2867, 2383, 0.00, 0.00
2026-7-20, 08:52:50.460001, 29055.50, 29072.75, 29027.50, 29055.25, 5250, 5003, 29052.75, 29051.83, 29050.13, 2586, 2664, 0.00, 0.00
2026-7-20, 08:55:50.282000, 29054.75, 29062.00, 28996.00, 29004.00, 5250, 4928, 29029.19, 29020.67, 29029.00, 2694, 2556, 0.00, 0.00
2026-7-20, 08:58:25.830001, 29004.00, 29007.75, 28975.00, 28991.75, 5250, 4931, 28994.63, 28991.50, 28991.38, 2705, 2545, 0.00, 0.00
2026-7-20, 09:00:49.355003, 28992.00, 29030.00, 28961.00, 29030.00, 5250, 4900, 29003.25, 29007.00, 28995.50, 2552, 2698, 0.00, 0.00
2026-7-20, 09:03:12.413005, 29030.00, 29049.00, 28995.50, 28995.50, 5250, 4863, 29017.50, 29013.33, 29022.25, 2733, 2517, 0.00, 0.00
2026-7-20, 09:06:32.045001, 28995.50, 29023.50, 28957.75, 28961.25, 5250, 5032, 28984.50, 28980.83, 28990.63, 2741, 2509, 0.00, 0.00
2026-7-20, 09:10:52.610000, 28961.00, 28988.50, 28938.00, 28988.00, 5250, 4905, 28968.88, 28971.50, 28963.25, 2527, 2723, 0.00, 0.00
2026-7-20, 09:14:13.356000, 28987.50, 29005.50, 28943.50, 28944.50, 5250, 4969, 28970.25, 28964.50, 28974.50, 2756, 2494, 0.00, 0.00
2026-7-20, 09:18:10.236000, 28944.75, 28977.75, 28910.25, 28930.50, 5250, 4919, 28940.81, 28939.50, 28944.00, 2639, 2611, 0.00, 0.00
2026-7-20, 09:21:52.960000, 28930.75, 29000.25, 28908.00, 28999.50, 5250, 4989, 28959.63, 28969.25, 28954.13, 2406, 2844, 0.00, 0.00
2026-7-20, 09:26:05.623044, 28999.50, 29049.50, 28976.50, 29049.50, 5250, 4836, 29018.75, 29025.17, 29013.00, 2431, 2819, 0.00, 0.00
2026-7-20, 09:30:54.962042, 29049.50, 29053.75, 28980.75, 29023.25, 5250, 4962, 29026.81, 29019.25, 29017.25, 2736, 2514, 0.00, 0.00
2026-7-20, 09:35:55.714004, 29023.25, 29025.75, 28972.50, 28983.25, 5250, 4970, 29001.19, 28993.83, 28999.13, 2716, 2534, 0.00, 0.00
2026-7-20, 09:42:21.927000, 28984.00, 29004.25, 28932.00, 28992.75, 5250, 4927, 28978.25, 28976.33, 28968.13, 2765, 2485, 0.00, 0.00
2026-7-20, 09:46:49.545000, 28992.00, 29002.75, 28918.50, 28924.25, 5250, 4957, 28959.38, 28948.50, 28960.63, 2728, 2522, 0.00, 0.00
2026-7-20, 09:51:54.584000, 28923.50, 28941.25, 28895.75, 28897.75, 5250, 4787, 28914.56, 28911.58, 28918.50, 2753, 2497, 0.00, 0.00
2026-7-20, 09:56:26.084001, 28897.75, 28910.00, 28873.25, 28877.00, 5250, 4838, 28889.50, 28886.75, 28891.63, 2751, 2499, 0.00, 0.00
2026-7-20, 10:00:10.426002, 28877.25, 28957.00, 28874.00, 28921.75, 5250, 4975, 28907.50, 28917.58, 28915.50, 2570, 2680, 0.00, 0.00
2026-7-20, 10:04:31.318000, 28922.50, 28963.25, 28883.50, 28963.25, 5250, 4728, 28933.13, 28936.67, 28923.38, 2509, 2741, 0.00, 0.00
2026-7-20, 10:08:54.123000, 28963.75, 28989.50, 28935.50, 28947.75, 5250, 4865, 28959.13, 28957.58, 28962.50, 2663, 2587, 0.00, 0.00
2026-7-20, 10:13:02.086001, 28947.75, 28997.50, 28928.75, 28968.00, 5250, 4889, 28960.50, 28964.75, 28963.13, 2551, 2699, 0.00, 0.00
2026-7-20, 10:19:26.890000, 28968.25, 29024.50, 28957.75, 29011.75, 5250, 4946, 28990.56, 28998.00, 28991.13, 2485, 2765, 0.00, 0.00
2026-7-20, 10:26:31.459000, 29011.75, 29031.00, 28969.75, 29018.00, 5250, 4818, 29007.63, 29006.25, 29000.38, 2544, 2706, 0.00, 0.00
2026-7-20, 10:32:37.135002, 29017.75, 29028.00, 28986.25, 29006.25, 5250, 4923, 29009.56, 29006.83, 29007.13, 2788, 2462, 0.00, 0.00
2026-7-20, 10:41:12.270000, 29006.25, 29034.75, 28978.00, 28983.75, 5250, 4863, 29000.69, 28998.83, 29006.38, 2650, 2600, 0.00, 0.00
2026-7-20, 10:49:18.470002, 28984.00, 29055.75, 28974.00, 29050.25, 5250, 4736, 29016.00, 29026.67, 29014.88, 2336, 2914, 0.00, 0.00
2026-7-20, 10:55:44.753001, 29050.25, 29069.00, 29028.75, 29031.75, 5250, 4799, 29044.94, 29043.17, 29048.88, 2748, 2502, 0.00, 0.00
2026-7-20, 11:02:51.135005, 29031.75, 29105.25, 29029.00, 29100.00, 5250, 4664, 29066.50, 29078.08, 29067.13, 2375, 2875, 0.00, 0.00
2026-7-20, 11:08:45.419000, 29100.25, 29119.00, 29085.00, 29085.00, 5250, 4985, 29097.31, 29096.33, 29102.00, 2804, 2446, 0.00, 29124.00
2026-7-20, 11:16:02.209004, 29085.00, 29112.75, 29076.75, 29076.75, 5250, 4872, 29087.81, 29088.75, 29094.75, 2738, 2512, 0.00, 0.00
2026-7-20, 11:25:50.649000, 29077.25, 29101.25, 29043.50, 29055.50, 5250, 4838, 29069.38, 29066.75, 29072.38, 2783, 2467, 0.00, 0.00
2026-7-20, 11:34:26.006000, 29056.25, 29083.25, 28985.25, 28987.00, 5250, 4790, 29027.94, 29018.50, 29034.25, 2816, 2434, 0.00, 0.00
2026-7-20, 11:41:26.006001, 28986.75, 29030.25, 28962.00, 29004.75, 5250, 4999, 28995.94, 28999.00, 28996.13, 2593, 2657, 0.00, 0.00
2026-7-20, 11:45:30.883030, 29005.00, 29051.75, 28991.75, 29008.75, 5250, 4864, 29014.31, 29017.42, 29021.75, 2703, 2547, 0.00, 0.00
2026-7-20, 11:52:33.574001, 29008.75, 29009.00, 28956.00, 28971.50, 5250, 4661, 28986.31, 28978.83, 28982.50, 2960, 2290, 0.00, 0.00
2026-7-20, 11:57:40.982001, 28971.50, 28999.75, 28954.75, 28961.75, 5250, 4992, 28971.94, 28972.08, 28977.25, 2542, 2708, 28949.75, 0.00
2026-7-20, 12:04:35.069000, 28962.00, 28970.50, 28930.00, 28930.00, 5250, 4912, 28948.13, 28943.50, 28950.25, 2582, 2668, 0.00, 0.00
2026-7-20, 12:14:12.022011, 28930.00, 28975.75, 28910.25, 28975.00, 5250, 5026, 28947.75, 28953.67, 28943.00, 2429, 2821, 0.00, 0.00
2026-7-20, 12:22:13.853001, 28975.00, 28975.75, 28944.75, 28962.25, 5250, 4823, 28964.44, 28960.92, 28960.25, 2627, 2623, 0.00, 0.00
2026-7-20, 12:33:04.344005, 28962.25, 28973.25, 28901.00, 28908.25, 5250, 4943, 28936.19, 28927.50, 28937.13, 2845, 2405, 0.00, 0.00
2026-7-20, 12:43:45.933000, 28908.00, 28979.00, 28900.75, 28973.00, 5250, 4878, 28940.19, 28950.92, 28939.88, 2382, 2868, 0.00, 0.00
2026-7-20, 12:53:47.298001, 28972.75, 28992.25, 28941.00, 28971.25, 5250, 4919, 28969.31, 28968.17, 28966.63, 2634, 2616, 0.00, 0.00
2026-7-20, 13:03:34.523000, 28971.75, 29002.00, 28956.75, 28996.25, 5250, 4947, 28981.69, 28985.00, 28979.38, 2686, 2564, 0.00, 0.00
2026-7-20, 13:17:05.086000, 28996.25, 29009.75, 28932.00, 28946.00, 5250, 4789, 28971.00, 28962.58, 28970.88, 2825, 2425, 0.00, 0.00
2026-7-20, 13:25:16.766001, 28946.00, 28971.75, 28895.00, 28907.75, 5250, 4927, 28930.13, 28924.83, 28933.38, 2747, 2503, 0.00, 0.00
2026-7-20, 13:35:00.520001, 28908.00, 28945.75, 28876.00, 28883.50, 5250, 4967, 28903.31, 28901.75, 28910.88, 2625, 2625, 0.00, 0.00
2026-7-20, 13:43:01.098000, 28883.25, 28891.25, 28855.75, 28873.00, 5250, 4881, 28875.81, 28873.33, 28873.50, 2659, 2591, 0.00, 0.00
2026-7-20, 13:49:59.024004, 28873.00, 28901.25, 28861.50, 28869.25, 5250, 4700, 28876.25, 28877.33, 28881.38, 2795, 2455, 0.00, 0.00
2026-7-20, 13:58:07.774001, 28869.75, 28896.00, 28836.75, 28847.00, 5250, 4973, 28862.38, 28859.92, 28866.38, 2740, 2510, 0.00, 0.00
2026-7-20, 14:05:36.186000, 28846.50, 28878.00, 28832.25, 28844.50, 5250, 4835, 28850.31, 28851.58, 28855.13, 2671, 2579, 0.00, 0.00
2026-7-20, 14:12:34.003000, 28843.50, 28843.50, 28796.50, 28823.75, 5250, 4660, 28826.81, 28821.25, 28820.00, 2889, 2361, 0.00, 0.00
2026-7-20, 14:17:25.281000, 28823.75, 28836.00, 28797.25, 28806.50, 5250, 4976, 28815.88, 28813.25, 28816.63, 2679, 2571, 0.00, 0.00
2026-7-20, 14:26:13.918000, 28806.00, 28874.25, 28799.00, 28843.00, 5250, 4825, 28830.56, 28838.75, 28836.63, 2504, 2746, 0.00, 0.00
2026-7-20, 14:31:13.455000, 28842.50, 28883.00, 28837.25, 28863.00, 5250, 4867, 28856.44, 28861.08, 28860.13, 2522, 2728, 0.00, 0.00
2026-7-20, 14:39:06.667000, 28863.50, 28894.25, 28854.00, 28864.00, 5250, 4606, 28868.94, 28870.75, 28874.13, 2820, 2430, 0.00, 0.00
2026-7-20, 14:45:26.259000, 28865.25, 28870.00, 28810.25, 28812.25, 5250, 5061, 28839.44, 28830.83, 28840.13, 2656, 2594, 0.00, 0.00
2026-7-20, 14:51:55.123001, 28812.25, 28820.75, 28768.25, 28771.50, 5250, 4489, 28793.19, 28786.83, 28794.50, 3032, 2218, 0.00, 0.00
2026-7-20, 14:55:19.222000, 28771.50, 28795.50, 28768.75, 28793.00, 5250, 4795, 28782.19, 28785.75, 28782.13, 2585, 2665, 28763.75, 0.00
2026-7-20, 14:59:01.993000, 28793.50, 28795.50, 28767.75, 28778.75, 5250, 4789, 28783.88, 28780.67, 28781.63, 2671, 2579, 0.00, 0.00
2026-7-20, 14:59:56.666003, 28778.75, 28831.50, 28775.75, 28817.50, 5250, 4615, 28800.88, 28808.25, 28803.63, 2715, 2535, 0.00, 0.00
2026-7-20, 15:01:10.891000, 28816.50, 28818.75, 28763.50, 28764.25, 5250, 4612, 28790.75, 28782.17, 28791.13, 2878, 2372, 28758.50, 0.00
2026-7-20, 15:17:06.843001, 28764.25, 28803.50, 28742.50, 28750.25, 5250, 4711, 28765.13, 28765.42, 28773.00, 2731, 2519, 0.00, 0.00
2026-7-20, 17:03:13.754000, 28750.25, 28778.25, 28701.00, 28773.50, 5250, 4808, 28750.75, 28750.92, 28739.63, 2535, 2715, 0.00, 0.00
2026-7-20, 18:10:31.337000, 28773.75, 28832.50, 28756.50, 28795.75, 5250, 4978, 28789.63, 28794.92, 28794.50, 2550, 2700, 28751.50, 0.00
2026-7-20, 18:56:14.437000, 28796.75, 28801.75, 28707.25, 28779.75, 5250, 4846, 28771.38, 28762.92, 28754.50, 2626, 2624, 0.00, 0.00
2026-7-20, 19:19:17.356001, 28780.00, 28896.50, 28771.00, 28896.25, 5250, 4894, 28835.94, 28854.58, 28833.75, 2436, 2814, 0.00, 0.00
2026-7-20, 19:49:16.916001, 28896.50, 28912.50, 28837.50, 28897.25, 5250, 4837, 28885.94, 28882.42, 28875.00, 2713, 2537, 0.00, 0.00
2026-7-20, 20:19:52.495000, 28898.75, 28937.75, 28866.50, 28899.00, 5250, 4825, 28900.50, 28901.08, 28902.13, 2485, 2765, 0.00, 0.00
2026-7-20, 21:09:32.204000, 28898.00, 28974.75, 28859.00, 28966.75, 5250, 4756, 28924.63, 28933.50, 28916.88, 2554, 2696, 0.00, 0.00
2026-7-20, 22:06:29.278001, 28966.75, 29073.00, 28965.00, 29068.25, 5250, 4712, 29018.25, 29035.42, 29019.00, 2579, 2671, 0.00, 0.00
2026-7-20, 22:49:59.438001, 29068.25, 29089.50, 29055.25, 29062.75, 5250, 4839, 29068.94, 29069.17, 29072.38, 2788, 2462, 0.00, 0.00
2026-7-20, 23:37:13.406000, 29062.75, 29078.50, 29016.50, 29073.75, 5250, 4711, 29057.88, 29056.25, 29047.50, 2703, 2547, 29011.50, 0.00
2026-7-21, 00:41:13.539004, 29073.75, 29143.50, 29071.50, 29116.00, 5250, 4893, 29101.19, 29110.33, 29107.50, 2266, 2984, 0.00, 0.00
2026-7-21, 01:22:03.398000, 29117.00, 29162.00, 29109.00, 29127.25, 5250, 4600, 29128.81, 29132.75, 29135.50, 2611, 2639, 0.00, 0.00
2026-7-21, 02:15:01.894000, 29126.00, 29135.25, 29088.00, 29133.25, 5250, 4717, 29120.63, 29118.83, 29111.63, 2525, 2725, 0.00, 0.00
2026-7-21, 03:05:26.506002, 29133.25, 29176.75, 29122.50, 29167.00, 5250, 4723, 29149.88, 29155.42, 29149.63, 2731, 2519, 0.00, 0.00
2026-7-21, 03:58:07.096005, 29167.00, 29195.25, 29151.25, 29156.00, 5250, 4575, 29167.38, 29167.50, 29173.25, 2586, 2664, 0.00, 0.00
2026-7-21, 05:00:11.183000, 29158.00, 29207.00, 29155.25, 29167.75, 5250, 4717, 29172.00, 29176.67, 29181.13, 2483, 2767, 0.00, 29212.00
2026-7-21, 05:54:53.656000, 29167.75, 29184.00, 29119.50, 29142.75, 5250, 4812, 29153.50, 29148.75, 29151.75, 2934, 2316, 0.00, 0.00
2026-7-21, 06:35:28.500000, 29142.75, 29190.25, 29142.75, 29190.00, 5250, 4440, 29166.44, 29174.33, 29166.50, 2674, 2576, 0.00, 0.00
2026-7-21, 07:08:39.138000, 29188.75, 29195.25, 29118.50, 29119.50, 5250, 4912, 29155.50, 29144.42, 29156.88, 2787, 2463, 0.00, 0.00
2026-7-21, 07:41:42.730000, 29120.75, 29186.75, 29111.50, 29176.25, 5250, 4803, 29148.81, 29158.17, 29149.13, 2547, 2703, 0.00, 0.00
2026-7-21, 08:00:37.905005, 29176.25, 29203.50, 29155.75, 29201.50, 5250, 4760, 29184.25, 29186.92, 29179.63, 2624, 2626, 0.00, 0.00
2026-7-21, 08:27:58.482000, 29202.25, 29225.00, 29201.50, 29221.50, 2062, 1779, 29212.56, 29216.00, 29213.25, 959, 1103, 0.00, 0.00
2026-7-21, 08:30:00.000000, 29222.50, 29246.25, 29197.75, 29198.25, 5250, 4651, 29216.19, 29214.08, 29222.00, 2786, 2464, 0.00, 0.00
2026-7-21, 08:30:43.486009, 29198.00, 29207.00, 29151.75, 29153.25, 5250, 4488, 29177.50, 29170.67, 29179.38, 2592, 2658, 0.00, 0.00
2026-7-21, 08:31:53.724003, 29153.25, 29183.25, 29133.75, 29138.25, 5250, 4933, 29152.13, 29151.75, 29158.50, 2604, 2646, 0.00, 0.00
2026-7-21, 08:34:09.773000, 29135.75, 29226.00, 29133.00, 29210.75, 5250, 4942, 29176.38, 29189.92, 29179.50, 2340, 2910, 0.00, 0.00
2026-7-21, 08:36:19.195000, 29211.25, 29213.25, 29156.75, 29200.50, 5250, 4882, 29195.44, 29190.17, 29185.00, 2633, 2617, 0.00, 0.00
2026-7-21, 08:39:01.945000, 29200.25, 29214.50, 29145.00, 29155.25, 5250, 4690, 29178.75, 29171.58, 29179.75, 2900, 2350, 0.00, 0.00
2026-7-21, 08:41:34.944000, 29155.25, 29179.75, 29129.50, 29136.25, 5250, 4847, 29150.19, 29148.50, 29154.63, 2596, 2654, 0.00, 0.00
2026-7-21, 08:44:51.006001, 29135.75, 29153.50, 29097.00, 29097.00, 5250, 4924, 29120.81, 29115.83, 29125.25, 2872, 2378, 0.00, 0.00
2026-7-21, 08:47:36.620001, 29097.00, 29171.50, 29095.50, 29161.00, 5250, 4895, 29131.25, 29142.67, 29133.50, 2449, 2801, 0.00, 0.00
2026-7-21, 08:50:24.398007, 29161.00, 29178.00, 29118.25, 29170.25, 5250, 4864, 29156.88, 29155.50, 29148.13, 2658, 2592, 0.00, 0.00
2026-7-21, 08:53:42.674000, 29170.25, 29171.75, 29092.50, 29100.00, 5250, 4904, 29133.63, 29121.42, 29132.13, 2833, 2417, 0.00, 0.00
2026-7-21, 08:57:39.698003, 29100.00, 29188.50, 29099.00, 29166.75, 5250, 4881, 29138.56, 29151.42, 29143.75, 2418, 2832, 0.00, 0.00
2026-7-21, 09:01:07.277002, 29166.75, 29181.25, 29087.25, 29099.75, 5250, 4917, 29133.75, 29122.75, 29134.25, 2912, 2338, 0.00, 0.00
2026-7-21, 09:04:11.633003, 29100.00, 29138.50, 29082.50, 29101.25, 5250, 4952, 29105.56, 29107.42, 29110.50, 2615, 2635, 0.00, 0.00
2026-7-21, 09:07:47.036004, 29101.25, 29109.75, 29064.25, 29087.75, 5250, 4964, 29090.75, 29087.25, 29087.00, 2741, 2509, 0.00, 0.00
2026-7-21, 09:11:36.214002, 29088.00, 29137.25, 29078.75, 29083.50, 5250, 4861, 29096.88, 29099.83, 29108.00, 2552, 2698, 0.00, 0.00
2026-7-21, 09:15:31.820000, 29083.00, 29162.25, 29067.00, 29150.75, 5250, 4928, 29115.75, 29126.67, 29114.63, 2402, 2848, 0.00, 0.00
2026-7-21, 09:19:00.861004, 29150.75, 29173.00, 29112.50, 29143.75, 5250, 4938, 29145.00, 29143.08, 29142.75, 2659, 2591, 0.00, 0.00
2026-7-21, 09:23:00.896000, 29143.75, 29204.00, 29131.50, 29204.00, 5250, 4866, 29170.81, 29179.83, 29167.75, 2339, 2911, 0.00, 0.00
2026-7-21, 09:27:55.511000, 29202.00, 29229.00, 29192.75, 29229.00, 5250, 4932, 29213.19, 29216.92, 29210.88, 2674, 2576, 0.00, 0.00
2026-7-21, 09:31:54.147002, 29229.00, 29236.00, 29206.75, 29218.25, 5250, 4975, 29222.50, 29220.33, 29221.38, 2783, 2467, 0.00, 0.00
2026-7-21, 09:37:58.901001, 29218.25, 29219.25, 29162.00, 29171.25, 5250, 4902, 29192.69, 29184.17, 29190.63, 2940, 2310, 0.00, 0.00
2026-7-21, 09:42:20.723000, 29172.25, 29254.00, 29168.00, 29238.00, 5250, 4829, 29208.06, 29220.00, 29211.00, 2285, 2965, 0.00, 0.00
2026-7-21, 09:45:48.396000, 29238.00, 29256.50, 29212.25, 29227.25, 5250, 4875, 29233.50, 29232.00, 29234.38, 2765, 2485, 0.00, 0.00
2026-7-21, 09:50:26.633003, 29227.25, 29237.00, 29209.75, 29226.75, 5250, 4968, 29225.19, 29224.50, 29223.38, 2636, 2614, 0.00, 0.00
2026-7-21, 09:58:30.019000, 29226.50, 29245.25, 29196.00, 29200.50, 5250, 4626, 29217.06, 29213.92, 29220.63, 3007, 2243, 0.00, 0.00
2026-7-21, 10:02:59.139003, 29200.50, 29261.00, 29181.00, 29261.00, 5250, 4941, 29225.88, 29234.33, 29221.00, 2334, 2916, 0.00, 0.00
2026-7-21, 10:08:07.930001, 29261.00, 29297.50, 29255.50, 29293.50, 5250, 4897, 29276.88, 29282.17, 29276.50, 2495, 2755, 0.00, 0.00
2026-7-21, 10:13:14.357000, 29293.50, 29298.25, 29276.75, 29277.25, 5250, 4903, 29286.44, 29284.08, 29287.50, 2774, 2476, 0.00, 0.00
2026-7-21, 10:20:15.698000, 29276.25, 29310.25, 29271.75, 29307.00, 5250, 4772, 29291.31, 29296.33, 29291.00, 2541, 2709, 0.00, 0.00
2026-7-21, 10:25:51.013001, 29307.00, 29320.00, 29286.50, 29289.50, 5250, 4920, 29300.75, 29298.67, 29303.25, 2675, 2575, 0.00, 0.00
2026-7-21, 10:32:27.055001, 29289.50, 29306.25, 29268.25, 29286.25, 5250, 4610, 29287.56, 29286.92, 29287.25, 3047, 2203, 0.00, 0.00
2026-7-21, 10:36:09.527002, 29286.00, 29299.50, 29257.00, 29261.25, 5250, 4824, 29275.94, 29272.58, 29278.25, 2717, 2533, 0.00, 0.00
2026-7-21, 10:45:26.253000, 29260.75, 29301.25, 29259.00, 29277.75, 5250, 5003, 29274.69, 29279.33, 29280.13, 2562, 2688, 0.00, 0.00
2026-7-21, 10:55:16.382001, 29278.00, 29297.25, 29254.25, 29295.00, 5250, 4932, 29281.13, 29282.17, 29275.75, 2611, 2639, 0.00, 0.00
2026-7-21, 11:04:24.280000, 29295.25, 29324.75, 29292.50, 29305.75, 5250, 4771, 29304.56, 29307.67, 29308.63, 2613, 2637, 0.00, 0.00
2026-7-21, 11:12:38.350000, 29305.50, 29326.00, 29296.00, 29326.00, 5250, 4662, 29313.38, 29316.00, 29311.00, 2635, 2615, 0.00, 0.00
2026-7-21, 11:22:01.522002, 29326.00, 29337.75, 29304.75, 29313.50, 5250, 4884, 29320.50, 29318.67, 29321.25, 2863, 2387, 0.00, 0.00
2026-7-21, 11:30:40.052002, 29313.75, 29336.00, 29302.00, 29321.50, 5250, 4876, 29318.31, 29319.83, 29319.00, 2779, 2471, 0.00, 0.00
2026-7-21, 11:41:47.011000, 29321.25, 29345.00, 29311.25, 29342.25, 5250, 4914, 29329.94, 29332.83, 29328.13, 2552, 2698, 0.00, 0.00
2026-7-21, 11:52:55.757002, 29342.25, 29352.50, 29330.75, 29344.25, 5250, 4896, 29342.44, 29342.50, 29341.63, 2661, 2589, 0.00, 0.00
2026-7-21, 12:02:52.839000, 29343.75, 29355.50, 29333.00, 29339.25, 5250, 4824, 29342.88, 29342.58, 29344.25, 2759, 2491, 0.00, 0.00
2026-7-21, 12:15:11.280000, 29339.25, 29345.75, 29323.00, 29333.50, 5250, 4952, 29335.38, 29334.08, 29334.38, 2740, 2510, 0.00, 0.00
2026-7-21, 12:29:58.976000, 29333.75, 29351.50, 29327.25, 29338.00, 5250, 4890, 29337.63, 29338.92, 29339.38, 2676, 2574, 0.00, 0.00
2026-7-21, 12:42:02.186001, 29338.00, 29364.75, 29333.25, 29343.00, 5250, 4813, 29344.75, 29347.00, 29349.00, 2518, 2732, 0.00, 0.00
2026-7-21, 12:54:38.915023, 29343.00, 29358.00, 29332.25, 29355.50, 5250, 5009, 29347.19, 29348.58, 29345.13, 2571, 2679, 0.00, 0.00
2026-7-21, 13:07:49.296000, 29356.00, 29361.75, 29330.25, 29342.00, 5250, 4846, 29347.50, 29344.67, 29346.00, 2708, 2542, 0.00, 0.00
2026-7-21, 13:23:08.145000, 29341.75, 29344.75, 29310.50, 29327.75, 5250, 4917, 29331.19, 29327.67, 29327.63, 2880, 2370, 0.00, 0.00
2026-7-21, 13:35:28.803000, 29327.75, 29355.75, 29319.25, 29349.75, 5250, 4984, 29338.13, 29341.58, 29337.50, 2590, 2660, 0.00, 0.00
2026-7-21, 13:47:13.300002, 29349.75, 29349.75, 29316.75, 29332.50, 5250, 4948, 29337.19, 29333.00, 29333.25, 2839, 2411, 0.00, 0.00
2026-7-21, 14:00:12.646001, 29332.50, 29335.50, 29305.25, 29310.75, 5250, 4800, 29321.00, 29317.17, 29320.38, 2801, 2449, 0.00, 0.00
2026-7-21, 14:10:04.668002, 29310.75, 29320.50, 29304.25, 29314.00, 5250, 5032, 29312.38, 29312.92, 29312.38, 2602, 2648, 0.00, 0.00
2026-7-21, 14:23:01.447000, 29314.00, 29316.75, 29290.75, 29301.75, 5250, 4836, 29305.81, 29303.08, 29303.75, 2624, 2626, 0.00, 0.00
2026-7-21, 14:31:05.761000, 29301.75, 29331.50, 29297.25, 29325.00, 5250, 4964, 29313.88, 29317.92, 29314.38, 2386, 2864, 0.00, 0.00
2026-7-21, 14:39:58.840000, 29324.25, 29340.75, 29320.50, 29340.75, 5250, 4965, 29331.56, 29334.00, 29330.63, 2521, 2729, 0.00, 0.00
2026-7-21, 14:49:30.231000, 29340.75, 29348.00, 29314.75, 29342.00, 5250, 4947, 29336.38, 29334.92, 29331.38, 2742, 2508, 0.00, 0.00
2026-7-21, 14:54:12.718002, 29341.75, 29352.00, 29333.25, 29341.50, 5250, 4968, 29342.13, 29342.25, 29342.63, 2732, 2518, 0.00, 0.00
2026-7-21, 14:57:53.375001, 29341.50, 29345.50, 29326.50, 29328.75, 5250, 4696, 29335.56, 29333.58, 29336.00, 2696, 2554, 0.00, 0.00
2026-7-21, 14:59:33.126000, 29329.00, 29329.00, 29311.25, 29311.25, 5250, 4479, 29320.13, 29317.17, 29320.13, 3064, 2186, 0.00, 0.00
2026-7-21, 14:59:53.591289, 29311.25, 29316.75, 29300.25, 29316.00, 5250, 4592, 29311.06, 29311.00, 29308.50, 2628, 2622, 29295.25, 0.00
2026-7-21, 15:00:03.105000, 29316.75, 29316.75, 29288.00, 29293.25, 5250, 4654, 29303.69, 29299.33, 29302.38, 2607, 2643, 29283.00, 0.00
2026-7-21, 15:03:29.314000, 29293.00, 29309.00, 29283.75, 29290.50, 5250, 4828, 29294.06, 29294.42, 29296.38, 2609, 2641, 0.00, 0.00
2026-7-21, 15:24:57.876000, 29290.75, 29310.75, 29279.00, 29284.50, 5250, 4759, 29291.25, 29291.42, 29294.88, 2637, 2613, 0.00, 0.00
2026-7-21, 17:12:29.101001, 29284.50, 29304.75, 29253.00, 29279.75, 5250, 4944, 29280.50, 29279.17, 29278.88, 2702, 2548, 0.00, 29309.75
2026-7-21, 18:45:12.463000, 29278.00, 29337.00, 29268.00, 29296.75, 5250, 4948, 29294.94, 29300.58, 29302.50, 2444, 2806, 0.00, 0.00
2026-7-21, 19:26:59.812001, 29296.75, 29305.50, 29234.50, 29247.25, 5250, 4711, 29271.00, 29262.42, 29270.00, 2692, 2558, 0.00, 0.00
2026-7-21, 20:08:38.852000, 29245.75, 29307.00, 29232.00, 29259.25, 5250, 4848, 29261.00, 29266.08, 29269.50, 2564, 2686, 0.00, 0.00
2026-7-21, 21:01:14.107000, 29260.25, 29284.50, 29227.00, 29244.50, 5250, 4945, 29254.06, 29252.00, 29255.75, 2701, 2549, 0.00, 0.00
2026-7-21, 22:06:59.831002, 29244.50, 29267.25, 29190.25, 29204.75, 5250, 4846, 29226.69, 29220.75, 29228.75, 2652, 2598, 0.00, 0.00
2026-7-21, 22:59:26.300000, 29204.25, 29238.50, 29179.50, 29185.00, 5250, 4902, 29201.81, 29201.00, 29209.00, 2853, 2397, 0.00, 0.00
2026-7-22, 00:16:22.996000, 29183.75, 29196.25, 29132.00, 29132.25, 5250, 4781, 29161.06, 29153.50, 29164.13, 2797, 2453, 0.00, 0.00
2026-7-22, 01:06:18.796003, 29132.25, 29143.50, 29060.00, 29110.25, 5250, 4829, 29111.50, 29104.58, 29101.75, 2812, 2438, 0.00, 0.00
2026-7-22, 01:38:01.323010, 29110.00, 29115.50, 29051.00, 29110.50, 5250, 4810, 29096.75, 29092.33, 29083.25, 2618, 2632, 0.00, 29120.50
2026-7-22, 02:19:35.192000, 29109.75, 29124.50, 29025.75, 29049.00, 5250, 4765, 29077.25, 29066.42, 29075.13, 2729, 2521, 0.00, 0.00
2026-7-22, 02:53:54.213000, 29048.75, 29115.50, 29038.75, 29098.75, 5250, 4776, 29075.44, 29084.33, 29077.13, 2589, 2661, 0.00, 0.00
2026-7-22, 03:37:32.654002, 29098.50, 29150.00, 29079.00, 29118.00, 5250, 4900, 29111.38, 29115.67, 29114.50, 2559, 2691, 0.00, 0.00
2026-7-22, 04:45:30.108000, 29118.25, 29169.75, 29089.25, 29144.50, 5250, 4891, 29130.44, 29134.50, 29129.50, 2424, 2826, 0.00, 0.00
2026-7-22, 05:38:22.021000, 29144.00, 29173.00, 29102.00, 29102.00, 5250, 4778, 29130.25, 29125.67, 29137.50, 2860, 2390, 0.00, 0.00
2026-7-22, 06:27:50.626000, 29102.00, 29114.50, 29017.50, 29067.50, 5250, 4799, 29075.38, 29066.50, 29066.00, 2742, 2508, 0.00, 0.00
2026-7-22, 06:50:22.139000, 29066.75, 29073.50, 29021.25, 29022.25, 5250, 4643, 29045.94, 29039.00, 29047.38, 2663, 2587, 0.00, 0.00
2026-7-22, 07:18:46.748001, 29022.50, 29067.25, 28995.00, 29058.25, 5250, 4727, 29035.75, 29040.17, 29031.13, 2639, 2611, 0.00, 0.00
2026-7-22, 07:35:34.888000, 29059.50, 29068.75, 28987.00, 28987.00, 5250, 4827, 29025.56, 29014.25, 29027.88, 2847, 2403, 0.00, 0.00
2026-7-22, 07:56:52.957002, 28987.00, 29061.00, 28952.00, 29059.75, 5250, 4532, 29014.94, 29024.25, 29006.50, 2528, 2722, 0.00, 0.00
2026-7-22, 08:09:32.113000, 29059.25, 29099.00, 29050.25, 29078.25, 5250, 4815, 29071.69, 29075.83, 29074.63, 2589, 2661, 0.00, 0.00
2026-7-22, 08:28:00.034004, 29078.25, 29093.00, 29076.50, 29089.75, 943, 880, 29084.38, 29086.42, 29084.75, 474, 469, 0.00, 0.00
2026-7-22, 08:30:00.001000, 29090.50, 29134.25, 29090.00, 29113.50, 5250, 5050, 29107.06, 29112.58, 29112.13, 2507, 2743, 0.00, 0.00
2026-7-22, 08:31:10.888000, 29114.25, 29162.25, 29101.00, 29155.00, 5250, 5033, 29133.13, 29139.42, 29131.63, 2529, 2721, 0.00, 0.00
2026-7-22, 08:33:23.905003, 29154.75, 29161.75, 29122.00, 29125.50, 5250, 5010, 29141.00, 29136.42, 29141.88, 2760, 2490, 0.00, 0.00
2026-7-22, 08:36:17.097000, 29124.75, 29164.75, 29117.50, 29122.00, 5250, 4951, 29132.25, 29134.75, 29141.13, 2603, 2647, 0.00, 0.00
2026-7-22, 08:39:02.192000, 29121.75, 29166.25, 29113.00, 29152.00, 5250, 5086, 29138.25, 29143.75, 29139.63, 2609, 2641, 0.00, 0.00
2026-7-22, 08:41:54.105002, 29152.00, 29187.75, 29150.75, 29185.00, 5250, 4914, 29168.88, 29174.50, 29169.25, 2411, 2839, 0.00, 0.00
2026-7-22, 08:45:04.861000, 29185.00, 29218.25, 29183.50, 29191.00, 5250, 4883, 29194.44, 29197.58, 29200.88, 2579, 2671, 0.00, 0.00
2026-7-22, 08:47:37.876000, 29191.00, 29193.25, 29153.00, 29154.25, 5250, 4946, 29172.88, 29166.83, 29173.13, 2820, 2430, 0.00, 0.00
2026-7-22, 08:50:48.530000, 29154.25, 29227.25, 29153.00, 29217.00, 5250, 4933, 29187.88, 29199.08, 29190.13, 2286, 2964, 0.00, 0.00
2026-7-22, 08:53:28.951002, 29217.00, 29257.00, 29214.50, 29252.25, 5250, 4913, 29235.19, 29241.25, 29235.75, 2385, 2865, 0.00, 0.00
2026-7-22, 08:57:09.211000, 29251.50, 29281.00, 29237.75, 29281.00, 5250, 4937, 29262.81, 29266.58, 29259.38, 2559, 2691, 0.00, 0.00
2026-7-22, 09:00:35.162000, 29280.25, 29283.75, 29238.25, 29244.75, 5250, 4739, 29261.75, 29255.58, 29261.00, 3049, 2201, 0.00, 0.00
2026-7-22, 09:03:57.834000, 29245.00, 29277.75, 29229.50, 29235.25, 5250, 5006, 29246.88, 29247.50, 29253.63, 2744, 2506, 0.00, 0.00
2026-7-22, 09:08:22.335000, 29235.25, 29263.50, 29216.75, 29259.00, 5250, 4881, 29243.63, 29246.42, 29240.13, 2631, 2619, 0.00, 0.00
2026-7-22, 09:12:41.870001, 29259.50, 29261.75, 29196.00, 29204.75, 5250, 4889, 29230.50, 29220.83, 29228.88, 2896, 2354, 0.00, 0.00
2026-7-22, 09:16:29.396000, 29204.50, 29262.25, 29200.50, 29257.50, 5250, 4807, 29231.19, 29240.08, 29231.38, 2390, 2860, 0.00, 0.00
2026-7-22, 09:20:42.731000, 29257.75, 29273.75, 29204.75, 29207.00, 5250, 5003, 29235.81, 29228.50, 29239.25, 2749, 2501, 0.00, 0.00
2026-7-22, 09:24:14.082000, 29206.50, 29232.50, 29198.75, 29215.25, 5250, 4951, 29213.25, 29215.50, 29215.63, 2658, 2592, 0.00, 0.00
2026-7-22, 09:29:29.840000, 29214.25, 29260.25, 29214.00, 29225.00, 5250, 4924, 29228.38, 29233.08, 29237.13, 2515, 2735, 0.00, 0.00
2026-7-22, 09:34:25.047007, 29225.00, 29246.25, 29207.25, 29221.75, 5250, 4991, 29225.06, 29225.08, 29226.75, 2636, 2614, 0.00, 0.00
2026-7-22, 09:40:54.578000, 29222.00, 29224.00, 29172.75, 29183.00, 5250, 4884, 29200.44, 29193.25, 29198.38, 2817, 2433, 0.00, 0.00
2026-7-22, 09:45:05.849000, 29183.50, 29231.25, 29173.50, 29209.00, 5250, 5006, 29199.31, 29204.58, 29202.38, 2594, 2656, 0.00, 0.00
2026-7-22, 09:49:15.152002, 29209.00, 29227.25, 29183.00, 29192.00, 5250, 4962, 29202.81, 29200.75, 29205.13, 2735, 2515, 0.00, 0.00
2026-7-22, 09:55:41.086006, 29192.00, 29266.00, 29190.50, 29263.25, 5250, 4958, 29227.94, 29239.92, 29228.25, 2297, 2953, 0.00, 0.00
2026-7-22, 10:01:03.773011, 29263.25, 29297.25, 29242.50, 29291.75, 5250, 4885, 29273.69, 29277.17, 29269.88, 2484, 2766, 0.00, 0.00
2026-7-22, 10:06:30.035000, 29292.50, 29314.00, 29286.25, 29295.00, 5250, 4832, 29296.94, 29298.42, 29300.13, 2600, 2650, 0.00, 0.00
2026-7-22, 10:12:13.521001, 29295.00, 29318.00, 29291.75, 29318.00, 5250, 4910, 29305.69, 29309.25, 29304.88, 2526, 2724, 0.00, 0.00
2026-7-22, 10:20:36.130005, 29318.00, 29331.50, 29297.00, 29327.00, 5250, 4788, 29318.38, 29318.50, 29314.25, 2497, 2753, 0.00, 0.00
2026-7-22, 10:26:27.306002, 29327.00, 29342.25, 29299.00, 29300.00, 5250, 4911, 29317.06, 29313.75, 29320.63, 2701, 2549, 0.00, 0.00
2026-7-22, 10:33:40.248000, 29300.00, 29310.50, 29274.25, 29282.75, 5250, 4778, 29291.88, 29289.17, 29292.38, 2677, 2573, 0.00, 0.00
2026-7-22, 10:40:22.524000, 29281.75, 29309.50, 29280.00, 29307.00, 5250, 4945, 29294.56, 29298.83, 29294.75, 2569, 2681, 0.00, 0.00
2026-7-22, 10:49:54.669004, 29307.25, 29332.75, 29298.50, 29321.25, 5250, 4890, 29314.94, 29317.50, 29315.63, 2609, 2641, 0.00, 0.00
2026-7-22, 10:59:07.427000, 29321.25, 29333.75, 29312.75, 29319.00, 5250, 4835, 29321.69, 29321.83, 29323.25, 2596, 2654, 0.00, 0.00
2026-7-22, 11:11:54.179000, 29318.75, 29335.00, 29312.25, 29315.50, 5250, 4903, 29320.38, 29320.92, 29323.63, 2645, 2605, 0.00, 0.00
2026-7-22, 11:23:43.113005, 29315.50, 29328.25, 29300.25, 29307.25, 5250, 4958, 29312.81, 29311.92, 29314.25, 2690, 2560, 0.00, 0.00
2026-7-22, 11:37:49.885000, 29307.50, 29315.50, 29276.75, 29289.75, 5250, 4867, 29297.38, 29294.00, 29296.13, 2725, 2525, 0.00, 0.00
2026-7-22, 11:49:30.943000, 29289.50, 29321.75, 29280.25, 29320.00, 5250, 4968, 29302.88, 29307.33, 29301.00, 2399, 2851, 0.00, 0.00
2026-7-22, 12:00:27.312019, 29320.00, 29331.25, 29303.00, 29315.00, 5250, 4968, 29317.31, 29316.42, 29317.13, 2584, 2666, 0.00, 0.00
2026-7-22, 12:14:07.191000, 29314.50, 29318.00, 29295.00, 29301.75, 5250, 4960, 29307.31, 29304.92, 29306.50, 2648, 2602, 0.00, 0.00
2026-7-22, 12:26:05.755000, 29301.75, 29320.00, 29280.75, 29298.75, 5250, 4992, 29300.31, 29299.83, 29300.38, 2592, 2658, 0.00, 0.00
2026-7-22, 12:37:16.620001, 29298.75, 29315.75, 29278.75, 29285.25, 5250, 4936, 29294.63, 29293.25, 29297.25, 2788, 2462, 0.00, 0.00
2026-7-22, 12:51:28.058000, 29284.50, 29285.75, 29234.25, 29250.00, 5250, 4924, 29263.63, 29256.67, 29260.00, 2781, 2469, 0.00, 0.00
2026-7-22, 12:58:01.975000, 29249.75, 29261.75, 29231.75, 29254.25, 5250, 4877, 29249.38, 29249.25, 29246.75, 2624, 2626, 0.00, 0.00
2026-7-22, 13:05:29.142000, 29254.00, 29271.25, 29223.50, 29224.75, 5250, 4924, 29243.38, 29239.83, 29247.38, 2697, 2553, 0.00, 0.00
2026-7-22, 13:15:10.348000, 29224.75, 29255.75, 29222.25, 29229.00, 5250, 4905, 29232.94, 29235.67, 29239.00, 2525, 2725, 0.00, 0.00
2026-7-22, 13:24:45.995000, 29228.75, 29248.00, 29207.75, 29211.00, 5250, 4824, 29223.88, 29222.25, 29227.88, 2867, 2383, 0.00, 0.00
2026-7-22, 13:33:04.437000, 29211.00, 29240.50, 29210.50, 29239.75, 5250, 4891, 29225.44, 29230.25, 29225.50, 2587, 2663, 0.00, 0.00
2026-7-22, 13:45:47.392000, 29239.75, 29259.00, 29224.25, 29248.50, 5250, 4926, 29242.88, 29243.92, 29241.63, 2656, 2594, 0.00, 0.00
2026-7-22, 13:57:21.809000, 29248.75, 29258.00, 29234.25, 29244.50, 5250, 4958, 29246.38, 29245.58, 29246.13, 2781, 2469, 0.00, 0.00
2026-7-22, 14:10:23.788001, 29244.50, 29246.25, 29215.50, 29233.00, 5250, 4791, 29234.81, 29231.58, 29230.88, 2812, 2438, 0.00, 0.00
2026-7-22, 14:21:17.663000, 29233.00, 29260.00, 29224.75, 29238.50, 5250, 4811, 29239.06, 29241.08, 29242.38, 2705, 2545, 0.00, 0.00
2026-7-22, 14:30:49.547003, 29238.50, 29240.50, 29193.25, 29193.75, 5250, 4941, 29216.50, 29209.17, 29216.88, 2958, 2292, 0.00, 0.00
2026-7-22, 14:39:43.622000, 29193.00, 29224.25, 29192.50, 29222.75, 5250, 4877, 29208.13, 29213.17, 29208.38, 2523, 2727, 0.00, 0.00
2026-7-22, 14:49:09.517000, 29223.00, 29246.00, 29204.00, 29208.75, 5250, 4717, 29220.44, 29219.58, 29225.00, 2621, 2629, 0.00, 0.00
2026-7-22, 14:54:11.638017, 29208.75, 29212.50, 29174.75, 29192.00, 5250, 4859, 29197.00, 29193.08, 29193.63, 2810, 2440, 0.00, 0.00
2026-7-22, 14:58:14.046002, 29192.00, 29206.25, 29186.50, 29187.00, 5250, 4362, 29192.94, 29193.25, 29196.38, 2697, 2553, 0.00, 0.00
2026-7-22, 14:59:47.815000, 29186.50, 29204.75, 29158.25, 29200.50, 5250, 4694, 29187.50, 29187.83, 29181.50, 2708, 2542, 0.00, 0.00
2026-7-22, 15:00:53.294000, 29200.75, 29235.50, 29140.00, 29195.75, 5250, 4366, 29193.00, 29190.42, 29187.75, 2631, 2619, 0.00, 0.00
2026-7-22, 15:02:42.613001, 29196.00, 29227.25, 29119.00, 29127.75, 5250, 4349, 29167.50, 29158.00, 29173.13, 2800, 2450, 0.00, 0.00
2026-7-22, 15:06:39.853001, 29127.75, 29247.25, 29127.75, 29246.25, 5250, 4267, 29187.25, 29207.08, 29187.50, 2503, 2747, 0.00, 0.00
2026-7-22, 15:14:58.853000, 29245.75, 29260.00, 29203.25, 29211.50, 5250, 4738, 29230.13, 29224.92, 29231.63, 2821, 2429, 0.00, 0.00
2026-7-22, 15:29:10.368001, 29211.50, 29225.75, 29100.00, 29104.75, 5250, 4557, 29160.50, 29143.50, 29162.88, 2805, 2445, 0.00, 0.00
2026-7-22, 17:01:01.188003, 29104.50, 29116.50, 29060.50, 29062.75, 5250, 4651, 29086.06, 29079.92, 29088.50, 2686, 2564, 0.00, 29121.50
2026-7-22, 17:37:35.315001, 29062.50, 29086.50, 29021.75, 29059.25, 5250, 4855, 29057.50, 29055.83, 29054.13, 2704, 2546, 29016.75, 0.00
2026-7-22, 18:25:04.322000, 29059.50, 29163.00, 29046.00, 29153.00, 5250, 4666, 29105.38, 29120.67, 29104.50, 2526, 2724, 29041.00, 0.00
2026-7-22, 19:04:12.223000, 29152.25, 29255.50, 29143.50, 29226.75, 5250, 4733, 29194.50, 29208.58, 29199.50, 2541, 2709, 0.00, 0.00
2026-7-22, 19:30:04.275000, 29227.50, 29282.50, 29218.25, 29262.25, 5250, 4829, 29247.63, 29254.33, 29250.38, 2494, 2756, 0.00, 0.00
2026-7-22, 20:03:37.703000, 29261.75, 29273.50, 29198.00, 29207.00, 5250, 4758, 29235.06, 29226.17, 29235.75, 2611, 2639, 0.00, 0.00
2026-7-22, 20:42:16.066000, 29204.75, 29218.00, 29123.25, 29124.25, 5250, 4756, 29167.56, 29155.17, 29170.63, 2714, 2536, 0.00, 0.00
2026-7-22, 21:21:45.789000, 29125.25, 29126.75, 29057.00, 29090.50, 5250, 4827, 29099.88, 29091.42, 29091.88, 2703, 2547, 0.00, 0.00
2026-7-22, 21:53:43.912000, 29090.25, 29104.00, 29029.50, 29102.50, 5250, 4815, 29081.56, 29078.67, 29066.75, 2593, 2657, 0.00, 0.00
2026-7-22, 22:30:34.008000, 29102.00, 29140.00, 29068.50, 29118.25, 5250, 4875, 29107.19, 29108.92, 29104.25, 2585, 2665, 0.00, 0.00
2026-7-22, 23:20:34.389002, 29118.25, 29165.25, 29100.00, 29130.00, 5250, 4873, 29128.38, 29131.75, 29132.63, 2609, 2641, 0.00, 0.00
2026-7-23, 00:22:09.311008, 29130.00, 29183.25, 29077.25, 29089.25, 5250, 4987, 29119.94, 29116.58, 29130.25, 2675, 2575, 0.00, 0.00
2026-7-23, 01:10:12.740000, 29090.25, 29119.25, 29045.50, 29070.75, 5250, 4772, 29081.44, 29078.50, 29082.38, 2832, 2418, 0.00, 0.00
2026-7-23, 02:03:48.736000, 29071.00, 29075.25, 28954.00, 29025.00, 5250, 4891, 29031.31, 29018.08, 29014.63, 2738, 2512, 0.00, 0.00
2026-7-23, 02:21:42.801001, 29025.00, 29038.75, 28922.25, 28949.00, 5250, 4885, 28983.75, 28970.00, 28980.50, 2526, 2724, 0.00, 0.00
2026-7-23, 02:54:02.640000, 28949.50, 29061.25, 28945.50, 29027.25, 5250, 4816, 28995.88, 29011.33, 29003.38, 2424, 2826, 0.00, 0.00
2026-7-23, 03:23:27.657001, 29027.00, 29137.75, 29017.00, 29123.50, 5250, 4805, 29076.31, 29092.75, 29077.38, 2458, 2792, 0.00, 0.00
2026-7-23, 04:05:23.274002, 29123.50, 29127.00, 29045.00, 29056.50, 5250, 4875, 29088.00, 29076.17, 29086.00, 2722, 2528, 0.00, 0.00
2026-7-23, 05:07:21.002000, 29057.00, 29122.25, 29036.00, 29094.75, 5250, 4780, 29077.50, 29084.33, 29079.13, 2547, 2703, 0.00, 0.00
2026-7-23, 05:59:23.048000, 29095.50, 29106.50, 28987.50, 28994.75, 5250, 4730, 29046.06, 29029.58, 29047.00, 2913, 2337, 0.00, 0.00
2026-7-23, 06:30:32.546002, 28994.75, 29002.25, 28913.00, 28934.50, 5250, 4717, 28961.13, 28949.92, 28957.63, 2614, 2636, 0.00, 0.00
2026-7-23, 06:48:46.186015, 28935.00, 28985.00, 28915.25, 28921.00, 5250, 4859, 28939.06, 28940.42, 28950.13, 2604, 2646, 0.00, 0.00
2026-7-23, 07:11:16.748001, 28921.25, 28938.50, 28860.75, 28870.50, 5250, 4640, 28897.75, 28889.92, 28899.63, 2891, 2359, 0.00, 0.00
2026-7-23, 07:27:28.009000, 28871.25, 28878.75, 28795.25, 28805.50, 5250, 4691, 28837.69, 28826.50, 28837.00, 2977, 2273, 0.00, 0.00
2026-7-23, 07:38:24.386000, 28805.50, 28814.50, 28768.00, 28775.75, 5250, 4876, 28790.94, 28786.08, 28791.25, 2508, 2742, 0.00, 0.00
2026-7-23, 07:47:51.782006, 28775.75, 28806.50, 28754.75, 28776.50, 5250, 4874, 28778.38, 28779.25, 28780.63, 2577, 2673, 0.00, 0.00
2026-7-23, 07:58:57.417000, 28776.75, 28804.50, 28738.25, 28746.25, 5250, 4472, 28766.44, 28763.00, 28771.38, 2881, 2369, 0.00, 0.00
2026-7-23, 08:06:49.388000, 28745.75, 28774.00, 28715.75, 28729.00, 5250, 4676, 28741.13, 28739.58, 28744.88, 2539, 2711, 0.00, 0.00
2026-7-23, 08:13:12.509004, 28729.00, 28737.00, 28703.00, 28719.50, 5250, 4808, 28722.13, 28719.83, 28720.00, 2517, 2733, 0.00, 0.00
2026-7-23, 08:21:39.789000, 28719.25, 28724.75, 28697.00, 28722.50, 5250, 4618, 28715.88, 28714.75, 28710.88, 2545, 2705, 0.00, 0.00
2026-7-23, 08:28:59.500000, 28723.25, 28725.00, 28703.00, 28719.25, 1345, 1199, 28717.63, 28715.75, 28714.00, 724, 621, 0.00, 0.00
2026-7-23, 08:30:00.000000, 28718.25, 28725.75, 28657.00, 28681.75, 5250, 4788, 28695.69, 28688.17, 28691.38, 2842, 2408, 0.00, 0.00
2026-7-23, 08:30:52.531000, 28682.00, 28732.75, 28680.50, 28722.25, 5250, 4896, 28704.38, 28711.83, 28706.63, 2619, 2631, 0.00, 0.00
2026-7-23, 08:32:17.358007, 28722.25, 28748.00, 28691.00, 28736.00, 5250, 4764, 28724.31, 28725.00, 28719.50, 2536, 2714, 0.00, 0.00
2026-7-23, 08:34:01.421001, 28736.00, 28775.00, 28731.00, 28764.25, 5250, 4705, 28751.56, 28756.75, 28753.00, 2506, 2744, 0.00, 0.00
2026-7-23, 08:35:52.536001, 28764.25, 28808.00, 28736.75, 28803.75, 5250, 4960, 28778.19, 28782.83, 28772.38, 2511, 2739, 0.00, 0.00
2026-7-23, 08:37:51.058001, 28803.75, 28817.50, 28777.50, 28812.25, 5250, 4891, 28802.75, 28802.42, 28797.50, 2620, 2630, 0.00, 0.00
2026-7-23, 08:40:01.271001, 28812.00, 28845.50, 28806.25, 28841.75, 5250, 4729, 28826.38, 28831.17, 28825.88, 2466, 2784, 0.00, 0.00
2026-7-23, 08:42:20.009000, 28841.50, 28883.00, 28840.00, 28862.00, 5250, 4684, 28856.63, 28861.67, 28861.50, 2624, 2626, 0.00, 0.00
2026-7-23, 08:44:27.253000, 28860.75, 28870.00, 28823.50, 28830.50, 5250, 4748, 28846.19, 28841.33, 28846.75, 2975, 2275, 0.00, 0.00
2026-7-23, 08:46:11.726000, 28830.25, 28852.25, 28792.50, 28799.50, 5250, 4336, 28818.63, 28814.75, 28822.38, 3148, 2102, 0.00, 0.00
2026-7-23, 08:48:37.543000, 28798.75, 28806.75, 28747.75, 28778.00, 5250, 4957, 28782.81, 28777.50, 28777.25, 2732, 2518, 0.00, 0.00
2026-7-23, 08:51:02.946000, 28777.75, 28783.75, 28717.50, 28738.00, 5250, 4347, 28754.25, 28746.42, 28750.63, 3024, 2226, 0.00, 0.00
2026-7-23, 08:53:11.089000, 28737.50, 28819.50, 28737.25, 28810.75, 5250, 4287, 28776.25, 28789.17, 28778.38, 2108, 3142, 0.00, 0.00
2026-7-23, 08:55:01.680001, 28811.25, 28834.50, 28747.50, 28749.75, 5250, 4664, 28785.75, 28777.25, 28791.00, 2654, 2596, 0.00, 0.00
2026-7-23, 08:57:10.328001, 28749.50, 28749.50, 28696.00, 28716.50, 5250, 4922, 28727.88, 28720.67, 28722.75, 2697, 2553, 0.00, 0.00
2026-7-23, 09:00:00.055010, 28716.50, 28769.75, 28706.75, 28724.25, 5250, 4954, 28729.31, 28733.58, 28738.25, 2718, 2532, 0.00, 0.00
2026-7-23, 09:02:12.588000, 28725.25, 28766.50, 28711.00, 28765.00, 5250, 4907, 28741.94, 28747.50, 28738.75, 2523, 2727, 0.00, 0.00
2026-7-23, 09:05:42.017004, 28765.00, 28801.25, 28735.50, 28749.00, 5250, 4921, 28762.69, 28761.92, 28768.38, 2606, 2644, 0.00, 0.00
2026-7-23, 09:08:29.894000, 28750.00, 28755.25, 28678.25, 28732.75, 5250, 4699, 28729.06, 28722.08, 28716.75, 2648, 2602, 0.00, 0.00
2026-7-23, 09:10:19.225000, 28732.75, 28764.00, 28695.50, 28764.00, 5250, 4906, 28739.06, 28741.17, 28729.75, 2549, 2701, 0.00, 0.00
2026-7-23, 09:13:02.177007, 28764.00, 28770.75, 28690.00, 28707.25, 5250, 4951, 28733.00, 28722.67, 28730.38, 2798, 2452, 0.00, 0.00
2026-7-23, 09:15:42.718000, 28706.00, 28743.00, 28686.50, 28720.25, 5250, 4961, 28713.94, 28716.58, 28714.75, 2591, 2659, 0.00, 0.00
2026-7-23, 09:19:13.498003, 28720.25, 28780.25, 28696.00, 28769.00, 5250, 4827, 28741.38, 28748.42, 28738.13, 2444, 2806, 0.00, 0.00
2026-7-23, 09:22:43.128002, 28769.00, 28775.50, 28690.50, 28702.25, 5250, 4968, 28734.31, 28722.75, 28733.00, 2777, 2473, 0.00, 0.00
2026-7-23, 09:26:28.278001, 28702.25, 28747.75, 28693.75, 28742.50, 5250, 4923, 28721.56, 28728.00, 28720.75, 2502, 2748, 0.00, 0.00
2026-7-23, 09:30:50.980007, 28742.25, 28751.50, 28647.00, 28650.25, 5250, 4866, 28697.75, 28682.92, 28699.25, 2952, 2298, 0.00, 0.00
2026-7-23, 09:33:51.819003, 28650.25, 28698.00, 28640.00, 28696.75, 5250, 4874, 28671.25, 28678.25, 28669.00, 2490, 2760, 0.00, 0.00
2026-7-23, 09:37:12.717000, 28696.75, 28762.75, 28689.00, 28756.25, 5250, 4823, 28726.19, 28736.00, 28725.88, 2461, 2789, 0.00, 0.00
2026-7-23, 09:39:29.808004, 28756.50, 28773.25, 28668.00, 28670.25, 5250, 4894, 28717.00, 28703.83, 28720.63, 2822, 2428, 0.00, 0.00
2026-7-23, 09:42:33.951001, 28670.25, 28674.75, 28625.50, 28649.00, 5250, 4921, 28654.88, 28649.75, 28650.13, 2722, 2528, 0.00, 0.00
2026-7-23, 09:45:36.148005, 28647.50, 28670.50, 28626.50, 28637.50, 5250, 4904, 28645.50, 28644.83, 28648.50, 2618, 2632, 0.00, 0.00
2026-7-23, 09:49:32.602002, 28637.25, 28646.25, 28586.75, 28594.50, 5250, 4866, 28616.19, 28609.17, 28616.50, 2869, 2381, 0.00, 0.00
2026-7-23, 09:52:20.827000, 28594.50, 28619.50, 28577.25, 28587.50, 5250, 5024, 28594.69, 28594.75, 28598.38, 2555, 2695, 28572.25, 0.00
2026-7-23, 09:56:16.717000, 28587.00, 28618.50, 28584.50, 28599.50, 5250, 4943, 28597.38, 28600.83, 28601.50, 2567, 2683, 0.00, 0.00
2026-7-23, 10:00:09.419000, 28597.50, 28604.50, 28567.00, 28576.75, 5250, 4855, 28586.44, 28582.75, 28585.75, 2661, 2589, 0.00, 0.00
2026-7-23, 10:03:49.766009, 28576.75, 28578.25, 28533.50, 28541.50, 5250, 5001, 28557.50, 28551.08, 28555.88, 2900, 2350, 0.00, 0.00
2026-7-23, 10:07:03.350000, 28541.50, 28560.00, 28521.75, 28528.75, 5250, 4752, 28538.00, 28536.83, 28540.88, 2781, 2469, 0.00, 0.00
2026-7-23, 10:10:08.176000, 28529.00, 28544.25, 28487.00, 28493.75, 5250, 4474, 28513.50, 28508.33, 28515.63, 3041, 2209, 0.00, 0.00
2026-7-23, 10:12:55.073026, 28494.00, 28518.75, 28483.00, 28514.25, 5250, 4947, 28502.50, 28505.33, 28500.88, 2357, 2893, 28478.00, 0.00
2026-7-23, 10:15:44.135001, 28514.00, 28533.75, 28498.75, 28527.00, 5250, 4785, 28518.38, 28519.83, 28516.25, 2475, 2775, 0.00, 0.00
2026-7-23, 10:19:23.454000, 28527.00, 28569.00, 28519.00, 28520.25, 5250, 4701, 28533.81, 28536.08, 28544.00, 2644, 2606, 0.00, 0.00
2026-7-23, 10:21:59.721001, 28520.25, 28534.75, 28459.00, 28490.25, 5250, 4911, 28501.06, 28494.67, 28496.88, 2985, 2265, 0.00, 0.00
2026-7-23, 10:23:34.862010, 28490.25, 28510.00, 28458.75, 28460.75, 5250, 4880, 28479.94, 28476.50, 28484.38, 2736, 2514, 0.00, 0.00
2026-7-23, 10:27:59.742000, 28460.75, 28480.75, 28432.75, 28433.25, 5250, 4937, 28451.88, 28448.92, 28456.75, 2676, 2574, 0.00, 0.00
2026-7-23, 10:31:23.088000, 28433.25, 28506.75, 28432.50, 28505.00, 5250, 4857, 28469.38, 28481.42, 28469.63, 2425, 2825, 0.00, 0.00
2026-7-23, 10:35:20.330000, 28505.00, 28536.75, 28491.25, 28519.25, 5250, 4938, 28513.06, 28515.75, 28514.00, 2513, 2737, 0.00, 0.00
2026-7-23, 10:39:16.138002, 28519.25, 28551.00, 28504.50, 28507.50, 5250, 4927, 28520.56, 28521.00, 28527.75, 2707, 2543, 0.00, 28556.00
2026-7-23, 10:43:53.089000, 28507.75, 28517.75, 28478.25, 28515.00, 5250, 4945, 28504.69, 28503.67, 28498.00, 2704, 2546, 0.00, 0.00
2026-7-23, 10:49:26.184001, 28515.00, 28562.00, 28504.50, 28560.00, 5250, 4948, 28535.38, 28542.17, 28533.25, 2354, 2896, 0.00, 0.00
2026-7-23, 10:55:11.521045, 28560.00, 28595.00, 28550.50, 28588.50, 5250, 4931, 28573.50, 28578.00, 28572.75, 2410, 2840, 0.00, 0.00
2026-7-23, 11:00:07.971000, 28587.75, 28628.75, 28573.25, 28614.25, 5250, 4823, 28601.00, 28605.42, 28601.00, 2536, 2714, 0.00, 0.00
2026-7-23, 11:04:26.973000, 28613.50, 28622.00, 28576.75, 28616.00, 5250, 4797, 28607.06, 28604.92, 28599.38, 2691, 2559, 0.00, 0.00
2026-7-23, 11:09:13.619000, 28615.50, 28645.00, 28608.75, 28628.25, 5250, 4934, 28624.38, 28627.33, 28626.88, 2553, 2697, 0.00, 0.00
2026-7-23, 11:16:30.511001, 28628.25, 28672.75, 28609.50, 28670.50, 5250, 4843, 28645.25, 28650.92, 28641.13, 2601, 2649, 0.00, 0.00
2026-7-23, 11:23:00.714000, 28670.25, 28699.50, 28668.25, 28696.25, 5250, 4833, 28683.56, 28688.00, 28683.88, 2658, 2592, 0.00, 0.00
2026-7-23, 11:28:15.562000, 28696.25, 28715.00, 28685.75, 28688.00, 5250, 4902, 28696.25, 28696.25, 28700.38, 2719, 2531, 0.00, 0.00
2026-7-23, 11:34:26.118002, 28687.75, 28738.25, 28682.25, 28730.50, 5250, 4753, 28709.69, 28717.00, 28710.25, 2458, 2792, 0.00, 0.00
2026-7-23, 11:39:34.785000, 28730.00, 28734.25, 28672.00, 28674.00, 5250, 4835, 28702.56, 28693.42, 28703.13, 2848, 2402, 0.00, 0.00
2026-7-23, 11:45:09.111000, 28673.50, 28674.25, 28635.25, 28639.50, 5250, 4894, 28655.63, 28649.67, 28654.75, 2707, 2543, 0.00, 0.00
2026-7-23, 11:49:50.460001, 28639.50, 28647.00, 28609.50, 28626.00, 5250, 4944, 28630.50, 28627.50, 28628.25, 2627, 2623, 28604.50, 0.00
2026-7-23, 11:55:10.827000, 28625.50, 28660.75, 28613.00, 28660.50, 5250, 4943, 28639.94, 28644.75, 28636.88, 2472, 2778, 0.00, 0.00
2026-7-23, 12:00:51.395000, 28661.00, 28663.25, 28588.00, 28608.75, 5250, 4905, 28630.25, 28620.00, 28625.63, 2741, 2509, 0.00, 0.00
2026-7-23, 12:06:23.656001, 28608.75, 28654.25, 28590.00, 28653.50, 5250, 4775, 28626.63, 28632.58, 28622.13, 2502, 2748, 0.00, 0.00
2026-7-23, 12:13:06.418000, 28652.75, 28658.25, 28614.75, 28653.25, 5250, 4812, 28644.75, 28642.08, 28636.50, 2649, 2601, 0.00, 0.00
2026-7-23, 12:20:16.355000, 28653.50, 28676.75, 28628.25, 28671.00, 5250, 4787, 28657.38, 28658.67, 28652.50, 2496, 2754, 0.00, 0.00
2026-7-23, 12:26:51.591004, 28671.00, 28673.00, 28606.00, 28621.00, 5250, 4915, 28642.75, 28633.33, 28639.50, 2705, 2545, 0.00, 0.00
2026-7-23, 12:34:43.032000, 28620.00, 28626.75, 28570.50, 28587.75, 5250, 4935, 28601.25, 28595.00, 28598.63, 2718, 2532, 0.00, 0.00
2026-7-23, 12:43:14.709001, 28587.75, 28629.25, 28582.25, 28606.75, 5250, 4996, 28601.50, 28606.08, 28605.75, 2620, 2630, 0.00, 0.00
2026-7-23, 12:51:53.216000, 28605.75, 28628.50, 28555.25, 28568.75, 5250, 4905, 28589.56, 28584.17, 28591.88, 2645, 2605, 0.00, 0.00
2026-7-23, 13:00:27.039000, 28569.50, 28582.25, 28542.50, 28549.25, 5250, 4966, 28560.88, 28558.00, 28562.38, 2622, 2628, 0.00, 0.00
2026-7-23, 13:09:18.590000, 28549.25, 28578.25, 28542.75, 28549.50, 5250, 4988, 28554.94, 28556.83, 28560.50, 2562, 2688, 0.00, 0.00
2026-7-23, 13:17:55.546001, 28549.50, 28584.25, 28545.25, 28570.00, 5250, 4863, 28562.25, 28566.50, 28564.75, 2404, 2846, 0.00, 0.00
2026-7-23, 13:26:00.750000, 28571.50, 28603.50, 28555.00, 28591.50, 5250, 4890, 28580.38, 28583.33, 28579.25, 2495, 2755, 0.00, 0.00
2026-7-23, 13:35:21.681000, 28591.75, 28592.00, 28545.00, 28549.25, 5250, 4863, 28569.50, 28562.08, 28568.50, 2569, 2681, 0.00, 0.00
2026-7-23, 13:44:27.608001, 28549.25, 28578.50, 28536.50, 28538.00, 5250, 4952, 28550.56, 28551.00, 28557.50, 2666, 2584, 0.00, 0.00
2026-7-23, 13:54:35.007004, 28538.00, 28566.75, 28525.25, 28543.00, 5250, 4785, 28543.25, 28545.00, 28546.00, 2610, 2640, 0.00, 0.00
2026-7-23, 14:01:45.725002, 28542.75, 28548.25, 28501.00, 28504.50, 5250, 4890, 28524.13, 28517.92, 28524.63, 2766, 2484, 0.00, 0.00
2026-7-23, 14:11:10.154001, 28504.50, 28542.00, 28501.50, 28524.75, 5250, 4929, 28518.19, 28522.75, 28521.75, 2447, 2803, 0.00, 0.00
2026-7-23, 14:19:33.872001, 28524.75, 28595.25, 28519.75, 28589.25, 5250, 4728, 28557.25, 28568.08, 28557.50, 2256, 2994, 0.00, 0.00
2026-7-23, 14:25:57.641000, 28588.75, 28595.50, 28561.50, 28579.00, 5250, 4937, 28581.19, 28578.67, 28578.50, 2650, 2600, 0.00, 0.00
2026-7-23, 14:31:21.271000, 28579.25, 28579.50, 28530.75, 28555.25, 5250, 4896, 28561.19, 28555.17, 28555.13, 2690, 2560, 0.00, 0.00
2026-7-23, 14:38:28.665001, 28555.25, 28555.75, 28500.00, 28500.50, 5250, 4992, 28527.88, 28518.75, 28527.88, 2690, 2560, 0.00, 0.00
2026-7-23, 14:46:07.716000, 28501.00, 28546.00, 28486.25, 28527.25, 5250, 4876, 28515.13, 28519.83, 28516.13, 2617, 2633, 0.00, 0.00
2026-7-23, 14:50:33.917011, 28527.25, 28540.75, 28507.75, 28510.50, 5250, 4846, 28521.56, 28519.67, 28524.25, 2667, 2583, 0.00, 0.00
2026-7-23, 14:54:08.115002, 28510.50, 28587.75, 28505.25, 28585.00, 5250, 4860, 28547.13, 28559.33, 28546.50, 2410, 2840, 0.00, 0.00
2026-7-23, 14:56:46.755000, 28584.25, 28631.00, 28580.75, 28617.00, 5250, 4961, 28603.25, 28609.58, 28605.88, 2718, 2532, 0.00, 0.00
2026-7-23, 14:59:04.213000, 28617.25, 28633.50, 28612.50, 28613.25, 5250, 4507, 28619.13, 28619.75, 28623.00, 2769, 2481, 0.00, 0.00
2026-7-23, 14:59:49.862004, 28613.25, 28624.75, 28605.50, 28623.00, 5250, 4488, 28616.63, 28617.75, 28615.13, 2708, 2542, 0.00, 0.00
2026-7-23, 15:00:02.201001, 28623.00, 28694.75, 28618.50, 28692.25, 5250, 4404, 28657.13, 28668.50, 28656.63, 2228, 3022, 28613.50, 0.00
2026-7-23, 15:01:25.030001, 28692.25, 28726.75, 28651.50, 28722.75, 5250, 4346, 28698.31, 28700.33, 28689.13, 2728, 2522, 0.00, 0.00
2026-7-23, 15:04:10.916000, 28723.75, 28732.50, 28697.50, 28731.50, 5250, 4435, 28721.31, 28720.50, 28715.00, 2425, 2825, 0.00, 0.00
2026-7-23, 15:12:00.522001, 28731.50, 28777.25, 28718.50, 28763.50, 5250, 4653, 28747.69, 28753.08, 28747.88, 2278, 2972, 0.00, 0.00
2026-7-23, 15:26:28.113001, 28763.25, 28782.00, 28725.25, 28727.75, 5250, 4461, 28749.56, 28745.00, 28753.63, 2618, 2632, 0.00, 0.00
2026-7-23, 15:53:45.198001, 28727.75, 28747.00, 28624.00, 28685.00, 5250, 4835, 28695.94, 28685.33, 28685.50, 2559, 2691, 28619.00, 0.00
2026-7-23, 17:30:48.954001, 28684.00, 28736.00, 28667.00, 28704.00, 5250, 4980, 28697.75, 28702.33, 28701.50, 2655, 2595, 0.00, 0.00
2026-7-23, 18:24:58.206000, 28702.75, 28724.00, 28658.25, 28682.25, 5250, 5018, 28691.81, 28688.17, 28691.13, 2703, 2547, 0.00, 0.00
2026-7-23, 19:03:59.388001, 28682.25, 28687.25, 28615.75, 28657.00, 5250, 4916, 28660.56, 28653.33, 28651.50, 2594, 2656, 0.00, 0.00
2026-7-23, 19:27:16.327000, 28658.00, 28698.75, 28618.00, 28698.75, 5250, 4918, 28668.38, 28671.83, 28658.38, 2580, 2670, 0.00, 0.00
2026-7-23, 20:05:37.957001, 28699.00, 28701.50, 28633.50, 28636.25, 5250, 4997, 28667.56, 28657.08, 28667.50, 2614, 2636, 0.00, 0.00
2026-7-23, 20:51:43.607000, 28635.25, 28651.00, 28558.75, 28559.00, 5250, 4814, 28601.00, 28589.58, 28604.88, 2881, 2369, 0.00, 0.00
2026-7-23, 21:36:56.474009, 28559.00, 28566.75, 28515.00, 28544.00, 5250, 4737, 28546.19, 28541.92, 28540.88, 2628, 2622, 0.00, 0.00
2026-7-23, 22:19:10.126000, 28543.75, 28556.75, 28485.50, 28490.00, 5250, 4845, 28519.00, 28510.75, 28521.13, 2618, 2632, 0.00, 0.00
2026-7-23, 22:55:52.537000, 28491.00, 28558.00, 28465.50, 28528.75, 5250, 4864, 28510.81, 28517.42, 28511.75, 2500, 2750, 0.00, 0.00
2026-7-23, 23:43:18.222004, 28528.75, 28602.00, 28519.75, 28582.00, 5250, 4779, 28558.13, 28567.92, 28560.88, 2490, 2760, 0.00, 0.00
2026-7-24, 00:40:00.807003, 28582.00, 28607.00, 28503.00, 28573.00, 5250, 4776, 28566.25, 28561.00, 28555.00, 2573, 2677, 0.00, 0.00
2026-7-24, 01:25:43.071001, 28573.25, 28586.75, 28481.00, 28568.75, 5250, 4857, 28552.44, 28545.50, 28533.88, 2474, 2776, 0.00, 0.00
2026-7-24, 02:05:03.910002, 28569.00, 28663.00, 28560.00, 28643.50, 5250, 4768, 28608.88, 28622.17, 28611.50, 2696, 2554, 0.00, 0.00
2026-7-24, 02:35:00.905000, 28643.50, 28648.00, 28556.50, 28599.25, 5250, 4778, 28611.81, 28601.25, 28602.25, 2588, 2662, 0.00, 0.00
2026-7-24, 03:23:04.679000, 28599.25, 28681.25, 28582.25, 28642.00, 5250, 4844, 28626.19, 28635.17, 28631.75, 2460, 2790, 0.00, 0.00
2026-7-24, 04:16:09.413001, 28642.00, 28706.25, 28633.00, 28667.50, 5250, 4855, 28662.19, 28668.92, 28669.63, 2540, 2710, 0.00, 0.00
2026-7-24, 05:08:00.857000, 28667.50, 28686.50, 28632.00, 28648.50, 5250, 4708, 28658.63, 28655.67, 28659.25, 2605, 2645, 0.00, 0.00
2026-7-24, 06:02:33.870001, 28648.25, 28666.75, 28603.50, 28613.25, 5250, 4902, 28632.94, 28627.83, 28635.13, 2732, 2518, 0.00, 0.00
2026-7-24, 06:55:10.476000, 28612.25, 28700.00, 28601.50, 28655.75, 5250, 4374, 28642.38, 28652.42, 28650.75, 2241, 3009, 0.00, 0.00
2026-7-24, 07:08:14.622000, 28656.00, 28698.50, 28641.25, 28647.25, 5250, 4832, 28660.75, 28662.33, 28669.88, 2653, 2597, 0.00, 0.00
2026-7-24, 07:35:05.972000, 28647.75, 28664.50, 28587.25, 28599.25, 5250, 4601, 28624.69, 28617.00, 28625.88, 2916, 2334, 0.00, 0.00
2026-7-24, 08:00:04.423000, 28599.50, 28609.75, 28571.75, 28597.25, 5250, 4841, 28594.56, 28592.92, 28590.75, 2618, 2632, 28566.75, 0.00
2026-7-24, 08:21:08.655001, 28597.25, 28616.00, 28538.00, 28540.25, 4485, 4192, 28572.88, 28564.75, 28577.00, 2483, 2002, 0.00, 0.00
2026-7-24, 08:30:00.000000, 28540.00, 28541.75, 28504.50, 28526.00, 5250, 4898, 28528.06, 28524.08, 28523.13, 2506, 2744, 0.00, 0.00
2026-7-24, 08:30:59.405000, 28527.25, 28559.00, 28499.50, 28554.50, 5250, 4973, 28535.06, 28537.67, 28529.25, 2671, 2579, 0.00, 28564.00
2026-7-24, 08:32:58.371000, 28554.00, 28621.25, 28550.00, 28607.25, 5250, 4933, 28583.13, 28592.83, 28585.63, 2325, 2925, 0.00, 0.00
2026-7-24, 08:35:15.969023, 28607.25, 28622.00, 28523.00, 28523.00, 5250, 4742, 28568.81, 28556.00, 28572.50, 2753, 2497, 0.00, 28627.00
2026-7-24, 08:37:22.060006, 28522.75, 28564.50, 28501.00, 28525.75, 5250, 4922, 28528.50, 28530.42, 28532.75, 2652, 2598, 0.00, 0.00
2026-7-24, 08:40:01.474001, 28526.00, 28527.25, 28475.25, 28479.25, 5250, 4880, 28501.94, 28493.92, 28501.25, 2664, 2586, 0.00, 0.00
2026-7-24, 08:42:09.916000, 28479.75, 28500.00, 28458.25, 28475.75, 5250, 5021, 28478.44, 28478.00, 28479.13, 2620, 2630, 0.00, 0.00
2026-7-24, 08:45:32.308000, 28476.00, 28492.00, 28445.00, 28465.50, 5250, 4912, 28469.63, 28467.50, 28468.50, 2729, 2521, 0.00, 0.00
2026-7-24, 08:48:11.208000, 28467.25, 28511.75, 28417.50, 28418.25, 5250, 4911, 28453.69, 28449.17, 28464.63, 2838, 2412, 0.00, 0.00
2026-7-24, 08:50:28.903000, 28424.25, 28437.75, 28379.00, 28380.50, 5250, 4876, 28405.38, 28399.08, 28408.38, 2755, 2495, 0.00, 0.00
2026-7-24, 08:52:13.086000, 28379.75, 28385.50, 28335.75, 28349.25, 5250, 4932, 28362.56, 28356.83, 28360.63, 2767, 2483, 0.00, 0.00
2026-7-24, 08:54:38.532000, 28349.00, 28354.25, 28313.50, 28332.50, 5250, 5010, 28337.31, 28333.42, 28333.88, 2597, 2653, 0.00, 0.00
2026-7-24, 08:56:57.377000, 28332.50, 28368.50, 28317.75, 28322.75, 5250, 4826, 28335.38, 28336.33, 28343.13, 2666, 2584, 0.00, 0.00
2026-7-24, 08:59:59.718000, 28324.50, 28386.75, 28304.25, 28368.75, 5250, 4576, 28346.06, 28353.25, 28345.50, 2768, 2482, 0.00, 0.00
2026-7-24, 09:01:39.077000, 28368.75, 28394.75, 28332.75, 28357.75, 5250, 4904, 28363.50, 28361.75, 28363.75, 2626, 2624, 0.00, 0.00
2026-7-24, 09:04:14.924004, 28357.75, 28389.75, 28328.50, 28389.75, 5250, 4922, 28366.44, 28369.33, 28359.13, 2562, 2688, 0.00, 0.00
2026-7-24, 09:07:36.478003, 28390.00, 28440.25, 28382.75, 28426.50, 5250, 4866, 28409.88, 28416.50, 28411.50, 2412, 2838, 0.00, 0.00
2026-7-24, 09:10:01.646000, 28426.00, 28439.25, 28391.00, 28391.00, 5250, 4982, 28411.81, 28407.08, 28415.13, 2735, 2515, 0.00, 0.00
2026-7-24, 09:13:04.625000, 28391.00, 28451.25, 28386.00, 28398.75, 5250, 4805, 28406.75, 28412.00, 28418.63, 2585, 2665, 0.00, 0.00
2026-7-24, 09:15:38.782005, 28398.50, 28403.00, 28326.50, 28352.50, 5250, 4940, 28370.13, 28360.67, 28364.75, 2693, 2557, 0.00, 0.00
2026-7-24, 09:18:12.078000, 28352.75, 28359.50, 28299.00, 28344.50, 5250, 4835, 28338.94, 28334.33, 28329.25, 2663, 2587, 0.00, 0.00
2026-7-24, 09:20:49.752000, 28345.75, 28423.50, 28333.50, 28406.50, 5250, 4967, 28377.31, 28387.83, 28378.50, 2531, 2719, 0.00, 0.00
2026-7-24, 09:24:25.406000, 28406.25, 28407.75, 28363.50, 28373.75, 5250, 5041, 28387.81, 28381.67, 28385.63, 2645, 2605, 0.00, 0.00
2026-7-24, 09:28:11.043002, 28373.75, 28407.50, 28330.00, 28332.00, 5250, 4990, 28360.81, 28356.50, 28368.75, 2690, 2560, 0.00, 0.00
2026-7-24, 09:32:20.609003, 28332.00, 28350.00, 28302.25, 28328.75, 5250, 5043, 28328.25, 28327.00, 28326.13, 2582, 2668, 0.00, 0.00
2026-7-24, 09:36:51.265000, 28331.25, 28339.00, 28267.75, 28269.50, 5250, 4483, 28301.88, 28292.08, 28303.38, 3026, 2224, 0.00, 0.00
2026-7-24, 09:40:26.664000, 28269.75, 28304.75, 28262.75, 28297.00, 5250, 4753, 28283.56, 28288.17, 28283.75, 2345, 2905, 0.00, 0.00
2026-7-24, 09:44:12.351000, 28297.00, 28307.50, 28254.50, 28302.50, 5250, 4591, 28290.38, 28288.17, 28281.00, 2619, 2631, 0.00, 0.00
2026-7-24, 09:47:08.358000, 28301.50, 28356.75, 28261.75, 28354.25, 5250, 4395, 28318.56, 28324.25, 28309.25, 2429, 2821, 0.00, 0.00
2026-7-24, 09:50:33.540000, 28355.00, 28365.50, 28311.25, 28331.25, 5250, 4677, 28340.75, 28336.00, 28338.38, 2832, 2418, 0.00, 0.00
2026-7-24, 09:54:43.298000, 28331.25, 28421.75, 28331.25, 28403.25, 5250, 4967, 28371.88, 28385.42, 28376.50, 2366, 2884, 0.00, 0.00
2026-7-24, 09:58:24.652000, 28402.75, 28461.50, 28401.25, 28448.50, 5250, 4857, 28428.50, 28437.08, 28431.38, 2381, 2869, 0.00, 0.00
2026-7-24, 10:00:39.173021, 28448.50, 28478.50, 28416.00, 28433.25, 5250, 4872, 28444.06, 28442.58, 28447.25, 2684, 2566, 0.00, 0.00
2026-7-24, 10:03:38.885000, 28433.25, 28434.75, 28373.00, 28394.75, 5250, 4957, 28408.94, 28400.83, 28403.88, 2821, 2429, 0.00, 0.00
2026-7-24, 10:07:54.555001, 28394.50, 28435.00, 28355.00, 28421.00, 5250, 4994, 28401.38, 28403.67, 28395.00, 2407, 2843, 0.00, 0.00
2026-7-24, 10:11:02.915000, 28420.75, 28486.75, 28415.25, 28439.00, 5250, 4965, 28440.44, 28447.00, 28451.00, 2539, 2711, 0.00, 0.00
2026-7-24, 10:13:22.642008, 28439.00, 28544.00, 28427.75, 28539.00, 5250, 4553, 28487.44, 28503.58, 28485.88, 2351, 2899, 0.00, 0.00
2026-7-24, 10:15:35.031000, 28539.25, 28557.25, 28474.00, 28477.50, 5250, 4864, 28512.00, 28502.92, 28515.63, 2629, 2621, 0.00, 0.00
2026-7-24, 10:18:40.266001, 28477.25, 28515.75, 28453.50, 28501.50, 5250, 4532, 28487.00, 28490.25, 28484.63, 2477, 2773, 0.00, 0.00
2026-7-24, 10:22:29.115016, 28501.50, 28538.00, 28496.50, 28530.25, 5250, 4837, 28516.56, 28521.58, 28517.25, 2518, 2732, 0.00, 0.00
2026-7-24, 10:27:35.040000, 28530.25, 28551.75, 28484.50, 28513.50, 5250, 4933, 28520.00, 28516.58, 28518.13, 2673, 2577, 0.00, 0.00
2026-7-24, 10:31:02.133000, 28513.75, 28542.25, 28485.00, 28496.50, 5250, 4631, 28509.38, 28507.92, 28513.63, 2748, 2502, 0.00, 0.00
2026-7-24, 10:35:13.534000, 28496.50, 28568.25, 28495.25, 28568.25, 5250, 4847, 28532.06, 28543.92, 28531.75, 2405, 2845, 0.00, 0.00
2026-7-24, 10:40:02.455001, 28568.25, 28577.50, 28490.00, 28513.25, 5250, 4781, 28537.25, 28526.92, 28533.75, 2651, 2599, 0.00, 0.00
2026-7-24, 10:44:31.305000, 28512.75, 28536.25, 28491.75, 28535.75, 5250, 4835, 28519.13, 28521.25, 28514.00, 2376, 2874, 0.00, 0.00
2026-7-24, 10:50:46.069003, 28535.75, 28565.25, 28515.50, 28553.50, 5250, 4808, 28542.50, 28544.75, 28540.38, 2793, 2457, 0.00, 28570.25
2026-7-24, 10:56:13.762000, 28554.25, 28583.75, 28549.50, 28562.25, 5250, 4875, 28562.44, 28565.17, 28566.63, 2610, 2640, 0.00, 0.00
2026-7-24, 11:01:34.762001, 28562.25, 28618.00, 28552.75, 28608.25, 5250, 4952, 28585.31, 28593.00, 28585.38, 2423, 2827, 0.00, 0.00
2026-7-24, 11:08:23.440002, 28608.25, 28630.75, 28589.00, 28590.25, 5250, 4446, 28604.56, 28603.33, 28609.88, 2376, 2874, 0.00, 0.00
2026-7-24, 11:13:10.950000, 28590.50, 28591.50, 28552.50, 28569.00, 5250, 4641, 28575.88, 28571.00, 28572.00, 2684, 2566, 0.00, 28596.50
2026-7-24, 11:19:10.729009, 28569.25, 28594.00, 28563.50, 28572.25, 5250, 4933, 28574.75, 28576.58, 28578.75, 2597, 2653, 0.00, 0.00
2026-7-24, 11:28:05.801001, 28572.25, 28581.00, 28527.00, 28539.50, 5250, 4845, 28554.94, 28549.17, 28554.00, 2727, 2523, 0.00, 0.00
2026-7-24, 11:32:29.904000, 28540.00, 28555.75, 28514.25, 28517.75, 5250, 4761, 28531.94, 28529.25, 28535.00, 2530, 2720, 0.00, 0.00
2026-7-24, 11:40:13.198000, 28518.00, 28520.00, 28477.75, 28483.25, 5250, 4937, 28499.75, 28493.67, 28498.88, 2706, 2544, 0.00, 0.00
2026-7-24, 11:47:57.320000, 28482.75, 28493.50, 28460.25, 28492.25, 5250, 4883, 28482.19, 28482.00, 28476.88, 2498, 2752, 0.00, 0.00
2026-7-24, 11:55:38.174003, 28492.25, 28511.00, 28468.00, 28480.00, 5250, 4545, 28487.81, 28486.33, 28489.50, 2438, 2812, 0.00, 0.00
2026-7-24, 12:03:29.573001, 28480.00, 28487.50, 28440.50, 28441.50, 5250, 4473, 28462.38, 28456.50, 28464.00, 2932, 2318, 0.00, 0.00
2026-7-24, 12:08:10.898003, 28441.75, 28471.00, 28427.00, 28455.75, 5250, 4587, 28448.88, 28451.25, 28449.00, 2599, 2651, 0.00, 0.00
2026-7-24, 12:15:03.653000, 28455.75, 28494.50, 28441.00, 28468.50, 5250, 4729, 28464.94, 28468.00, 28467.75, 2618, 2632, 0.00, 0.00
2026-7-24, 12:22:58.660000, 28468.75, 28523.50, 28461.75, 28517.75, 5250, 4668, 28492.94, 28501.00, 28492.63, 2473, 2777, 0.00, 0.00
2026-7-24, 12:30:31.078001, 28517.75, 28544.00, 28486.50, 28488.00, 5250, 4679, 28509.06, 28506.17, 28515.25, 2709, 2541, 0.00, 0.00
2026-7-24, 12:40:00.938000, 28487.75, 28489.25, 28452.00, 28463.75, 5250, 4523, 28473.19, 28468.33, 28470.63, 2746, 2504, 0.00, 0.00
2026-7-24, 12:48:30.597000, 28464.75, 28501.75, 28460.00, 28472.25, 5250, 4968, 28474.69, 28478.00, 28480.88, 2590, 2660, 0.00, 0.00
2026-7-24, 13:00:20.101000, 28470.75, 28486.00, 28438.25, 28442.50, 5250, 4895, 28459.38, 28455.58, 28462.13, 2746, 2504, 0.00, 0.00
2026-7-24, 13:11:25.302002, 28442.50, 28445.75, 28389.25, 28390.50, 5250, 4819, 28417.00, 28408.50, 28417.50, 2695, 2555, 0.00, 0.00
2026-7-24, 13:20:34.159000, 28390.00, 28392.50, 28350.75, 28352.50, 5250, 4799, 28371.44, 28365.25, 28371.63, 2648, 2602, 0.00, 0.00
2026-7-24, 13:27:53.330010, 28352.25, 28354.75, 28311.50, 28321.25, 5250, 4707, 28334.94, 28329.17, 28333.13, 2453, 2797, 0.00, 0.00
2026-7-24, 13:33:15.429002, 28321.00, 28321.75, 28278.75, 28304.25, 5250, 4905, 28306.44, 28301.58, 28300.25, 2504, 2746, 0.00, 0.00
2026-7-24, 13:37:03.827002, 28304.50, 28314.25, 28267.25, 28276.50, 5250, 4859, 28290.63, 28286.00, 28290.75, 2748, 2502, 0.00, 0.00
2026-7-24, 13:41:48.435000, 28276.50, 28325.50, 28259.00, 28316.25, 5250, 4861, 28294.31, 28300.25, 28292.25, 2452, 2798, 0.00, 0.00
2026-7-24, 13:46:55.046000, 28315.75, 28323.75, 28288.50, 28305.25, 5250, 4924, 28308.31, 28305.83, 28306.13, 2713, 2537, 0.00, 0.00
2026-7-24, 13:54:51.833000, 28304.75, 28328.50, 28289.00, 28289.00, 5250, 4920, 28302.81, 28302.17, 28308.75, 2734, 2516, 0.00, 0.00
2026-7-24, 14:02:43.022015, 28289.00, 28312.00, 28237.75, 28238.00, 5250, 4925, 28269.19, 28262.58, 28274.88, 2860, 2390, 0.00, 0.00
2026-7-24, 14:08:07.076000, 28238.00, 28259.50, 28221.25, 28234.25, 5250, 4846, 28238.25, 28238.33, 28240.38, 2557, 2693, 0.00, 0.00
2026-7-24, 14:13:22.335000, 28234.50, 28244.00, 28212.50, 28232.25, 5250, 5007, 28230.81, 28229.58, 28228.25, 2554, 2696, 0.00, 0.00
2026-7-24, 14:20:44.865000, 28231.50, 28261.50, 28219.00, 28261.50, 5250, 4978, 28243.38, 28247.33, 28240.25, 2556, 2694, 0.00, 0.00
2026-7-24, 14:29:01.447005, 28261.75, 28293.50, 28249.25, 28285.25, 5250, 4779, 28272.44, 28276.00, 28271.38, 2642, 2608, 0.00, 0.00
2026-7-24, 14:34:00.135000, 28285.75, 28304.75, 28275.25, 28282.25, 5250, 4702, 28287.00, 28287.42, 28290.00, 2743, 2507, 0.00, 0.00
2026-7-24, 14:39:40.067000, 28282.50, 28284.25, 28238.75, 28271.00, 5250, 4617, 28269.13, 28264.67, 28261.50, 2639, 2611, 0.00, 0.00
2026-7-24, 14:44:39.632011, 28271.00, 28291.00, 28242.75, 28271.00, 5250, 4937, 28268.94, 28268.25, 28266.88, 2696, 2554, 0.00, 0.00
2026-7-24, 14:50:08.072003, 28271.00, 28276.25, 28224.50, 28242.25, 5250, 4881, 28253.50, 28247.67, 28250.38, 2813, 2437, 0.00, 0.00
2026-7-24, 14:54:09.598000, 28242.50, 28280.00, 28241.75, 28268.00, 5250, 4695, 28258.06, 28263.25, 28260.88, 2568, 2682, 0.00, 0.00
2026-7-24, 14:57:31.533000, 28268.25, 28276.75, 28251.00, 28275.75, 5250, 4444, 28267.94, 28267.83, 28263.88, 2453, 2797, 0.00, 0.00
2026-7-24, 14:59:34.362000, 28276.00, 28295.00, 28274.25, 28289.50, 5250, 4392, 28283.69, 28286.25, 28284.63, 2434, 2816, 0.00, 0.00
2026-7-24, 14:59:58.839004, 28289.50, 28303.25, 28266.75, 28285.25, 5250, 4629, 28286.19, 28285.08, 28285.00, 2624, 2626, 0.00, 0.00
2026-7-24, 15:02:30.208002, 28285.25, 28305.00, 28259.25, 28305.00, 5250, 4763, 28288.63, 28289.75, 28282.13, 2709, 2541, 0.00, 0.00
2026-7-24, 15:16:16.834000, 28305.25, 28329.50, 28283.75, 28310.25, 5250, 4871, 28307.19, 28307.83, 28306.63, 2603, 2647, 0.00, 0.00
2026-7-24, 15:58:18.302003, 28310.00, 28313.50, 28301.50, 28306.50, 170, 160, 28307.88, 28307.17, 28307.50, 90, 80, 0.00, 0.00
2026-7-26, 17:00:00.000000, 28500.00, 28682.25, 28500.00, 28599.75, 5250, 4518, 28570.50, 28594.00, 28591.13, 2777, 2473, 0.00, 0.00
2026-7-26, 17:13:12.599000, 28599.00, 28647.00, 28587.50, 28614.00, 5250, 4791, 28611.88, 28616.17, 28617.25, 2594, 2656, 0.00, 0.00
2026-7-26, 18:05:08.240002, 28614.00, 28719.50, 28610.00, 28687.00, 5250, 4844, 28657.63, 28672.17, 28664.75, 2234, 3016, 0.00, 0.00
2026-7-26, 18:56:15.394000, 28686.00, 28733.75, 28615.00, 28634.75, 5250, 4781, 28667.38, 28661.17, 28674.38, 2790, 2460, 0.00, 0.00
2026-7-26, 19:11:33.157000, 28636.00, 28665.50, 28581.75, 28625.25, 5250, 4865, 28627.13, 28624.17, 28623.63, 2663, 2587, 0.00, 0.00
2026-7-26, 19:36:27.923000, 28625.25, 28655.25, 28565.75, 28575.50, 5250, 5019, 28605.44, 28598.83, 28610.50, 2797, 2453, 0.00, 0.00
2026-7-26, 20:14:57.810000, 28574.25, 28614.25, 28525.00, 28611.25, 5250, 4817, 28581.19, 28583.50, 28569.63, 2587, 2663, 0.00, 0.00
2026-7-26, 20:39:35.478001, 28611.25, 28645.75, 28571.75, 28645.00, 5250, 4822, 28618.44, 28620.83, 28608.75, 2597, 2653, 0.00, 0.00
2026-7-26, 21:26:04.022000, 28644.75, 28658.50, 28599.75, 28610.50, 5250, 5001, 28628.38, 28622.92, 28629.13, 2717, 2533, 0.00, 0.00
2026-7-26, 22:32:14.766000, 28611.75, 28663.00, 28592.75, 28642.25, 5250, 5029, 28627.44, 28632.67, 28627.88, 2668, 2582, 0.00, 0.00
2026-7-27, 00:03:41.388000, 28643.75, 28721.00, 28638.75, 28719.75, 5250, 4816, 28680.81, 28693.17, 28679.88, 2424, 2826, 0.00, 0.00
2026-7-27, 01:09:11.091000, 28720.00, 28728.50, 28680.00, 28717.25, 5250, 4830, 28711.44, 28708.58, 28704.25, 2654, 2596, 0.00, 0.00
2026-7-27, 02:04:28.328000, 28717.00, 28732.00, 28658.50, 28688.50, 5250, 4799, 28699.00, 28693.00, 28695.25, 2746, 2504, 0.00, 0.00
2026-7-27, 03:01:38.920000, 28688.00, 28749.50, 28673.00, 28722.25, 5250, 4808, 28708.19, 28714.92, 28711.25, 2432, 2818, 0.00, 0.00
2026-7-27, 04:03:43.153000, 28722.25, 28763.25, 28718.25, 28735.00, 5250, 4638, 28734.69, 28738.83, 28740.75, 2570, 2680, 0.00, 0.00
2026-7-27, 05:10:36.838003, 28735.00, 28758.00, 28699.00, 28700.25, 5250, 4778, 28723.06, 28719.08, 28728.50, 2690, 2560, 0.00, 0.00
2026-7-27, 06:20:41.002002, 28700.25, 28706.25, 28645.50, 28673.75, 5250, 4798, 28681.44, 28675.17, 28675.88, 2707, 2543, 0.00, 0.00
2026-7-27, 06:51:14.503000, 28672.75, 28697.75, 28629.25, 28646.00, 5250, 4697, 28661.44, 28657.67, 28663.50, 2615, 2635, 0.00, 0.00
2026-7-27, 07:26:04.435000, 28646.00, 28692.50, 28631.75, 28677.25, 5250, 4876, 28661.88, 28667.17, 28662.13, 2617, 2633, 0.00, 0.00
2026-7-27, 07:58:32.265000, 28676.75, 28700.00, 28633.00, 28636.25, 5250, 4809, 28661.50, 28656.42, 28666.50, 2686, 2564, 0.00, 0.00
2026-7-27, 08:21:12.355000, 28637.75, 28645.00, 28588.00, 28590.50, 4538, 4153, 28615.31, 28607.83, 28616.50, 2538, 2000, 0.00, 0.00
2026-7-27, 08:30:00.000000, 28590.50, 28615.75, 28568.00, 28569.00, 5250, 4997, 28585.81, 28584.25, 28591.88, 2570, 2680, 0.00, 0.00
2026-7-27, 08:31:13.136001, 28569.00, 28597.00, 28519.75, 28521.50, 5250, 4994, 28551.81, 28546.08, 28558.38, 2651, 2599, 0.00, 28602.00
2026-7-27, 08:33:00.051001, 28521.50, 28545.25, 28487.00, 28544.50, 5250, 4963, 28524.56, 28525.58, 28516.13, 2680, 2570, 0.00, 0.00
2026-7-27, 08:35:04.380000, 28544.25, 28613.75, 28540.00, 28594.75, 5250, 4933, 28573.19, 28582.83, 28576.88, 2436, 2814, 0.00, 0.00
2026-7-27, 08:36:51.486002, 28594.75, 28608.75, 28526.75, 28549.00, 5250, 4960, 28569.81, 28561.50, 28567.75, 2847, 2403, 0.00, 28613.75
2026-7-27, 08:39:15.284000, 28549.75, 28557.75, 28499.75, 28515.75, 5250, 4929, 28530.75, 28524.42, 28528.75, 2567, 2683, 0.00, 0.00
2026-7-27, 08:41:32.161001, 28515.75, 28517.50, 28430.00, 28430.00, 5250, 4840, 28473.31, 28459.17, 28473.75, 2844, 2406, 0.00, 0.00
2026-7-27, 08:43:32.712004, 28430.00, 28474.00, 28428.00, 28466.00, 5250, 4954, 28449.50, 28456.00, 28451.00, 2425, 2825, 0.00, 0.00
2026-7-27, 08:45:52.116000, 28466.00, 28484.75, 28422.75, 28445.75, 5250, 4973, 28454.81, 28451.08, 28453.75, 2606, 2644, 0.00, 0.00
2026-7-27, 08:48:44.148003, 28445.75, 28495.25, 28445.00, 28471.50, 5250, 5003, 28464.38, 28470.58, 28470.13, 2452, 2798, 0.00, 0.00
2026-7-27, 08:51:19.206001, 28471.75, 28504.00, 28449.00, 28466.00, 5250, 5018, 28472.69, 28473.00, 28476.50, 2597, 2653, 0.00, 0.00
2026-7-27, 08:54:25.553000, 28465.75, 28466.75, 28400.75, 28403.75, 5250, 4917, 28434.25, 28423.75, 28433.75, 2934, 2316, 0.00, 28471.75
2026-7-27, 08:57:15.389000, 28402.25, 28413.25, 28341.25, 28344.00, 5250, 4945, 28375.19, 28366.17, 28377.25, 2765, 2485, 0.00, 0.00
2026-7-27, 08:59:46.711000, 28344.00, 28372.75, 28312.50, 28326.75, 5250, 5045, 28339.00, 28337.33, 28342.63, 2647, 2603, 0.00, 0.00
2026-7-27, 09:01:31.140001, 28326.75, 28333.25, 28292.50, 28294.00, 5250, 4631, 28311.63, 28306.58, 28312.88, 2728, 2522, 0.00, 0.00
2026-7-27, 09:03:42.350002, 28294.25, 28341.50, 28283.00, 28284.00, 5250, 4916, 28300.69, 28302.83, 28312.25, 2629, 2621, 0.00, 0.00
2026-7-27, 09:06:12.596001, 28284.00, 28344.75, 28277.00, 28344.75, 5250, 5033, 28312.63, 28322.17, 28310.88, 2477, 2773, 0.00, 0.00
2026-7-27, 09:09:11.666001, 28344.75, 28347.75, 28240.00, 28249.25, 5250, 4921, 28295.44, 28279.00, 28293.88, 2954, 2296, 0.00, 0.00
2026-7-27, 09:11:21.396001, 28249.25, 28287.00, 28230.75, 28252.00, 5250, 4994, 28254.75, 28256.58, 28258.88, 2621, 2629, 0.00, 0.00
2026-7-27, 09:13:41.309000, 28252.75, 28299.00, 28233.25, 28261.25, 5250, 5055, 28261.56, 28264.50, 28266.13, 2507, 2743, 0.00, 0.00
2026-7-27, 09:16:51.983001, 28261.25, 28281.75, 28224.25, 28246.50, 5250, 4939, 28253.44, 28250.83, 28253.00, 2759, 2491, 0.00, 0.00
2026-7-27, 09:20:16.408000, 28245.75, 28252.00, 28205.75, 28223.50, 5250, 4946, 28231.75, 28227.08, 28228.88, 2806, 2444, 0.00, 0.00
2026-7-27, 09:23:36.125000, 28223.25, 28223.25, 28156.25, 28162.75, 5250, 4892, 28191.38, 28180.75, 28189.75, 2700, 2550, 0.00, 0.00
2026-7-27, 09:26:07.114000, 28161.50, 28177.50, 28114.50, 28124.75, 5250, 4646, 28144.56, 28138.92, 28146.00, 2943, 2307, 0.00, 0.00
2026-7-27, 09:28:45.872005, 28124.75, 28126.50, 28061.00, 28065.00, 5250, 4580, 28094.31, 28084.17, 28093.75, 3140, 2110, 0.00, 0.00
2026-7-27, 09:30:27.253000, 28064.75, 28094.00, 28051.75, 28087.00, 5250, 4859, 28074.38, 28077.58, 28072.88, 2631, 2619, 0.00, 0.00
2026-7-27, 09:33:02.881002, 28087.25, 28090.00, 28020.75, 28022.25, 5250, 4843, 28055.06, 28044.33, 28055.38, 2774, 2476, 0.00, 0.00
2026-7-27, 09:35:31.634000, 28022.75, 28062.00, 27995.50, 28015.50, 5250, 4741, 28023.94, 28024.33, 28028.75, 2854, 2396, 0.00, 0.00
2026-7-27, 09:37:32.758000, 28015.50, 28058.00, 28001.00, 28031.00, 5250, 4953, 28026.38, 28030.00, 28029.50, 2464, 2786, 0.00, 0.00
2026-7-27, 09:40:09.411007, 28031.00, 28031.75, 27943.25, 27960.25, 5250, 4750, 27991.56, 27978.42, 27987.50, 2969, 2281, 0.00, 0.00
2026-7-27, 09:41:57.747000, 27961.00, 27989.75, 27939.00, 27987.50, 5250, 4776, 27969.31, 27972.08, 27964.38, 2593, 2657, 27934.00, 0.00
2026-7-27, 09:44:18.870004, 27987.25, 28030.00, 27945.50, 28019.00, 5250, 4836, 27995.44, 27998.17, 27987.75, 2508, 2742, 0.00, 0.00
2026-7-27, 09:46:39.600001, 28018.50, 28050.00, 28011.50, 28050.00, 5250, 4871, 28032.50, 28037.17, 28030.75, 2468, 2782, 0.00, 0.00
2026-7-27, 09:49:17.036003, 28050.00, 28116.25, 28048.75, 28108.25, 5250, 4622, 28080.81, 28091.08, 28082.50, 2542, 2708, 0.00, 0.00
2026-7-27, 09:51:15.250000, 28108.50, 28127.50, 28063.50, 28120.25, 5250, 4862, 28104.94, 28103.75, 28095.50, 2565, 2685, 0.00, 0.00
2026-7-27, 09:53:30.037002, 28120.00, 28137.50, 28086.75, 28121.50, 5250, 4617, 28116.44, 28115.25, 28112.13, 2656, 2594, 0.00, 0.00
2026-7-27, 09:56:10.429000, 28121.25, 28167.50, 28114.50, 28159.75, 5250, 4743, 28140.75, 28147.25, 28141.00, 2491, 2759, 0.00, 0.00
2026-7-27, 09:59:20.261000, 28159.00, 28186.75, 28146.00, 28156.25, 5250, 4857, 28162.00, 28163.00, 28166.38, 2727, 2523, 0.00, 0.00
2026-7-27, 10:01:54.845000, 28156.75, 28178.00, 28138.00, 28159.00, 5250, 4956, 28157.94, 28158.33, 28158.00, 2652, 2598, 0.00, 0.00
2026-7-27, 10:05:19.934000, 28159.25, 28198.50, 28140.00, 28166.00, 5250, 4885, 28165.94, 28168.17, 28169.25, 2756, 2494, 0.00, 0.00
2026-7-27, 10:08:49.776000, 28165.75, 28181.00, 28138.25, 28152.25, 5250, 4958, 28159.31, 28157.17, 28159.63, 2639, 2611, 0.00, 0.00
2026-7-27, 10:12:39.942000, 28152.25, 28164.00, 28087.00, 28097.25, 5250, 4992, 28125.13, 28116.08, 28125.50, 2824, 2426, 0.00, 0.00
2026-7-27, 10:16:13.812000, 28097.75, 28107.00, 28048.00, 28092.50, 5250, 4868, 28086.31, 28082.50, 28077.50, 2590, 2660, 0.00, 0.00
2026-7-27, 10:19:40.216005, 28092.50, 28151.50, 28085.00, 28139.25, 5250, 4884, 28117.06, 28125.25, 28118.25, 2439, 2811, 0.00, 0.00
2026-7-27, 10:22:53.122001, 28139.00, 28139.00, 28062.25, 28072.25, 5250, 5025, 28103.13, 28091.17, 28100.63, 2689, 2561, 0.00, 0.00
2026-7-27, 10:27:12.240000, 28072.50, 28094.00, 28037.00, 28038.50, 5250, 4890, 28060.50, 28056.50, 28065.50, 2698, 2552, 0.00, 0.00
2026-7-27, 10:32:30.406001, 28038.25, 28039.75, 28003.00, 28004.00, 5250, 4866, 28021.25, 28015.58, 28021.38, 2734, 2516, 0.00, 0.00
2026-7-27, 10:37:01.068005, 28004.00, 28030.00, 27980.25, 28009.25, 5250, 4810, 28005.88, 28006.50, 28005.13, 2602, 2648, 0.00, 0.00
2026-7-27, 10:41:26.791004, 28009.50, 28048.75, 28005.75, 28028.00, 5250, 4994, 28023.00, 28027.50, 28027.25, 2475, 2775, 0.00, 0.00
2026-7-27, 10:46:45.856000, 28028.50, 28036.75, 27995.25, 28003.75, 5250, 4954, 28016.06, 28011.92, 28016.00, 2671, 2579, 0.00, 0.00
2026-7-27, 10:53:22.694002, 28003.50, 28068.25, 27996.75, 28057.25, 5250, 4988, 28031.44, 28040.75, 28032.50, 2368, 2882, 0.00, 0.00
2026-7-27, 10:59:03.125000, 28057.75, 28120.00, 28054.25, 28120.00, 5250, 4924, 28088.00, 28098.08, 28087.13, 2398, 2852, 0.00, 0.00
2026-7-27, 11:04:56.898000, 28120.00, 28145.75, 28090.75, 28145.75, 5250, 4888, 28125.56, 28127.42, 28118.25, 2548, 2702, 0.00, 0.00
2026-7-27, 11:10:47.638036, 28145.75, 28154.25, 28068.25, 28078.50, 5250, 4841, 28111.69, 28100.33, 28111.25, 2784, 2466, 0.00, 28159.25
2026-7-27, 11:15:29.534000, 28078.50, 28085.25, 28043.50, 28074.75, 5250, 5023, 28070.50, 28067.83, 28064.38, 2592, 2658, 0.00, 0.00
2026-7-27, 11:21:20.809001, 28074.75, 28194.75, 28049.00, 28166.75, 5250, 4870, 28121.31, 28136.83, 28121.88, 2231, 3019, 0.00, 0.00
2026-7-27, 11:25:20.022005, 28166.50, 28204.50, 28148.25, 28176.25, 5250, 4860, 28173.88, 28176.33, 28176.38, 2571, 2679, 0.00, 0.00
2026-7-27, 11:27:45.661000, 28176.25, 28199.75, 28142.25, 28189.75, 5250, 4808, 28177.00, 28177.25, 28171.00, 2560, 2690, 0.00, 0.00
2026-7-27, 11:31:48.299000, 28190.00, 28193.25, 28112.50, 28177.25, 5250, 4926, 28168.25, 28161.00, 28152.88, 2609, 2641, 0.00, 0.00
2026-7-27, 11:37:30.553002, 28177.00, 28180.50, 28118.50, 28136.25, 5250, 5023, 28153.06, 28145.08, 28149.50, 2645, 2605, 0.00, 0.00
2026-7-27, 11:45:01.032000, 28136.50, 28156.00, 28070.75, 28078.50, 5250, 4968, 28110.44, 28101.75, 28113.38, 2632, 2618, 0.00, 0.00
2026-7-27, 11:51:46.592000, 28079.00, 28085.25, 28027.75, 28048.00, 5250, 4921, 28060.00, 28053.67, 28056.50, 2529, 2721, 0.00, 0.00
2026-7-27, 11:57:12.623005, 28048.00, 28056.25, 27995.50, 27999.75, 5250, 4734, 28024.88, 28017.17, 28025.88, 2660, 2590, 0.00, 0.00
2026-7-27, 12:03:02.832000, 28000.25, 28029.25, 27993.75, 28022.00, 5250, 4852, 28011.31, 28015.00, 28011.50, 2487, 2763, 0.00, 0.00
2026-7-27, 12:09:17.374001, 28022.25, 28044.25, 27991.25, 27991.25, 5250, 5008, 28012.25, 28008.92, 28017.75, 2610, 2640, 0.00, 0.00
2026-7-27, 12:17:28.803027, 27991.25, 28034.25, 27986.00, 28006.00, 5250, 5014, 28004.38, 28008.75, 28010.13, 2464, 2786, 0.00, 0.00
2026-7-27, 12:26:50.500000, 28006.00, 28065.00, 27996.00, 28050.25, 5250, 4977, 28029.31, 28037.08, 28030.50, 2340, 2910, 0.00, 0.00
2026-7-27, 12:35:17.243000, 28050.00, 28063.25, 28015.50, 28029.50, 5250, 4924, 28039.56, 28036.08, 28039.38, 2545, 2705, 0.00, 0.00
2026-7-27, 12:45:28.080004, 28029.50, 28088.00, 28013.75, 28082.50, 5250, 4990, 28053.44, 28061.42, 28050.88, 2399, 2851, 0.00, 0.00
2026-7-27, 12:54:56.878003, 28082.50, 28121.25, 28072.00, 28106.75, 5250, 4939, 28095.63, 28100.00, 28096.63, 2509, 2741, 0.00, 0.00
2026-7-27, 13:02:33.488000, 28106.75, 28115.25, 28085.50, 28105.75, 5250, 4922, 28103.31, 28102.17, 28100.38, 2588, 2662, 0.00, 0.00
2026-7-27, 13:12:44.068000, 28105.00, 28112.75, 28049.75, 28065.25, 5250, 4908, 28083.19, 28075.92, 28081.25, 2623, 2627, 0.00, 0.00
2026-7-27, 13:21:38.878000, 28065.00, 28091.50, 28037.50, 28053.25, 5250, 4775, 28061.81, 28060.75, 28064.50, 2553, 2697, 0.00, 0.00
2026-7-27, 13:32:14.642006, 28053.25, 28062.50, 28019.25, 28040.75, 5250, 4775, 28043.94, 28040.83, 28040.88, 2525, 2725, 0.00, 0.00
2026-7-27, 13:41:15.144000, 28039.75, 28100.50, 28037.00, 28081.50, 5250, 4868, 28064.69, 28073.00, 28068.75, 2520, 2730, 0.00, 0.00
2026-7-27, 13:47:21.690000, 28081.25, 28160.50, 28069.50, 28151.25, 5250, 4842, 28115.63, 28127.08, 28115.00, 2467, 2783, 0.00, 0.00
2026-7-27, 13:54:21.542004, 28151.25, 28189.00, 28146.25, 28180.50, 5250, 4879, 28166.75, 28171.92, 28167.63, 2776, 2474, 0.00, 0.00
2026-7-27, 13:59:09.004000, 28179.50, 28197.00, 28165.25, 28185.00, 5250, 4939, 28181.69, 28182.42, 28181.13, 2658, 2592, 0.00, 0.00
2026-7-27, 14:06:38.602000, 28185.75, 28232.25, 28185.00, 28217.00, 5250, 4792, 28205.00, 28211.42, 28208.63, 2367, 2883, 0.00, 0.00
2026-7-27, 14:12:45.498002, 28217.00, 28225.00, 28192.75, 28211.50, 5250, 4700, 28211.56, 28209.75, 28208.88, 2578, 2672, 0.00, 0.00
2026-7-27, 14:21:28.742000, 28212.50, 28241.75, 28201.25, 28241.75, 5250, 4826, 28224.31, 28228.25, 28221.50, 2462, 2788, 0.00, 0.00
2026-7-27, 14:29:55.757003, 28241.75, 28255.75, 28219.25, 28220.25, 5250, 4865, 28234.25, 28231.75, 28237.50, 2769, 2481, 0.00, 0.00
2026-7-27, 14:37:05.070003, 28220.25, 28220.25, 28172.50, 28182.75, 5250, 4808, 28198.94, 28191.83, 28196.38, 2765, 2485, 0.00, 0.00
2026-7-27, 14:44:32.446000, 28183.00, 28200.00, 28155.25, 28170.00, 5250, 4954, 28177.06, 28175.08, 28177.63, 2620, 2630, 0.00, 0.00
2026-7-27, 14:51:02.080000, 28169.50, 28194.25, 28159.25, 28188.75, 5250, 5012, 28177.94, 28180.75, 28176.75, 2564, 2686, 0.00, 0.00
2026-7-27, 14:55:48.008000, 28188.25, 28205.00, 28179.50, 28194.75, 5250, 4834, 28191.88, 28193.08, 28192.25, 2508, 2742, 0.00, 0.00
2026-7-27, 14:59:30.877000, 28194.50, 28197.75, 28177.75, 28189.50, 5250, 4315, 28189.88, 28188.33, 28187.75, 2718, 2532, 0.00, 0.00
2026-7-27, 14:59:58.229000, 28189.00, 28219.50, 28182.50, 28185.00, 5250, 4797, 28194.00, 28195.67, 28201.00, 2414, 2836, 0.00, 0.00
2026-7-27, 15:03:49.384001, 28185.00, 28199.75, 28169.25, 28176.50, 5250, 4739, 28182.63, 28181.83, 28184.50, 2494, 2756, 0.00, 0.00
2026-7-27, 15:23:43.123000, 28176.00, 28230.00, 28170.00, 28170.00, 5250, 4655, 28186.50, 28190.00, 28200.00, 2339, 2911, 0.00, 0.00
2026-7-27, 17:13:06.586001, 28169.50, 28169.50, 28105.25, 28138.50, 5250, 4855, 28145.69, 28137.75, 28137.38, 2710, 2540, 0.00, 0.00
2026-7-27, 18:07:27.336001, 28138.00, 28189.00, 28118.00, 28185.50, 5250, 4929, 28157.63, 28164.17, 28153.50, 2529, 2721, 0.00, 0.00
2026-7-27, 19:02:33.124006, 28185.75, 28195.00, 28068.25, 28100.25, 5250, 4969, 28137.31, 28121.17, 28131.63, 2754, 2496, 0.00, 0.00
2026-7-27, 19:29:48.327000, 28100.75, 28139.75, 28042.50, 28056.50, 5250, 4959, 28084.88, 28079.58, 28091.13, 2709, 2541, 0.00, 0.00
2026-7-27, 20:02:46.710001, 28056.75, 28075.00, 27969.00, 28002.00, 5250, 4814, 28025.69, 28015.33, 28022.00, 2647, 2603, 0.00, 0.00
2026-7-27, 20:26:07.084000, 28002.50, 28097.00, 27997.50, 28020.00, 5250, 4798, 28029.25, 28038.17, 28047.25, 2616, 2634, 0.00, 0.00
2026-7-27, 21:00:03.238000, 28020.00, 28030.25, 27951.50, 27976.75, 5250, 4848, 27994.63, 27986.17, 27990.88, 2630, 2620, 0.00, 0.00
2026-7-27, 21:34:47.897003, 27976.50, 28006.75, 27932.50, 27967.50, 5250, 4942, 27970.81, 27968.92, 27969.63, 2682, 2568, 0.00, 0.00
2026-7-27, 22:13:35.266002, 27967.50, 28047.25, 27951.50, 28043.25, 5250, 4897, 28002.38, 28014.00, 27999.38, 2620, 2630, 0.00, 0.00
2026-7-27, 22:39:05.592002, 28043.25, 28070.50, 27970.00, 27975.25, 5250, 4848, 28014.75, 28005.25, 28020.25, 2634, 2616, 0.00, 0.00
2026-7-27, 23:28:40.523005, 27975.00, 28003.00, 27914.00, 27919.00, 5250, 4918, 27952.75, 27945.33, 27958.50, 2652, 2598, 0.00, 0.00
2026-7-28, 00:28:29.997001, 27919.25, 27925.50, 27870.75, 27888.50, 5250, 4777, 27901.00, 27894.92, 27898.13, 2860, 2390, 0.00, 0.00
2026-7-28, 01:00:18.403000, 27888.25, 27902.25, 27839.50, 27855.25, 5250, 4671, 27871.31, 27865.67, 27870.88, 2896, 2354, 0.00, 0.00
2026-7-28, 01:24:16.898001, 27855.25, 27954.50, 27849.75, 27954.00, 5250, 4836, 27903.38, 27919.42, 27902.13, 2398, 2852, 0.00, 0.00
2026-7-28, 01:58:44.063000, 27953.25, 27989.00, 27933.75, 27940.00, 5250, 4753, 27954.00, 27954.25, 27961.38, 2805, 2445, 0.00, 0.00
2026-7-28, 02:33:45.039001, 27940.00, 27962.50, 27895.75, 27899.75, 5250, 4803, 27924.50, 27919.33, 27929.13, 2608, 2642, 0.00, 0.00
2026-7-28, 03:09:57.161000, 27899.75, 28010.75, 27880.00, 28004.25, 5250, 4746, 27948.69, 27965.00, 27945.38, 2593, 2657, 0.00, 0.00
2026-7-28, 03:35:08.749000, 28004.25, 28052.00, 27984.25, 28004.50, 5250, 4544, 28011.25, 28013.58, 28018.13, 2586, 2664, 0.00, 0.00
2026-7-28, 04:08:25.237001, 28004.50, 28016.50, 27941.50, 27955.00, 5250, 4783, 27979.38, 27971.00, 27979.00, 2712, 2538, 0.00, 0.00
2026-7-28, 05:07:11.151000, 27954.00, 27980.50, 27904.25, 27926.50, 5250, 4942, 27941.31, 27937.08, 27942.38, 2743, 2507, 0.00, 0.00
2026-7-28, 05:44:29.505000, 27926.50, 27952.25, 27872.50, 27877.50, 5250, 4824, 27907.19, 27900.75, 27912.38, 2665, 2585, 0.00, 0.00
2026-7-28, 06:13:43.799001, 27877.50, 27958.00, 27864.75, 27885.75, 5250, 4954, 27896.50, 27902.83, 27911.38, 2602, 2648, 0.00, 0.00
2026-7-28, 06:32:24.331000, 27885.75, 27929.25, 27848.25, 27918.75, 5250, 4852, 27895.50, 27898.75, 27888.75, 2578, 2672, 0.00, 0.00
2026-7-28, 06:54:14.642000, 27921.00, 28001.75, 27917.25, 27967.25, 5250, 4846, 27951.81, 27962.08, 27959.50, 2555, 2695, 0.00, 0.00
2026-7-28, 07:19:17.689000, 27966.75, 28027.75, 27954.25, 27982.25, 5250, 4654, 27982.75, 27988.08, 27991.00, 2800, 2450, 0.00, 0.00
2026-7-28, 07:37:35.198003, 27982.25, 28032.75, 27956.25, 27980.00, 5250, 4645, 27987.81, 27989.67, 27994.50, 2574, 2676, 0.00, 0.00
2026-7-28, 07:51:02.112000, 27980.00, 28027.75, 27974.00, 28015.00, 5250, 4958, 27999.19, 28005.58, 28000.88, 2456, 2794, 0.00, 0.00
2026-7-28, 08:11:06.263001, 28015.00, 28028.50, 27952.25, 27963.50, 5250, 4880, 27989.81, 27981.42, 27990.38, 2853, 2397, 0.00, 0.00
2026-7-28, 08:27:56.291001, 27963.50, 27967.75, 27938.00, 27950.00, 2021, 1895, 27954.81, 27951.92, 27952.88, 1050, 971, 0.00, 0.00
2026-7-28, 08:30:00.000000, 27948.75, 27992.00, 27928.75, 27941.00, 5250, 4971, 27952.63, 27953.92, 27960.38, 2566, 2684, 27923.75, 0.00
2026-7-28, 08:31:00.380000, 27942.50, 27949.00, 27879.75, 27881.25, 5250, 5043, 27913.13, 27903.33, 27914.38, 2784, 2466, 0.00, 0.00
2026-7-28, 08:32:17.778000, 27882.00, 27918.25, 27871.25, 27894.00, 5250, 4845, 27891.38, 27894.50, 27894.75, 2233, 3017, 0.00, 0.00
2026-7-28, 08:33:57.474000, 27894.25, 27918.50, 27875.75, 27914.25, 5250, 4891, 27900.69, 27902.83, 27897.13, 2571, 2679, 0.00, 0.00
2026-7-28, 08:36:02.846000, 27914.25, 27926.25, 27840.00, 27840.00, 5250, 4714, 27880.13, 27868.75, 27883.13, 2798, 2452, 0.00, 0.00
2026-7-28, 08:37:41.487005, 27840.00, 27847.25, 27799.25, 27799.25, 5250, 4841, 27821.44, 27815.25, 27823.25, 2691, 2559, 0.00, 0.00
2026-7-28, 08:39:28.635001, 27799.00, 27835.00, 27787.50, 27831.00, 5250, 4942, 27813.13, 27817.83, 27811.25, 2573, 2677, 0.00, 0.00
2026-7-28, 08:41:06.395001, 27830.75, 27841.50, 27760.25, 27761.75, 5250, 4696, 27798.56, 27787.83, 27800.88, 2886, 2364, 0.00, 0.00
2026-7-28, 08:42:55.726000, 27761.50, 27771.25, 27728.50, 27749.75, 5250, 4960, 27752.75, 27749.83, 27749.88, 2515, 2735, 0.00, 0.00
2026-7-28, 08:44:46.527001, 27750.25, 27764.50, 27680.50, 27689.00, 5250, 4804, 27721.06, 27711.33, 27722.50, 2969, 2281, 0.00, 0.00
2026-7-28, 08:46:11.951002, 27689.25, 27702.50, 27658.75, 27658.75, 5250, 4737, 27677.31, 27673.33, 27680.63, 2544, 2706, 27653.75, 0.00
2026-7-28, 08:47:58.809001, 27658.75, 27755.50, 27658.75, 27753.00, 5250, 4848, 27706.50, 27722.42, 27707.13, 2267, 2983, 0.00, 0.00
2026-7-28, 08:49:23.229000, 27751.25, 27799.00, 27724.00, 27762.25, 5250, 4668, 27759.13, 27761.75, 27761.50, 2600, 2650, 0.00, 0.00
2026-7-28, 08:50:40.983000, 27762.25, 27783.00, 27702.75, 27782.25, 5250, 5048, 27757.56, 27756.00, 27742.88, 2405, 2845, 0.00, 0.00
2026-7-28, 08:52:35.207024, 27782.25, 27786.25, 27682.25, 27716.50, 5250, 5114, 27741.81, 27728.33, 27734.25, 2685, 2565, 0.00, 0.00
2026-7-28, 08:54:27.347000, 27718.00, 27722.50, 27662.25, 27668.00, 5250, 5002, 27692.69, 27684.25, 27692.38, 2645, 2605, 0.00, 0.00
2026-7-28, 08:56:29.345001, 27668.00, 27720.50, 27663.00, 27668.75, 5250, 4742, 27680.06, 27684.08, 27691.75, 2665, 2585, 0.00, 0.00
2026-7-28, 08:58:41.761000, 27670.00, 27731.75, 27641.75, 27730.00, 5250, 4744, 27693.38, 27701.17, 27686.75, 2652, 2598, 0.00, 0.00
2026-7-28, 09:00:47.936000, 27731.00, 27749.50, 27692.00, 27729.00, 5250, 4767, 27725.38, 27723.50, 27720.75, 2637, 2613, 0.00, 0.00
2026-7-28, 09:03:13.101002, 27729.00, 27775.25, 27695.75, 27773.00, 5250, 4954, 27743.25, 27748.00, 27735.50, 2518, 2732, 0.00, 0.00
2026-7-28, 09:06:08.216000, 27771.00, 27793.50, 27680.00, 27689.00, 5250, 4960, 27733.38, 27720.83, 27736.75, 2790, 2460, 0.00, 0.00
2026-7-28, 09:08:10.048000, 27690.75, 27719.50, 27665.50, 27709.50, 5250, 5021, 27696.31, 27698.17, 27692.50, 2495, 2755, 0.00, 0.00
2026-7-28, 09:10:48.317002, 27709.25, 27731.00, 27647.25, 27653.50, 5250, 5061, 27685.25, 27677.25, 27689.13, 2794, 2456, 0.00, 0.00
2026-7-28, 09:13:27.881000, 27652.75, 27685.50, 27608.75, 27634.75, 5250, 4689, 27645.44, 27643.00, 27647.13, 2677, 2573, 0.00, 0.00
2026-7-28, 09:15:02.639001, 27634.75, 27655.25, 27603.50, 27621.00, 5250, 4915, 27628.63, 27626.58, 27629.38, 2661, 2589, 0.00, 0.00
2026-7-28, 09:17:05.458004, 27621.00, 27647.00, 27607.25, 27634.00, 5250, 4885, 27627.31, 27629.42, 27627.13, 2470, 2780, 27602.25, 0.00
2026-7-28, 09:19:26.895000, 27632.50, 27684.75, 27606.00, 27677.50, 5250, 4784, 27650.19, 27656.08, 27645.38, 2563, 2687, 0.00, 0.00
2026-7-28, 09:22:01.604001, 27677.50, 27697.75, 27618.75, 27697.75, 5250, 4982, 27672.94, 27671.42, 27658.25, 2418, 2832, 0.00, 0.00
2026-7-28, 09:23:59.551000, 27698.00, 27717.50, 27660.00, 27696.25, 5250, 4962, 27692.94, 27691.25, 27688.75, 2535, 2715, 0.00, 0.00
2026-7-28, 09:26:47.698001, 27696.50, 27724.00, 27677.25, 27716.00, 5250, 5016, 27703.44, 27705.75, 27700.63, 2511, 2739, 0.00, 0.00
2026-7-28, 09:30:30.559000, 27715.50, 27728.50, 27669.00, 27711.50, 5250, 4987, 27706.13, 27703.00, 27698.75, 2609, 2641, 0.00, 0.00
2026-7-28, 09:34:06.273000, 27713.25, 27761.75, 27672.25, 27752.00, 5250, 4993, 27724.81, 27728.67, 27717.00, 2441, 2809, 0.00, 0.00
2026-7-28, 09:36:53.776000, 27752.00, 27763.00, 27695.25, 27723.25, 5250, 4990, 27733.38, 27727.17, 27729.13, 2672, 2578, 0.00, 0.00
2026-7-28, 09:40:20.899002, 27723.25, 27783.00, 27717.75, 27781.00, 5250, 4882, 27751.25, 27760.58, 27750.38, 2526, 2724, 0.00, 0.00
2026-7-28, 09:43:25.340014, 27781.00, 27793.00, 27745.50, 27773.50, 5250, 4910, 27773.25, 27770.67, 27769.25, 2587, 2663, 0.00, 0.00
2026-7-28, 09:46:34.383000, 27772.75, 27844.75, 27770.25, 27839.00, 5250, 4618, 27806.69, 27818.00, 27807.50, 2333, 2917, 0.00, 0.00
2026-7-28, 09:48:55.344001, 27839.00, 27882.50, 27834.50, 27880.25, 5250, 4906, 27859.06, 27865.75, 27858.50, 2429, 2821, 0.00, 0.00
2026-7-28, 09:51:30.168000, 27881.50, 27890.00, 27852.00, 27877.25, 5250, 4698, 27875.19, 27873.08, 27871.00, 2668, 2582, 0.00, 0.00
2026-7-28, 09:53:51.497000, 27877.25, 27878.75, 27838.75, 27841.25, 5250, 5039, 27859.00, 27852.92, 27858.75, 2703, 2547, 0.00, 0.00
2026-7-28, 09:56:41.824000, 27841.50, 27850.00, 27797.25, 27812.25, 5250, 4907, 27825.25, 27819.83, 27823.63, 2636, 2614, 0.00, 0.00
2026-7-28, 10:00:08.190000, 27812.25, 27838.00, 27798.75, 27811.50, 5250, 4926, 27815.13, 27816.08, 27818.38, 2511, 2739, 0.00, 0.00
2026-7-28, 10:03:43.082000, 27811.25, 27837.25, 27768.00, 27809.00, 5250, 5055, 27806.38, 27804.75, 27802.63, 2690, 2560, 0.00, 0.00
2026-7-28, 10:07:00.524003, 27808.75, 27869.00, 27779.00, 27862.00, 5250, 5053, 27829.69, 27836.67, 27824.00, 2348, 2902, 0.00, 0.00
2026-7-28, 10:10:08.441000, 27860.75, 27882.00, 27801.25, 27848.25, 5250, 5072, 27848.06, 27843.83, 27841.63, 2627, 2623, 0.00, 0.00
2026-7-28, 10:13:09.024000, 27848.25, 27882.00, 27836.50, 27863.00, 5250, 4952, 27857.44, 27860.50, 27859.25, 2609, 2641, 0.00, 0.00
2026-7-28, 10:17:13.220000, 27862.50, 27948.75, 27849.50, 27941.75, 5250, 4796, 27900.63, 27913.33, 27899.13, 2342, 2908, 0.00, 0.00
2026-7-28, 10:20:21.675003, 27941.75, 27966.00, 27941.25, 27954.00, 5250, 4556, 27950.75, 27953.75, 27953.63, 2678, 2572, 0.00, 0.00
2026-7-28, 10:23:06.421000, 27953.25, 27996.50, 27951.00, 27994.50, 5250, 4676, 27973.81, 27980.67, 27973.75, 2551, 2699, 0.00, 0.00
2026-7-28, 10:26:22.896006, 27994.50, 28010.00, 27963.50, 27964.50, 5250, 4734, 27983.13, 27979.33, 27986.75, 2651, 2599, 0.00, 0.00
2026-7-28, 10:29:16.737003, 27964.50, 27985.75, 27948.75, 27973.25, 5250, 4698, 27968.06, 27969.25, 27967.25, 2738, 2512, 0.00, 0.00
2026-7-28, 10:33:02.129000, 27974.00, 28012.00, 27971.00, 28000.75, 5250, 4685, 27989.44, 27994.58, 27991.50, 2513, 2737, 0.00, 0.00
2026-7-28, 10:37:43.563000, 28001.25, 28019.25, 27989.25, 28016.50, 5250, 5002, 28006.56, 28008.33, 28004.25, 2513, 2737, 0.00, 0.00
2026-7-28, 10:43:21.296000, 28016.75, 28052.50, 28012.00, 28048.00, 5250, 4891, 28032.31, 28037.50, 28032.25, 2338, 2912, 0.00, 0.00
2026-7-28, 10:48:06.216002, 28048.00, 28062.50, 28010.50, 28022.75, 5250, 4947, 28035.94, 28031.92, 28036.50, 2709, 2541, 0.00, 0.00
2026-7-28, 10:52:52.485000, 28023.25, 28057.75, 28015.50, 28056.00, 5250, 4956, 28038.13, 28043.08, 28036.63, 2579, 2671, 0.00, 0.00
2026-7-28, 10:58:03.748003, 28056.00, 28068.75, 28033.50, 28062.50, 5250, 4755, 28055.19, 28054.92, 28051.13, 2602, 2648, 0.00, 0.00
2026-7-28, 11:02:28.196001, 28062.25, 28065.00, 28021.50, 28023.50, 5250, 4964, 28043.06, 28036.67, 28043.25, 2782, 2468, 0.00, 0.00
2026-7-28, 11:07:44.093000, 28024.00, 28028.50, 28005.50, 28015.75, 5250, 4825, 28018.44, 28016.58, 28017.00, 2523, 2727, 0.00, 0.00
2026-7-28, 11:12:26.725000, 28015.75, 28024.00, 27992.25, 28009.50, 5250, 4942, 28010.38, 28008.58, 28008.13, 2711, 2539, 0.00, 0.00
2026-7-28, 11:19:20.233000, 28009.25, 28045.25, 27988.75, 27994.25, 5250, 4757, 28009.38, 28009.42, 28017.00, 2864, 2386, 0.00, 0.00
2026-7-28, 11:24:37.482000, 27994.75, 28009.00, 27953.50, 27960.50, 5250, 4870, 27979.44, 27974.33, 27981.25, 2730, 2520, 0.00, 0.00
2026-7-28, 11:31:30.018001, 27960.50, 28007.75, 27957.50, 28007.75, 5250, 4877, 27983.38, 27991.00, 27982.63, 2448, 2802, 0.00, 0.00
2026-7-28, 11:38:52.125002, 28007.75, 28043.75, 27999.50, 28024.00, 5250, 4789, 28018.75, 28022.42, 28021.63, 2575, 2675, 0.00, 0.00
2026-7-28, 11:44:32.687002, 28024.00, 28044.50, 27993.00, 28044.50, 5250, 4711, 28026.50, 28027.33, 28018.75, 2585, 2665, 0.00, 0.00
2026-7-28, 11:50:49.213000, 28044.50, 28080.00, 28039.00, 28070.50, 5250, 4755, 28058.50, 28063.17, 28059.50, 2540, 2710, 0.00, 0.00
2026-7-28, 11:57:25.708000, 28071.00, 28071.25, 28020.25, 28022.00, 5250, 4877, 28046.13, 28037.83, 28045.75, 2839, 2411, 0.00, 0.00
2026-7-28, 12:04:47.508002, 28022.00, 28031.25, 27982.50, 27987.00, 5250, 4740, 28005.69, 28000.25, 28006.88, 2645, 2605, 0.00, 0.00
2026-7-28, 12:09:48.066000, 27986.50, 28008.50, 27969.00, 27988.00, 5250, 4752, 27988.00, 27988.50, 27988.75, 2483, 2767, 0.00, 0.00
2026-7-28, 12:15:24.866003, 27988.00, 28045.75, 27973.50, 28027.00, 5250, 4772, 28008.56, 28015.42, 28009.63, 2256, 2994, 0.00, 0.00
2026-7-28, 12:21:16.723001, 28027.25, 28028.25, 27975.00, 28002.75, 5250, 4968, 28008.31, 28002.00, 28001.63, 2748, 2502, 0.00, 0.00
2026-7-28, 12:29:51.578006, 28002.75, 28043.50, 27989.00, 28012.00, 5250, 4649, 28011.81, 28014.83, 28016.25, 2427, 2823, 0.00, 0.00
2026-7-28, 12:38:53.206000, 28012.00, 28012.00, 27943.25, 27951.75, 5250, 4571, 27979.75, 27969.00, 27977.63, 2603, 2647, 0.00, 0.00
2026-7-28, 12:45:53.607000, 27951.75, 27987.00, 27939.00, 27948.75, 5250, 4584, 27956.63, 27958.25, 27963.00, 2468, 2782, 0.00, 0.00
2026-7-28, 12:52:52.174000, 27948.50, 27999.50, 27925.00, 27991.50, 5250, 4930, 27966.13, 27972.00, 27962.25, 2531, 2719, 0.00, 0.00
2026-7-28, 13:00:57.563003, 27991.50, 27995.50, 27938.50, 27941.75, 5250, 4756, 27966.81, 27958.58, 27967.00, 2721, 2529, 0.00, 0.00
2026-7-28, 13:09:33.867000, 27942.00, 27949.00, 27914.00, 27935.25, 5250, 4645, 27935.06, 27932.75, 27931.50, 2628, 2622, 0.00, 0.00
2026-7-28, 13:16:13.298000, 27935.50, 27947.75, 27912.50, 27926.00, 5250, 4950, 27930.44, 27928.75, 27930.13, 2694, 2556, 0.00, 0.00
2026-7-28, 13:25:51.918000, 27926.25, 27963.75, 27914.75, 27943.75, 5250, 4894, 27937.13, 27940.75, 27939.25, 2637, 2613, 0.00, 0.00
2026-7-28, 13:34:41.768000, 27944.00, 27957.25, 27921.50, 27946.25, 5250, 4955, 27942.25, 27941.67, 27939.38, 2683, 2567, 0.00, 0.00
2026-7-28, 13:45:53.514001, 27947.00, 27978.00, 27938.75, 27945.25, 5250, 4798, 27952.25, 27954.00, 27958.38, 2734, 2516, 0.00, 0.00
2026-7-28, 13:55:13.870000, 27945.75, 28013.25, 27944.00, 28012.00, 5250, 4872, 27978.75, 27989.75, 27978.63, 2564, 2686, 0.00, 0.00
2026-7-28, 14:03:39.015000, 28011.75, 28021.75, 27974.75, 27988.00, 5250, 4896, 27999.06, 27994.83, 27998.25, 2875, 2375, 0.00, 0.00
2026-7-28, 14:10:33.999000, 27988.00, 27995.25, 27965.25, 27987.50, 5250, 4968, 27984.00, 27982.67, 27980.25, 2788, 2462, 0.00, 0.00
2026-7-28, 14:20:22.164000, 27987.00, 28020.75, 27982.75, 27990.75, 5250, 4808, 27995.31, 27998.08, 28001.75, 2843, 2407, 0.00, 0.00
2026-7-28, 14:28:06.801000, 27991.25, 28023.75, 27990.00, 28002.50, 5250, 4752, 28001.88, 28005.42, 28006.88, 2823, 2427, 0.00, 0.00
2026-7-28, 14:34:52.975000, 28003.25, 28005.00, 27941.50, 27950.25, 5250, 4917, 27975.00, 27965.58, 27973.25, 2930, 2320, 0.00, 0.00
2026-7-28, 14:41:19.468001, 27950.75, 27962.00, 27929.00, 27948.00, 5250, 4972, 27947.44, 27946.33, 27945.50, 2916, 2334, 0.00, 0.00
2026-7-28, 14:48:38.627000, 27948.75, 27971.00, 27934.75, 27969.50, 5250, 4914, 27956.00, 27958.42, 27952.88, 2646, 2604, 0.00, 0.00
2026-7-28, 14:54:19.069000, 27969.25, 27988.25, 27931.75, 27943.00, 5250, 4787, 27958.06, 27954.33, 27960.00, 2750, 2500, 0.00, 0.00
2026-7-28, 14:56:54.767001, 27943.00, 27945.00, 27927.75, 27929.75, 5250, 4681, 27936.38, 27934.17, 27936.38, 2757, 2493, 0.00, 0.00
2026-7-28, 14:59:33.490000, 27929.75, 27933.25, 27911.00, 27923.25, 5250, 4585, 27924.31, 27922.50, 27922.13, 2656, 2594, 0.00, 0.00
2026-7-28, 15:00:01.239000, 27922.25, 27955.00, 27912.50, 27922.00, 5250, 4465, 27927.94, 27929.83, 27933.75, 2667, 2583, 27907.50, 0.00
2026-7-28, 15:04:45.524001, 27922.00, 27967.75, 27884.25, 27913.75, 5250, 4861, 27921.94, 27921.92, 27926.00, 2830, 2420, 0.00, 0.00
2026-7-28, 15:11:56.934001, 27913.50, 27991.25, 27910.75, 27977.25, 5250, 4696, 27948.19, 27959.75, 27951.00, 2394, 2856, 0.00, 0.00
2026-7-28, 15:30:33.740003, 27977.00, 27986.50, 27935.75, 27973.50, 5250, 4678, 27968.19, 27965.25, 27961.13, 2487, 2763, 0.00, 0.00
2026-7-28, 17:02:46.099001, 27973.50, 28013.25, 27883.25, 27894.25, 5250, 4729, 27941.06, 27930.25, 27948.25, 2829, 2421, 0.00, 0.00
2026-7-28, 17:34:58.705000, 27895.25, 27910.75, 27783.50, 27799.00, 5250, 4767, 27847.13, 27831.08, 27847.13, 2806, 2444, 0.00, 0.00
2026-7-28, 17:55:26.822000, 27799.00, 27810.25, 27728.50, 27759.25, 5250, 4821, 27774.25, 27766.00, 27769.38, 2818, 2432, 0.00, 0.00
2026-7-28, 18:10:27.233000, 27759.25, 27910.00, 27746.00, 27903.00, 5250, 4779, 27829.56, 27853.00, 27828.00, 2346, 2904, 0.00, 0.00
2026-7-28, 18:32:00.779016, 27903.00, 28050.50, 27889.75, 28047.75, 5250, 4782, 27972.75, 27996.00, 27970.13, 2338, 2912, 0.00, 0.00
2026-7-28, 18:49:39.943001, 28047.75, 28127.50, 28046.00, 28125.50, 5250, 4645, 28086.69, 28099.67, 28086.75, 2395, 2855, 0.00, 0.00
2026-7-28, 19:01:27.618002, 28125.50, 28178.25, 28109.75, 28129.25, 5250, 4968, 28135.69, 28139.08, 28144.00, 2597, 2653, 0.00, 0.00
2026-7-28, 19:18:48.277000, 28128.00, 28161.50, 28018.00, 28064.25, 5250, 4925, 28092.94, 28081.25, 28089.75, 2683, 2567, 0.00, 0.00
2026-7-28, 19:38:23.651000, 28061.75, 28085.00, 27942.50, 27946.00, 5250, 4960, 28008.81, 27991.17, 28013.75, 2743, 2507, 0.00, 0.00
2026-7-28, 20:12:21.591001, 27945.00, 28007.00, 27896.25, 27981.00, 5250, 4710, 27957.31, 27961.42, 27951.63, 2628, 2622, 0.00, 0.00
2026-7-28, 20:32:57.330001, 27980.75, 27980.75, 27808.50, 27816.25, 5250, 4713, 27896.56, 27868.50, 27894.63, 2833, 2417, 0.00, 0.00
2026-7-28, 20:56:00.045000, 27814.50, 27867.75, 27770.25, 27866.25, 5250, 4373, 27829.69, 27834.75, 27819.00, 2683, 2567, 0.00, 0.00
2026-7-28, 21:12:20.112001, 27866.00, 27912.75, 27796.00, 27895.00, 5250, 4833, 27867.44, 27867.92, 27854.38, 2491, 2759, 0.00, 0.00
2026-7-28, 21:41:13.006000, 27895.25, 27905.75, 27788.00, 27827.50, 5250, 4625, 27854.13, 27840.42, 27846.88, 2601, 2649, 0.00, 0.00
2026-7-28, 22:17:39.768000, 27827.25, 27839.75, 27723.25, 27725.00, 5250, 4652, 27778.81, 27762.67, 27781.50, 2856, 2394, 0.00, 0.00
2026-7-28, 22:51:52.930000, 27724.75, 27727.50, 27648.00, 27662.75, 5250, 4726, 27690.75, 27679.42, 27687.75, 2789, 2461, 0.00, 0.00
2026-7-28, 23:20:48.811000, 27661.00, 27730.00, 27640.00, 27730.00, 5250, 4902, 27690.25, 27700.00, 27685.00, 2425, 2825, 0.00, 0.00
2026-7-28, 23:53:23.523000, 27730.00, 27834.75, 27717.25, 27784.75, 5250, 4731, 27766.69, 27778.92, 27776.00, 2562, 2688, 0.00, 0.00
2026-7-29, 00:19:53.454003, 27784.75, 27852.75, 27773.25, 27823.00, 5250, 4803, 27808.44, 27816.33, 27813.00, 2687, 2563, 0.00, 0.00
2026-7-29, 00:55:28.450001, 27823.00, 27834.00, 27736.25, 27828.00, 5250, 4830, 27805.31, 27799.42, 27785.13, 2479, 2771, 0.00, 0.00
2026-7-29, 01:30:28.149003, 27828.00, 27945.50, 27826.75, 27931.50, 5250, 4733, 27882.94, 27901.25, 27886.13, 2570, 2680, 0.00, 0.00
2026-7-29, 02:00:22.704000, 27931.50, 27962.00, 27895.75, 27948.50, 5250, 4758, 27934.44, 27935.42, 27928.88, 2653, 2597, 0.00, 0.00
2026-7-29, 02:35:21.404000, 27947.25, 27962.75, 27854.00, 27872.75, 5250, 4695, 27909.19, 27896.50, 27908.38, 2803, 2447, 0.00, 0.00
2026-7-29, 03:16:42.632002, 27872.50, 27939.25, 27820.00, 27902.25, 5250, 4756, 27883.50, 27887.17, 27879.63, 2673, 2577, 0.00, 0.00
2026-7-29, 04:00:18.153000, 27901.50, 28012.50, 27901.00, 28008.00, 5250, 4766, 27955.75, 27973.83, 27956.75, 2429, 2821, 0.00, 0.00
2026-7-29, 04:43:24.552001, 28008.00, 28060.00, 27996.50, 28014.50, 5250, 4820, 28019.75, 28023.67, 28028.25, 2555, 2695, 0.00, 0.00
2026-7-29, 05:16:42.488000, 28014.50, 28024.50, 27931.50, 27943.50, 5250, 4832, 27978.50, 27966.50, 27978.00, 2799, 2451, 0.00, 0.00
2026-7-29, 05:56:15.212000, 27943.25, 28023.75, 27934.50, 28004.75, 5250, 4909, 27976.56, 27987.67, 27979.13, 2470, 2780, 0.00, 0.00
2026-7-29, 06:30:52.937001, 28004.75, 28008.00, 27951.25, 27968.75, 5250, 4937, 27983.19, 27976.00, 27979.63, 2554, 2696, 0.00, 0.00
2026-7-29, 07:11:24.984000, 27968.00, 27978.50, 27852.75, 27890.75, 5250, 4958, 27922.50, 27907.33, 27915.63, 2831, 2419, 0.00, 0.00
2026-7-29, 07:23:56.548000, 27889.75, 27929.25, 27844.25, 27921.25, 5250, 4962, 27896.13, 27898.25, 27886.75, 2460, 2790, 0.00, 0.00
2026-7-29, 07:51:57.794002, 27921.25, 27933.25, 27869.50, 27883.00, 5250, 4930, 27901.75, 27895.25, 27901.38, 2608, 2642, 0.00, 0.00
2026-7-29, 08:16:00.645004, 27883.00, 27942.50, 27856.00, 27918.75, 5250, 4478, 27900.06, 27905.75, 27899.25, 2551, 2699, 0.00, 0.00
2026-7-29, 08:28:43.513000, 27918.50, 27926.75, 27904.50, 27914.00, 1027, 972, 27915.94, 27915.08, 27915.63, 497, 530, 0.00, 0.00
2026-7-29, 08:30:00.000000, 27914.50, 27950.00, 27860.50, 27881.00, 5250, 5071, 27901.50, 27897.17, 27905.25, 2753, 2497, 0.00, 0.00
2026-7-29, 08:31:05.553000, 27881.50, 27907.75, 27836.50, 27901.00, 5250, 4948, 27881.69, 27881.75, 27872.13, 2717, 2533, 0.00, 0.00
2026-7-29, 08:32:59.880014, 27901.00, 27983.75, 27891.25, 27972.25, 5250, 4890, 27937.06, 27949.08, 27937.50, 2492, 2758, 0.00, 0.00
2026-7-29, 08:34:33.914002, 27972.25, 27996.00, 27924.50, 27940.25, 5250, 4809, 27958.25, 27953.58, 27960.25, 2760, 2490, 0.00, 0.00
2026-7-29, 08:36:43.221004, 27940.00, 27945.50, 27867.25, 27880.75, 5250, 4981, 27908.38, 27897.83, 27906.38, 2763, 2487, 0.00, 0.00
2026-7-29, 08:39:17.168001, 27880.75, 27907.75, 27858.00, 27899.00, 5250, 5059, 27886.38, 27888.25, 27882.88, 2622, 2628, 0.00, 0.00
2026-7-29, 08:42:10.646003, 27899.25, 27948.00, 27865.50, 27922.25, 5250, 4957, 27908.75, 27911.92, 27906.75, 2522, 2728, 0.00, 0.00
2026-7-29, 08:45:20.068001, 27922.50, 27926.00, 27816.75, 27835.75, 5250, 4866, 27875.25, 27859.50, 27871.38, 2826, 2424, 0.00, 0.00
2026-7-29, 08:47:58.136000, 27836.25, 27862.25, 27785.75, 27789.75, 5250, 5043, 27818.50, 27812.58, 27824.00, 2882, 2368, 0.00, 0.00
2026-7-29, 08:51:02.071000, 27790.25, 27791.50, 27721.75, 27744.50, 5250, 5030, 27762.00, 27752.58, 27756.63, 2617, 2633, 27716.75, 0.00
2026-7-29, 08:53:22.854000, 27744.00, 27780.25, 27698.50, 27711.25, 5250, 4962, 27733.50, 27730.00, 27739.38, 2592, 2658, 0.00, 0.00
2026-7-29, 08:55:41.238002, 27711.00, 27718.25, 27667.75, 27714.75, 5250, 5031, 27702.94, 27700.25, 27693.00, 2678, 2572, 0.00, 0.00
2026-7-29, 08:58:17.639000, 27715.00, 27770.00, 27707.25, 27763.25, 5250, 4928, 27738.88, 27746.83, 27738.63, 2507, 2743, 0.00, 0.00
2026-7-29, 09:00:24.193004, 27763.25, 27774.00, 27734.00, 27754.75, 5250, 4875, 27756.50, 27754.25, 27754.00, 2554, 2696, 0.00, 0.00
2026-7-29, 09:02:33.004000, 27753.50, 27800.00, 27748.50, 27794.50, 5250, 5075, 27774.13, 27781.00, 27774.25, 2430, 2820, 0.00, 0.00
2026-7-29, 09:05:06.185000, 27794.75, 27826.50, 27717.25, 27736.00, 5250, 4979, 27768.63, 27759.92, 27771.88, 2634, 2616, 0.00, 0.00
2026-7-29, 09:07:20.772000, 27736.25, 27758.50, 27700.25, 27707.75, 5250, 5067, 27725.69, 27722.17, 27729.38, 2686, 2564, 0.00, 0.00
2026-7-29, 09:10:27.803001, 27707.75, 27747.50, 27659.00, 27663.50, 5250, 4988, 27694.44, 27690.00, 27703.25, 2804, 2446, 0.00, 0.00
2026-7-29, 09:13:03.264000, 27663.25, 27671.50, 27635.75, 27655.25, 5250, 4981, 27656.44, 27654.17, 27653.63, 2608, 2642, 0.00, 0.00
2026-7-29, 09:15:21.225000, 27655.25, 27682.25, 27643.50, 27658.00, 5250, 5009, 27659.75, 27661.25, 27662.88, 2597, 2653, 0.00, 0.00
2026-7-29, 09:18:15.430000, 27658.75, 27690.00, 27649.75, 27679.50, 5250, 4888, 27669.50, 27673.08, 27669.88, 2592, 2658, 0.00, 0.00
2026-7-29, 09:21:30.057001, 27679.25, 27695.75, 27607.00, 27621.00, 5250, 4781, 27650.75, 27641.25, 27651.38, 2842, 2408, 0.00, 0.00
2026-7-29, 09:24:43.215002, 27620.75, 27623.50, 27538.75, 27544.50, 5250, 4857, 27581.88, 27568.92, 27581.13, 2899, 2351, 0.00, 0.00
2026-7-29, 09:26:34.884000, 27543.75, 27590.75, 27539.50, 27579.50, 5250, 4892, 27563.38, 27569.92, 27565.13, 2432, 2818, 27534.50, 0.00
2026-7-29, 09:29:17.759000, 27579.25, 27633.50, 27565.75, 27626.75, 5250, 4924, 27601.31, 27608.67, 27599.63, 2472, 2778, 0.00, 0.00
2026-7-29, 09:32:23.163000, 27626.75, 27652.25, 27594.00, 27605.50, 5250, 4853, 27619.63, 27617.25, 27623.13, 2718, 2532, 0.00, 0.00
2026-7-29, 09:35:23.038002, 27605.75, 27624.50, 27575.00, 27592.50, 5250, 4931, 27599.44, 27597.33, 27599.75, 2650, 2600, 0.00, 0.00
2026-7-29, 09:39:09.173000, 27595.00, 27603.25, 27521.75, 27557.50, 5250, 4815, 27569.38, 27560.83, 27562.50, 2815, 2435, 0.00, 0.00
2026-7-29, 09:41:40.865000, 27557.00, 27557.00, 27510.00, 27540.75, 5250, 4906, 27541.19, 27535.92, 27533.50, 2665, 2585, 0.00, 0.00
2026-7-29, 09:45:01.786000, 27541.50, 27575.25, 27518.25, 27532.75, 5250, 4987, 27541.94, 27542.08, 27546.75, 2629, 2621, 27513.25, 0.00
2026-7-29, 09:48:38.732000, 27532.50, 27590.75, 27520.75, 27568.75, 5250, 4965, 27553.19, 27560.08, 27555.75, 2569, 2681, 0.00, 0.00
2026-7-29, 09:51:59.775001, 27569.50, 27615.75, 27568.00, 27590.25, 5250, 4907, 27585.88, 27591.33, 27591.88, 2578, 2672, 0.00, 0.00
2026-7-29, 09:55:45.470000, 27590.25, 27614.75, 27551.25, 27606.00, 5250, 4879, 27590.56, 27590.67, 27583.00, 2558, 2692, 0.00, 0.00
2026-7-29, 09:59:31.114004, 27606.00, 27641.50, 27581.00, 27633.00, 5250, 4908, 27615.38, 27618.50, 27611.25, 2497, 2753, 0.00, 0.00
2026-7-29, 10:02:38.250000, 27633.00, 27647.25, 27590.50, 27597.00, 5250, 5098, 27616.94, 27611.58, 27618.88, 2715, 2535, 0.00, 0.00
2026-7-29, 10:05:36.418000, 27597.75, 27657.50, 27596.75, 27632.75, 5250, 4975, 27621.19, 27629.00, 27627.13, 2505, 2745, 0.00, 0.00
2026-7-29, 10:08:56.188000, 27634.50, 27650.25, 27565.75, 27589.00, 5250, 4956, 27609.88, 27601.67, 27608.00, 2776, 2474, 0.00, 0.00
2026-7-29, 10:12:33.875000, 27588.25, 27619.75, 27564.00, 27611.50, 5250, 5006, 27595.88, 27598.42, 27591.88, 2624, 2626, 0.00, 0.00
2026-7-29, 10:17:00.725002, 27611.50, 27625.00, 27547.00, 27565.00, 5250, 4996, 27587.13, 27579.00, 27586.00, 2605, 2645, 0.00, 0.00
2026-7-29, 10:21:02.679000, 27562.75, 27617.50, 27554.50, 27609.25, 5250, 5057, 27586.00, 27593.75, 27586.00, 2556, 2694, 0.00, 0.00
2026-7-29, 10:26:17.021000, 27609.25, 27609.50, 27540.00, 27545.25, 5250, 4946, 27576.00, 27564.92, 27574.75, 2606, 2644, 0.00, 0.00
2026-7-29, 10:31:24.621001, 27545.25, 27596.75, 27544.75, 27570.00, 5250, 4934, 27564.19, 27570.50, 27570.75, 2548, 2702, 0.00, 0.00
2026-7-29, 10:37:20.931001, 27570.00, 27590.75, 27518.00, 27522.50, 5250, 4870, 27550.31, 27543.75, 27554.38, 2690, 2560, 0.00, 0.00
2026-7-29, 10:44:00.156000, 27521.50, 27566.50, 27519.00, 27551.75, 5250, 5020, 27539.69, 27545.75, 27542.75, 2509, 2741, 0.00, 0.00
2026-7-29, 10:51:02.704000, 27552.00, 27562.25, 27481.00, 27481.00, 5250, 4740, 27519.06, 27508.08, 27521.63, 3071, 2179, 0.00, 0.00
2026-7-29, 10:55:13.331000, 27480.75, 27521.50, 27464.50, 27518.75, 5250, 4886, 27496.38, 27501.58, 27493.00, 2487, 2763, 0.00, 0.00
2026-7-29, 10:59:59.092000, 27518.75, 27542.00, 27458.75, 27460.00, 5250, 4917, 27494.88, 27486.92, 27500.38, 2804, 2446, 0.00, 0.00
2026-7-29, 11:04:18.324001, 27459.25, 27463.00, 27426.00, 27455.25, 5250, 4771, 27450.88, 27448.08, 27444.50, 2602, 2648, 0.00, 0.00
2026-7-29, 11:08:14.479006, 27455.25, 27466.75, 27409.25, 27412.25, 5250, 4851, 27435.88, 27429.42, 27438.00, 2710, 2540, 0.00, 0.00
2026-7-29, 11:15:07.181000, 27412.75, 27470.00, 27411.00, 27470.00, 5250, 4881, 27440.94, 27450.33, 27440.50, 2477, 2773, 0.00, 0.00
2026-7-29, 11:21:05.077000, 27467.75, 27535.25, 27460.25, 27533.00, 5250, 4753, 27499.06, 27509.50, 27497.75, 2523, 2727, 0.00, 0.00
2026-7-29, 11:25:40.615000, 27532.75, 27586.00, 27517.50, 27583.75, 5250, 4675, 27555.00, 27562.42, 27551.75, 2667, 2583, 0.00, 0.00
2026-7-29, 11:30:43.683000, 27583.50, 27584.75, 27513.00, 27517.00, 5250, 4636, 27549.56, 27538.25, 27548.88, 2891, 2359, 0.00, 0.00
2026-7-29, 11:35:35.994000, 27517.75, 27539.25, 27495.50, 27519.75, 5250, 4928, 27518.06, 27518.17, 27517.38, 2686, 2564, 0.00, 0.00
2026-7-29, 11:42:02.101000, 27520.00, 27536.75, 27485.25, 27526.50, 5250, 4940, 27517.13, 27516.17, 27511.00, 2650, 2600, 0.00, 0.00
2026-7-29, 11:48:44.184003, 27526.75, 27575.50, 27521.50, 27562.00, 5250, 4894, 27546.44, 27553.00, 27548.50, 2625, 2625, 0.00, 0.00
2026-7-29, 11:54:56.924001, 27562.00, 27614.50, 27556.00, 27601.25, 5250, 4732, 27583.44, 27590.58, 27585.25, 2529, 2721, 0.00, 0.00
2026-7-29, 12:00:28.963008, 27601.50, 27665.00, 27595.25, 27640.00, 5250, 4790, 27625.44, 27633.42, 27630.13, 2637, 2613, 0.00, 0.00
2026-7-29, 12:05:44.588008, 27640.00, 27689.75, 27634.25, 27686.00, 5250, 4572, 27662.50, 27670.00, 27662.00, 2671, 2579, 0.00, 0.00
2026-7-29, 12:11:21.023000, 27687.25, 27739.75, 27673.00, 27722.25, 5250, 4708, 27705.56, 27711.67, 27706.38, 2714, 2536, 0.00, 0.00
2026-7-29, 12:15:47.610000, 27721.75, 27734.50, 27709.00, 27727.25, 5250, 4527, 27723.13, 27723.58, 27721.75, 2901, 2349, 0.00, 0.00
2026-7-29, 12:21:09.762001, 27727.25, 27750.00, 27678.75, 27688.75, 5250, 4994, 27711.19, 27705.83, 27714.38, 2902, 2348, 0.00, 0.00
2026-7-29, 12:26:39.963000, 27688.75, 27702.50, 27629.50, 27678.50, 5250, 4925, 27674.81, 27670.17, 27666.00, 2754, 2496, 0.00, 0.00
2026-7-29, 12:33:08.637001, 27678.75, 27695.00, 27638.50, 27671.25, 5250, 5050, 27670.88, 27668.25, 27666.75, 2666, 2584, 0.00, 0.00
2026-7-29, 12:41:37.462000, 27672.25, 27708.25, 27651.25, 27707.00, 5250, 4957, 27684.69, 27688.83, 27679.75, 2558, 2692, 0.00, 0.00
2026-7-29, 12:51:04.568002, 27707.25, 27727.75, 27677.75, 27719.50, 5250, 4553, 27708.06, 27708.33, 27702.75, 2887, 2363, 0.00, 0.00
2026-7-29, 12:59:40.351000, 27719.50, 27857.00, 27713.50, 27828.75, 5250, 4160, 27779.69, 27799.75, 27785.25, 2054, 3196, 0.00, 0.00
2026-7-29, 13:00:54.230000, 27829.75, 27887.50, 27810.00, 27887.50, 5250, 4556, 27853.69, 27861.67, 27848.75, 2223, 3027, 0.00, 0.00
2026-7-29, 13:02:40.420000, 27886.25, 27888.50, 27778.75, 27795.00, 5250, 4844, 27837.13, 27820.75, 27833.63, 2841, 2409, 0.00, 27893.50
2026-7-29, 13:05:25.596001, 27794.75, 27886.25, 27791.25, 27868.00, 5250, 4901, 27835.06, 27848.50, 27838.75, 2582, 2668, 0.00, 0.00
2026-7-29, 13:07:28.205006, 27868.00, 27885.00, 27824.50, 27845.75, 5250, 5048, 27855.81, 27851.75, 27854.75, 2625, 2625, 0.00, 0.00
2026-7-29, 13:11:02.333000, 27846.25, 27863.25, 27783.75, 27792.75, 5250, 5064, 27821.50, 27813.25, 27823.50, 2700, 2550, 0.00, 0.00
2026-7-29, 13:14:39.464000, 27790.50, 27843.50, 27772.00, 27775.00, 5250, 4908, 27795.25, 27796.83, 27807.75, 2564, 2686, 0.00, 0.00
2026-7-29, 13:18:19.117000, 27777.25, 27778.75, 27731.75, 27733.50, 5250, 4863, 27755.31, 27748.00, 27755.25, 2632, 2618, 0.00, 0.00
2026-7-29, 13:22:26.512000, 27733.75, 27766.50, 27727.50, 27748.00, 5250, 4980, 27743.94, 27747.33, 27747.00, 2513, 2737, 0.00, 0.00
2026-7-29, 13:28:01.095000, 27748.75, 27820.00, 27735.50, 27758.00, 5250, 4815, 27765.56, 27771.17, 27777.75, 2644, 2606, 0.00, 0.00
2026-7-29, 13:32:00.671002, 27758.00, 27783.50, 27709.00, 27729.50, 5250, 4876, 27745.00, 27740.67, 27746.25, 2665, 2585, 0.00, 0.00
2026-7-29, 13:35:41.007001, 27729.50, 27878.75, 27726.00, 27877.00, 5250, 4800, 27802.81, 27827.25, 27802.38, 2451, 2799, 0.00, 0.00
2026-7-29, 13:38:44.112000, 27877.25, 27940.00, 27838.00, 27940.00, 5250, 4666, 27898.81, 27906.00, 27889.00, 2244, 3006, 0.00, 0.00
2026-7-29, 13:41:12.691000, 27940.00, 27953.50, 27898.50, 27944.50, 5250, 4919, 27934.13, 27932.17, 27926.00, 2596, 2654, 0.00, 0.00
2026-7-29, 13:43:49.225000, 27946.50, 28003.00, 27943.50, 28003.00, 5250, 4839, 27974.00, 27983.17, 27973.25, 2489, 2761, 0.00, 0.00
2026-7-29, 13:46:32.271000, 28004.00, 28050.50, 27982.75, 28012.50, 5250, 4637, 28012.44, 28015.25, 28016.63, 2757, 2493, 0.00, 0.00
2026-7-29, 13:49:06.441001, 28012.75, 28054.75, 28000.50, 28047.25, 5250, 4960, 28028.81, 28034.17, 28027.63, 2601, 2649, 0.00, 0.00
2026-7-29, 13:53:00.422000, 28047.25, 28096.75, 28046.75, 28058.25, 5250, 4828, 28062.25, 28067.25, 28071.75, 2617, 2633, 0.00, 0.00
2026-7-29, 13:56:24.235003, 28058.25, 28074.00, 28021.00, 28058.50, 5250, 4919, 28052.94, 28051.17, 28047.50, 2684, 2566, 0.00, 0.00
2026-7-29, 14:00:00.337000, 28059.25, 28099.50, 28023.25, 28068.75, 5250, 4931, 28062.69, 28063.83, 28061.38, 2611, 2639, 0.00, 0.00
2026-7-29, 14:02:46.473003, 28068.75, 28070.50, 27967.00, 27979.25, 5250, 4951, 28021.38, 28005.58, 28018.75, 2776, 2474, 0.00, 0.00
2026-7-29, 14:05:33.825002, 27979.50, 27991.50, 27910.00, 27936.00, 5250, 4982, 27954.25, 27945.83, 27950.75, 2837, 2413, 0.00, 0.00
2026-7-29, 14:08:28.390000, 27936.00, 27940.75, 27839.50, 27841.00, 5250, 4858, 27889.31, 27873.75, 27890.13, 2833, 2417, 0.00, 0.00
2026-7-29, 14:10:55.217000, 27840.50, 27928.50, 27840.50, 27918.50, 5250, 4898, 27882.00, 27895.83, 27884.50, 2419, 2831, 27835.50, 0.00
2026-7-29, 14:13:25.971000, 27918.25, 27938.00, 27875.50, 27878.00, 5250, 4977, 27902.44, 27897.17, 27906.75, 2786, 2464, 0.00, 0.00
2026-7-29, 14:17:10.879000, 27878.25, 27887.50, 27794.00, 27797.25, 5250, 4945, 27839.25, 27826.25, 27840.75, 2779, 2471, 0.00, 0.00
2026-7-29, 14:20:10.076000, 27798.50, 27801.25, 27721.25, 27725.00, 5250, 4921, 27761.50, 27749.17, 27761.25, 2820, 2430, 0.00, 0.00
2026-7-29, 14:22:06.442000, 27724.25, 27745.00, 27680.00, 27722.75, 5250, 4934, 27718.00, 27715.92, 27712.50, 2823, 2427, 0.00, 0.00
2026-7-29, 14:24:38.171001, 27722.75, 27724.25, 27640.75, 27657.50, 5250, 4860, 27686.31, 27674.17, 27682.50, 2636, 2614, 0.00, 0.00
2026-7-29, 14:27:15.129000, 27657.75, 27720.50, 27657.75, 27705.00, 5250, 4905, 27685.25, 27694.42, 27689.13, 2519, 2731, 0.00, 0.00
2026-7-29, 14:30:02.255003, 27705.00, 27744.00, 27664.00, 27671.75, 5250, 5078, 27696.19, 27693.25, 27704.00, 2690, 2560, 0.00, 0.00
2026-7-29, 14:32:55.043000, 27673.75, 27685.25, 27572.00, 27599.00, 5250, 4896, 27632.50, 27618.75, 27628.63, 2723, 2527, 0.00, 0.00
2026-7-29, 14:35:17.835000, 27598.00, 27630.75, 27564.00, 27566.25, 5250, 4946, 27589.75, 27587.00, 27597.38, 2713, 2537, 0.00, 0.00
2026-7-29, 14:38:04.871000, 27565.50, 27567.25, 27472.00, 27476.00, 5250, 4730, 27520.19, 27505.08, 27519.63, 2816, 2434, 0.00, 0.00
2026-7-29, 14:40:13.803002, 27476.00, 27542.00, 27474.50, 27511.75, 5250, 4911, 27501.06, 27509.42, 27508.25, 2458, 2792, 27469.50, 0.00
2026-7-29, 14:42:27.914001, 27511.75, 27520.25, 27458.75, 27475.00, 5250, 4962, 27491.44, 27484.67, 27489.50, 2728, 2522, 0.00, 0.00
2026-7-29, 14:45:06.832000, 27472.75, 27488.50, 27440.75, 27446.25, 5250, 5002, 27462.06, 27458.50, 27464.63, 2587, 2663, 0.00, 0.00
2026-7-29, 14:47:17.545000, 27445.75, 27511.50, 27421.00, 27511.50, 5250, 4874, 27472.44, 27481.33, 27466.25, 2490, 2760, 0.00, 0.00
2026-7-29, 14:49:50.831023, 27511.50, 27512.25, 27423.00, 27431.75, 5250, 5034, 27469.63, 27455.67, 27467.63, 2835, 2415, 0.00, 0.00
2026-7-29, 14:52:06.049000, 27432.25, 27447.50, 27394.00, 27445.50, 5250, 4787, 27429.81, 27429.00, 27420.75, 2739, 2511, 0.00, 0.00
2026-7-29, 14:54:11.980000, 27445.25, 27449.00, 27364.75, 27377.00, 5250, 5009, 27409.00, 27396.92, 27406.88, 2853, 2397, 0.00, 0.00
2026-7-29, 14:56:08.314000, 27376.50, 27392.00, 27335.25, 27337.25, 5250, 4818, 27360.25, 27354.83, 27363.63, 2669, 2581, 27330.25, 0.00
2026-7-29, 14:58:17.842000, 27337.50, 27346.75, 27317.50, 27327.50, 5250, 4763, 27332.31, 27330.58, 27332.13, 2586, 2664, 27312.50, 0.00
2026-7-29, 14:59:33.028000, 27327.25, 27359.50, 27326.00, 27359.00, 5250, 4569, 27342.94, 27348.17, 27342.75, 2682, 2568, 0.00, 0.00
2026-7-29, 14:59:57.006002, 27358.00, 27370.75, 27303.50, 27304.25, 5250, 4695, 27334.13, 27326.17, 27337.13, 2680, 2570, 0.00, 0.00
2026-7-29, 15:00:28.000000, 27306.75, 27352.00, 27270.00, 27304.00, 5250, 4501, 27308.19, 27308.67, 27311.00, 2646, 2604, 27265.00, 0.00
2026-7-29, 15:01:45.448005, 27304.00, 27304.00, 27225.50, 27263.25, 5250, 4653, 27274.19, 27264.25, 27264.75, 2784, 2466, 0.00, 0.00
2026-7-29, 15:03:47.166000, 27264.50, 27341.00, 27201.50, 27341.00, 5250, 4518, 27287.00, 27294.50, 27271.25, 2478, 2772, 0.00, 0.00
2026-7-29, 15:06:15.388019, 27341.25, 27364.00, 27231.75, 27238.50, 5250, 4547, 27293.88, 27278.08, 27297.88, 2597, 2653, 0.00, 0.00
2026-7-29, 15:11:19.120000, 27238.50, 27338.75, 27235.75, 27314.50, 5250, 4616, 27281.88, 27296.33, 27287.25, 2502, 2748, 0.00, 0.00
2026-7-29, 15:17:19.921000, 27314.50, 27318.50, 27207.00, 27217.75, 5250, 4624, 27264.44, 27247.75, 27262.75, 2595, 2655, 0.00, 0.00
2026-7-29, 15:31:03.092000, 27218.50, 27331.25, 27214.50, 27296.75, 5250, 4590, 27265.25, 27280.83, 27272.88, 2543, 2707, 0.00, 0.00
2026-7-29, 15:48:40.462000, 27296.25, 27378.25, 27202.00, 27373.25, 5250, 4474, 27312.44, 27317.83, 27290.13, 2532, 2718, 0.00, 0.00
2026-7-29, 17:05:30.070000, 27375.50, 27489.50, 27371.50, 27441.00, 5250, 4551, 27419.38, 27434.00, 27430.50, 2617, 2633, 0.00, 0.00
2026-7-29, 17:14:58.345000, 27442.25, 27484.00, 27395.50, 27438.75, 5250, 4732, 27440.13, 27439.42, 27439.75, 2860, 2390, 0.00, 0.00
2026-7-29, 17:35:51.757005, 27438.75, 27487.75, 27418.75, 27487.75, 5250, 4813, 27458.25, 27464.75, 27453.25, 2511, 2739, 0.00, 0.00
2026-7-29, 18:08:44.133003, 27487.75, 27550.00, 27456.50, 27550.00, 5250, 4825, 27511.06, 27518.83, 27503.25, 2443, 2807, 0.00, 0.00
2026-7-29, 18:31:27.514003, 27550.00, 27559.25, 27495.25, 27540.75, 5250, 4977, 27536.31, 27531.75, 27527.25, 2668, 2582, 0.00, 0.00
2026-7-29, 18:56:18.731000, 27538.75, 27600.00, 27472.25, 27585.25, 5250, 4898, 27549.06, 27552.50, 27536.13, 2518, 2732, 0.00, 0.00
2026-7-29, 19:11:46.522000, 27584.25, 27611.00, 27550.50, 27572.75, 5250, 4931, 27579.63, 27578.08, 27580.75, 2622, 2628, 0.00, 0.00
2026-7-29, 19:32:44.755000, 27572.50, 27577.00, 27489.75, 27538.25, 5250, 4875, 27544.38, 27535.00, 27533.38, 2820, 2430, 0.00, 0.00
2026-7-29, 19:53:04.138000, 27539.25, 27664.25, 27510.25, 27592.00, 5250, 4794, 27576.44, 27588.83, 27587.25, 2557, 2693, 0.00, 0.00
2026-7-29, 20:10:31.194000, 27592.00, 27685.00, 27565.00, 27680.25, 5250, 4857, 27630.56, 27643.42, 27625.00, 2454, 2796, 0.00, 0.00
2026-7-29, 20:37:10.688000, 27681.00, 27696.75, 27633.00, 27638.25, 5250, 4747, 27662.25, 27656.00, 27664.88, 2609, 2641, 0.00, 0.00
2026-7-29, 21:05:35.772001, 27638.50, 27673.25, 27565.50, 27568.50, 5250, 4740, 27611.44, 27602.42, 27619.38, 2724, 2526, 0.00, 0.00
2026-7-29, 21:40:11.879000, 27567.50, 27631.00, 27502.50, 27502.50, 5250, 4921, 27550.88, 27545.33, 27566.75, 2770, 2480, 0.00, 0.00
2026-7-29, 22:12:11.240001, 27502.50, 27556.75, 27471.25, 27517.25, 5250, 4950, 27511.94, 27515.08, 27514.00, 2642, 2608, 0.00, 0.00
2026-7-29, 22:41:41.022001, 27516.75, 27563.50, 27459.50, 27521.75, 5250, 4827, 27515.38, 27514.92, 27511.50, 2640, 2610, 0.00, 0.00
2026-7-29, 23:29:03.945000, 27521.25, 27543.75, 27421.00, 27454.25, 5250, 4916, 27485.06, 27473.00, 27482.38, 2815, 2435, 0.00, 0.00
2026-7-30, 00:16:20.928000, 27455.25, 27546.25, 27453.25, 27483.75, 5250, 4836, 27484.63, 27494.42, 27499.75, 2640, 2610, 0.00, 0.00
2026-7-30, 01:00:02.815000, 27487.75, 27507.00, 27430.50, 27430.75, 5250, 4963, 27464.00, 27456.08, 27468.75, 2668, 2582, 0.00, 0.00
2026-7-30, 01:56:44.867001, 27430.25, 27521.75, 27415.00, 27448.75, 5250, 4791, 27453.94, 27461.83, 27468.38, 2609, 2641, 0.00, 0.00
2026-7-30, 02:17:18.030001, 27449.00, 27449.00, 27351.25, 27444.00, 5250, 4820, 27423.31, 27414.75, 27400.13, 2715, 2535, 0.00, 0.00
2026-7-30, 02:44:18.934000, 27443.50, 27456.00, 27337.50, 27449.00, 5250, 4843, 27421.50, 27414.17, 27396.75, 2641, 2609, 0.00, 0.00
2026-7-30, 03:10:51.623004, 27449.00, 27527.25, 27425.75, 27499.25, 5250, 4832, 27475.31, 27484.08, 27476.50, 2729, 2521, 0.00, 0.00
2026-7-30, 03:44:34.124002, 27499.25, 27574.75, 27460.50, 27567.25, 5250, 4847, 27525.44, 27534.17, 27517.63, 2665, 2585, 0.00, 0.00
2026-7-30, 04:27:53.394002, 27567.50, 27586.00, 27488.25, 27550.25, 5250, 4744, 27548.00, 27541.50, 27537.13, 2778, 2472, 0.00, 0.00
2026-7-30, 05:11:14.074007, 27550.25, 27643.00, 27534.75, 27623.75, 5250, 4553, 27587.94, 27600.50, 27588.88, 2750, 2500, 0.00, 0.00
2026-7-30, 05:41:30.057000, 27623.75, 27686.50, 27611.00, 27666.75, 5250, 4826, 27647.00, 27654.75, 27648.75, 2640, 2610, 0.00, 0.00
2026-7-30, 06:11:31.171000, 27664.50, 27730.00, 27655.25, 27686.25, 5250, 4640, 27684.00, 27690.50, 27692.63, 2654, 2596, 0.00, 0.00
2026-7-30, 06:34:32.307000, 27686.75, 27745.25, 27674.00, 27701.75, 5250, 4798, 27701.94, 27707.00, 27709.63, 2685, 2565, 0.00, 0.00
2026-7-30, 07:01:33.894000, 27701.75, 27766.25, 27695.75, 27726.75, 5250, 4724, 27722.63, 27729.58, 27731.00, 2564, 2686, 0.00, 0.00
2026-7-30, 07:22:01.744000, 27726.00, 27787.75, 27715.25, 27756.00, 5250, 4538, 27746.25, 27753.00, 27751.50, 2475, 2775, 0.00, 0.00
2026-7-30, 07:35:32.609000, 27756.00, 27808.75, 27754.75, 27778.75, 5250, 4662, 27774.56, 27780.75, 27781.75, 2624, 2626, 0.00, 0.00
2026-7-30, 07:48:19.362009, 27778.75, 27837.00, 27774.50, 27834.50, 5250, 4738, 27806.19, 27815.33, 27805.75, 2532, 2718, 0.00, 0.00
2026-7-30, 08:01:30.561018, 27835.00, 27863.00, 27832.75, 27863.00, 5250, 4086, 27848.44, 27852.92, 27847.88, 3014, 2236, 0.00, 0.00
2026-7-30, 08:07:12.661000, 27862.75, 27876.25, 27827.25, 27860.50, 5250, 4093, 27856.69, 27854.67, 27851.75, 3172, 2078, 0.00, 0.00
2026-7-30, 08:13:47.874000, 27860.50, 27869.50, 27831.25, 27857.00, 5250, 4785, 27854.56, 27852.58, 27850.38, 2517, 2733, 0.00, 0.00
2026-7-30, 08:28:00.079000, 27857.75, 27883.25, 27856.50, 27876.25, 2965, 2257, 27868.44, 27872.00, 27869.88, 1536, 1429, 0.00, 0.00
2026-7-30, 08:30:00.000000, 27877.25, 27891.50, 27835.50, 27844.00, 5250, 4824, 27862.06, 27857.00, 27863.50, 2559, 2691, 0.00, 0.00
2026-7-30, 08:30:42.375002, 27843.75, 27892.00, 27839.50, 27868.00, 5250, 4856, 27860.81, 27866.50, 27865.75, 2568, 2682, 0.00, 0.00
2026-7-30, 08:32:08.759001, 27868.00, 27875.25, 27813.25, 27819.75, 5250, 4895, 27844.06, 27836.08, 27844.25, 2745, 2505, 0.00, 0.00
2026-7-30, 08:33:53.183000, 27819.75, 27903.00, 27818.50, 27896.75, 5250, 5039, 27859.50, 27872.75, 27860.75, 2540, 2710, 0.00, 0.00
2026-7-30, 08:35:43.656000, 27896.00, 27919.50, 27864.75, 27884.00, 5250, 4911, 27891.06, 27889.42, 27892.13, 2659, 2591, 0.00, 0.00
2026-7-30, 08:37:05.775000, 27884.00, 27908.25, 27847.50, 27891.50, 5250, 4734, 27882.81, 27882.42, 27877.88, 2794, 2456, 0.00, 0.00
2026-7-30, 08:38:53.480004, 27891.50, 27901.50, 27849.75, 27880.75, 5250, 4873, 27880.88, 27877.33, 27875.63, 2833, 2417, 0.00, 0.00
2026-7-30, 08:41:06.194000, 27880.75, 27950.25, 27867.25, 27940.00, 5250, 4930, 27909.56, 27919.17, 27908.75, 2463, 2787, 27862.25, 0.00
2026-7-30, 08:43:23.593017, 27940.00, 27996.50, 27930.00, 27988.00, 5250, 4971, 27963.63, 27971.50, 27963.25, 2554, 2696, 0.00, 0.00
2026-7-30, 08:45:01.959004, 27987.75, 28031.00, 27986.50, 28026.75, 5250, 4848, 28008.00, 28014.75, 28008.75, 2603, 2647, 0.00, 0.00
2026-7-30, 08:46:45.838000, 28026.25, 28050.75, 28008.50, 28042.50, 5250, 4652, 28032.00, 28033.92, 28029.63, 2654, 2596, 0.00, 0.00
2026-7-30, 08:49:02.584004, 28042.50, 28086.50, 28040.25, 28086.50, 5250, 4351, 28063.94, 28071.08, 28063.38, 2221, 3029, 0.00, 0.00
2026-7-30, 08:50:54.672123, 28086.50, 28125.50, 28078.25, 28082.00, 5250, 4510, 28093.06, 28095.25, 28101.88, 2271, 2979, 0.00, 0.00
2026-7-30, 08:52:06.573000, 28081.50, 28098.00, 28049.00, 28086.25, 5250, 4918, 28078.69, 28077.75, 28073.50, 2662, 2588, 0.00, 0.00
2026-7-30, 08:54:09.835000, 28087.00, 28137.75, 28082.25, 28125.50, 5250, 4843, 28108.13, 28115.17, 28110.00, 2547, 2703, 0.00, 0.00
2026-7-30, 08:56:17.426003, 28125.50, 28131.50, 28091.00, 28129.50, 5250, 4921, 28119.38, 28117.33, 28111.25, 2588, 2662, 0.00, 0.00
2026-7-30, 08:59:05.714000, 28129.25, 28162.25, 28126.75, 28157.75, 5250, 4744, 28144.00, 28148.92, 28144.50, 2288, 2962, 0.00, 0.00
2026-7-30, 09:01:01.030000, 28157.50, 28183.75, 28152.00, 28168.25, 5250, 4621, 28165.38, 28168.00, 28167.88, 2297, 2953, 0.00, 0.00
2026-7-30, 09:02:28.662000, 28167.50, 28177.50, 28137.75, 28153.25, 5250, 5074, 28159.00, 28156.17, 28157.63, 2744, 2506, 0.00, 28182.50
2026-7-30, 09:05:00.351000, 28153.25, 28166.00, 28119.25, 28131.50, 5250, 4879, 28142.50, 28138.92, 28142.63, 2862, 2388, 0.00, 0.00
2026-7-30, 09:06:56.405000, 28131.50, 28139.00, 28078.75, 28093.00, 5250, 4734, 28110.56, 28103.58, 28108.88, 2789, 2461, 0.00, 0.00
2026-7-30, 09:08:50.348002, 28093.25, 28107.75, 28066.75, 28091.25, 5250, 4931, 28089.75, 28088.58, 28087.25, 2660, 2590, 0.00, 0.00
2026-7-30, 09:10:50.136002, 28091.25, 28116.75, 28068.50, 28098.50, 5250, 4967, 28093.75, 28094.58, 28092.63, 2624, 2626, 0.00, 0.00
2026-7-30, 09:13:16.384002, 28098.50, 28131.00, 28083.50, 28112.50, 5250, 4955, 28106.38, 28109.00, 28107.25, 2500, 2750, 0.00, 0.00
2026-7-30, 09:16:19.075001, 28112.75, 28140.00, 28080.25, 28096.50, 5250, 4991, 28107.38, 28105.58, 28110.13, 2734, 2516, 0.00, 0.00
2026-7-30, 09:18:57.472000, 28097.25, 28162.25, 28092.50, 28161.50, 5250, 4911, 28128.38, 28138.75, 28127.38, 2461, 2789, 0.00, 0.00
2026-7-30, 09:21:37.374000, 28162.25, 28174.00, 28136.00, 28162.50, 5250, 4766, 28158.69, 28157.50, 28155.00, 2691, 2559, 0.00, 0.00
2026-7-30, 09:24:41.543000, 28163.25, 28196.50, 28149.75, 28193.50, 5250, 4793, 28175.75, 28179.92, 28173.13, 2387, 2863, 0.00, 0.00
2026-7-30, 09:27:22.287000, 28194.25, 28240.00, 28185.25, 28224.50, 5250, 4255, 28211.00, 28216.58, 28212.63, 1981, 3269, 0.00, 0.00
2026-7-30, 09:29:05.052002, 28224.50, 28239.75, 28188.50, 28239.75, 5250, 5034, 28223.13, 28222.67, 28214.13, 2707, 2543, 0.00, 28244.75
2026-7-30, 09:31:55.912002, 28239.75, 28246.50, 28216.00, 28226.50, 5250, 4952, 28232.19, 28229.67, 28231.25, 2721, 2529, 0.00, 0.00
2026-7-30, 09:35:08.449000, 28227.25, 28244.50, 28202.50, 28222.75, 5250, 4808, 28224.25, 28223.25, 28223.50, 2655, 2595, 0.00, 0.00
2026-7-30, 09:38:12.985003, 28222.75, 28241.00, 28206.00, 28206.00, 5250, 4935, 28218.94, 28217.67, 28223.50, 2680, 2570, 0.00, 0.00
2026-7-30, 09:42:55.279002, 28205.75, 28209.75, 28158.00, 28171.25, 5250, 4793, 28186.19, 28179.67, 28183.88, 2836, 2414, 0.00, 0.00
2026-7-30, 09:45:45.091003, 28171.25, 28196.00, 28130.50, 28135.00, 5250, 4871, 28158.19, 28153.83, 28163.25, 2831, 2419, 0.00, 0.00
2026-7-30, 09:48:47.098004, 28135.00, 28176.25, 28117.00, 28124.00, 5250, 4899, 28138.06, 28139.08, 28146.63, 2741, 2509, 0.00, 0.00
2026-7-30, 09:51:33.168002, 28124.25, 28129.00, 28063.00, 28070.00, 5250, 4728, 28096.56, 28087.33, 28096.00, 2809, 2441, 0.00, 0.00
2026-7-30, 09:54:47.599001, 28070.00, 28075.75, 28022.50, 28040.00, 5250, 4946, 28052.06, 28046.08, 28049.13, 2781, 2469, 0.00, 0.00
2026-7-30, 09:57:27.114000, 28039.50, 28094.75, 28037.00, 28072.50, 5250, 4921, 28060.94, 28068.08, 28065.88, 2385, 2865, 0.00, 0.00
2026-7-30, 09:59:57.983000, 28072.00, 28077.50, 28012.75, 28030.25, 5250, 4914, 28048.13, 28040.17, 28045.13, 2771, 2479, 0.00, 0.00
2026-7-30, 10:02:21.908001, 28030.25, 28113.50, 28020.75, 28098.50, 5250, 4194, 28065.75, 28077.58, 28067.13, 1897, 3353, 0.00, 0.00
2026-7-30, 10:04:20.797003, 28098.50, 28123.25, 28064.50, 28066.50, 5250, 4968, 28088.19, 28084.75, 28093.88, 2739, 2511, 0.00, 0.00
2026-7-30, 10:07:44.521001, 28067.00, 28137.75, 28054.75, 28081.25, 5250, 5013, 28085.19, 28091.25, 28096.25, 2488, 2762, 0.00, 0.00
2026-7-30, 10:11:13.466001, 28081.50, 28081.50, 28019.00, 28027.75, 5250, 4587, 28052.44, 28042.75, 28050.25, 2943, 2307, 0.00, 0.00
2026-7-30, 10:14:47.604000, 28027.50, 28076.25, 28006.25, 28028.25, 5250, 4382, 28034.56, 28036.92, 28041.25, 3017, 2233, 0.00, 0.00
2026-7-30, 10:17:41.565000, 28028.75, 28099.50, 28022.25, 28093.25, 5250, 4919, 28060.94, 28071.67, 28060.88, 2503, 2747, 0.00, 0.00
2026-7-30, 10:21:45.530000, 28093.25, 28093.25, 27996.25, 28000.00, 5250, 4877, 28045.69, 28029.83, 28044.75, 2875, 2375, 0.00, 0.00
2026-7-30, 10:26:11.120000, 28000.25, 28052.00, 27996.25, 28009.75, 5250, 4892, 28014.56, 28019.33, 28024.13, 2645, 2605, 0.00, 0.00
2026-7-30, 10:30:22.353000, 28009.00, 28071.75, 28005.25, 28071.75, 5250, 4792, 28039.44, 28049.58, 28038.50, 2610, 2640, 0.00, 0.00
2026-7-30, 10:34:57.395002, 28071.75, 28089.25, 28036.50, 28059.50, 5250, 4993, 28064.25, 28061.75, 28062.88, 2713, 2537, 0.00, 0.00
2026-7-30, 10:39:43.422003, 28059.75, 28108.50, 28055.00, 28102.25, 5250, 4832, 28081.38, 28088.58, 28081.75, 2636, 2614, 0.00, 0.00
2026-7-30, 10:44:14.446000, 28102.50, 28133.75, 28087.00, 28095.00, 5250, 4938, 28104.56, 28105.25, 28110.38, 2673, 2577, 0.00, 0.00
2026-7-30, 10:49:33.238000, 28095.25, 28122.25, 28049.25, 28095.75, 5250, 4913, 28090.63, 28089.08, 28085.75, 2378, 2872, 0.00, 0.00
2026-7-30, 10:53:09.431000, 28095.75, 28131.25, 28073.75, 28084.00, 5250, 4994, 28096.19, 28096.33, 28102.50, 2794, 2456, 0.00, 28136.25
2026-7-30, 10:59:09.776000, 28084.75, 28103.50, 28059.00, 28094.50, 5250, 4572, 28085.44, 28085.67, 28081.25, 2451, 2799, 0.00, 0.00
2026-7-30, 11:02:50.955000, 28094.50, 28165.75, 28094.25, 28141.00, 5250, 4631, 28123.88, 28133.67, 28130.00, 2289, 2961, 0.00, 0.00
2026-7-30, 11:07:11.142000, 28140.75, 28190.00, 28135.75, 28187.00, 5250, 4943, 28163.38, 28170.92, 28162.88, 2600, 2650, 0.00, 28195.00
2026-7-30, 11:13:57.212000, 28187.50, 28192.75, 28166.25, 28171.00, 5250, 4819, 28179.38, 28176.67, 28179.50, 2751, 2499, 0.00, 0.00
2026-7-30, 11:20:07.108001, 28170.50, 28186.25, 28144.00, 28156.25, 5250, 4967, 28164.25, 28162.17, 28165.13, 2656, 2594, 0.00, 0.00
2026-7-30, 11:27:16.664000, 28156.50, 28163.50, 28111.75, 28123.75, 5250, 4995, 28138.88, 28133.00, 28137.63, 2761, 2489, 0.00, 0.00
2026-7-30, 11:34:52.266001, 28123.75, 28141.50, 28072.00, 28084.75, 5250, 4948, 28105.50, 28099.42, 28106.75, 2669, 2581, 0.00, 0.00
2026-7-30, 11:41:34.844000, 28085.00, 28098.00, 28054.50, 28096.25, 5250, 4431, 28083.44, 28082.92, 28076.25, 2335, 2915, 0.00, 0.00
2026-7-30, 11:45:53.977000, 28095.25, 28128.00, 28078.25, 28126.25, 5250, 4938, 28106.94, 28110.83, 28103.13, 2414, 2836, 0.00, 0.00
2026-7-30, 11:52:30.537000, 28126.75, 28153.00, 28109.50, 28152.50, 5250, 4863, 28135.44, 28138.33, 28131.25, 2397, 2853, 0.00, 0.00
2026-7-30, 12:00:01.763001, 28152.50, 28174.00, 28140.50, 28169.25, 5250, 4989, 28159.06, 28161.25, 28157.25, 2664, 2586, 0.00, 0.00
2026-7-30, 12:06:15.573000, 28169.50, 28183.75, 28153.25, 28160.00, 5250, 4839, 28166.63, 28165.67, 28168.50, 2648, 2602, 0.00, 0.00
2026-7-30, 12:14:39.916000, 28159.25, 28207.75, 28156.25, 28187.25, 5250, 4782, 28177.63, 28183.75, 28182.00, 2586, 2664, 0.00, 0.00
2026-7-30, 12:22:21.394000, 28187.00, 28193.00, 28164.25, 28173.50, 5250, 4824, 28179.44, 28176.92, 28178.63, 2785, 2465, 0.00, 0.00
2026-7-30, 12:32:27.026000, 28173.50, 28181.00, 28139.50, 28153.50, 5250, 4980, 28161.88, 28158.00, 28160.25, 2796, 2454, 0.00, 0.00
2026-7-30, 12:40:36.948000, 28153.50, 28201.50, 28152.25, 28191.75, 5250, 5029, 28174.75, 28181.83, 28176.88, 2567, 2683, 0.00, 0.00
2026-7-30, 12:49:31.143001, 28191.75, 28208.50, 28165.50, 28181.25, 5250, 4643, 28186.75, 28185.08, 28187.00, 2819, 2431, 0.00, 0.00
2026-7-30, 12:58:35.802000, 28181.50, 28202.25, 28167.00, 28189.50, 5250, 5065, 28185.06, 28186.25, 28184.63, 2711, 2539, 0.00, 0.00
2026-7-30, 13:10:53.652001, 28189.50, 28205.00, 28162.25, 28172.50, 5250, 4902, 28182.31, 28179.92, 28183.63, 2809, 2441, 0.00, 0.00
2026-7-30, 13:21:03.372001, 28172.50, 28199.00, 28170.50, 28178.75, 5250, 4825, 28180.19, 28182.75, 28184.75, 2740, 2510, 0.00, 0.00
2026-7-30, 13:32:43.540002, 28178.75, 28185.75, 28148.50, 28152.25, 5250, 4904, 28166.31, 28162.17, 28167.13, 2842, 2408, 0.00, 0.00
2026-7-30, 13:42:53.726011, 28152.25, 28189.50, 28149.25, 28165.75, 5250, 4746, 28164.19, 28168.17, 28169.38, 2672, 2578, 0.00, 0.00
2026-7-30, 13:53:15.935001, 28165.75, 28200.25, 28154.75, 28200.00, 5250, 4641, 28180.19, 28185.00, 28177.50, 2327, 2923, 0.00, 0.00
2026-7-30, 14:01:14.255011, 28200.00, 28229.25, 28190.50, 28228.25, 5250, 4692, 28212.00, 28216.00, 28209.88, 2381, 2869, 0.00, 0.00
2026-7-30, 14:07:15.756006, 28228.25, 28280.75, 28226.75, 28274.50, 5250, 4723, 28252.56, 28260.67, 28253.75, 2188, 3062, 0.00, 0.00
2026-7-30, 14:10:41.641000, 28274.00, 28296.50, 28270.75, 28275.00, 5250, 4429, 28279.06, 28280.75, 28283.63, 2483, 2767, 0.00, 0.00
2026-7-30, 14:14:30.510003, 28275.00, 28297.75, 28262.00, 28284.75, 5250, 4932, 28279.88, 28281.50, 28279.88, 2550, 2700, 0.00, 0.00
2026-7-30, 14:19:58.966000, 28284.50, 28287.75, 28254.75, 28266.75, 5250, 4834, 28273.44, 28269.75, 28271.25, 2845, 2405, 0.00, 0.00
2026-7-30, 14:26:38.982000, 28267.00, 28270.00, 28235.00, 28243.00, 5250, 4892, 28253.75, 28249.33, 28252.50, 2838, 2412, 0.00, 0.00
2026-7-30, 14:33:33.018001, 28243.25, 28257.25, 28219.75, 28239.00, 5250, 4839, 28239.81, 28238.67, 28238.50, 2719, 2531, 0.00, 0.00
2026-7-30, 14:39:44.726000, 28238.25, 28244.75, 28221.75, 28233.25, 5250, 4916, 28234.50, 28233.25, 28233.25, 2977, 2273, 0.00, 0.00
2026-7-30, 14:46:28.499000, 28233.00, 28241.75, 28210.50, 28210.75, 5250, 4871, 28224.00, 28221.00, 28226.13, 2814, 2436, 0.00, 0.00
2026-7-30, 14:51:14.324000, 28210.50, 28233.25, 28207.00, 28214.00, 5250, 4926, 28216.19, 28218.08, 28220.13, 2831, 2419, 0.00, 0.00
2026-7-30, 14:54:39.838000, 28213.75, 28241.00, 28202.50, 28230.75, 5250, 4869, 28222.00, 28224.75, 28221.75, 2481, 2769, 0.00, 0.00
2026-7-30, 14:56:40.191002, 28230.75, 28246.75, 28224.25, 28243.25, 5250, 4693, 28236.25, 28238.08, 28235.50, 2397, 2853, 0.00, 0.00
2026-7-30, 14:58:53.199000, 28243.50, 28262.50, 28237.75, 28254.25, 5250, 4589, 28249.50, 28251.50, 28250.13, 2650, 2600, 0.00, 0.00
2026-7-30, 14:59:33.667001, 28254.25, 28255.50, 28230.00, 28230.00, 5250, 4344, 28242.44, 28238.50, 28242.75, 2685, 2565, 0.00, 0.00
2026-7-30, 14:59:56.018055, 28230.00, 28234.00, 28205.50, 28230.25, 5250, 4528, 28224.94, 28223.25, 28219.75, 2683, 2567, 0.00, 0.00
2026-7-30, 15:00:17.607000, 28229.50, 28367.00, 28208.00, 28349.00, 5250, 4097, 28288.38, 28308.00, 28287.50, 2219, 3031, 28203.00, 0.00
2026-7-30, 15:01:49.278000, 28350.00, 28353.75, 28293.00, 28312.00, 5250, 4659, 28327.19, 28319.58, 28323.38, 2598, 2652, 0.00, 0.00
2026-7-30, 15:07:13.712000, 28312.25, 28351.00, 28284.00, 28338.25, 5250, 4356, 28321.38, 28324.42, 28317.50, 2254, 2996, 0.00, 0.00
2026-7-30, 15:17:08.141000, 28336.75, 28414.50, 28324.25, 28333.75, 5250, 4372, 28352.31, 28357.50, 28369.38, 2579, 2671, 0.00, 0.00
2026-7-30, 15:30:19.610000, 28334.50, 28369.25, 28311.00, 28343.25, 5250, 4246, 28339.50, 28341.17, 28340.13, 2702, 2548, 0.00, 0.00
2026-7-30, 15:42:04.454001, 28343.25, 28408.50, 28300.00, 28408.50, 5250, 4498, 28365.06, 28372.33, 28354.25, 2596, 2654, 0.00, 0.00
2026-7-30, 17:03:22.699003, 28408.75, 28413.75, 28331.00, 28385.00, 5250, 4795, 28384.63, 28376.58, 28372.38, 2730, 2520, 0.00, 0.00
2026-7-30, 17:38:01.638000, 28385.00, 28426.50, 28364.00, 28388.25, 5250, 4753, 28390.94, 28392.92, 28395.25, 2675, 2575, 0.00, 0.00
2026-7-30, 18:31:03.691001, 28388.00, 28447.50, 28362.25, 28447.50, 5250, 4750, 28411.31, 28419.08, 28404.88, 2572, 2678, 0.00, 0.00
2026-7-30, 19:06:03.242001, 28447.50, 28497.50, 28426.75, 28497.50, 5250, 4777, 28467.31, 28473.92, 28462.13, 2444, 2806, 0.00, 0.00
2026-7-30, 19:31:12.577000, 28497.75, 28552.00, 28468.75, 28544.25, 5250, 4753, 28515.69, 28521.67, 28510.38, 2383, 2867, 0.00, 0.00
2026-7-30, 20:03:48.274000, 28543.75, 28572.00, 28500.00, 28502.50, 5250, 4850, 28529.56, 28524.83, 28536.00, 2784, 2466, 0.00, 0.00
2026-7-30, 20:37:30.237000, 28502.25, 28512.50, 28441.00, 28446.50, 5250, 4865, 28475.56, 28466.67, 28476.75, 2902, 2348, 0.00, 0.00
2026-7-30, 21:11:52.184001, 28446.50, 28454.50, 28389.50, 28411.25, 5250, 4691, 28425.44, 28418.42, 28422.00, 2722, 2528, 0.00, 0.00
2026-7-30, 21:49:20.819000, 28411.00, 28478.25, 28397.75, 28457.50, 5250, 4859, 28436.13, 28444.50, 28438.00, 2395, 2855, 0.00, 0.00
2026-7-30, 22:36:00.811001, 28457.50, 28537.00, 28423.00, 28532.25, 5250, 4874, 28487.44, 28497.42, 28480.00, 2452, 2798, 0.00, 0.00
2026-7-30, 23:39:13.216000, 28532.00, 28581.00, 28532.00, 28553.25, 5250, 4820, 28549.56, 28555.42, 28556.50, 2506, 2744, 0.00, 0.00
2026-7-31, 00:38:02.029000, 28552.50, 28611.75, 28546.50, 28590.50, 5250, 4792, 28575.31, 28582.92, 28579.13, 2328, 2922, 0.00, 0.00
2026-7-31, 01:23:33.348000, 28590.75, 28593.50, 28457.50, 28470.50, 5250, 4603, 28528.06, 28507.17, 28525.50, 2918, 2332, 0.00, 0.00
2026-7-31, 01:46:28.274008, 28470.50, 28514.75, 28450.00, 28514.75, 5250, 4460, 28487.50, 28493.17, 28482.38, 2510, 2740, 0.00, 0.00
2026-7-31, 02:10:08.330012, 28514.75, 28582.75, 28507.00, 28577.25, 5250, 4816, 28545.44, 28555.67, 28544.88, 2622, 2628, 0.00, 0.00
2026-7-31, 02:45:59.579000, 28579.50, 28597.00, 28524.75, 28591.50, 5250, 4793, 28573.19, 28571.08, 28560.88, 2649, 2601, 0.00, 0.00
2026-7-31, 03:21:07.980000, 28591.50, 28620.00, 28561.50, 28619.25, 5250, 4841, 28598.06, 28600.25, 28590.75, 2464, 2786, 0.00, 0.00
2026-7-31, 04:05:08.582002, 28619.00, 28640.75, 28535.00, 28535.00, 5250, 4356, 28582.44, 28570.25, 28587.88, 2537, 2713, 0.00, 0.00
2026-7-31, 04:38:56.317021, 28535.00, 28579.25, 28519.50, 28575.25, 5250, 4709, 28552.25, 28558.00, 28549.38, 2592, 2658, 0.00, 0.00
2026-7-31, 05:30:10.501000, 28574.25, 28626.00, 28552.00, 28566.25, 5250, 4888, 28579.63, 28581.42, 28589.00, 2619, 2631, 0.00, 0.00
2026-7-31, 06:17:28.301002, 28566.00, 28584.00, 28523.00, 28548.75, 5250, 4959, 28555.44, 28551.92, 28553.50, 2625, 2625, 0.00, 0.00
2026-7-31, 07:00:17.927001, 28548.75, 28551.25, 28449.50, 28483.00, 5250, 4681, 28508.13, 28494.58, 28500.38, 2696, 2554, 0.00, 0.00
2026-7-31, 07:21:13.308000, 28482.75, 28506.00, 28445.50, 28450.00, 5250, 4599, 28471.06, 28467.17, 28475.75, 2694, 2556, 0.00, 0.00
2026-7-31, 07:39:37.170000, 28450.75, 28490.50, 28432.25, 28462.25, 5250, 4787, 28458.94, 28461.67, 28461.38, 2701, 2549, 0.00, 0.00
2026-7-31, 08:00:19.837001, 28462.25, 28543.25, 28457.75, 28541.25, 5250, 4841, 28501.13, 28514.08, 28500.50, 2595, 2655, 0.00, 0.00
2026-7-31, 08:16:25.074000, 28540.75, 28582.25, 28529.00, 28577.25, 5250, 4767, 28557.31, 28562.83, 28555.63, 2539, 2711, 0.00, 0.00
2026-7-31, 08:28:00.821000, 28577.50, 28584.00, 28558.00, 28576.00, 1443, 1353, 28573.88, 28572.67, 28571.00, 767, 676, 0.00, 0.00
2026-7-31, 08:30:00.000000, 28576.75, 28613.00, 28542.50, 28605.75, 5250, 4887, 28584.50, 28587.08, 28577.75, 2665, 2585, 0.00, 28618.00
2026-7-31, 08:30:54.486000, 28605.00, 28648.75, 28584.50, 28648.25, 5250, 4867, 28621.63, 28627.17, 28616.63, 2398, 2852, 0.00, 0.00
2026-7-31, 08:32:08.491000, 28648.50, 28695.50, 28641.00, 28680.00, 5250, 4909, 28666.25, 28672.17, 28668.25, 2539, 2711, 0.00, 0.00
2026-7-31, 08:33:43.774000, 28679.50, 28723.00, 28678.25, 28719.50, 5250, 4780, 28700.06, 28706.92, 28700.63, 2540, 2710, 0.00, 0.00
2026-7-31, 08:35:26.209001, 28719.25, 28725.75, 28665.00, 28665.00, 5250, 5026, 28693.75, 28685.25, 28695.38, 2700, 2550, 0.00, 0.00
2026-7-31, 08:37:22.870001, 28665.00, 28667.75, 28596.75, 28600.50, 5250, 4902, 28632.50, 28621.67, 28632.25, 2860, 2390, 0.00, 0.00
2026-7-31, 08:38:45.955000, 28600.75, 28610.75, 28555.00, 28555.25, 5250, 4866, 28580.44, 28573.67, 28582.88, 2661, 2589, 0.00, 0.00
2026-7-31, 08:40:03.457001, 28555.25, 28578.25, 28516.50, 28528.00, 5250, 4895, 28544.50, 28540.92, 28547.38, 2621, 2629, 0.00, 0.00
2026-7-31, 08:41:47.592000, 28528.75, 28542.50, 28447.00, 28447.00, 5250, 4989, 28491.31, 28478.83, 28494.75, 2729, 2521, 0.00, 0.00
2026-7-31, 08:43:28.546006, 28446.75, 28483.00, 28415.00, 28418.25, 5250, 4987, 28440.75, 28438.75, 28449.00, 2717, 2533, 0.00, 0.00
2026-7-31, 08:45:00.952004, 28418.25, 28472.75, 28385.75, 28394.00, 5250, 4988, 28417.69, 28417.50, 28429.25, 2702, 2548, 0.00, 0.00
2026-7-31, 08:46:28.839000, 28394.50, 28419.25, 28362.75, 28366.25, 5250, 5011, 28385.69, 28382.75, 28391.00, 2800, 2450, 0.00, 0.00
2026-7-31, 08:48:13.214001, 28366.25, 28376.00, 28323.25, 28332.00, 5250, 4737, 28349.38, 28343.75, 28349.63, 2958, 2292, 0.00, 0.00
2026-7-31, 08:49:21.712000, 28331.50, 28387.25, 28318.00, 28364.50, 5250, 4976, 28350.31, 28356.58, 28352.63, 2518, 2732, 0.00, 0.00
2026-7-31, 08:50:53.086002, 28364.25, 28407.50, 28338.00, 28377.00, 5250, 4928, 28371.69, 28374.17, 28372.75, 2512, 2738, 0.00, 0.00
2026-7-31, 08:52:41.061001, 28377.50, 28388.50, 28295.50, 28304.75, 5250, 4883, 28341.56, 28329.58, 28342.00, 2805, 2445, 0.00, 0.00
2026-7-31, 08:54:16.584003, 28303.00, 28364.00, 28303.00, 28361.25, 5250, 4804, 28332.81, 28342.75, 28333.50, 2550, 2700, 0.00, 0.00
2026-7-31, 08:55:57.125000, 28360.75, 28414.50, 28352.50, 28400.75, 5250, 5032, 28382.13, 28389.25, 28383.50, 2382, 2868, 0.00, 0.00
2026-7-31, 08:57:27.883000, 28400.00, 28407.25, 28338.50, 28347.25, 5250, 4775, 28373.25, 28364.33, 28372.88, 2773, 2477, 0.00, 0.00
2026-7-31, 09:00:24.157002, 28347.25, 28365.50, 28283.75, 28286.75, 5250, 4853, 28320.81, 28312.00, 28324.63, 2931, 2319, 0.00, 0.00
2026-7-31, 09:02:33.260000, 28286.50, 28311.00, 28245.25, 28246.25, 5250, 5019, 28272.25, 28267.50, 28278.13, 2800, 2450, 0.00, 0.00
2026-7-31, 09:04:34.418004, 28246.25, 28272.00, 28222.00, 28267.00, 5250, 4982, 28251.81, 28253.67, 28247.00, 2678, 2572, 0.00, 0.00
2026-7-31, 09:06:08.982000, 28265.50, 28268.75, 28159.50, 28178.25, 5250, 4995, 28218.00, 28202.17, 28214.13, 2966, 2284, 0.00, 0.00
2026-7-31, 09:07:52.227000, 28177.00, 28195.25, 28124.00, 28157.50, 5250, 4885, 28163.44, 28158.92, 28159.63, 2721, 2529, 0.00, 0.00
2026-7-31, 09:09:16.157000, 28157.25, 28174.50, 28102.00, 28137.75, 5250, 4911, 28142.88, 28138.08, 28138.25, 2681, 2569, 0.00, 0.00
2026-7-31, 09:10:53.764000, 28138.75, 28192.00, 28122.00, 28188.75, 5250, 4869, 28160.38, 28167.58, 28157.00, 2436, 2814, 28117.00, 0.00
2026-7-31, 09:12:30.173000, 28188.75, 28188.75, 28100.50, 28133.25, 5250, 5000, 28152.81, 28140.83, 28144.63, 2739, 2511, 0.00, 0.00
2026-7-31, 09:14:23.448000, 28133.25, 28163.75, 28102.50, 28106.75, 5250, 4890, 28126.56, 28124.33, 28133.13, 2682, 2568, 0.00, 0.00
2026-7-31, 09:16:09.616006, 28106.75, 28161.00, 28079.75, 28138.50, 5250, 4656, 28121.50, 28126.42, 28120.38, 2867, 2383, 0.00, 0.00
2026-7-31, 09:18:01.594000, 28138.25, 28214.50, 28131.00, 28186.50, 5250, 4935, 28167.56, 28177.33, 28172.75, 2446, 2804, 0.00, 0.00
2026-7-31, 09:19:46.352000, 28188.75, 28236.25, 28157.00, 28187.75, 5250, 4779, 28192.44, 28193.67, 28196.63, 2664, 2586, 0.00, 0.00
2026-7-31, 09:21:26.838005, 28187.75, 28248.00, 28176.00, 28212.50, 5250, 4955, 28206.06, 28212.17, 28212.00, 2571, 2679, 0.00, 0.00
2026-7-31, 09:23:38.058000, 28213.25, 28234.00, 28163.75, 28190.75, 5250, 4966, 28200.44, 28196.17, 28198.88, 2762, 2488, 0.00, 0.00
2026-7-31, 09:26:02.334001, 28191.00, 28245.25, 28162.50, 28244.50, 5250, 4528, 28210.81, 28217.42, 28203.88, 2302, 2948, 0.00, 0.00
2026-7-31, 09:28:45.278000, 28245.50, 28281.75, 28221.50, 28278.50, 5250, 5006, 28256.81, 28260.58, 28251.63, 2439, 2811, 0.00, 0.00
2026-7-31, 09:31:28.137000, 28279.25, 28281.25, 28211.75, 28217.00, 5250, 5054, 28247.31, 28236.67, 28246.50, 2832, 2418, 0.00, 0.00
2026-7-31, 09:34:09.577002, 28217.00, 28292.75, 28212.75, 28272.50, 5250, 5079, 28248.75, 28259.33, 28252.75, 2536, 2714, 0.00, 0.00
2026-7-31, 09:37:43.134000, 28272.25, 28296.00, 28245.00, 28248.75, 5250, 4912, 28265.50, 28263.25, 28270.50, 2685, 2565, 0.00, 0.00
2026-7-31, 09:42:01.634000, 28248.50, 28280.75, 28211.75, 28275.25, 5250, 4994, 28254.06, 28255.92, 28246.25, 2626, 2624, 0.00, 0.00
2026-7-31, 09:45:36.137006, 28275.25, 28305.75, 28237.00, 28280.25, 5250, 4550, 28274.56, 28274.33, 28271.38, 2731, 2519, 0.00, 0.00
2026-7-31, 09:47:44.418000, 28280.25, 28342.75, 28271.75, 28319.50, 5250, 4930, 28303.56, 28311.33, 28307.25, 2508, 2742, 0.00, 0.00
2026-7-31, 09:50:53.148003, 28319.50, 28345.50, 28289.75, 28302.50, 5250, 5038, 28314.31, 28312.58, 28317.63, 2689, 2561, 0.00, 0.00
2026-7-31, 09:55:01.674004, 28302.50, 28333.75, 28255.25, 28286.00, 5250, 4910, 28294.38, 28291.67, 28294.50, 2907, 2343, 0.00, 0.00
2026-7-31, 09:58:03.494011, 28286.00, 28326.25, 28280.25, 28290.75, 5250, 4737, 28295.81, 28299.08, 28303.25, 2852, 2398, 0.00, 0.00
2026-7-31, 10:02:00.855000, 28290.25, 28342.25, 28273.75, 28317.75, 5250, 4918, 28306.00, 28311.25, 28308.00, 2532, 2718, 0.00, 0.00
2026-7-31, 10:06:14.147000, 28317.75, 28324.75, 28251.75, 28277.00, 5250, 5015, 28292.81, 28284.50, 28288.25, 2698, 2552, 0.00, 0.00
2026-7-31, 10:10:34.151000, 28277.75, 28284.25, 28214.75, 28279.50, 5250, 5055, 28264.06, 28259.50, 28249.50, 2682, 2568, 0.00, 0.00
2026-7-31, 10:14:04.799001, 28280.00, 28339.25, 28244.25, 28259.75, 5250, 5026, 28280.81, 28281.08, 28291.75, 2550, 2700, 0.00, 0.00
2026-7-31, 10:17:03.647000, 28260.25, 28271.75, 28209.25, 28221.75, 5250, 4951, 28240.75, 28234.25, 28240.50, 2646, 2604, 0.00, 0.00
2026-7-31, 10:22:17.432000, 28220.50, 28236.50, 28173.50, 28180.75, 5250, 4750, 28202.81, 28196.92, 28205.00, 2858, 2392, 0.00, 0.00
2026-7-31, 10:26:00.916000, 28180.50, 28187.25, 28122.25, 28151.25, 5250, 4946, 28160.31, 28153.58, 28154.75, 2648, 2602, 0.00, 0.00
2026-7-31, 10:28:55.747003, 28151.00, 28179.25, 28135.00, 28143.00, 5250, 5102, 28152.06, 28152.42, 28157.13, 2608, 2642, 0.00, 0.00
2026-7-31, 10:32:07.492000, 28143.75, 28192.75, 28115.50, 28185.50, 5250, 4931, 28159.38, 28164.58, 28154.13, 2504, 2746, 0.00, 0.00
2026-7-31, 10:35:13.010000, 28186.00, 28261.00, 28186.00, 28258.00, 5250, 4975, 28222.75, 28235.00, 28223.50, 2474, 2776, 0.00, 0.00
2026-7-31, 10:38:50.702004, 28258.00, 28260.50, 28167.00, 28183.50, 5250, 4970, 28217.25, 28203.67, 28213.75, 2844, 2406, 0.00, 0.00
2026-7-31, 10:42:33.151002, 28183.75, 28225.75, 28164.00, 28195.00, 5250, 5127, 28192.13, 28194.92, 28194.88, 2565, 2685, 0.00, 0.00
2026-7-31, 10:47:15.599006, 28195.00, 28252.75, 28164.00, 28252.25, 5250, 5081, 28216.00, 28223.00, 28208.38, 2570, 2680, 0.00, 0.00
2026-7-31, 10:51:59.450000, 28252.00, 28291.00, 28230.00, 28273.75, 5250, 4837, 28261.69, 28264.92, 28260.50, 2426, 2824, 0.00, 0.00
2026-7-31, 10:56:06.012000, 28273.50, 28295.00, 28251.25, 28288.25, 5250, 4748, 28277.00, 28278.17, 28273.13, 2605, 2645, 0.00, 28300.00
2026-7-31, 11:00:54.024001, 28288.25, 28308.50, 28270.00, 28282.00, 5250, 4622, 28287.19, 28286.83, 28289.25, 2673, 2577, 0.00, 0.00
2026-7-31, 11:05:44.050000, 28281.50, 28296.00, 28243.75, 28291.50, 5250, 5041, 28278.19, 28277.08, 28269.88, 2636, 2614, 0.00, 0.00
2026-7-31, 11:11:57.030001, 28291.50, 28310.25, 28256.00, 28290.25, 5250, 4890, 28287.00, 28285.50, 28283.13, 2542, 2708, 0.00, 0.00
2026-7-31, 11:18:09.725000, 28288.50, 28342.50, 28280.00, 28336.25, 5250, 4959, 28311.81, 28319.58, 28311.25, 2457, 2793, 0.00, 0.00
2026-7-31, 11:24:47.177002, 28336.25, 28379.50, 28305.25, 28379.50, 5250, 4829, 28350.13, 28354.75, 28342.38, 2391, 2859, 0.00, 0.00
2026-7-31, 11:30:21.307002, 28379.50, 28388.75, 28352.50, 28364.00, 5250, 4904, 28371.19, 28368.42, 28370.63, 2629, 2621, 0.00, 0.00
2026-7-31, 11:36:43.029009, 28364.00, 28375.50, 28321.00, 28335.50, 5250, 4940, 28349.00, 28344.00, 28348.25, 2856, 2394, 0.00, 0.00
2026-7-31, 11:42:51.885000, 28336.25, 28353.00, 28308.50, 28353.00, 5250, 5003, 28337.69, 28338.17, 28330.75, 2549, 2701, 0.00, 0.00
2026-7-31, 11:50:12.086001, 28352.75, 28384.50, 28344.50, 28384.50, 5250, 4891, 28366.56, 28371.17, 28364.50, 2505, 2745, 0.00, 0.00
2026-7-31, 11:57:42.170010, 28384.50, 28409.50, 28360.00, 28396.50, 5250, 4897, 28387.63, 28388.67, 28384.75, 2463, 2787, 0.00, 0.00
2026-7-31, 12:04:54.865000, 28396.50, 28411.25, 28364.75, 28403.00, 5250, 4856, 28393.88, 28393.00, 28388.00, 2540, 2710, 0.00, 0.00
2026-7-31, 12:13:24.750000, 28403.25, 28425.00, 28394.75, 28425.00, 5250, 4940, 28412.00, 28414.92, 28409.88, 2528, 2722, 0.00, 0.00
2026-7-31, 12:23:34.831032, 28425.00, 28477.50, 28418.75, 28464.75, 5250, 4824, 28446.50, 28453.67, 28448.13, 2444, 2806, 0.00, 0.00
2026-7-31, 12:28:23.935000, 28464.25, 28485.50, 28449.00, 28477.25, 5250, 4657, 28469.00, 28470.58, 28467.25, 2450, 2800, 0.00, 0.00
2026-7-31, 12:34:55.986000, 28477.00, 28503.00, 28452.00, 28462.25, 5250, 4790, 28473.56, 28472.42, 28477.50, 2566, 2684, 0.00, 0.00
2026-7-31, 12:40:13.814000, 28461.00, 28475.75, 28442.00, 28442.00, 5250, 4808, 28455.19, 28453.25, 28458.88, 2673, 2577, 0.00, 0.00
2026-7-31, 12:47:49.053000, 28442.25, 28466.25, 28415.75, 28446.25, 5250, 4908, 28442.63, 28442.75, 28441.00, 2654, 2596, 0.00, 0.00
2026-7-31, 12:53:34.037000, 28445.75, 28459.75, 28418.25, 28439.75, 5250, 4923, 28440.88, 28439.25, 28439.00, 2683, 2567, 0.00, 0.00
2026-7-31, 13:02:31.139001, 28439.75, 28452.25, 28399.50, 28399.75, 5250, 4909, 28422.81, 28417.17, 28425.88, 2863, 2387, 0.00, 0.00
2026-7-31, 13:11:28.754001, 28399.75, 28443.25, 28395.25, 28439.25, 5250, 4970, 28419.38, 28425.92, 28419.25, 2582, 2668, 0.00, 0.00
2026-7-31, 13:18:43.184001, 28439.00, 28446.00, 28413.00, 28427.75, 5250, 5013, 28431.44, 28428.92, 28429.50, 2690, 2560, 0.00, 0.00
2026-7-31, 13:29:46.655002, 28427.75, 28448.00, 28415.50, 28429.00, 5250, 5073, 28430.06, 28430.83, 28431.75, 2551, 2699, 0.00, 0.00
2026-7-31, 13:42:16.757000, 28429.00, 28462.00, 28422.00, 28447.50, 5250, 4908, 28440.13, 28443.83, 28442.00, 2662, 2588, 0.00, 0.00
2026-7-31, 13:55:09.829000, 28447.50, 28458.75, 28416.50, 28422.00, 5250, 4911, 28436.19, 28432.42, 28437.63, 2763, 2487, 0.00, 0.00
2026-7-31, 14:04:16.998000, 28423.25, 28442.25, 28405.50, 28432.50, 5250, 4872, 28425.88, 28426.75, 28423.88, 2677, 2573, 0.00, 0.00
2026-7-31, 14:14:46.477000, 28432.75, 28495.00, 28426.25, 28487.25, 5250, 4756, 28460.31, 28469.50, 28460.63, 2428, 2822, 0.00, 0.00
2026-7-31, 14:21:09.619000, 28486.75, 28498.00, 28461.00, 28476.75, 5250, 4980, 28480.63, 28478.58, 28479.50, 2795, 2455, 0.00, 0.00
2026-7-31, 14:29:18.485000, 28475.50, 28480.50, 28441.75, 28467.50, 5250, 4761, 28466.31, 28463.25, 28461.13, 2787, 2463, 0.00, 0.00
2026-7-31, 14:36:25.568002, 28467.50, 28478.25, 28434.50, 28476.50, 5250, 4909, 28464.19, 28463.08, 28456.38, 2861, 2389, 0.00, 0.00
2026-7-31, 14:44:22.224000, 28476.25, 28505.75, 28471.25, 28489.75, 5250, 4985, 28485.75, 28488.92, 28488.50, 2497, 2753, 0.00, 0.00
2026-7-31, 14:49:11.925000, 28490.00, 28518.50, 28473.75, 28499.00, 5250, 4987, 28495.31, 28497.08, 28496.13, 2709, 2541, 0.00, 0.00
2026-7-31, 14:52:40.143001, 28499.00, 28524.00, 28468.00, 28471.50, 5250, 4788, 28490.63, 28487.83, 28496.00, 2787, 2463, 0.00, 0.00
2026-7-31, 14:55:05.127002, 28471.75, 28482.00, 28448.25, 28461.75, 5250, 4983, 28465.94, 28464.00, 28465.13, 2611, 2639, 0.00, 0.00
2026-7-31, 14:58:39.926005, 28462.00, 28464.50, 28418.50, 28420.50, 5250, 4728, 28441.38, 28434.50, 28441.50, 2645, 2605, 0.00, 0.00
2026-7-31, 14:59:44.057000, 28420.25, 28421.00, 28380.00, 28386.50, 5250, 4420, 28401.94, 28395.83, 28400.50, 3063, 2187, 0.00, 0.00
2026-7-31, 14:59:56.522009, 28386.50, 28429.75, 28383.50, 28426.50, 5250, 4853, 28406.56, 28413.25, 28406.63, 2668, 2582, 0.00, 0.00
2026-7-31, 15:00:11.119000, 28426.25, 28434.25, 28341.75, 28341.75, 5250, 4710, 28386.00, 28372.58, 28388.00, 2738, 2512, 28336.75, 0.00
2026-7-31, 15:02:42.009001, 28341.75, 28396.25, 28340.50, 28395.25, 5250, 4681, 28368.44, 28377.33, 28368.38, 2608, 2642, 0.00, 0.00
2026-7-31, 15:09:25.781001, 28395.00, 28404.00, 28364.25, 28366.25, 5250, 4643, 28382.38, 28378.17, 28384.13, 2794, 2456, 0.00, 0.00
2026-7-31, 15:28:04.156000, 28366.50, 28395.50, 28317.00, 28333.50, 5250, 4602, 28353.13, 28348.67, 28356.25, 2888, 2362, 0.00, 0.00
2026-7-31, 15:54:12.480000, 28331.75, 28344.25, 28258.25, 28287.00, 2564, 2005, 28305.31, 28296.50, 28301.25, 1316, 1248, 0.00, 0.00
2026-8-2, 17:00:00.000000, 28565.00, 28641.25, 28549.25, 28631.75, 5250, 4276, 28596.81, 28607.42, 28595.25, 2678, 2572, 0.00, 0.00
2026-8-2, 17:14:42.549001, 28631.75, 28633.50, 28560.25, 28576.00, 5250, 4845, 28600.38, 28589.92, 28596.88, 2889, 2361, 0.00, 0.00
2026-8-2, 17:59:25.820005, 28576.25, 28610.00, 28545.00, 28605.00, 5250, 4861, 28584.06, 28586.67, 28577.50, 2393, 2857, 0.00, 0.00
2026-8-2, 18:44:55.328006, 28605.00, 28637.50, 28560.25, 28560.75, 5250, 5089, 28590.88, 28586.17, 28598.88, 2629, 2621, 0.00, 0.00
2026-8-2, 19:06:32.185000, 28562.75, 28630.50, 28537.50, 28558.25, 5250, 4939, 28572.25, 28575.42, 28584.00, 2688, 2562, 0.00, 0.00
2026-8-2, 19:31:19.007000, 28558.25, 28624.75, 28546.50, 28624.00, 5250, 4974, 28588.38, 28598.42, 28585.63, 2530, 2720, 0.00, 0.00
2026-8-2, 19:59:29.944000, 28624.75, 28635.00, 28564.25, 28611.00, 5250, 4475, 28608.75, 28603.42, 28599.63, 2467, 2783, 0.00, 0.00
2026-8-2, 20:32:15.521000, 28610.50, 28664.00, 28578.00, 28664.00, 5250, 4760, 28629.13, 28635.33, 28621.00, 2451, 2799, 0.00, 0.00
2026-8-2, 21:13:53.103000, 28664.50, 28681.50, 28633.75, 28663.00, 5250, 4751, 28660.69, 28659.42, 28657.63, 2603, 2647, 0.00, 0.00
2026-8-2, 22:13:16.802002, 28663.00, 28698.25, 28640.00, 28669.00, 5250, 4860, 28667.56, 28669.08, 28669.13, 2604, 2646, 0.00, 0.00
2026-8-2, 23:41:56.178000, 28668.25, 28688.25, 28617.00, 28640.00, 5250, 4916, 28653.38, 28648.42, 28652.63, 2610, 2640, 0.00, 0.00
2026-8-3, 01:02:08.418000, 28640.75, 28661.00, 28577.50, 28577.50, 5250, 4803, 28614.19, 28605.33, 28619.25, 2782, 2468, 0.00, 0.00
2026-8-3, 01:56:11.221000, 28577.00, 28634.50, 28563.75, 28601.00, 5250, 4733, 28594.06, 28599.75, 28599.13, 2625, 2625, 0.00, 0.00
2026-8-3, 02:27:53.342000, 28601.25, 28615.50, 28518.50, 28556.75, 5250, 4803, 28573.00, 28563.58, 28567.00, 2733, 2517, 0.00, 0.00
2026-8-3, 03:15:02.893001, 28556.75, 28564.25, 28471.75, 28555.00, 5250, 4719, 28536.94, 28530.33, 28518.00, 2693, 2557, 0.00, 0.00
2026-8-3, 03:51:58.191006, 28555.00, 28601.00, 28543.00, 28566.75, 5250, 4484, 28566.44, 28570.25, 28572.00, 2540, 2710, 0.00, 0.00
2026-8-3, 04:36:51.985000, 28567.75, 28567.75, 28488.50, 28503.50, 5250, 4756, 28531.88, 28519.92, 28528.13, 2800, 2450, 0.00, 0.00
2026-8-3, 05:28:17.769001, 28503.75, 28547.00, 28465.25, 28487.75, 5250, 4835, 28500.94, 28500.00, 28506.13, 2787, 2463, 0.00, 0.00
2026-8-3, 06:16:03.470000, 28486.75, 28513.00, 28442.50, 28447.00, 5250, 4741, 28472.31, 28467.50, 28477.75, 2695, 2555, 0.00, 0.00
2026-8-3, 06:50:26.468006, 28447.25, 28448.50, 28383.50, 28413.25, 5250, 4771, 28423.13, 28415.08, 28416.00, 2707, 2543, 0.00, 0.00
2026-8-3, 07:10:16.101000, 28413.75, 28462.25, 28406.75, 28451.25, 5250, 4793, 28433.50, 28440.08, 28434.50, 2681, 2569, 0.00, 0.00
2026-8-3, 07:32:51.270014, 28451.25, 28491.50, 28437.75, 28456.75, 5250, 4752, 28459.31, 28462.00, 28464.63, 2476, 2774, 0.00, 0.00
2026-8-3, 07:58:14.602001, 28456.75, 28494.25, 28440.00, 28480.75, 5250, 4914, 28467.94, 28471.67, 28467.13, 2673, 2577, 0.00, 0.00
2026-8-3, 08:19:35.863002, 28481.00, 28489.50, 28396.50, 28400.50, 5250, 4810, 28441.88, 28428.83, 28443.00, 2808, 2442, 0.00, 0.00
2026-8-3, 08:29:41.614000, 28400.75, 28422.50, 28397.00, 28417.75, 589, 568, 28409.50, 28412.42, 28409.75, 251, 338, 0.00, 0.00
2026-8-3, 08:30:00.001000, 28419.00, 28435.25, 28385.00, 28393.75, 5250, 4954, 28408.25, 28404.67, 28410.13, 2708, 2542, 0.00, 0.00
2026-8-3, 08:30:40.432001, 28393.75, 28406.75, 28337.00, 28350.75, 5250, 4843, 28372.06, 28364.83, 28371.88, 2798, 2452, 0.00, 0.00
2026-8-3, 08:32:00.450000, 28349.25, 28366.25, 28313.50, 28356.00, 5250, 4876, 28346.25, 28345.25, 28339.88, 2487, 2763, 28308.50, 0.00
2026-8-3, 08:33:37.736000, 28356.25, 28420.50, 28344.75, 28418.25, 5250, 4897, 28384.94, 28394.50, 28382.63, 2371, 2879, 0.00, 0.00
2026-8-3, 08:35:15.796000, 28418.75, 28490.75, 28408.00, 28490.50, 5250, 4957, 28452.00, 28463.08, 28449.38, 2458, 2792, 0.00, 0.00
2026-8-3, 08:36:45.898000, 28490.50, 28540.00, 28467.00, 28474.25, 5250, 4918, 28492.94, 28493.75, 28503.50, 2604, 2646, 0.00, 0.00
2026-8-3, 08:38:11.655000, 28474.00, 28522.50, 28464.00, 28477.00, 5250, 5033, 28484.38, 28487.83, 28493.25, 2561, 2689, 0.00, 0.00
2026-8-3, 08:40:13.426000, 28475.75, 28492.75, 28422.75, 28429.75, 5250, 5063, 28455.25, 28448.42, 28457.75, 2750, 2500, 0.00, 0.00
2026-8-3, 08:42:17.078001, 28429.50, 28500.00, 28416.75, 28493.00, 5250, 4848, 28459.81, 28469.92, 28458.38, 2488, 2762, 0.00, 0.00
2026-8-3, 08:44:56.387000, 28495.00, 28525.50, 28443.25, 28465.75, 5250, 4921, 28482.38, 28478.17, 28484.38, 2633, 2617, 0.00, 0.00
2026-8-3, 08:47:18.364000, 28466.50, 28539.00, 28461.75, 28501.50, 5250, 4587, 28492.19, 28500.75, 28500.38, 2543, 2707, 0.00, 0.00
2026-8-3, 08:49:05.217002, 28501.50, 28509.50, 28456.50, 28494.00, 5250, 5039, 28490.38, 28486.67, 28483.00, 2638, 2612, 0.00, 0.00
2026-8-3, 08:52:11.034002, 28494.50, 28557.00, 28478.75, 28556.00, 5250, 4944, 28521.56, 28530.58, 28517.88, 2506, 2744, 0.00, 0.00
2026-8-3, 08:55:37.091000, 28556.25, 28585.00, 28543.75, 28578.25, 5250, 4897, 28565.81, 28569.00, 28564.38, 2404, 2846, 0.00, 0.00
2026-8-3, 08:58:11.087001, 28578.50, 28628.00, 28576.25, 28593.75, 5250, 4734, 28594.13, 28599.33, 28602.13, 2648, 2602, 0.00, 0.00
2026-8-3, 09:00:32.229002, 28593.75, 28606.25, 28557.75, 28604.75, 5250, 5033, 28590.63, 28589.58, 28582.00, 2724, 2526, 0.00, 0.00
2026-8-3, 09:03:07.423000, 28604.00, 28611.00, 28534.50, 28568.25, 5250, 5067, 28579.44, 28571.25, 28572.75, 2817, 2433, 0.00, 0.00
2026-8-3, 09:05:45.995002, 28568.25, 28597.50, 28529.50, 28581.25, 5250, 5093, 28569.13, 28569.42, 28563.50, 2604, 2646, 0.00, 0.00
2026-8-3, 09:09:11.145000, 28581.00, 28613.00, 28562.00, 28611.50, 5250, 5138, 28591.88, 28595.50, 28587.50, 2611, 2639, 0.00, 0.00
2026-8-3, 09:12:20.051002, 28611.50, 28616.25, 28557.50, 28566.50, 5250, 5011, 28587.94, 28580.08, 28586.88, 2724, 2526, 0.00, 0.00
2026-8-3, 09:15:49.608000, 28566.75, 28638.50, 28563.75, 28621.00, 5250, 4935, 28597.50, 28607.75, 28601.13, 2378, 2872, 0.00, 0.00
2026-8-3, 09:19:03.916000, 28621.00, 28660.75, 28605.75, 28643.25, 5250, 5009, 28632.69, 28636.58, 28633.25, 2496, 2754, 0.00, 0.00
2026-8-3, 09:22:55.831000, 28643.00, 28680.50, 28641.75, 28666.00, 5250, 4955, 28657.81, 28662.75, 28661.13, 2571, 2679, 0.00, 0.00
2026-8-3, 09:26:39.823001, 28666.25, 28684.00, 28638.75, 28674.25, 5250, 4844, 28665.81, 28665.67, 28661.38, 2644, 2606, 0.00, 0.00
2026-8-3, 09:30:08.591000, 28674.75, 28692.00, 28661.50, 28674.50, 5250, 4954, 28675.69, 28676.00, 28676.75, 2575, 2675, 0.00, 0.00
2026-8-3, 09:34:28.161000, 28673.00, 28721.00, 28671.50, 28711.00, 5250, 4712, 28694.13, 28701.17, 28696.25, 2381, 2869, 0.00, 0.00
2026-8-3, 09:38:09.008000, 28710.50, 28735.00, 28704.00, 28707.25, 5250, 4993, 28714.19, 28715.42, 28719.50, 2655, 2595, 0.00, 0.00
2026-8-3, 09:42:27.030000, 28707.50, 28733.00, 28699.75, 28718.50, 5250, 5014, 28714.69, 28717.08, 28716.38, 2673, 2577, 0.00, 0.00
2026-8-3, 09:47:33.048000, 28718.50, 28760.50, 28716.25, 28759.00, 5250, 4872, 28738.56, 28745.25, 28738.38, 2326, 2924, 0.00, 0.00
2026-8-3, 09:51:22.528000, 28759.50, 28798.25, 28755.25, 28789.75, 5250, 4798, 28775.69, 28781.08, 28776.75, 2328, 2922, 0.00, 0.00
2026-8-3, 09:53:58.839000, 28790.75, 28801.75, 28777.25, 28788.25, 5250, 4806, 28789.50, 28789.08, 28789.50, 2597, 2653, 0.00, 0.00
2026-8-3, 09:56:50.354003, 28788.00, 28803.75, 28781.25, 28786.50, 5250, 4970, 28789.88, 28790.50, 28792.50, 2597, 2653, 0.00, 0.00
2026-8-3, 10:01:29.879000, 28787.50, 28799.00, 28760.25, 28780.25, 5250, 4776, 28781.75, 28779.83, 28779.63, 2856, 2394, 0.00, 0.00
2026-8-3, 10:07:00.766002, 28780.50, 28791.75, 28747.50, 28756.50, 5250, 4918, 28769.06, 28765.25, 28769.63, 2716, 2534, 0.00, 0.00
2026-8-3, 10:12:51.775000, 28756.00, 28787.25, 28752.75, 28782.00, 5250, 5008, 28769.50, 28774.00, 28770.00, 2531, 2719, 0.00, 0.00
2026-8-3, 10:18:25.793000, 28782.00, 28798.75, 28769.50, 28785.25, 5250, 5001, 28783.88, 28784.50, 28784.13, 2657, 2593, 0.00, 0.00
2026-8-3, 10:25:55.460016, 28785.25, 28785.25, 28722.00, 28740.50, 5250, 4912, 28758.25, 28749.25, 28753.63, 2961, 2289, 0.00, 0.00
2026-8-3, 10:29:10.097000, 28740.25, 28774.25, 28728.75, 28759.75, 5250, 4917, 28750.75, 28754.25, 28751.50, 2656, 2594, 0.00, 0.00
2026-8-3, 10:33:34.467005, 28759.75, 28782.00, 28746.25, 28782.00, 5250, 5039, 28767.50, 28770.08, 28764.13, 2603, 2647, 0.00, 28787.00
2026-8-3, 10:40:28.721020, 28782.00, 28793.50, 28770.25, 28782.50, 5250, 4853, 28782.06, 28782.08, 28781.88, 2437, 2813, 0.00, 0.00
2026-8-3, 10:48:14.765000, 28782.25, 28814.50, 28775.00, 28800.25, 5250, 4929, 28793.00, 28796.58, 28794.75, 2506, 2744, 0.00, 0.00
2026-8-3, 10:55:24.993000, 28800.25, 28808.50, 28779.50, 28804.75, 5250, 4914, 28798.25, 28797.58, 28794.00, 2672, 2578, 0.00, 0.00
2026-8-3, 11:02:16.614000, 28804.75, 28821.25, 28797.50, 28802.50, 5250, 4968, 28806.50, 28807.08, 28809.38, 2661, 2589, 0.00, 0.00
2026-8-3, 11:09:13.555000, 28802.75, 28838.00, 28800.25, 28835.00, 5250, 4886, 28819.00, 28824.42, 28819.13, 2520, 2730, 0.00, 0.00
2026-8-3, 11:18:07.155000, 28834.25, 28847.25, 28827.00, 28836.25, 5250, 4656, 28836.19, 28836.83, 28837.13, 2709, 2541, 0.00, 0.00
2026-8-3, 11:26:03.728000, 28836.25, 28844.75, 28823.50, 28835.50, 5250, 4866, 28835.00, 28834.58, 28834.13, 2575, 2675, 0.00, 0.00
2026-8-3, 11:34:35.726000, 28835.25, 28838.75, 28811.75, 28832.00, 5250, 4737, 28829.44, 28827.50, 28825.25, 2592, 2658, 0.00, 0.00
2026-8-3, 11:44:08.896002, 28832.00, 28843.75, 28819.00, 28823.00, 5250, 4925, 28829.44, 28828.58, 28831.38, 2703, 2547, 0.00, 0.00
2026-8-3, 11:56:01.158002, 28822.75, 28833.75, 28813.00, 28828.75, 5250, 4978, 28824.56, 28825.17, 28823.38, 2644, 2606, 0.00, 0.00
2026-8-3, 12:09:00.074002, 28828.75, 28866.50, 28828.75, 28859.75, 5250, 4962, 28845.94, 28851.67, 28847.63, 2486, 2764, 0.00, 0.00
2026-8-3, 12:17:09.529000, 28859.75, 28881.75, 28855.75, 28877.50, 5250, 4641, 28868.69, 28871.67, 28868.75, 2687, 2563, 0.00, 0.00
2026-8-3, 12:25:44.417000, 28877.00, 28894.00, 28872.50, 28891.50, 5250, 4768, 28883.75, 28886.00, 28883.25, 2530, 2720, 0.00, 0.00
2026-8-3, 12:34:53.890000, 28891.75, 28894.00, 28874.50, 28890.00, 5250, 4840, 28887.56, 28886.17, 28884.25, 2660, 2590, 0.00, 0.00
2026-8-3, 12:45:44.151000, 28889.50, 28910.00, 28887.75, 28910.00, 5250, 4766, 28899.31, 28902.58, 28898.88, 2415, 2835, 0.00, 0.00
2026-8-3, 12:55:38.370004, 28910.00, 28930.00, 28909.50, 28929.00, 5250, 4832, 28919.63, 28922.83, 28919.75, 2337, 2913, 0.00, 0.00
2026-8-3, 13:01:25.915000, 28929.00, 28958.00, 28924.50, 28951.00, 5250, 4679, 28940.63, 28944.50, 28941.25, 2394, 2856, 0.00, 0.00
2026-8-3, 13:06:11.951000, 28951.00, 28964.25, 28934.75, 28936.50, 5250, 4868, 28946.63, 28945.17, 28949.50, 2688, 2562, 0.00, 28969.25
2026-8-3, 13:12:31.433001, 28936.50, 28958.75, 28924.00, 28924.50, 5250, 4858, 28935.94, 28935.75, 28941.38, 2774, 2476, 0.00, 0.00
2026-8-3, 13:20:18.264002, 28924.25, 28934.75, 28897.50, 28903.00, 5250, 4857, 28914.88, 28911.75, 28916.13, 2819, 2431, 0.00, 0.00
2026-8-3, 13:27:55.977000, 28903.25, 28907.00, 28884.75, 28894.00, 5250, 4877, 28897.25, 28895.25, 28895.88, 2700, 2550, 0.00, 0.00
2026-8-3, 13:34:22.632001, 28894.00, 28911.25, 28882.75, 28910.75, 5250, 4983, 28899.69, 28901.58, 28897.00, 2591, 2659, 0.00, 0.00
2026-8-3, 13:44:40.614000, 28911.25, 28924.00, 28892.25, 28921.25, 5250, 5035, 28912.19, 28912.50, 28908.13, 2534, 2716, 0.00, 0.00
2026-8-3, 13:53:25.901001, 28921.25, 28943.25, 28904.25, 28938.75, 5250, 4952, 28926.88, 28928.75, 28923.75, 2565, 2685, 0.00, 0.00
2026-8-3, 14:01:40.938002, 28938.75, 28943.75, 28903.50, 28912.75, 5250, 4994, 28924.69, 28920.00, 28923.63, 2790, 2460, 0.00, 0.00
2026-8-3, 14:10:21.379000, 28913.00, 28921.75, 28895.00, 28915.50, 5250, 4956, 28911.31, 28910.75, 28908.38, 2552, 2698, 0.00, 0.00
2026-8-3, 14:19:00.132000, 28916.50, 28926.50, 28909.50, 28913.00, 5250, 4941, 28916.38, 28916.33, 28918.00, 2806, 2444, 0.00, 0.00
2026-8-3, 14:28:52.022000, 28913.00, 28926.00, 28904.00, 28909.75, 5250, 4752, 28913.19, 28913.25, 28915.00, 2769, 2481, 0.00, 0.00
2026-8-3, 14:36:50.039000, 28909.25, 28919.50, 28899.50, 28916.75, 5250, 4987, 28911.25, 28911.92, 28909.50, 2644, 2606, 0.00, 0.00
2026-8-3, 14:45:16.790000, 28916.25, 28934.00, 28902.00, 28921.50, 5250, 4958, 28918.44, 28919.17, 28918.00, 2516, 2734, 0.00, 0.00
2026-8-3, 14:50:59.849001, 28921.50, 28935.50, 28888.75, 28903.50, 5250, 4959, 28912.31, 28909.25, 28912.13, 2910, 2340, 0.00, 0.00
2026-8-3, 14:54:40.613000, 28903.50, 28907.50, 28865.25, 28886.00, 5250, 5010, 28890.56, 28886.25, 28886.38, 2805, 2445, 0.00, 0.00
2026-8-3, 14:57:20.536000, 28886.25, 28904.75, 28882.50, 28890.00, 5250, 4712, 28890.88, 28892.42, 28893.63, 2757, 2493, 0.00, 0.00
2026-8-3, 14:59:30.051001, 28890.00, 28900.00, 28881.25, 28894.25, 5250, 4499, 28891.38, 28891.83, 28890.63, 2515, 2735, 0.00, 0.00
2026-8-3, 14:59:57.447001, 28894.25, 28902.50, 28878.25, 28889.25, 5250, 4735, 28891.06, 28890.00, 28890.38, 2604, 2646, 0.00, 0.00
2026-8-3, 15:02:42.223001, 28889.25, 28929.50, 28878.75, 28923.75, 5250, 4737, 28905.31, 28910.67, 28904.13, 2331, 2919, 0.00, 0.00
2026-8-3, 15:16:35.731010, 28924.00, 28945.00, 28909.75, 28923.50, 5250, 4782, 28925.56, 28926.08, 28927.38, 2571, 2679, 0.00, 0.00
2026-8-3, 17:00:01.011000, 28923.00, 28962.25, 28919.00, 28944.75, 5250, 4888, 28937.25, 28942.00, 28940.63, 2678, 2572, 0.00, 0.00
2026-8-3, 18:04:45.199009, 28944.75, 28976.25, 28930.25, 28973.75, 5250, 4742, 28956.25, 28960.08, 28953.25, 2658, 2592, 0.00, 0.00
2026-8-3, 19:05:25.576000, 28973.00, 28973.00, 28877.25, 28877.25, 5250, 4907, 28925.13, 28909.17, 28925.13, 2949, 2301, 0.00, 0.00
2026-8-3, 19:35:11.282000, 28878.25, 28908.25, 28852.25, 28854.00, 5250, 4920, 28873.19, 28871.50, 28880.25, 2674, 2576, 0.00, 0.00
2026-8-3, 20:00:54.274000, 28855.75, 28899.75, 28831.75, 28896.75, 5250, 4875, 28871.00, 28876.08, 28865.75, 2397, 2853, 0.00, 0.00
2026-8-3, 20:29:00.402000, 28898.25, 29013.00, 28894.00, 29011.75, 5250, 4810, 28954.25, 28972.92, 28953.50, 2246, 3004, 0.00, 0.00
2026-8-3, 20:52:04.533008, 29011.75, 29048.00, 28967.50, 28986.75, 5250, 4825, 29003.50, 29000.75, 29007.75, 2707, 2543, 0.00, 0.00
2026-8-3, 21:11:34.150020, 28986.75, 28994.50, 28942.50, 28966.00, 5250, 4864, 28972.44, 28967.67, 28968.50, 2727, 2523, 0.00, 0.00
2026-8-3, 21:46:37.432000, 28966.00, 28993.25, 28931.75, 28993.25, 5250, 4862, 28971.06, 28972.75, 28962.50, 2707, 2543, 0.00, 0.00
2026-8-3, 22:32:07.152004, 28993.75, 29019.25, 28957.75, 29019.25, 5250, 4879, 28997.50, 28998.75, 28988.50, 2654, 2596, 0.00, 0.00
2026-8-3, 23:53:58.435002, 29019.25, 29074.75, 28978.25, 29052.00, 5250, 5006, 29031.06, 29035.00, 29026.50, 2572, 2678, 0.00, 0.00
2026-8-4, 00:51:27.783001, 29052.00, 29098.75, 29042.50, 29056.75, 5250, 4764, 29062.50, 29066.00, 29070.63, 2516, 2734, 0.00, 0.00
2026-8-4, 01:46:53.141005, 29057.00, 29100.25, 29036.50, 29071.00, 5250, 4783, 29066.19, 29069.25, 29068.38, 2609, 2641, 0.00, 0.00
2026-8-4, 02:18:58.452001, 29071.00, 29119.25, 29065.25, 29099.25, 5250, 4757, 29088.69, 29094.58, 29092.25, 2686, 2564, 0.00, 0.00
2026-8-4, 03:03:01.615001, 29099.25, 29131.50, 29050.00, 29050.75, 5250, 4728, 29082.88, 29077.42, 29090.75, 2713, 2537, 0.00, 0.00
2026-8-4, 03:46:07.010010, 29051.00, 29077.50, 29007.50, 29040.50, 5250, 4823, 29044.13, 29041.83, 29042.50, 2652, 2598, 0.00, 0.00
2026-8-4, 04:28:26.810000, 29041.25, 29111.75, 29037.25, 29103.25, 5250, 4665, 29073.38, 29084.08, 29074.50, 2507, 2743, 0.00, 0.00
2026-8-4, 05:20:44.472000, 29102.75, 29145.00, 29074.00, 29126.25, 5250, 4910, 29112.00, 29115.08, 29109.50, 2549, 2701, 0.00, 0.00
2026-8-4, 05:50:35.529001, 29126.50, 29166.75, 29103.25, 29156.50, 5250, 4710, 29138.25, 29142.17, 29135.00, 2479, 2771, 0.00, 0.00
2026-8-4, 06:27:54.987003, 29156.50, 29215.50, 29150.25, 29215.50, 5250, 4683, 29184.44, 29193.75, 29182.88, 2387, 2863, 0.00, 0.00
2026-8-4, 06:49:37.287024, 29215.50, 29245.75, 29207.00, 29209.50, 5250, 4664, 29219.44, 29220.75, 29226.38, 2905, 2345, 0.00, 0.00
2026-8-4, 07:07:18.831001, 29209.75, 29234.25, 29199.00, 29214.75, 5250, 4428, 29214.44, 29216.00, 29216.63, 2778, 2472, 0.00, 0.00
2026-8-4, 07:36:27.945004, 29215.00, 29226.75, 29188.00, 29222.50, 5250, 4964, 29213.06, 29212.42, 29207.38, 2648, 2602, 0.00, 0.00
2026-8-4, 08:06:33.517000, 29222.00, 29282.25, 29218.00, 29254.50, 5250, 4896, 29244.19, 29251.58, 29250.13, 2302, 2948, 0.00, 0.00
2026-8-4, 08:21:41.667000, 29254.00, 29263.25, 29218.50, 29233.75, 4822, 4476, 29242.38, 29238.50, 29240.88, 2396, 2426, 0.00, 0.00
2026-8-4, 08:30:00.000000, 29234.75, 29296.50, 29208.25, 29293.25, 5250, 4889, 29258.19, 29266.00, 29252.38, 2462, 2788, 0.00, 0.00
2026-8-4, 08:30:46.067001, 29293.50, 29329.50, 29288.50, 29324.75, 5250, 4899, 29309.06, 29314.25, 29309.00, 2440, 2810, 0.00, 0.00
2026-8-4, 08:32:06.466000, 29324.75, 29363.25, 29321.50, 29360.75, 5250, 4871, 29342.56, 29348.50, 29342.38, 2346, 2904, 0.00, 0.00
2026-8-4, 08:33:44.549007, 29360.75, 29396.75, 29351.00, 29388.25, 5250, 4947, 29374.19, 29378.67, 29373.88, 2467, 2783, 0.00, 0.00
2026-8-4, 08:35:28.083030, 29388.25, 29413.00, 29381.75, 29382.25, 5250, 4669, 29391.31, 29392.33, 29397.38, 2524, 2726, 0.00, 0.00
2026-8-4, 08:37:01.920000, 29383.50, 29409.75, 29359.00, 29365.25, 5250, 4951, 29379.38, 29378.00, 29384.38, 2790, 2460, 0.00, 0.00
2026-8-4, 08:38:38.012000, 29365.25, 29415.25, 29353.50, 29400.25, 5250, 4845, 29383.56, 29389.67, 29384.38, 2536, 2714, 0.00, 0.00
2026-8-4, 08:40:30.908000, 29400.25, 29441.75, 29383.75, 29439.75, 5250, 4778, 29416.38, 29421.75, 29412.75, 2485, 2765, 0.00, 0.00
2026-8-4, 08:42:29.690000, 29440.50, 29452.75, 29405.00, 29405.00, 5250, 4738, 29425.81, 29420.92, 29428.88, 2643, 2607, 0.00, 0.00
2026-8-4, 08:44:41.436001, 29405.00, 29459.75, 29394.25, 29453.25, 5250, 4996, 29428.06, 29435.75, 29427.00, 2398, 2852, 0.00, 0.00
2026-8-4, 08:46:17.059001, 29453.25, 29461.25, 29427.25, 29455.00, 5250, 5063, 29449.19, 29447.83, 29444.25, 2663, 2587, 0.00, 0.00
2026-8-4, 08:48:48.078001, 29455.25, 29499.25, 29437.00, 29488.00, 5250, 4922, 29469.88, 29474.75, 29468.13, 2346, 2904, 0.00, 0.00
2026-8-4, 08:50:42.333003, 29488.00, 29501.25, 29474.50, 29480.50, 5250, 5018, 29486.06, 29485.42, 29487.88, 2662, 2588, 0.00, 0.00
2026-8-4, 08:53:51.992000, 29480.75, 29503.75, 29439.75, 29439.75, 5250, 4775, 29466.00, 29461.08, 29471.75, 2793, 2457, 0.00, 0.00
2026-8-4, 08:56:25.861000, 29439.50, 29464.25, 29425.00, 29448.00, 5250, 4761, 29444.19, 29445.75, 29444.63, 2628, 2622, 0.00, 0.00
2026-8-4, 08:59:08.525002, 29448.00, 29485.00, 29432.00, 29485.00, 5250, 4840, 29462.50, 29467.33, 29458.50, 2590, 2660, 0.00, 0.00
2026-8-4, 09:02:07.501001, 29485.00, 29497.75, 29468.00, 29492.00, 5250, 4759, 29485.69, 29485.92, 29482.88, 2708, 2542, 0.00, 0.00
2026-8-4, 09:04:25.218002, 29492.00, 29523.25, 29484.25, 29520.00, 5250, 4951, 29504.88, 29509.17, 29503.75, 2440, 2810, 0.00, 0.00
2026-8-4, 09:07:15.818001, 29520.25, 29533.00, 29503.25, 29512.00, 5250, 4926, 29517.13, 29516.08, 29518.13, 2663, 2587, 0.00, 0.00
2026-8-4, 09:10:23.357000, 29511.25, 29544.25, 29506.75, 29532.00, 5250, 4918, 29523.56, 29527.67, 29525.50, 2525, 2725, 0.00, 0.00
2026-8-4, 09:14:17.459001, 29532.00, 29548.25, 29516.75, 29518.75, 5250, 4869, 29528.94, 29527.92, 29532.50, 2662, 2588, 0.00, 0.00
2026-8-4, 09:17:15.386000, 29518.50, 29536.25, 29491.00, 29496.50, 5250, 4960, 29510.56, 29507.92, 29513.63, 2789, 2461, 0.00, 0.00
2026-8-4, 09:20:16.229001, 29496.50, 29517.25, 29484.00, 29500.00, 5250, 4847, 29499.44, 29500.42, 29500.63, 2586, 2664, 0.00, 0.00
2026-8-4, 09:23:25.697001, 29500.00, 29543.00, 29489.75, 29540.00, 5250, 5041, 29518.19, 29524.25, 29516.38, 2487, 2763, 0.00, 0.00
2026-8-4, 09:27:04.254000, 29540.00, 29568.50, 29535.00, 29557.25, 5250, 4837, 29550.19, 29553.58, 29551.75, 2362, 2888, 0.00, 0.00
2026-8-4, 09:30:07.796001, 29557.50, 29558.75, 29524.75, 29555.50, 5250, 4960, 29549.13, 29546.33, 29541.75, 2684, 2566, 0.00, 0.00
2026-8-4, 09:32:52.905004, 29555.50, 29567.25, 29530.25, 29534.75, 5250, 4944, 29546.94, 29544.08, 29548.75, 2718, 2532, 0.00, 0.00
2026-8-4, 09:37:03.202001, 29534.75, 29572.75, 29519.00, 29528.25, 5250, 4893, 29538.69, 29540.00, 29545.88, 2726, 2524, 0.00, 0.00
2026-8-4, 09:39:07.836000, 29527.75, 29551.50, 29517.25, 29546.75, 5250, 4922, 29535.81, 29538.50, 29534.38, 2535, 2715, 0.00, 0.00
2026-8-4, 09:44:06.973000, 29547.25, 29561.50, 29542.25, 29546.25, 5250, 4944, 29549.31, 29550.00, 29551.88, 2509, 2741, 0.00, 0.00
2026-8-4, 09:49:59.487001, 29546.25, 29556.00, 29525.75, 29528.75, 5250, 4921, 29539.19, 29536.83, 29540.88, 2862, 2388, 0.00, 0.00
2026-8-4, 09:55:54.024000, 29529.25, 29556.75, 29523.50, 29547.25, 5250, 4794, 29539.19, 29542.50, 29540.13, 2681, 2569, 0.00, 0.00
2026-8-4, 10:01:00.309003, 29547.25, 29589.50, 29545.75, 29587.00, 5250, 4738, 29567.38, 29574.08, 29567.63, 2385, 2865, 0.00, 0.00
2026-8-4, 10:04:45.855000, 29587.25, 29596.00, 29566.50, 29594.50, 5250, 4817, 29586.06, 29585.67, 29581.25, 2641, 2609, 0.00, 0.00
2026-8-4, 10:10:04.414000, 29595.50, 29624.75, 29587.50, 29621.25, 5250, 4816, 29607.25, 29611.17, 29606.13, 2331, 2919, 0.00, 0.00
2026-8-4, 10:14:04.696001, 29621.25, 29629.25, 29613.25, 29619.00, 5250, 4657, 29620.69, 29620.50, 29621.25, 2667, 2583, 0.00, 0.00
2026-8-4, 10:18:13.090036, 29618.75, 29660.50, 29618.25, 29657.75, 5250, 4951, 29638.81, 29645.50, 29639.38, 2288, 2962, 0.00, 0.00
2026-8-4, 10:22:29.835003, 29657.75, 29663.50, 29646.25, 29653.50, 5250, 4853, 29655.25, 29654.42, 29654.88, 2750, 2500, 0.00, 0.00
2026-8-4, 10:27:05.392000, 29653.25, 29653.75, 29630.00, 29630.00, 5250, 4999, 29641.75, 29637.92, 29641.88, 2900, 2350, 0.00, 0.00
2026-8-4, 10:33:30.854031, 29630.00, 29670.00, 29622.00, 29670.00, 5250, 4824, 29648.00, 29654.00, 29646.00, 2469, 2781, 0.00, 0.00
2026-8-4, 10:38:32.964053, 29670.25, 29682.50, 29655.75, 29656.75, 5250, 4915, 29666.31, 29665.00, 29669.13, 2695, 2555, 0.00, 0.00
2026-8-4, 10:42:06.264001, 29656.75, 29689.50, 29656.25, 29687.50, 5250, 4967, 29672.50, 29677.75, 29672.88, 2505, 2745, 0.00, 0.00
2026-8-4, 10:47:54.733002, 29687.50, 29696.75, 29677.25, 29678.25, 5250, 4894, 29684.94, 29684.08, 29687.00, 2773, 2477, 0.00, 0.00
2026-8-4, 10:54:07.223000, 29678.50, 29694.50, 29667.50, 29693.50, 5250, 4870, 29683.50, 29685.17, 29681.00, 2674, 2576, 0.00, 0.00
2026-8-4, 11:01:00.345000, 29693.25, 29700.00, 29675.25, 29678.25, 5250, 4866, 29686.69, 29684.50, 29687.63, 2757, 2493, 0.00, 0.00
2026-8-4, 11:09:19.783003, 29678.50, 29690.00, 29661.25, 29688.00, 5250, 5009, 29679.44, 29679.75, 29675.63, 2759, 2491, 0.00, 0.00
2026-8-4, 11:18:08.263000, 29688.50, 29718.00, 29687.00, 29717.25, 5250, 4915, 29702.69, 29707.42, 29702.50, 2376, 2874, 0.00, 0.00
2026-8-4, 11:24:11.951001, 29717.25, 29721.50, 29695.00, 29720.00, 5250, 4965, 29713.44, 29712.17, 29708.25, 2743, 2507, 0.00, 0.00
2026-8-4, 11:32:20.518000, 29720.75, 29731.75, 29708.25, 29715.75, 5250, 4901, 29719.13, 29718.58, 29720.00, 2718, 2532, 0.00, 0.00
2026-8-4, 11:40:22.498002, 29715.75, 29736.50, 29705.25, 29733.50, 5250, 4887, 29722.75, 29725.08, 29720.88, 2493, 2757, 0.00, 0.00
2026-8-4, 11:46:48.044001, 29733.50, 29744.50, 29730.25, 29741.25, 5250, 4853, 29737.38, 29738.67, 29737.38, 2699, 2551, 0.00, 0.00
2026-8-4, 11:54:42.508000, 29741.00, 29771.75, 29732.00, 29770.75, 5250, 4643, 29753.88, 29758.17, 29751.88, 2367, 2883, 0.00, 0.00
2026-8-4, 12:01:10.540000, 29771.00, 29794.00, 29760.25, 29780.50, 5250, 4619, 29776.44, 29778.25, 29777.13, 2621, 2629, 0.00, 29799.00
2026-8-4, 12:05:56.185000, 29780.75, 29799.75, 29770.00, 29789.00, 5250, 4839, 29784.88, 29786.25, 29784.88, 2697, 2553, 0.00, 0.00
2026-8-4, 12:13:24.756002, 29789.00, 29805.25, 29784.75, 29785.00, 5250, 4823, 29791.00, 29791.67, 29795.00, 2537, 2713, 0.00, 0.00
2026-8-4, 12:20:48.201000, 29785.25, 29823.00, 29780.50, 29818.75, 5250, 4856, 29801.88, 29807.42, 29801.75, 2318, 2932, 0.00, 0.00
2026-8-4, 12:27:07.619001, 29818.75, 29825.75, 29803.50, 29819.00, 5250, 4782, 29816.75, 29816.08, 29814.63, 2709, 2541, 0.00, 29830.75
2026-8-4, 12:35:01.965000, 29818.75, 29855.50, 29815.25, 29852.50, 5250, 4729, 29835.50, 29841.08, 29835.38, 2327, 2923, 0.00, 0.00
2026-8-4, 12:41:06.464000, 29852.50, 29886.00, 29850.25, 29885.50, 5250, 4870, 29868.56, 29873.92, 29868.13, 2445, 2805, 0.00, 0.00
2026-8-4, 12:46:56.481000, 29885.75, 29898.75, 29854.75, 29854.75, 5250, 4801, 29873.50, 29869.42, 29876.75, 2771, 2479, 0.00, 0.00
2026-8-4, 12:51:01.736000, 29854.75, 29860.75, 29833.50, 29849.00, 5250, 5021, 29849.50, 29847.75, 29847.13, 2651, 2599, 0.00, 0.00
2026-8-4, 12:56:31.174000, 29849.00, 29865.00, 29808.00, 29837.50, 5250, 4962, 29839.88, 29836.83, 29836.50, 2848, 2402, 0.00, 0.00
2026-8-4, 13:01:39.972000, 29838.00, 29854.75, 29810.00, 29820.25, 5250, 4952, 29830.75, 29828.33, 29832.38, 2721, 2529, 0.00, 0.00
2026-8-4, 13:06:29.219004, 29820.25, 29856.50, 29817.25, 29856.25, 5250, 4967, 29837.56, 29843.33, 29836.88, 2507, 2743, 0.00, 0.00
2026-8-4, 13:14:50.271013, 29856.25, 29874.50, 29855.00, 29866.00, 5250, 4838, 29862.94, 29865.17, 29864.75, 2578, 2672, 0.00, 0.00
2026-8-4, 13:22:05.393000, 29866.00, 29893.00, 29860.00, 29885.50, 5250, 4903, 29876.13, 29879.50, 29876.50, 2502, 2748, 0.00, 0.00
2026-8-4, 13:32:06.477000, 29885.50, 29889.25, 29840.75, 29849.75, 5250, 4896, 29866.31, 29859.92, 29865.00, 2989, 2261, 0.00, 0.00
2026-8-4, 13:41:25.470001, 29849.75, 29891.50, 29839.75, 29890.00, 5250, 4907, 29867.75, 29873.75, 29865.63, 2513, 2737, 29834.75, 0.00
2026-8-4, 13:49:08.370000, 29889.75, 29895.50, 29874.75, 29884.75, 5250, 4947, 29886.19, 29885.00, 29885.13, 2828, 2422, 0.00, 0.00
2026-8-4, 13:58:47.277000, 29884.75, 29925.75, 29877.75, 29924.00, 5250, 4790, 29903.06, 29909.17, 29901.75, 2376, 2874, 0.00, 0.00
2026-8-4, 14:03:52.202004, 29924.00, 29931.75, 29903.50, 29930.75, 5250, 4841, 29922.50, 29922.00, 29917.63, 2665, 2585, 0.00, 0.00
2026-8-4, 14:10:15.742000, 29930.75, 29944.00, 29921.50, 29942.75, 5250, 4867, 29934.75, 29936.08, 29932.75, 2508, 2742, 0.00, 0.00
2026-8-4, 14:16:49.873002, 29942.75, 29945.25, 29916.75, 29928.75, 5250, 4848, 29933.38, 29930.25, 29931.00, 2677, 2573, 0.00, 0.00
2026-8-4, 14:24:42.837000, 29929.25, 29929.25, 29888.75, 29895.25, 5250, 4701, 29910.63, 29904.42, 29909.00, 2749, 2501, 0.00, 0.00
2026-8-4, 14:30:16.774000, 29895.50, 29919.50, 29891.50, 29919.00, 5250, 4884, 29906.38, 29910.00, 29905.50, 2570, 2680, 0.00, 0.00
2026-8-4, 14:37:06.000001, 29919.00, 29948.25, 29916.75, 29944.50, 5250, 4907, 29932.13, 29936.50, 29932.50, 2520, 2730, 0.00, 0.00
2026-8-4, 14:44:00.776001, 29944.50, 29956.50, 29920.50, 29921.25, 5250, 4773, 29935.69, 29932.75, 29938.50, 2674, 2576, 0.00, 0.00
2026-8-4, 14:48:40.307001, 29921.25, 29932.50, 29897.00, 29901.25, 5250, 4826, 29913.00, 29910.25, 29914.75, 2669, 2581, 0.00, 0.00
2026-8-4, 14:51:45.403006, 29901.25, 29906.00, 29881.75, 29888.50, 5250, 4905, 29894.38, 29892.08, 29893.88, 2870, 2380, 0.00, 0.00
2026-8-4, 14:54:10.028000, 29888.25, 29891.25, 29862.25, 29867.00, 5250, 4922, 29877.19, 29873.50, 29876.75, 2862, 2388, 0.00, 0.00
2026-8-4, 14:55:58.614000, 29866.50, 29871.50, 29851.25, 29860.25, 5250, 4982, 29862.38, 29861.00, 29861.38, 2800, 2450, 0.00, 0.00
2026-8-4, 14:58:24.364000, 29860.00, 29894.50, 29858.75, 29886.50, 5250, 4895, 29874.94, 29879.92, 29876.63, 2559, 2691, 0.00, 0.00
2026-8-4, 14:59:30.938001, 29886.50, 29888.00, 29859.75, 29861.50, 5250, 4604, 29873.94, 29869.75, 29873.88, 2465, 2785, 0.00, 0.00
2026-8-4, 14:59:54.363000, 29861.25, 29878.75, 29847.50, 29875.00, 5250, 4572, 29865.63, 29867.08, 29863.13, 2311, 2939, 0.00, 0.00
2026-8-4, 15:00:00.165018, 29875.25, 29902.25, 29851.50, 29866.50, 5250, 4667, 29873.88, 29873.42, 29876.88, 2800, 2450, 0.00, 0.00
2026-8-4, 15:01:24.007012, 29866.00, 29949.75, 29865.50, 29939.00, 5250, 4642, 29905.06, 29918.08, 29907.63, 2475, 2775, 0.00, 0.00
2026-8-4, 15:06:51.769000, 29939.00, 29941.75, 29814.00, 29816.25, 5250, 4646, 29877.75, 29857.33, 29877.88, 3133, 2117, 0.00, 0.00
2026-8-4, 15:15:41.569002, 29815.75, 29831.50, 29761.25, 29766.50, 5250, 4439, 29793.75, 29786.42, 29796.38, 2880, 2370, 0.00, 0.00
2026-8-4, 15:19:51.577000, 29766.75, 29836.00, 29766.00, 29793.75, 5250, 4851, 29790.63, 29798.58, 29801.00, 2789, 2461, 0.00, 0.00
2026-8-4, 15:33:02.545000, 29793.75, 29823.25, 29764.50, 29798.50, 5250, 4888, 29795.00, 29795.42, 29793.88, 2981, 2269, 0.00, 0.00
2026-8-4, 15:54:00.184000, 29798.25, 29844.25, 29776.50, 29833.25, 5250, 4823, 29813.06, 29818.00, 29810.38, 2678, 2572, 0.00, 0.00
2026-8-4, 17:35:06.867000, 29833.00, 29846.75, 29792.25, 29816.75, 5250, 4934, 29822.19, 29818.58, 29819.50, 2634, 2616, 0.00, 0.00
2026-8-4, 18:33:40.276000, 29815.50, 29865.00, 29802.00, 29844.00, 5250, 4897, 29831.63, 29837.00, 29833.50, 2492, 2758, 0.00, 0.00
2026-8-4, 19:08:37.049004, 29844.00, 29877.00, 29829.50, 29835.50, 5250, 4891, 29846.50, 29847.33, 29853.25, 2712, 2538, 0.00, 0.00
2026-8-4, 19:47:14.960000, 29838.00, 29862.50, 29803.25, 29828.00, 5250, 4870, 29832.94, 29831.25, 29832.88, 2662, 2588, 0.00, 0.00
2026-8-4, 20:20:54.925000, 29828.25, 29878.50, 29797.00, 29878.50, 5250, 4710, 29845.56, 29851.33, 29837.75, 2469, 2781, 0.00, 0.00
2026-8-4, 20:57:40.210011, 29878.50, 29889.25, 29842.25, 29872.75, 5250, 4893, 29870.69, 29868.08, 29865.75, 2592, 2658, 0.00, 0.00
2026-8-4, 21:54:37.153000, 29872.00, 29898.25, 29855.75, 29897.00, 5250, 4912, 29880.75, 29883.67, 29877.00, 2604, 2646, 0.00, 0.00
2026-8-4, 23:12:19.958000, 29896.25, 29938.50, 29859.75, 29935.25, 5250, 4806, 29907.44, 29911.17, 29899.13, 2455, 2795, 0.00, 0.00
2026-8-5, 00:14:04.787000, 29935.75, 29980.75, 29919.75, 29980.00, 5250, 4618, 29954.06, 29960.17, 29950.25, 2528, 2722, 0.00, 0.00
2026-8-5, 00:57:11.784000, 29980.25, 29990.00, 29925.50, 29947.50, 5250, 4908, 29960.81, 29954.33, 29957.75, 2765, 2485, 0.00, 0.00
2026-8-5, 01:42:57.271006, 29948.00, 29987.00, 29900.25, 29906.50, 5250, 4728, 29935.44, 29931.25, 29943.63, 2803, 2447, 0.00, 0.00
2026-8-5, 02:28:30.953001, 29907.50, 29926.00, 29871.75, 29873.25, 5250, 4761, 29894.63, 29890.33, 29898.88, 2737, 2513, 0.00, 0.00
2026-8-5, 03:12:23.674002, 29873.25, 29876.00, 29801.75, 29806.00, 5250, 4758, 29839.25, 29827.92, 29838.88, 2952, 2298, 0.00, 0.00
2026-8-5, 03:40:37.992000, 29805.25, 29853.75, 29797.75, 29836.25, 5250, 4443, 29823.25, 29829.25, 29825.75, 2685, 2565, 0.00, 0.00
2026-8-5, 04:20:15.178000, 29836.00, 29893.50, 29833.75, 29868.50, 5250, 4644, 29857.94, 29865.25, 29863.63, 2626, 2624, 0.00, 0.00
2026-8-5, 04:58:07.107000, 29869.75, 29871.75, 29833.75, 29867.50, 5250, 4811, 29860.69, 29857.67, 29852.75, 2555, 2695, 0.00, 0.00
2026-8-5, 06:00:00.072000, 29868.00, 29923.00, 29865.75, 29910.50, 5250, 4693, 29891.81, 29899.75, 29894.38, 2353, 2897, 0.00, 0.00
2026-8-5, 06:32:09.282001, 29910.75, 29943.50, 29903.50, 29909.75, 5250, 4612, 29916.88, 29918.92, 29923.50, 2542, 2708, 0.00, 0.00
2026-8-5, 07:04:36.867000, 29909.50, 29942.00, 29891.25, 29932.25, 5250, 4583, 29918.75, 29921.83, 29916.63, 2580, 2670, 0.00, 0.00
2026-8-5, 07:30:42.240000, 29932.25, 29950.00, 29892.75, 29912.50, 5250, 4497, 29921.88, 29918.42, 29921.38, 2682, 2568, 0.00, 0.00
2026-8-5, 07:58:15.131000, 29912.75, 29949.50, 29896.50, 29912.75, 5250, 4833, 29917.88, 29919.58, 29923.00, 2660, 2590, 0.00, 0.00
2026-8-5, 08:23:30.423002, 29912.75, 29978.50, 29894.75, 29975.25, 4544, 4157, 29940.31, 29949.50, 29936.63, 1991, 2553, 0.00, 0.00
2026-8-5, 08:30:00.000000, 29975.00, 29996.75, 29955.00, 29966.75, 5250, 4370, 29973.38, 29972.83, 29975.88, 2489, 2761, 0.00, 0.00
2026-8-5, 08:30:37.536000, 29967.00, 29991.25, 29947.25, 29985.00, 5250, 4817, 29972.63, 29974.50, 29969.25, 2651, 2599, 0.00, 29996.25
2026-8-5, 08:31:59.468001, 29985.00, 30003.50, 29935.50, 30000.00, 5250, 4958, 29981.00, 29979.67, 29969.50, 2538, 2712, 0.00, 0.00
2026-8-5, 08:33:24.738000, 30000.00, 30015.50, 29968.75, 30010.00, 5250, 4998, 29998.56, 29998.08, 29992.13, 2551, 2699, 0.00, 0.00
2026-8-5, 08:35:30.043001, 30010.00, 30023.50, 29913.50, 29940.00, 5250, 4819, 29971.75, 29959.00, 29968.50, 2874, 2376, 0.00, 0.00
2026-8-5, 08:36:55.123000, 29939.75, 30000.00, 29910.25, 29985.00, 5250, 4990, 29958.75, 29965.08, 29955.13, 2618, 2632, 0.00, 0.00
2026-8-5, 08:38:38.860000, 29984.50, 30032.50, 29947.75, 30030.75, 5250, 4911, 29998.88, 30003.67, 29990.13, 2357, 2893, 0.00, 0.00
2026-8-5, 08:40:22.600000, 30029.25, 30038.25, 29982.50, 30021.25, 5250, 4907, 30017.81, 30014.00, 30010.38, 2608, 2642, 0.00, 0.00
2026-8-5, 08:42:42.134000, 30020.75, 30068.75, 30020.00, 30067.75, 5250, 4797, 30044.31, 30052.17, 30044.38, 2522, 2728, 0.00, 0.00
2026-8-5, 08:45:10.922007, 30068.00, 30074.00, 30017.25, 30033.25, 5250, 4949, 30048.13, 30041.50, 30045.63, 2743, 2507, 0.00, 0.00
2026-8-5, 08:47:32.491001, 30033.50, 30070.25, 30016.25, 30016.25, 5250, 4695, 30034.06, 30034.25, 30043.25, 2738, 2512, 0.00, 0.00
2026-8-5, 08:50:11.525012, 30016.00, 30035.50, 29993.25, 29993.50, 5250, 4903, 30009.56, 30007.42, 30014.38, 2861, 2389, 0.00, 0.00
2026-8-5, 08:52:31.704000, 29993.00, 30037.00, 29967.75, 30013.25, 5250, 4956, 30002.75, 30006.00, 30002.38, 2743, 2507, 0.00, 0.00
2026-8-5, 08:54:54.201004, 30013.25, 30031.50, 29978.50, 30024.00, 5250, 4938, 30011.81, 30011.33, 30005.00, 2581, 2669, 0.00, 0.00
2026-8-5, 08:58:05.006001, 30024.00, 30058.50, 29982.75, 29989.50, 5250, 4853, 30013.69, 30010.25, 30020.63, 2705, 2545, 0.00, 0.00
2026-8-5, 09:01:07.995002, 29989.50, 30000.00, 29918.50, 29941.50, 5250, 4964, 29962.38, 29953.33, 29959.25, 2773, 2477, 0.00, 0.00
2026-8-5, 09:03:09.533000, 29939.00, 29987.25, 29924.75, 29986.25, 5250, 5051, 29959.31, 29966.08, 29956.00, 2603, 2647, 0.00, 0.00
2026-8-5, 09:05:17.401002, 29986.00, 30015.25, 29959.25, 30001.50, 5250, 5031, 29990.50, 29992.00, 29987.25, 2671, 2579, 0.00, 0.00
2026-8-5, 09:07:49.976001, 30001.50, 30029.50, 29969.00, 30001.00, 5250, 4991, 30000.25, 29999.83, 29999.25, 2594, 2656, 0.00, 0.00
2026-8-5, 09:11:27.897000, 30000.25, 30026.00, 29981.25, 29984.50, 5250, 4986, 29998.00, 29997.25, 30003.63, 2753, 2497, 0.00, 0.00
2026-8-5, 09:16:30.573000, 29983.25, 30013.50, 29943.00, 29956.00, 5250, 4947, 29973.94, 29970.83, 29978.25, 2654, 2596, 0.00, 0.00
2026-8-5, 09:20:57.367000, 29955.50, 29977.75, 29901.25, 29919.00, 5250, 4969, 29938.38, 29932.67, 29939.50, 2855, 2395, 0.00, 0.00
2026-8-5, 09:23:45.274000, 29919.00, 29989.25, 29914.25, 29939.25, 5250, 5100, 29940.44, 29947.58, 29951.75, 2599, 2651, 0.00, 0.00
2026-8-5, 09:26:15.106000, 29938.25, 29975.75, 29919.00, 29921.50, 5250, 4939, 29938.63, 29938.75, 29947.38, 2736, 2514, 0.00, 0.00
2026-8-5, 09:29:47.445000, 29921.25, 29921.75, 29863.25, 29864.25, 5250, 5009, 29892.63, 29883.08, 29892.50, 2886, 2364, 0.00, 0.00
2026-8-5, 09:31:30.441000, 29864.50, 29910.00, 29853.25, 29902.50, 5250, 5075, 29882.56, 29888.58, 29881.63, 2534, 2716, 0.00, 0.00
2026-8-5, 09:34:12.538001, 29902.50, 29914.00, 29863.00, 29864.00, 5250, 4875, 29885.88, 29880.33, 29888.50, 2757, 2493, 0.00, 0.00
2026-8-5, 09:37:16.190003, 29864.00, 29878.25, 29831.00, 29836.75, 5250, 4951, 29852.50, 29848.67, 29854.63, 2921, 2329, 0.00, 0.00
2026-8-5, 09:40:07.524000, 29836.25, 29866.00, 29824.75, 29849.00, 5250, 4898, 29844.00, 29846.58, 29845.38, 2538, 2712, 0.00, 0.00
2026-8-5, 09:42:07.357002, 29849.00, 29873.00, 29830.00, 29845.75, 5250, 4992, 29849.44, 29849.58, 29851.50, 2603, 2647, 0.00, 0.00
2026-8-5, 09:45:44.595001, 29845.50, 29888.00, 29840.50, 29878.75, 5250, 4769, 29863.19, 29869.08, 29864.25, 2436, 2814, 0.00, 0.00
2026-8-5, 09:49:12.661000, 29878.00, 29905.50, 29841.25, 29848.00, 5250, 4752, 29868.19, 29864.92, 29873.38, 2783, 2467, 0.00, 0.00
2026-8-5, 09:52:03.902000, 29849.00, 29858.25, 29788.00, 29801.00, 5250, 4650, 29824.06, 29815.75, 29823.13, 2794, 2456, 0.00, 0.00
2026-8-5, 09:54:05.030001, 29801.00, 29829.75, 29791.75, 29825.50, 5250, 4625, 29812.00, 29815.67, 29810.75, 2597, 2653, 29786.75, 0.00
2026-8-5, 09:56:42.040002, 29825.75, 29866.25, 29821.00, 29862.00, 5250, 4745, 29843.75, 29849.75, 29843.63, 2579, 2671, 0.00, 0.00
2026-8-5, 10:00:23.017000, 29863.00, 29881.25, 29830.00, 29835.25, 5250, 4971, 29852.38, 29848.83, 29855.63, 2700, 2550, 0.00, 0.00
2026-8-5, 10:04:28.461000, 29836.50, 29869.25, 29826.00, 29864.00, 5250, 4980, 29848.94, 29853.08, 29847.63, 2515, 2735, 0.00, 0.00
2026-8-5, 10:09:18.071000, 29865.00, 29890.75, 29851.50, 29852.00, 5250, 4980, 29864.81, 29864.75, 29871.13, 2547, 2703, 0.00, 0.00
2026-8-5, 10:13:29.160000, 29851.75, 29853.75, 29799.75, 29821.50, 5250, 4888, 29831.69, 29825.00, 29826.75, 2791, 2459, 0.00, 0.00
2026-8-5, 10:17:01.521003, 29821.75, 29825.00, 29763.50, 29813.25, 5250, 4808, 29805.88, 29800.58, 29794.25, 2772, 2478, 0.00, 0.00
2026-8-5, 10:19:12.487004, 29813.00, 29847.50, 29807.75, 29837.25, 5250, 4831, 29826.38, 29830.83, 29827.63, 2571, 2679, 29802.75, 0.00
2026-8-5, 10:23:45.328000, 29837.75, 29845.75, 29806.00, 29831.00, 5250, 4934, 29830.13, 29827.58, 29825.88, 2615, 2635, 0.00, 0.00
2026-8-5, 10:27:45.255000, 29831.75, 29860.75, 29794.25, 29847.50, 5250, 4871, 29833.56, 29834.17, 29827.50, 2572, 2678, 0.00, 0.00
2026-8-5, 10:32:54.317000, 29847.25, 29855.75, 29813.00, 29849.25, 5250, 5019, 29841.31, 29839.33, 29834.38, 2517, 2733, 0.00, 0.00
2026-8-5, 10:40:05.444001, 29849.25, 29853.00, 29788.50, 29805.25, 5250, 5049, 29824.00, 29815.58, 29820.75, 2747, 2503, 0.00, 0.00
2026-8-5, 10:47:03.576001, 29805.50, 29818.50, 29771.75, 29785.25, 5250, 4884, 29795.25, 29791.83, 29795.13, 2645, 2605, 0.00, 0.00
2026-8-5, 10:53:14.435009, 29785.25, 29795.75, 29727.75, 29730.00, 5250, 4320, 29759.69, 29751.17, 29761.75, 2716, 2534, 0.00, 0.00
2026-8-5, 10:57:11.057014, 29730.00, 29764.75, 29713.25, 29754.50, 5250, 4570, 29740.63, 29744.17, 29739.00, 2589, 2661, 0.00, 0.00
2026-8-5, 11:00:23.124004, 29754.50, 29766.00, 29711.00, 29750.25, 5250, 4915, 29745.44, 29742.42, 29738.50, 2609, 2641, 0.00, 0.00
2026-8-5, 11:05:13.816000, 29750.50, 29763.00, 29703.25, 29717.00, 5250, 4894, 29733.44, 29727.75, 29733.13, 2697, 2553, 0.00, 0.00
2026-8-5, 11:11:00.425000, 29716.50, 29761.50, 29702.00, 29746.00, 5250, 4884, 29731.50, 29736.50, 29731.75, 2550, 2700, 0.00, 0.00
2026-8-5, 11:17:32.851004, 29745.75, 29795.25, 29732.25, 29786.75, 5250, 4908, 29765.00, 29771.42, 29763.75, 2391, 2859, 0.00, 0.00
2026-8-5, 11:22:26.060004, 29786.75, 29820.75, 29753.75, 29818.75, 5250, 4819, 29795.00, 29797.75, 29787.25, 2513, 2737, 0.00, 0.00
2026-8-5, 11:27:05.238001, 29818.50, 29839.75, 29793.50, 29803.50, 5250, 4831, 29813.81, 29812.25, 29816.63, 2602, 2648, 0.00, 0.00
2026-8-5, 11:31:35.405000, 29801.25, 29811.25, 29770.00, 29805.50, 5250, 4886, 29797.00, 29795.58, 29790.63, 2711, 2539, 0.00, 0.00
2026-8-5, 11:39:31.929000, 29805.25, 29821.00, 29778.50, 29798.50, 5250, 4925, 29800.81, 29799.33, 29799.75, 2637, 2613, 0.00, 0.00
2026-8-5, 11:49:02.342000, 29796.50, 29826.25, 29786.00, 29806.00, 5250, 4895, 29803.69, 29806.08, 29806.13, 2575, 2675, 0.00, 0.00
2026-8-5, 11:59:13.043000, 29805.25, 29819.75, 29753.75, 29779.75, 5250, 4846, 29789.63, 29784.42, 29786.75, 2681, 2569, 0.00, 0.00
2026-8-5, 12:07:39.302000, 29779.25, 29784.25, 29744.25, 29766.25, 5250, 5001, 29768.50, 29764.92, 29764.25, 2593, 2657, 0.00, 0.00
2026-8-5, 12:16:59.480000, 29765.75, 29782.00, 29740.50, 29773.00, 5250, 4932, 29765.31, 29765.17, 29761.25, 2551, 2699, 0.00, 0.00
2026-8-5, 12:28:03.027000, 29771.50, 29774.25, 29738.75, 29762.25, 5250, 4776, 29761.69, 29758.42, 29756.50, 2675, 2575, 0.00, 0.00
2026-8-5, 12:40:02.421001, 29762.25, 29779.25, 29734.25, 29768.00, 5250, 4682, 29760.94, 29760.50, 29756.75, 2536, 2714, 0.00, 0.00
2026-8-5, 12:50:40.037000, 29768.25, 29775.75, 29745.00, 29774.00, 5250, 4831, 29765.75, 29764.92, 29760.38, 2490, 2760, 0.00, 0.00
2026-8-5, 13:04:18.093000, 29774.00, 29788.50, 29754.50, 29770.25, 5250, 4877, 29771.81, 29771.08, 29771.50, 2481, 2769, 0.00, 0.00
2026-8-5, 13:14:21.569000, 29770.00, 29781.75, 29755.25, 29772.75, 5250, 4960, 29769.94, 29769.92, 29768.50, 2498, 2752, 0.00, 0.00
2026-8-5, 13:28:32.490000, 29771.75, 29778.50, 29727.25, 29749.25, 5250, 4881, 29756.69, 29751.67, 29752.88, 2554, 2696, 0.00, 0.00
2026-8-5, 13:37:26.531000, 29749.25, 29765.00, 29733.75, 29759.75, 5250, 5059, 29751.94, 29752.83, 29749.38, 2590, 2660, 0.00, 0.00
2026-8-5, 13:50:41.292000, 29759.75, 29762.25, 29718.50, 29751.25, 5250, 4877, 29747.94, 29744.00, 29740.38, 2625, 2625, 0.00, 0.00
2026-8-5, 14:01:44.929013, 29751.25, 29778.25, 29747.00, 29765.25, 5250, 4921, 29760.44, 29763.50, 29762.63, 2531, 2719, 0.00, 0.00
2026-8-5, 14:11:18.818000, 29766.00, 29779.25, 29753.75, 29763.25, 5250, 4931, 29765.56, 29765.42, 29766.50, 2649, 2601, 0.00, 0.00
2026-8-5, 14:22:25.625004, 29763.25, 29776.50, 29741.00, 29743.75, 5250, 4948, 29756.13, 29753.75, 29758.75, 2765, 2485, 0.00, 0.00
2026-8-5, 14:33:02.369000, 29743.50, 29743.50, 29710.25, 29727.50, 5250, 4629, 29731.19, 29727.08, 29726.88, 2744, 2506, 0.00, 0.00
2026-8-5, 14:40:57.794000, 29727.00, 29734.25, 29689.75, 29707.75, 5250, 4801, 29714.69, 29710.58, 29712.00, 2852, 2398, 0.00, 0.00
2026-8-5, 14:47:48.372000, 29707.50, 29735.00, 29699.75, 29703.75, 5250, 5136, 29711.50, 29712.83, 29717.38, 2677, 2573, 0.00, 0.00
2026-8-5, 14:53:39.180002, 29703.75, 29716.25, 29673.75, 29680.00, 5250, 4741, 29693.44, 29690.00, 29695.00, 2898, 2352, 0.00, 0.00
2026-8-5, 14:56:45.417000, 29680.50, 29684.75, 29653.25, 29662.75, 5250, 4890, 29670.31, 29666.92, 29669.00, 2686, 2564, 0.00, 0.00
2026-8-5, 14:59:20.008000, 29662.50, 29666.50, 29607.50, 29610.00, 5250, 4603, 29636.63, 29628.00, 29637.00, 2633, 2617, 0.00, 0.00
2026-8-5, 14:59:50.509001, 29610.00, 29612.50, 29592.75, 29599.50, 5250, 4685, 29603.69, 29601.58, 29602.63, 2848, 2402, 0.00, 0.00
2026-8-5, 15:00:11.285004, 29599.25, 29615.50, 29551.25, 29554.75, 5250, 4426, 29580.19, 29573.83, 29583.38, 2883, 2367, 0.00, 0.00
2026-8-5, 15:02:07.625002, 29554.75, 29609.00, 29536.75, 29558.75, 5250, 4405, 29564.81, 29568.17, 29572.88, 2924, 2326, 0.00, 0.00
2026-8-5, 15:05:15.866001, 29559.00, 29590.75, 29530.75, 29568.25, 5250, 4508, 29562.19, 29563.25, 29560.75, 2911, 2339, 0.00, 0.00
2026-8-5, 15:10:09.745003, 29568.25, 29618.25, 29563.00, 29582.00, 5250, 4167, 29582.88, 29587.75, 29590.63, 2265, 2985, 0.00, 0.00
2026-8-5, 15:18:15.350000, 29582.50, 29603.00, 29561.75, 29599.25, 5250, 4543, 29586.63, 29588.00, 29582.38, 2659, 2591, 0.00, 0.00
2026-8-5, 15:44:14.861001, 29599.25, 29638.00, 29563.50, 29630.75, 5250, 4764, 29607.88, 29610.75, 29600.75, 2606, 2644, 0.00, 0.00
2026-8-5, 17:25:08.338000, 29632.00, 29679.50, 29612.25, 29618.75, 5250, 4656, 29635.63, 29636.83, 29645.88, 2651, 2599, 0.00, 0.00
2026-8-5, 18:03:44.867001, 29618.50, 29649.50, 29566.00, 29581.75, 5250, 4776, 29603.94, 29599.08, 29607.75, 2690, 2560, 0.00, 0.00
2026-8-5, 18:52:01.203000, 29582.25, 29608.00, 29546.75, 29604.50, 5250, 4940, 29585.38, 29586.42, 29577.38, 2517, 2733, 0.00, 0.00
2026-8-5, 19:25:05.589001, 29604.50, 29607.00, 29524.25, 29526.00, 5250, 4927, 29565.44, 29552.42, 29565.63, 2795, 2455, 0.00, 0.00
2026-8-5, 20:01:00.319000, 29526.50, 29531.25, 29454.25, 29462.00, 5250, 4839, 29493.50, 29482.50, 29492.75, 2719, 2531, 0.00, 0.00
2026-8-5, 20:28:19.895004, 29462.00, 29519.00, 29456.25, 29504.00, 5250, 4796, 29485.31, 29493.08, 29487.63, 2413, 2837, 0.00, 0.00
2026-8-5, 21:03:16.105008, 29503.75, 29586.75, 29490.75, 29573.75, 5250, 4946, 29538.75, 29550.42, 29538.75, 2407, 2843, 0.00, 0.00
2026-8-5, 21:39:43.131000, 29573.50, 29621.00, 29546.50, 29555.00, 5250, 4876, 29574.00, 29574.17, 29583.75, 2525, 2725, 0.00, 0.00
2026-8-5, 22:21:56.519000, 29555.25, 29584.25, 29525.00, 29572.25, 5250, 4950, 29559.19, 29560.50, 29554.63, 2547, 2703, 0.00, 0.00
2026-8-5, 23:16:10.455003, 29572.50, 29600.00, 29541.75, 29574.25, 5250, 4902, 29572.13, 29572.00, 29570.88, 2626, 2624, 0.00, 0.00
2026-8-6, 00:36:26.128000, 29574.50, 29583.75, 29485.00, 29493.25, 5250, 4874, 29534.13, 29520.67, 29534.38, 2786, 2464, 0.00, 0.00
2026-8-6, 01:21:17.528000, 29492.50, 29550.50, 29486.25, 29545.00, 5250, 4833, 29518.56, 29527.25, 29518.38, 2356, 2894, 0.00, 0.00
2026-8-6, 02:07:48.325001, 29545.00, 29563.00, 29480.00, 29480.00, 5250, 4937, 29517.00, 29507.67, 29521.50, 2663, 2587, 0.00, 0.00
2026-8-6, 03:03:46.835007, 29480.00, 29532.50, 29443.75, 29525.25, 5250, 4884, 29495.38, 29500.50, 29488.13, 2641, 2609, 0.00, 0.00
2026-8-6, 03:38:22.829001, 29525.50, 29526.75, 29437.50, 29475.75, 5250, 4806, 29491.38, 29480.00, 29482.13, 2589, 2661, 0.00, 0.00
2026-8-6, 04:34:00.859000, 29476.00, 29533.75, 29468.50, 29469.00, 5250, 4640, 29486.81, 29490.42, 29501.13, 2471, 2779, 0.00, 0.00
2026-8-6, 05:45:44.127000, 29468.50, 29492.75, 29364.75, 29367.00, 5250, 4647, 29423.25, 29408.17, 29428.75, 2903, 2347, 0.00, 0.00
2026-8-6, 06:07:29.414000, 29366.75, 29489.75, 29365.50, 29489.75, 5250, 4660, 29427.94, 29448.33, 29427.63, 2268, 2982, 0.00, 0.00
2026-8-6, 06:31:00.363006, 29489.75, 29516.50, 29438.00, 29444.75, 5250, 4639, 29472.25, 29466.42, 29477.25, 2592, 2658, 0.00, 0.00
2026-8-6, 06:53:40.675001, 29444.75, 29476.50, 29400.00, 29402.50, 5250, 4649, 29430.94, 29426.33, 29438.25, 2450, 2800, 0.00, 0.00
2026-8-6, 07:17:13.476001, 29402.75, 29463.50, 29387.50, 29451.75, 5250, 4584, 29426.38, 29434.25, 29425.50, 2554, 2696, 0.00, 0.00
2026-8-6, 07:36:50.763001, 29452.00, 29460.75, 29374.00, 29391.50, 5250, 4892, 29419.56, 29408.75, 29417.38, 2742, 2508, 0.00, 0.00
2026-8-6, 08:01:55.774000, 29392.25, 29404.50, 29336.75, 29355.75, 5250, 4784, 29372.31, 29365.67, 29370.63, 2701, 2549, 0.00, 0.00
2026-8-6, 08:16:22.096000, 29356.00, 29367.00, 29326.25, 29340.00, 5250, 4904, 29347.31, 29344.42, 29346.63, 2751, 2499, 0.00, 0.00
2026-8-6, 08:27:46.450000, 29340.75, 29355.00, 29328.50, 29334.50, 1780, 1614, 29339.69, 29339.33, 29341.75, 935, 845, 0.00, 0.00
2026-8-6, 08:30:00.001000, 29335.00, 29373.75, 29312.00, 29328.25, 5250, 4867, 29337.25, 29338.00, 29342.88, 2690, 2560, 0.00, 0.00
2026-8-6, 08:31:06.019000, 29328.25, 29355.50, 29274.50, 29278.00, 5250, 4868, 29309.06, 29302.67, 29315.00, 2873, 2377, 0.00, 0.00
2026-8-6, 08:32:28.858000, 29278.00, 29286.50, 29241.25, 29276.00, 5250, 4784, 29270.44, 29267.92, 29263.88, 2652, 2598, 0.00, 0.00
2026-8-6, 08:34:01.554000, 29276.25, 29371.75, 29273.50, 29352.75, 5250, 4821, 29318.56, 29332.67, 29322.63, 2427, 2823, 0.00, 0.00
2026-8-6, 08:35:21.194001, 29352.50, 29414.00, 29323.25, 29408.00, 5250, 4650, 29374.44, 29381.75, 29368.63, 2199, 3051, 0.00, 0.00
2026-8-6, 08:36:33.834002, 29408.00, 29448.50, 29403.50, 29418.00, 5250, 4799, 29419.50, 29423.33, 29426.00, 2578, 2672, 0.00, 0.00
2026-8-6, 08:38:07.789000, 29418.25, 29443.25, 29376.00, 29379.50, 5250, 4760, 29404.25, 29399.58, 29409.63, 2678, 2572, 0.00, 0.00
2026-8-6, 08:40:05.634002, 29379.50, 29459.00, 29378.25, 29448.25, 5250, 4853, 29416.25, 29428.50, 29418.63, 2282, 2968, 0.00, 0.00
2026-8-6, 08:41:46.014000, 29447.25, 29463.75, 29412.25, 29463.00, 5250, 4993, 29446.56, 29446.33, 29438.00, 2509, 2741, 0.00, 0.00
2026-8-6, 08:44:11.036012, 29463.00, 29481.50, 29446.00, 29460.75, 5250, 5028, 29462.81, 29462.75, 29463.75, 2539, 2711, 0.00, 0.00
2026-8-6, 08:46:30.283000, 29459.00, 29526.50, 29447.50, 29526.25, 5250, 4933, 29489.81, 29500.08, 29487.00, 2417, 2833, 0.00, 0.00
2026-8-6, 08:48:36.944002, 29526.50, 29540.50, 29505.25, 29528.25, 5250, 4883, 29525.13, 29524.67, 29522.88, 2551, 2699, 0.00, 0.00
2026-8-6, 08:51:00.207000, 29528.25, 29551.00, 29503.50, 29503.50, 5250, 5079, 29521.56, 29519.33, 29527.25, 2764, 2486, 0.00, 0.00
2026-8-6, 08:53:52.303012, 29503.25, 29538.75, 29486.50, 29517.25, 5250, 4995, 29511.44, 29514.17, 29512.63, 2608, 2642, 0.00, 0.00
2026-8-6, 08:56:25.051000, 29517.50, 29537.50, 29488.50, 29527.50, 5250, 4941, 29517.75, 29517.83, 29513.00, 2550, 2700, 0.00, 0.00
2026-8-6, 08:59:20.749001, 29527.50, 29558.50, 29501.75, 29521.75, 5250, 5033, 29527.38, 29527.33, 29530.13, 2597, 2653, 0.00, 0.00
2026-8-6, 09:01:26.133000, 29519.75, 29540.25, 29488.00, 29492.00, 5250, 5019, 29510.00, 29506.75, 29514.13, 2706, 2544, 0.00, 0.00
2026-8-6, 09:04:28.203000, 29492.00, 29578.25, 29489.75, 29575.00, 5250, 4815, 29533.75, 29547.67, 29534.00, 2477, 2773, 0.00, 0.00
2026-8-6, 09:07:20.179000, 29575.25, 29595.50, 29555.00, 29594.25, 5250, 5031, 29580.00, 29581.58, 29575.25, 2491, 2759, 0.00, 0.00
2026-8-6, 09:10:37.941000, 29595.00, 29619.00, 29585.50, 29607.75, 5250, 4965, 29601.81, 29604.08, 29602.25, 2520, 2730, 0.00, 0.00
2026-8-6, 09:13:58.824000, 29607.25, 29638.00, 29586.75, 29637.50, 5250, 4878, 29617.38, 29620.75, 29612.38, 2580, 2670, 0.00, 0.00
2026-8-6, 09:17:14.481000, 29638.25, 29656.25, 29626.50, 29652.75, 5250, 4880, 29643.44, 29645.17, 29641.38, 2609, 2641, 0.00, 0.00
2026-8-6, 09:20:43.675002, 29652.75, 29667.00, 29628.75, 29632.50, 5250, 4950, 29645.25, 29642.75, 29647.88, 2605, 2645, 0.00, 0.00
2026-8-6, 09:25:05.903004, 29632.25, 29640.25, 29573.75, 29586.50, 5250, 4907, 29608.19, 29600.17, 29607.00, 2765, 2485, 0.00, 0.00
2026-8-6, 09:27:25.121007, 29586.75, 29611.00, 29564.75, 29596.75, 5250, 5014, 29589.81, 29590.83, 29587.88, 2572, 2678, 0.00, 0.00
2026-8-6, 09:30:21.718000, 29596.25, 29628.50, 29576.00, 29628.00, 5250, 4985, 29607.19, 29610.83, 29602.25, 2496, 2754, 0.00, 0.00
2026-8-6, 09:34:01.300000, 29627.25, 29650.75, 29590.25, 29590.25, 5250, 4881, 29614.63, 29610.42, 29620.50, 2611, 2639, 0.00, 0.00
2026-8-6, 09:37:31.159000, 29590.00, 29610.75, 29545.25, 29570.25, 5250, 4903, 29579.06, 29575.42, 29578.00, 2834, 2416, 0.00, 0.00
2026-8-6, 09:40:23.601001, 29570.25, 29622.25, 29556.50, 29610.25, 5250, 4975, 29589.81, 29596.33, 29589.38, 2496, 2754, 0.00, 0.00
2026-8-6, 09:44:18.244003, 29610.25, 29611.75, 29533.75, 29553.25, 5250, 4892, 29577.25, 29566.25, 29572.75, 2853, 2397, 0.00, 0.00
2026-8-6, 09:47:47.800000, 29553.50, 29597.50, 29548.50, 29569.00, 5250, 4976, 29567.13, 29571.67, 29573.00, 2531, 2719, 29543.50, 0.00
2026-8-6, 09:52:14.844000, 29568.75, 29641.00, 29559.50, 29636.75, 5250, 4928, 29601.50, 29612.42, 29600.25, 2403, 2847, 0.00, 0.00
2026-8-6, 09:57:02.482000, 29636.50, 29677.50, 29628.50, 29650.00, 5250, 4934, 29648.13, 29652.00, 29653.00, 2457, 2793, 0.00, 0.00
2026-8-6, 10:00:57.580000, 29649.50, 29657.50, 29598.75, 29626.00, 5250, 4912, 29632.94, 29627.42, 29628.13, 2767, 2483, 0.00, 0.00
2026-8-6, 10:05:14.652000, 29625.50, 29674.75, 29618.25, 29670.50, 5250, 4814, 29647.25, 29654.50, 29646.50, 2575, 2675, 0.00, 0.00
2026-8-6, 10:09:47.861002, 29670.50, 29686.25, 29640.75, 29649.00, 5250, 4810, 29661.63, 29658.67, 29663.50, 2570, 2680, 0.00, 0.00
2026-8-6, 10:14:13.680000, 29649.75, 29663.25, 29600.50, 29608.25, 5250, 4922, 29630.44, 29624.00, 29631.88, 2651, 2599, 0.00, 0.00
2026-8-6, 10:18:47.768000, 29610.00, 29615.00, 29570.25, 29579.00, 5250, 4972, 29593.56, 29588.08, 29592.63, 2614, 2636, 0.00, 0.00
2026-8-6, 10:23:02.415000, 29578.50, 29611.25, 29564.25, 29594.50, 5250, 4842, 29587.13, 29590.00, 29587.75, 2529, 2721, 0.00, 0.00
2026-8-6, 10:28:11.870000, 29594.25, 29628.00, 29568.00, 29576.00, 5250, 4884, 29591.56, 29590.67, 29598.00, 2661, 2589, 0.00, 0.00
2026-8-6, 10:33:27.372000, 29576.25, 29581.00, 29540.25, 29560.25, 5250, 4930, 29564.44, 29560.50, 29560.63, 2678, 2572, 0.00, 0.00
2026-8-6, 10:38:08.500001, 29560.25, 29585.00, 29543.25, 29546.25, 5250, 5002, 29558.69, 29558.17, 29564.13, 2596, 2654, 0.00, 0.00
2026-8-6, 10:44:36.009000, 29545.25, 29613.25, 29530.75, 29611.00, 5250, 4895, 29575.06, 29585.00, 29572.00, 2396, 2854, 0.00, 0.00
2026-8-6, 10:49:09.583000, 29611.25, 29624.50, 29555.25, 29577.75, 5250, 4884, 29592.19, 29585.83, 29589.88, 2813, 2437, 0.00, 0.00
2026-8-6, 10:52:51.818000, 29577.50, 29580.25, 29515.75, 29536.00, 5250, 4905, 29552.38, 29544.00, 29548.00, 2864, 2386, 0.00, 0.00
2026-8-6, 10:55:57.984006, 29536.00, 29556.00, 29506.00, 29520.50, 5250, 5011, 29529.63, 29527.50, 29531.00, 2586, 2664, 0.00, 0.00
2026-8-6, 11:00:18.170001, 29520.50, 29523.50, 29480.50, 29496.25, 5250, 4966, 29505.19, 29500.08, 29502.00, 2604, 2646, 0.00, 0.00
2026-8-6, 11:03:57.866002, 29496.25, 29542.75, 29478.25, 29525.25, 5250, 5034, 29510.63, 29515.42, 29510.50, 2402, 2848, 0.00, 0.00
2026-8-6, 11:09:01.363000, 29525.00, 29542.00, 29479.00, 29485.25, 5250, 4968, 29507.81, 29502.08, 29510.50, 2838, 2412, 0.00, 0.00
2026-8-6, 11:15:19.544001, 29485.50, 29504.50, 29452.75, 29496.50, 5250, 4978, 29484.81, 29484.58, 29478.63, 2506, 2744, 0.00, 0.00
2026-8-6, 11:20:00.908000, 29496.50, 29499.00, 29448.50, 29476.75, 5250, 4932, 29480.19, 29474.75, 29473.75, 2613, 2637, 0.00, 0.00
2026-8-6, 11:25:18.278000, 29477.25, 29498.25, 29463.50, 29495.25, 5250, 4974, 29483.56, 29485.67, 29480.88, 2514, 2736, 0.00, 0.00
2026-8-6, 11:32:10.958000, 29496.25, 29516.00, 29462.25, 29513.50, 5250, 5000, 29497.00, 29497.25, 29489.13, 2470, 2780, 0.00, 0.00
2026-8-6, 11:39:19.842000, 29513.75, 29527.25, 29471.75, 29477.50, 5250, 4990, 29497.56, 29492.17, 29499.50, 2719, 2531, 0.00, 29532.25
2026-8-6, 11:46:40.724000, 29477.50, 29533.50, 29468.50, 29517.00, 5250, 5055, 29499.13, 29506.33, 29501.00, 2489, 2761, 0.00, 0.00
2026-8-6, 11:54:29.050004, 29517.00, 29574.25, 29505.50, 29563.75, 5250, 4944, 29540.13, 29547.83, 29539.88, 2436, 2814, 0.00, 0.00
2026-8-6, 12:01:25.454002, 29563.75, 29574.25, 29531.50, 29537.75, 5250, 5034, 29551.81, 29547.83, 29552.88, 2584, 2666, 0.00, 0.00
2026-8-6, 12:10:01.767007, 29538.00, 29549.75, 29512.25, 29543.75, 5250, 4926, 29535.94, 29535.25, 29531.00, 2520, 2730, 0.00, 0.00
2026-8-6, 12:19:42.919000, 29544.00, 29551.50, 29518.75, 29536.00, 5250, 4982, 29537.56, 29535.42, 29535.13, 2624, 2626, 0.00, 0.00
2026-8-6, 12:31:07.369000, 29535.50, 29543.00, 29493.75, 29508.75, 5250, 4966, 29520.25, 29515.17, 29518.38, 2664, 2586, 0.00, 0.00
2026-8-6, 12:42:56.719001, 29509.00, 29529.00, 29493.75, 29520.25, 5250, 4928, 29513.00, 29514.33, 29511.38, 2477, 2773, 0.00, 0.00
2026-8-6, 12:54:07.574001, 29520.25, 29538.00, 29507.25, 29527.75, 5250, 4813, 29523.31, 29524.33, 29522.63, 2466, 2784, 0.00, 0.00
2026-8-6, 13:05:25.853000, 29528.25, 29550.25, 29510.75, 29514.00, 5250, 4990, 29525.81, 29525.00, 29530.50, 2653, 2597, 0.00, 0.00
2026-8-6, 13:16:06.687000, 29512.75, 29572.00, 29498.50, 29569.00, 5250, 4977, 29538.06, 29546.50, 29535.25, 2497, 2753, 0.00, 0.00
2026-8-6, 13:21:12.934000, 29569.00, 29575.50, 29538.00, 29543.25, 5250, 4944, 29556.44, 29552.25, 29556.75, 2604, 2646, 0.00, 0.00
2026-8-6, 13:33:27.031007, 29543.25, 29547.00, 29500.50, 29524.75, 5250, 4947, 29528.88, 29524.08, 29523.75, 2629, 2621, 0.00, 0.00
2026-8-6, 13:45:23.129001, 29525.00, 29537.00, 29506.00, 29528.75, 5250, 4940, 29524.19, 29523.92, 29521.50, 2441, 2809, 0.00, 0.00
2026-8-6, 13:58:00.339001, 29528.75, 29565.25, 29510.25, 29548.25, 5250, 4993, 29538.13, 29541.25, 29537.75, 2490, 2760, 0.00, 0.00
2026-8-6, 14:06:55.449000, 29548.00, 29570.25, 29527.25, 29527.75, 5250, 5035, 29543.31, 29541.75, 29548.75, 2585, 2665, 0.00, 0.00
2026-8-6, 14:17:19.319000, 29527.50, 29551.25, 29496.50, 29508.75, 5250, 5003, 29521.00, 29518.83, 29523.88, 2621, 2629, 0.00, 0.00
2026-8-6, 14:26:35.849000, 29509.25, 29545.50, 29489.25, 29524.00, 5250, 4973, 29517.00, 29519.58, 29517.38, 2588, 2662, 0.00, 0.00
2026-8-6, 14:34:11.540000, 29523.75, 29539.25, 29492.50, 29504.25, 5250, 5012, 29514.94, 29512.00, 29515.88, 2628, 2622, 0.00, 0.00
2026-8-6, 14:45:26.636003, 29504.25, 29511.50, 29475.50, 29484.00, 5250, 4910, 29493.81, 29490.33, 29493.50, 2704, 2546, 0.00, 0.00
2026-8-6, 14:52:08.800001, 29484.00, 29536.25, 29475.00, 29522.75, 5250, 5056, 29504.50, 29511.33, 29505.63, 2319, 2931, 0.00, 0.00
2026-8-6, 14:55:35.095000, 29522.75, 29526.00, 29502.50, 29504.75, 5250, 4940, 29514.00, 29511.08, 29514.25, 2512, 2738, 0.00, 0.00
2026-8-6, 14:59:29.164001, 29505.00, 29507.00, 29478.00, 29497.25, 5250, 4673, 29496.81, 29494.08, 29492.50, 2504, 2746, 0.00, 0.00
2026-8-6, 14:59:57.792001, 29497.25, 29540.25, 29493.25, 29520.00, 5250, 4811, 29512.69, 29517.83, 29516.75, 2626, 2624, 0.00, 0.00
2026-8-6, 15:02:28.542004, 29519.75, 29552.00, 29518.50, 29545.50, 5250, 4581, 29533.94, 29538.67, 29535.25, 2581, 2669, 0.00, 0.00
2026-8-6, 15:16:22.080001, 29545.50, 29547.25, 29480.25, 29493.00, 5250, 4719, 29516.50, 29506.83, 29513.75, 2681, 2569, 0.00, 0.00
2026-8-6, 15:49:35.985001, 29493.00, 29581.75, 29492.75, 29549.50, 5250, 4924, 29529.25, 29541.33, 29537.25, 2657, 2593, 0.00, 0.00
2026-8-6, 17:47:51.804002, 29549.50, 29609.25, 29547.25, 29606.25, 5250, 4996, 29578.06, 29587.58, 29578.25, 2421, 2829, 0.00, 0.00
2026-8-6, 19:03:15.216000, 29605.75, 29618.75, 29497.25, 29519.00, 5250, 4966, 29560.19, 29545.00, 29558.00, 2793, 2457, 0.00, 0.00
2026-8-6, 19:32:15.937000, 29517.75, 29575.00, 29503.75, 29566.25, 5250, 4950, 29540.69, 29548.33, 29539.38, 2525, 2725, 0.00, 0.00
2026-8-6, 19:57:46.384003, 29566.25, 29582.00, 29482.50, 29526.75, 5250, 4909, 29539.38, 29530.42, 29532.25, 2628, 2622, 0.00, 0.00
2026-8-6, 20:28:49.241000, 29527.25, 29581.25, 29493.75, 29539.75, 5250, 4812, 29535.50, 29538.25, 29537.50, 2577, 2673, 0.00, 0.00
2026-8-6, 21:03:44.432002, 29539.75, 29548.00, 29475.50, 29502.50, 5250, 4462, 29516.44, 29508.67, 29511.75, 2417, 2833, 0.00, 0.00
2026-8-6, 21:45:58.257002, 29502.50, 29548.00, 29480.50, 29494.25, 5250, 4909, 29506.31, 29507.58, 29514.25, 2624, 2626, 0.00, 0.00
2026-8-6, 23:10:33.496000, 29495.00, 29526.00, 29453.50, 29511.00, 5250, 4374, 29496.38, 29496.83, 29489.75, 2658, 2592, 0.00, 0.00
2026-8-7, 00:00:02.718000, 29510.50, 29560.50, 29507.50, 29558.00, 5250, 4282, 29534.13, 29542.00, 29534.00, 2208, 3042, 0.00, 0.00
2026-8-7, 01:10:21.059000, 29558.00, 29583.50, 29537.75, 29547.00, 5250, 4134, 29556.56, 29556.08, 29560.63, 2070, 3180, 0.00, 0.00
2026-8-7, 02:00:02.242000, 29548.50, 29600.00, 29533.00, 29594.50, 5250, 4516, 29569.00, 29575.83, 29566.50, 2293, 2957, 29528.00, 0.00
2026-8-7, 03:01:16.384000, 29592.25, 29647.25, 29590.25, 29624.75, 5250, 4816, 29613.63, 29620.75, 29618.75, 2536, 2714, 0.00, 0.00
2026-8-7, 03:44:41.390000, 29625.00, 29649.00, 29615.00, 29620.00, 5250, 4703, 29627.25, 29628.00, 29632.00, 2523, 2727, 0.00, 0.00
2026-8-7, 04:57:36.249000, 29620.00, 29648.25, 29591.25, 29644.00, 5250, 4984, 29625.88, 29627.83, 29619.75, 2604, 2646, 0.00, 0.00
2026-8-7, 06:17:06.471000, 29644.00, 29673.25, 29604.25, 29615.00, 5250, 4803, 29634.13, 29630.83, 29638.75, 2776, 2474, 0.00, 0.00
2026-8-7, 06:59:09.632001, 29615.00, 29675.75, 29604.75, 29667.75, 5250, 4859, 29640.81, 29649.42, 29640.25, 2486, 2764, 0.00, 0.00
2026-8-7, 07:28:41.529002, 29668.00, 29772.25, 29618.50, 29714.00, 5250, 4484, 29693.19, 29701.58, 29695.38, 2530, 2720, 0.00, 0.00
2026-8-7, 07:33:28.798001, 29713.75, 29799.75, 29708.25, 29796.25, 5250, 4831, 29754.50, 29768.08, 29754.00, 2454, 2796, 0.00, 0.00
2026-8-7, 07:40:33.072001, 29795.75, 29837.75, 29787.00, 29829.25, 5250, 4629, 29812.44, 29818.00, 29812.38, 2641, 2609, 0.00, 0.00
2026-8-7, 07:47:56.436000, 29828.75, 29867.75, 29820.25, 29840.00, 5250, 4524, 29839.19, 29842.67, 29844.00, 2678, 2572, 0.00, 0.00
2026-8-7, 07:55:50.550000, 29840.25, 29850.50, 29793.75, 29793.75, 5250, 4791, 29819.56, 29812.67, 29822.13, 2867, 2383, 0.00, 0.00
2026-8-7, 08:04:02.740005, 29793.75, 29805.00, 29745.25, 29747.00, 5250, 4852, 29772.75, 29765.75, 29775.13, 2832, 2418, 0.00, 0.00
2026-8-7, 08:11:36.494000, 29747.50, 29753.00, 29714.50, 29733.25, 5250, 4881, 29737.06, 29733.58, 29733.75, 2625, 2625, 0.00, 0.00
2026-8-7, 08:23:41.789001, 29733.25, 29740.50, 29685.00, 29714.00, 5070, 4634, 29718.19, 29713.17, 29712.75, 2627, 2443, 0.00, 0.00
2026-8-7, 08:30:00.000000, 29714.75, 29738.50, 29681.00, 29730.00, 5250, 4879, 29716.06, 29716.50, 29709.75, 2660, 2590, 0.00, 0.00
2026-8-7, 08:31:00.040001, 29729.75, 29761.00, 29691.50, 29750.25, 5250, 5043, 29733.13, 29734.25, 29726.25, 2442, 2808, 0.00, 0.00
2026-8-7, 08:32:20.541001, 29750.25, 29812.25, 29750.00, 29805.50, 5250, 4926, 29779.50, 29789.25, 29781.13, 2374, 2876, 0.00, 0.00
2026-8-7, 08:33:40.296000, 29806.00, 29813.25, 29747.50, 29761.00, 5250, 5069, 29781.94, 29773.92, 29780.38, 2834, 2416, 0.00, 29818.25
2026-8-7, 08:35:36.711005, 29761.25, 29796.50, 29696.50, 29723.00, 5250, 5025, 29744.31, 29738.67, 29746.50, 2770, 2480, 0.00, 0.00
2026-8-7, 08:37:25.729000, 29722.75, 29777.25, 29707.25, 29769.50, 5250, 5010, 29744.19, 29751.33, 29742.25, 2544, 2706, 0.00, 0.00
2026-8-7, 08:39:29.318001, 29769.25, 29773.00, 29708.50, 29750.00, 5250, 4901, 29750.19, 29743.83, 29740.75, 2694, 2556, 0.00, 0.00
2026-8-7, 08:41:41.835002, 29750.25, 29785.00, 29704.25, 29784.00, 5250, 4961, 29755.88, 29757.75, 29744.63, 2556, 2694, 0.00, 0.00
2026-8-7, 08:44:03.490001, 29784.00, 29820.00, 29765.00, 29776.25, 5250, 5030, 29786.31, 29787.08, 29792.50, 2470, 2780, 0.00, 0.00
2026-8-7, 08:45:49.331000, 29777.00, 29778.25, 29709.00, 29767.75, 5250, 5079, 29758.00, 29751.67, 29743.63, 2650, 2600, 0.00, 0.00
2026-8-7, 08:48:18.799000, 29769.25, 29793.00, 29734.75, 29774.50, 5250, 5049, 29767.88, 29767.42, 29763.88, 2742, 2508, 0.00, 0.00
2026-8-7, 08:51:36.187004, 29774.50, 29800.00, 29744.50, 29755.25, 5250, 5003, 29768.56, 29766.58, 29772.25, 2737, 2513, 0.00, 0.00
2026-8-7, 08:55:16.084000, 29755.75, 29761.25, 29652.00, 29657.00, 5250, 5000, 29706.50, 29690.08, 29706.63, 3000, 2250, 0.00, 0.00
2026-8-7, 08:57:12.326001, 29657.50, 29683.25, 29643.75, 29663.50, 5250, 4991, 29662.00, 29663.50, 29663.50, 2712, 2538, 0.00, 0.00
2026-8-7, 08:59:44.635000, 29663.75, 29713.25, 29646.25, 29697.25, 5250, 5016, 29680.13, 29685.58, 29679.75, 2415, 2835, 0.00, 0.00
2026-8-7, 09:01:28.025001, 29696.75, 29698.00, 29639.25, 29649.50, 5250, 5092, 29670.88, 29662.25, 29668.63, 2799, 2451, 0.00, 0.00
2026-8-7, 09:04:00.676004, 29649.75, 29655.00, 29613.50, 29645.25, 5250, 4955, 29640.88, 29637.92, 29634.25, 2651, 2599, 0.00, 0.00
2026-8-7, 09:06:29.967001, 29645.50, 29684.75, 29634.00, 29636.25, 5250, 5034, 29650.13, 29651.67, 29659.38, 2521, 2729, 0.00, 0.00
2026-8-7, 09:09:39.242001, 29636.25, 29649.00, 29579.75, 29582.50, 5250, 4950, 29611.88, 29603.75, 29614.38, 2864, 2386, 0.00, 0.00
2026-8-7, 09:12:04.002000, 29582.25, 29617.25, 29564.50, 29616.75, 5250, 4925, 29595.19, 29599.50, 29590.88, 2432, 2818, 0.00, 0.00
2026-8-7, 09:14:08.486000, 29617.25, 29638.00, 29568.50, 29630.25, 5250, 5072, 29613.50, 29612.25, 29603.25, 2661, 2589, 0.00, 0.00
2026-8-7, 09:16:10.322000, 29630.75, 29675.75, 29623.50, 29642.75, 5250, 4891, 29643.19, 29647.33, 29649.63, 2553, 2697, 0.00, 0.00
2026-8-7, 09:18:07.596000, 29642.75, 29725.75, 29641.75, 29695.75, 5250, 4918, 29676.50, 29687.75, 29683.75, 2418, 2832, 0.00, 0.00
2026-8-7, 09:20:33.734000, 29696.25, 29731.00, 29687.00, 29717.00, 5250, 5000, 29707.81, 29711.67, 29709.00, 2570, 2680, 0.00, 0.00
2026-8-7, 09:23:43.713000, 29717.25, 29759.00, 29699.75, 29755.00, 5250, 4967, 29732.75, 29737.92, 29729.38, 2418, 2832, 0.00, 0.00
2026-8-7, 09:26:48.142003, 29755.00, 29779.50, 29746.00, 29754.50, 5250, 5053, 29758.75, 29760.00, 29762.75, 2612, 2638, 0.00, 29784.50
2026-8-7, 09:30:24.314000, 29754.25, 29764.25, 29715.75, 29730.75, 5250, 5015, 29741.25, 29736.92, 29740.00, 2718, 2532, 0.00, 0.00
2026-8-7, 09:33:55.875000, 29730.75, 29743.75, 29683.25, 29705.00, 5250, 5028, 29715.69, 29710.67, 29713.50, 2846, 2404, 0.00, 0.00
2026-8-7, 09:37:12.938000, 29706.25, 29736.00, 29669.50, 29675.25, 5250, 4671, 29696.75, 29693.58, 29702.75, 2566, 2684, 29664.50, 0.00
2026-8-7, 09:40:01.621002, 29675.50, 29720.50, 29669.50, 29675.25, 5250, 5083, 29685.19, 29688.42, 29695.00, 2581, 2669, 0.00, 0.00
2026-8-7, 09:43:39.124000, 29675.00, 29713.00, 29660.00, 29709.50, 5250, 5098, 29689.38, 29694.17, 29686.50, 2548, 2702, 0.00, 0.00
2026-8-7, 09:47:19.525001, 29709.50, 29732.00, 29698.00, 29708.25, 5250, 5010, 29711.94, 29712.75, 29715.00, 2523, 2727, 0.00, 0.00
2026-8-7, 09:51:47.948000, 29709.00, 29709.00, 29667.75, 29700.75, 5250, 4989, 29696.63, 29692.50, 29688.38, 2695, 2555, 0.00, 0.00
2026-8-7, 09:55:53.115000, 29700.75, 29734.00, 29690.00, 29728.75, 5250, 5038, 29713.38, 29717.58, 29712.00, 2562, 2688, 0.00, 0.00
2026-8-7, 10:00:55.042001, 29729.00, 29763.50, 29709.00, 29759.00, 5250, 4959, 29740.13, 29743.83, 29736.25, 2448, 2802, 0.00, 0.00
2026-8-7, 10:06:28.111001, 29758.75, 29782.50, 29749.25, 29765.50, 5250, 4802, 29764.00, 29765.75, 29765.88, 2457, 2793, 0.00, 0.00
2026-8-7, 10:12:15.338000, 29765.75, 29773.00, 29738.25, 29762.25, 5250, 4966, 29759.81, 29757.83, 29755.63, 2594, 2656, 0.00, 0.00
2026-8-7, 10:18:42.324001, 29762.50, 29797.50, 29752.75, 29795.00, 5250, 4782, 29776.94, 29781.75, 29775.13, 2250, 3000, 0.00, 0.00
2026-8-7, 10:24:23.266001, 29795.00, 29828.75, 29792.25, 29826.00, 5250, 4785, 29810.50, 29815.67, 29810.50, 2309, 2941, 0.00, 0.00
2026-8-7, 10:28:56.547006, 29826.00, 29855.25, 29816.75, 29852.75, 5250, 4936, 29837.69, 29841.58, 29836.00, 2289, 2961, 0.00, 0.00
2026-8-7, 10:33:01.949000, 29853.25, 29853.75, 29819.25, 29825.75, 5250, 5004, 29838.00, 29832.92, 29836.50, 2722, 2528, 0.00, 0.00
2026-8-7, 10:38:49.582001, 29825.75, 29837.50, 29794.25, 29814.50, 5250, 4948, 29818.00, 29815.42, 29815.88, 2561, 2689, 0.00, 0.00
2026-8-7, 10:44:52.338000, 29814.00, 29843.25, 29802.25, 29822.75, 5250, 4854, 29820.56, 29822.75, 29822.75, 2402, 2848, 0.00, 0.00
2026-8-7, 10:53:10.252004, 29822.75, 29824.75, 29796.50, 29802.25, 5250, 5019, 29811.56, 29807.83, 29810.63, 2666, 2584, 0.00, 29829.75
2026-8-7, 11:00:50.235001, 29802.25, 29830.00, 29795.00, 29822.25, 5250, 5008, 29812.38, 29815.75, 29812.50, 2495, 2755, 0.00, 0.00
2026-8-7, 11:10:40.426000, 29822.00, 29827.75, 29787.00, 29793.75, 5250, 4926, 29807.63, 29802.83, 29807.38, 2698, 2552, 0.00, 0.00
2026-8-7, 11:20:16.444008, 29793.75, 29819.00, 29742.50, 29742.50, 5250, 4934, 29774.44, 29768.00, 29780.75, 2870, 2380, 0.00, 0.00
2026-8-7, 11:25:14.543021, 29742.50, 29753.50, 29688.75, 29709.75, 5250, 4858, 29723.63, 29717.33, 29721.13, 2666, 2584, 0.00, 0.00
2026-8-7, 11:28:55.018000, 29710.00, 29721.00, 29668.75, 29688.75, 5250, 4957, 29697.13, 29692.83, 29694.88, 2704, 2546, 0.00, 0.00
2026-8-7, 11:32:35.769000, 29688.75, 29743.00, 29688.00, 29741.00, 5250, 4912, 29715.19, 29724.00, 29715.50, 2335, 2915, 0.00, 0.00
2026-8-7, 11:36:27.700019, 29741.00, 29761.25, 29724.00, 29752.25, 5250, 4957, 29744.63, 29745.83, 29742.63, 2557, 2693, 0.00, 0.00
2026-8-7, 11:44:29.390006, 29752.25, 29780.75, 29749.50, 29761.25, 5250, 4795, 29760.94, 29763.83, 29765.13, 2438, 2812, 0.00, 0.00
2026-8-7, 11:51:58.102000, 29761.25, 29765.00, 29733.25, 29735.25, 5250, 4693, 29748.69, 29744.50, 29749.13, 2615, 2635, 0.00, 0.00
2026-8-7, 12:00:24.190001, 29735.25, 29768.00, 29726.75, 29761.75, 5250, 4867, 29747.94, 29752.17, 29747.38, 2433, 2817, 0.00, 0.00
2026-8-7, 12:10:17.999004, 29761.75, 29767.00, 29731.75, 29755.50, 5250, 4797, 29754.00, 29751.42, 29749.38, 2492, 2758, 0.00, 0.00
2026-8-7, 12:22:52.577001, 29755.50, 29758.75, 29726.25, 29740.00, 5250, 4833, 29745.13, 29741.67, 29742.50, 2596, 2654, 0.00, 0.00
2026-8-7, 12:35:13.288000, 29741.25, 29764.25, 29739.25, 29744.25, 5250, 4789, 29747.25, 29749.25, 29751.75, 2548, 2702, 0.00, 0.00
2026-8-7, 12:51:22.728000, 29744.50, 29757.50, 29734.50, 29751.75, 5250, 4878, 29747.06, 29747.92, 29746.00, 2603, 2647, 0.00, 0.00
2026-8-7, 13:08:29.492000, 29752.00, 29753.25, 29712.50, 29721.50, 5250, 4860, 29734.81, 29729.08, 29732.88, 2787, 2463, 0.00, 0.00
2026-8-7, 13:21:51.769000, 29721.25, 29729.00, 29700.00, 29707.25, 5250, 4849, 29714.38, 29712.08, 29714.50, 2691, 2559, 0.00, 0.00
2026-8-7, 13:34:39.466000, 29707.00, 29710.75, 29676.50, 29695.25, 5250, 4944, 29697.38, 29694.17, 29693.63, 2702, 2548, 0.00, 0.00
2026-8-7, 13:48:19.808000, 29695.50, 29739.25, 29690.00, 29729.25, 5250, 4980, 29713.50, 29719.50, 29714.63, 2378, 2872, 0.00, 0.00
2026-8-7, 14:00:05.116001, 29729.00, 29771.75, 29724.00, 29768.50, 5250, 4809, 29748.31, 29754.75, 29747.88, 2451, 2799, 0.00, 0.00
2026-8-7, 14:06:09.681000, 29768.50, 29810.75, 29767.50, 29805.00, 5250, 4817, 29787.94, 29794.42, 29789.13, 2308, 2942, 0.00, 0.00
2026-8-7, 14:13:18.047002, 29805.00, 29823.00, 29791.75, 29799.25, 5250, 5005, 29804.75, 29804.67, 29807.38, 2673, 2577, 0.00, 0.00
2026-8-7, 14:20:17.957006, 29799.25, 29815.00, 29785.25, 29791.25, 5250, 4984, 29797.69, 29797.17, 29800.13, 2632, 2618, 0.00, 0.00
2026-8-7, 14:30:32.059000, 29791.25, 29801.50, 29773.00, 29786.00, 5250, 4970, 29787.94, 29786.83, 29787.25, 2587, 2663, 0.00, 0.00
2026-8-7, 14:40:37.228000, 29785.50, 29797.25, 29772.25, 29796.00, 5250, 4957, 29787.75, 29788.50, 29784.75, 2507, 2743, 0.00, 0.00
2026-8-7, 14:49:24.711000, 29795.75, 29833.25, 29786.00, 29825.50, 5250, 4846, 29810.13, 29814.92, 29809.63, 2376, 2874, 0.00, 0.00
2026-8-7, 14:54:30.044014, 29825.50, 29848.75, 29817.75, 29844.50, 5250, 4772, 29834.13, 29837.00, 29833.25, 2525, 2725, 0.00, 0.00
2026-8-7, 14:57:51.189001, 29844.50, 29860.25, 29838.50, 29840.50, 5250, 4802, 29845.94, 29846.42, 29849.38, 2432, 2818, 0.00, 0.00
2026-8-7, 14:59:35.379025, 29840.50, 29842.25, 29826.75, 29827.25, 5250, 4693, 29834.19, 29832.08, 29834.50, 2930, 2320, 0.00, 0.00
2026-8-7, 14:59:57.952000, 29827.75, 29850.75, 29826.00, 29828.25, 5250, 4895, 29833.19, 29835.00, 29838.38, 2429, 2821, 29821.00, 0.00
2026-8-7, 15:02:24.825000, 29828.25, 29829.00, 29805.25, 29816.50, 5250, 4875, 29819.75, 29816.92, 29817.13, 2436, 2814, 29800.25, 0.00
2026-8-7, 15:18:28.725000, 29817.75, 29845.00, 29802.50, 29839.50, 4555, 3902, 29826.19, 29829.00, 29823.75, 2175, 2380, 0.00, 0.00
2026-8-9, 17:00:00.000000, 29851.25, 29896.75, 29805.25, 29851.25, 5250, 4897, 29851.13, 29851.08, 29851.00, 2741, 2509, 0.00, 0.00
2026-8-9, 17:26:59.798001, 29851.25, 29882.25, 29814.50, 29836.00, 5250, 4984, 29846.00, 29844.25, 29848.38, 2551, 2699, 0.00, 0.00
2026-8-9, 18:31:59.471001, 29836.00, 29906.50, 29796.25, 29888.75, 5250, 4912, 29856.88, 29863.83, 29851.38, 2593, 2657, 0.00, 0.00
2026-8-9, 19:12:19.673000, 29890.50, 29903.25, 29799.75, 29826.25, 5250, 4934, 29854.94, 29843.08, 29851.50, 2728, 2522, 0.00, 0.00
2026-8-9, 19:52:25.806002, 29826.25, 29882.50, 29788.50, 29849.00, 5250, 4902, 29836.56, 29840.00, 29835.50, 2482, 2768, 0.00, 0.00
2026-8-9, 20:32:49.462003, 29849.00, 29899.50, 29842.50, 29892.50, 5250, 4969, 29870.88, 29878.17, 29871.00, 2572, 2678, 0.00, 0.00
2026-8-9, 21:53:52.196001, 29892.75, 29904.00, 29863.00, 29886.75, 5250, 4975, 29886.63, 29884.58, 29883.50, 2587, 2663, 0.00, 0.00
2026-8-9, 23:49:56.648000, 29886.75, 29942.00, 29873.75, 29939.25, 5250, 4851, 29910.44, 29918.33, 29907.88, 2403, 2847, 0.00, 0.00
2026-8-10, 01:06:47.833001, 29939.25, 29962.75, 29902.50, 29908.75, 5250, 4895, 29928.31, 29924.67, 29932.63, 2589, 2661, 0.00, 0.00
2026-8-10, 02:07:00.961001, 29908.75, 29984.00, 29886.25, 29965.50, 5250, 4937, 29936.13, 29945.25, 29935.13, 2499, 2751, 0.00, 0.00
2026-8-10, 03:02:11.247004, 29965.50, 29983.75, 29939.50, 29955.50, 5250, 4925, 29961.06, 29959.58, 29961.63, 2680, 2570, 0.00, 0.00
2026-8-10, 04:36:15.113000, 29956.00, 29959.00, 29908.25, 29925.00, 5250, 4922, 29937.06, 29930.75, 29933.63, 2666, 2584, 0.00, 0.00
2026-8-10, 06:00:22.035002, 29925.00, 29926.00, 29851.50, 29897.00, 5250, 4764, 29899.88, 29891.50, 29888.75, 2586, 2664, 0.00, 0.00
2026-8-10, 06:39:42.551000, 29897.75, 29908.50, 29826.50, 29830.25, 5250, 4714, 29865.75, 29855.08, 29867.50, 2723, 2527, 0.00, 0.00
2026-8-10, 07:20:01.047000, 29830.25, 29834.75, 29782.25, 29798.50, 5250, 4913, 29811.44, 29805.17, 29808.50, 2862, 2388, 0.00, 0.00
2026-8-10, 07:49:52.757003, 29798.50, 29816.00, 29771.75, 29796.00, 5250, 4956, 29795.56, 29794.58, 29793.88, 2640, 2610, 0.00, 0.00
2026-8-10, 08:15:18.307000, 29796.00, 29823.75, 29789.50, 29805.50, 4481, 4230, 29803.69, 29806.25, 29806.63, 2260, 2221, 0.00, 0.00
2026-8-10, 08:30:00.003000, 29805.50, 29836.50, 29788.00, 29825.25, 5250, 4987, 29813.81, 29816.58, 29812.25, 2477, 2773, 0.00, 0.00
2026-8-10, 08:31:36.754000, 29825.00, 29841.75, 29788.00, 29792.25, 5250, 4914, 29811.75, 29807.33, 29814.88, 2718, 2532, 0.00, 0.00
2026-8-10, 08:34:11.330000, 29792.50, 29792.75, 29727.75, 29747.75, 5250, 4623, 29765.19, 29756.08, 29760.25, 2786, 2464, 0.00, 0.00
2026-8-10, 08:35:33.685000, 29748.00, 29811.25, 29747.00, 29776.75, 5250, 5049, 29770.75, 29778.33, 29779.13, 2615, 2635, 0.00, 0.00
2026-8-10, 08:37:11.380000, 29776.50, 29787.00, 29735.50, 29735.50, 5250, 4428, 29758.63, 29752.67, 29761.25, 3067, 2183, 0.00, 0.00
2026-8-10, 08:39:38.914000, 29736.00, 29771.00, 29718.75, 29743.25, 5250, 5022, 29742.25, 29744.33, 29744.88, 2666, 2584, 0.00, 0.00
2026-8-10, 08:41:54.549000, 29742.50, 29788.00, 29741.75, 29786.00, 5250, 4607, 29764.56, 29771.92, 29764.88, 2258, 2992, 0.00, 0.00
2026-8-10, 08:44:30.663000, 29785.25, 29807.75, 29767.50, 29794.25, 5250, 5055, 29788.69, 29789.83, 29787.63, 2571, 2679, 0.00, 0.00
2026-8-10, 08:47:43.600003, 29794.25, 29832.75, 29791.00, 29808.00, 5250, 4948, 29806.50, 29810.58, 29811.88, 2610, 2640, 0.00, 0.00
2026-8-10, 08:50:49.245002, 29807.75, 29816.00, 29762.00, 29772.50, 5250, 5052, 29789.56, 29783.50, 29789.00, 2791, 2459, 0.00, 0.00
2026-8-10, 08:53:28.151001, 29772.50, 29799.00, 29754.50, 29778.50, 5250, 5001, 29776.13, 29777.33, 29776.75, 2659, 2591, 0.00, 0.00
2026-8-10, 08:57:05.626000, 29778.25, 29819.25, 29770.00, 29800.00, 5250, 5053, 29791.88, 29796.42, 29794.63, 2636, 2614, 0.00, 0.00
2026-8-10, 09:00:43.210000, 29799.00, 29831.50, 29788.25, 29827.75, 5250, 5040, 29811.63, 29815.83, 29809.88, 2547, 2703, 0.00, 0.00
2026-8-10, 09:05:13.994000, 29827.75, 29863.50, 29822.25, 29843.75, 5250, 4947, 29839.31, 29843.17, 29842.88, 2425, 2825, 0.00, 0.00
2026-8-10, 09:09:13.528001, 29843.50, 29891.50, 29843.00, 29887.00, 5250, 4634, 29866.25, 29873.83, 29867.25, 2601, 2649, 0.00, 0.00
2026-8-10, 09:12:42.193000, 29887.25, 29900.00, 29867.00, 29882.50, 5250, 5038, 29884.19, 29883.17, 29883.50, 2694, 2556, 0.00, 0.00
2026-8-10, 09:17:38.527000, 29882.50, 29884.50, 29851.00, 29858.00, 5250, 4903, 29869.00, 29864.50, 29867.75, 2825, 2425, 0.00, 0.00
2026-8-10, 09:22:31.751000, 29858.50, 29872.75, 29814.75, 29856.25, 5250, 4971, 29850.56, 29847.92, 29843.75, 2737, 2513, 0.00, 0.00
2026-8-10, 09:26:05.174001, 29856.25, 29871.50, 29838.25, 29869.00, 5250, 4988, 29858.75, 29859.58, 29854.88, 2445, 2805, 0.00, 0.00
2026-8-10, 09:31:04.663000, 29869.50, 29891.50, 29850.00, 29884.25, 5250, 4978, 29873.81, 29875.25, 29870.75, 2475, 2775, 0.00, 0.00
2026-8-10, 09:36:53.661000, 29884.50, 29892.25, 29846.75, 29874.50, 5250, 4970, 29874.50, 29871.17, 29869.50, 2565, 2685, 0.00, 0.00
2026-8-10, 09:42:50.570000, 29874.75, 29886.00, 29856.25, 29859.25, 5250, 4928, 29869.06, 29867.17, 29871.13, 2687, 2563, 0.00, 0.00
2026-8-10, 09:51:19.184000, 29859.25, 29859.25, 29789.75, 29790.00, 5250, 4965, 29824.56, 29813.00, 29824.50, 2840, 2410, 0.00, 0.00
2026-8-10, 09:55:12.240001, 29789.75, 29816.00, 29780.75, 29780.75, 5250, 4934, 29791.81, 29792.50, 29798.38, 2635, 2615, 0.00, 0.00
2026-8-10, 09:59:52.588007, 29780.75, 29811.50, 29771.25, 29800.00, 5250, 4920, 29790.88, 29794.25, 29791.38, 2533, 2717, 0.00, 0.00
2026-8-10, 10:03:48.855002, 29800.00, 29822.50, 29779.00, 29781.00, 5250, 4961, 29795.63, 29794.17, 29800.75, 2566, 2684, 0.00, 0.00
2026-8-10, 10:10:02.529000, 29781.25, 29815.00, 29766.00, 29814.00, 5250, 4970, 29794.06, 29798.33, 29790.50, 2430, 2820, 0.00, 0.00
2026-8-10, 10:16:03.513001, 29814.25, 29817.25, 29775.25, 29790.50, 5250, 4875, 29799.31, 29794.33, 29796.25, 2719, 2531, 0.00, 29822.25
2026-8-10, 10:23:47.381002, 29790.50, 29790.75, 29753.50, 29773.00, 5250, 4986, 29776.94, 29772.42, 29772.13, 2711, 2539, 0.00, 0.00
2026-8-10, 10:30:35.641000, 29772.50, 29779.75, 29740.75, 29766.75, 5250, 4966, 29764.94, 29762.42, 29760.25, 2668, 2582, 0.00, 0.00
2026-8-10, 10:39:15.526000, 29766.50, 29818.00, 29753.00, 29810.50, 5250, 4794, 29787.00, 29793.83, 29785.50, 2258, 2992, 0.00, 0.00
2026-8-10, 10:46:07.826000, 29811.25, 29836.00, 29786.25, 29835.25, 5250, 4905, 29817.19, 29819.17, 29811.13, 2348, 2902, 0.00, 0.00
2026-8-10, 10:53:51.534000, 29834.75, 29858.75, 29833.00, 29848.50, 5250, 4939, 29843.75, 29846.75, 29845.88, 2381, 2869, 0.00, 0.00
2026-8-10, 11:02:04.904000, 29848.50, 29853.75, 29811.75, 29818.25, 5250, 4988, 29833.06, 29827.92, 29832.75, 2688, 2562, 0.00, 0.00
2026-8-10, 11:13:09.927001, 29818.25, 29838.75, 29804.75, 29838.50, 5250, 4948, 29825.06, 29827.33, 29821.75, 2496, 2754, 0.00, 0.00
2026-8-10, 11:24:54.755000, 29839.00, 29843.50, 29744.00, 29777.75, 5250, 4838, 29801.06, 29788.42, 29793.75, 3167, 2083, 0.00, 0.00
2026-8-10, 11:32:10.187000, 29776.50, 29796.00, 29760.75, 29769.00, 5250, 5045, 29775.56, 29775.25, 29778.38, 2717, 2533, 0.00, 0.00
2026-8-10, 11:38:48.050000, 29769.50, 29775.75, 29729.50, 29738.75, 5250, 4784, 29753.38, 29748.00, 29752.63, 2635, 2615, 0.00, 0.00
2026-8-10, 11:45:11.607001, 29738.75, 29768.50, 29733.00, 29742.50, 5250, 4807, 29745.69, 29748.00, 29750.75, 2576, 2674, 0.00, 0.00
2026-8-10, 11:53:54.868000, 29742.50, 29783.75, 29741.75, 29768.25, 5250, 4962, 29759.06, 29764.58, 29762.75, 2453, 2797, 0.00, 0.00
2026-8-10, 12:04:26.556018, 29768.00, 29809.00, 29768.00, 29799.00, 5250, 4524, 29786.00, 29792.00, 29788.50, 2123, 3127, 0.00, 0.00
2026-8-10, 12:14:43.509002, 29799.00, 29811.25, 29776.25, 29786.00, 5250, 4896, 29793.13, 29791.17, 29793.75, 2633, 2617, 0.00, 29816.25
2026-8-10, 12:29:36.657000, 29786.00, 29796.50, 29756.75, 29757.25, 5250, 4788, 29774.13, 29770.17, 29776.63, 2764, 2486, 0.00, 0.00
2026-8-10, 12:44:43.285001, 29757.25, 29765.00, 29744.25, 29763.25, 5250, 4848, 29757.44, 29757.50, 29754.63, 2614, 2636, 0.00, 0.00
2026-8-10, 12:58:35.842000, 29763.50, 29772.75, 29746.75, 29747.50, 5250, 4969, 29757.63, 29755.67, 29759.75, 2603, 2647, 0.00, 0.00
2026-8-10, 13:15:49.278001, 29747.50, 29764.25, 29741.50, 29762.00, 5250, 4829, 29753.81, 29755.92, 29752.88, 2543, 2707, 0.00, 0.00
2026-8-10, 13:33:25.838000, 29761.50, 29774.00, 29746.25, 29764.00, 5250, 4824, 29761.44, 29761.42, 29760.13, 2457, 2793, 0.00, 0.00
2026-8-10, 13:49:51.713001, 29764.00, 29793.25, 29763.75, 29789.50, 5250, 4951, 29777.63, 29782.17, 29778.50, 2416, 2834, 0.00, 0.00
2026-8-10, 14:04:28.950000, 29789.75, 29796.00, 29775.50, 29786.00, 5250, 5054, 29786.81, 29785.83, 29785.75, 2690, 2560, 0.00, 0.00
2026-8-10, 14:21:53.966001, 29786.00, 29796.00, 29773.00, 29779.75, 5250, 4967, 29783.69, 29782.92, 29784.50, 2580, 2670, 0.00, 0.00
2026-8-10, 14:36:16.628000, 29779.25, 29793.00, 29766.25, 29770.25, 5250, 4905, 29777.19, 29776.50, 29779.63, 2437, 2813, 0.00, 0.00
2026-8-10, 14:48:58.008002, 29770.00, 29784.25, 29732.50, 29743.75, 5250, 4842, 29757.63, 29753.50, 29758.38, 2639, 2611, 0.00, 0.00
2026-8-10, 14:53:28.479000, 29743.75, 29756.25, 29730.25, 29730.25, 5250, 5051, 29740.13, 29738.92, 29743.25, 2520, 2730, 0.00, 0.00
2026-8-10, 14:57:51.941000, 29730.50, 29737.50, 29722.50, 29731.00, 5250, 4845, 29730.38, 29730.33, 29730.00, 2542, 2708, 0.00, 0.00
2026-8-10, 14:59:41.605000, 29731.00, 29745.25, 29728.25, 29743.00, 5250, 4776, 29736.88, 29738.83, 29736.75, 2080, 3170, 0.00, 0.00
2026-8-10, 14:59:59.222000, 29743.00, 29754.75, 29740.00, 29746.50, 5250, 4866, 29746.06, 29747.08, 29747.38, 2311, 2939, 0.00, 0.00
2026-8-10, 15:06:29.444003, 29746.50, 29765.25, 29737.00, 29764.50, 5250, 4860, 29753.31, 29755.58, 29751.13, 2338, 2912, 0.00, 0.00
2026-8-10, 15:51:35.541002, 29764.75, 29788.50, 29710.50, 29711.75, 5250, 4939, 29743.88, 29736.92, 29749.50, 2817, 2433, 0.00, 0.00
2026-8-10, 18:20:50.968000, 29711.75, 29726.75, 29666.00, 29687.25, 5250, 4883, 29697.94, 29693.33, 29696.38, 2822, 2428, 0.00, 0.00
2026-8-10, 19:08:14.101000, 29686.75, 29770.00, 29686.75, 29759.25, 5250, 4863, 29725.69, 29738.67, 29728.38, 2490, 2760, 0.00, 0.00
2026-8-10, 19:33:52.400000, 29759.50, 29819.00, 29756.00, 29818.25, 5250, 4945, 29788.19, 29797.75, 29787.50, 2440, 2810, 0.00, 0.00
2026-8-10, 20:13:36.971000, 29818.25, 29842.50, 29808.75, 29818.50, 5250, 4955, 29822.00, 29823.25, 29825.63, 2599, 2651, 0.00, 0.00
2026-8-10, 21:13:46.036000, 29820.00, 29847.50, 29813.00, 29834.75, 5250, 4974, 29828.81, 29831.75, 29830.25, 2532, 2718, 0.00, 0.00
2026-8-10, 23:04:08.880000, 29834.25, 29861.75, 29798.25, 29819.75, 5250, 4799, 29828.50, 29826.58, 29830.00, 2580, 2670, 0.00, 0.00
2026-8-11, 00:40:36.946000, 29819.00, 29827.75, 29739.00, 29740.25, 5250, 4911, 29781.50, 29769.00, 29783.38, 2619, 2631, 0.00, 0.00
2026-8-11, 01:33:46.337001, 29740.25, 29789.25, 29732.50, 29744.00, 5250, 4943, 29751.50, 29755.25, 29760.88, 2701, 2549, 0.00, 0.00
2026-8-11, 02:21:56.453000, 29744.75, 29804.25, 29728.00, 29731.50, 5250, 4599, 29752.13, 29754.58, 29766.13, 2713, 2537, 0.00, 0.00
2026-8-11, 03:16:02.149000, 29731.75, 29765.75, 29717.75, 29747.75, 5250, 4903, 29740.75, 29743.75, 29741.75, 2673, 2577, 0.00, 0.00
2026-8-11, 04:22:56.018000, 29747.50, 29832.75, 29743.25, 29807.00, 5250, 4807, 29782.63, 29794.33, 29788.00, 2618, 2632, 0.00, 0.00
2026-8-11, 05:34:43.564002, 29807.00, 29886.75, 29801.75, 29881.50, 5250, 4552, 29844.25, 29856.67, 29844.25, 2237, 3013, 0.00, 0.00
2026-8-11, 06:08:31.182000, 29882.25, 29886.00, 29811.00, 29832.25, 5250, 4765, 29852.88, 29843.08, 29848.50, 2750, 2500, 0.00, 0.00
2026-8-11, 06:57:29.666000, 29831.75, 29871.50, 29819.00, 29823.25, 5250, 4743, 29836.38, 29837.92, 29845.25, 2641, 2609, 0.00, 0.00
2026-8-11, 07:30:40.873000, 29824.00, 29857.25, 29820.00, 29828.75, 5250, 4864, 29832.50, 29835.33, 29838.63, 2590, 2660, 0.00, 0.00
2026-8-11, 08:14:23.475000, 29829.50, 29845.75, 29813.00, 29841.75, 5250, 4654, 29832.50, 29833.50, 29829.38, 2618, 2632, 0.00, 0.00
2026-8-11, 08:29:57.788000, 29842.25, 29843.00, 29838.25, 29839.00, 82, 82, 29840.63, 29840.08, 29840.63, 50, 32, 0.00, 0.00
2026-8-11, 08:30:00.000000, 29839.25, 29842.50, 29771.25, 29773.75, 5250, 5002, 29806.69, 29795.83, 29806.88, 2792, 2458, 0.00, 0.00
2026-8-11, 08:30:53.592000, 29774.00, 29786.75, 29744.00, 29749.00, 5250, 4968, 29763.44, 29759.92, 29765.38, 2653, 2597, 0.00, 0.00
2026-8-11, 08:32:21.127001, 29749.00, 29768.50, 29726.50, 29732.50, 5250, 4963, 29744.13, 29742.50, 29747.50, 2722, 2528, 0.00, 0.00
2026-8-11, 08:34:41.143000, 29732.25, 29745.00, 29686.50, 29708.00, 5250, 4856, 29717.94, 29713.17, 29715.75, 2841, 2409, 0.00, 0.00
2026-8-11, 08:36:33.132002, 29708.00, 29737.75, 29679.00, 29696.25, 5250, 4985, 29705.25, 29704.33, 29708.38, 2579, 2671, 0.00, 0.00
2026-8-11, 08:38:44.166000, 29697.00, 29740.00, 29682.00, 29727.00, 5250, 5020, 29711.50, 29716.33, 29711.00, 2520, 2730, 0.00, 0.00
2026-8-11, 08:41:08.697000, 29727.00, 29756.25, 29721.50, 29733.25, 5250, 4988, 29734.50, 29737.00, 29738.88, 2575, 2675, 0.00, 0.00
2026-8-11, 08:43:54.039000, 29733.00, 29735.50, 29667.25, 29667.25, 5250, 4958, 29700.75, 29690.00, 29701.38, 2975, 2275, 0.00, 0.00
2026-8-11, 08:46:01.137015, 29667.00, 29676.00, 29636.75, 29656.75, 5250, 4646, 29659.13, 29656.50, 29656.38, 2622, 2628, 0.00, 0.00
2026-8-11, 08:47:21.739001, 29656.75, 29678.75, 29631.75, 29660.00, 5250, 5005, 29656.81, 29656.83, 29655.25, 2780, 2470, 0.00, 0.00
2026-8-11, 08:50:02.565000, 29660.50, 29691.75, 29643.50, 29688.75, 5250, 5057, 29671.13, 29674.67, 29667.63, 2476, 2774, 0.00, 0.00
2026-8-11, 08:52:59.794000, 29688.75, 29696.00, 29652.25, 29690.00, 5250, 5006, 29681.75, 29679.42, 29674.13, 2580, 2670, 0.00, 0.00
2026-8-11, 08:56:25.773047, 29690.00, 29730.00, 29681.75, 29730.00, 5250, 4789, 29707.94, 29713.92, 29705.88, 2411, 2839, 0.00, 0.00
2026-8-11, 08:59:34.805035, 29730.00, 29761.75, 29718.25, 29751.25, 5250, 4852, 29740.31, 29743.75, 29740.00, 2419, 2831, 0.00, 0.00
2026-8-11, 09:02:09.807003, 29751.00, 29779.50, 29744.50, 29779.50, 5250, 4819, 29763.63, 29767.83, 29762.00, 2504, 2746, 0.00, 0.00
2026-8-11, 09:06:03.322002, 29779.25, 29792.50, 29765.00, 29772.75, 5250, 4783, 29777.38, 29776.75, 29778.75, 2604, 2646, 0.00, 0.00
2026-8-11, 09:09:44.798003, 29772.75, 29790.50, 29757.00, 29761.75, 5250, 4887, 29770.50, 29769.75, 29773.75, 2798, 2452, 0.00, 0.00
2026-8-11, 09:15:00.012004, 29761.75, 29791.75, 29746.25, 29762.00, 5250, 4917, 29765.44, 29766.67, 29769.00, 2711, 2539, 0.00, 0.00
2026-8-11, 09:18:09.644000, 29761.50, 29766.00, 29737.50, 29763.00, 5250, 5020, 29757.00, 29755.50, 29751.75, 2610, 2640, 0.00, 0.00
2026-8-11, 09:22:01.338004, 29763.00, 29773.50, 29742.25, 29755.25, 5250, 4900, 29758.50, 29757.00, 29757.88, 2690, 2560, 0.00, 0.00
2026-8-11, 09:27:04.560000, 29754.25, 29785.25, 29743.75, 29756.50, 5250, 4864, 29759.94, 29761.83, 29764.50, 2497, 2753, 0.00, 0.00
2026-8-11, 09:31:19.193000, 29757.75, 29778.25, 29732.50, 29771.75, 5250, 5007, 29760.06, 29760.83, 29755.38, 2568, 2682, 0.00, 0.00
2026-8-11, 09:36:57.873000, 29771.50, 29777.50, 29740.25, 29745.25, 5250, 4927, 29758.63, 29754.33, 29758.88, 2624, 2626, 0.00, 0.00
2026-8-11, 09:42:42.563006, 29745.25, 29772.75, 29728.25, 29772.75, 5250, 4923, 29754.75, 29757.92, 29750.50, 2422, 2828, 0.00, 0.00
2026-8-11, 09:48:01.034000, 29772.75, 29800.75, 29765.25, 29799.50, 5250, 4991, 29784.56, 29788.50, 29783.00, 2407, 2843, 0.00, 0.00
2026-8-11, 09:52:42.070003, 29799.50, 29804.75, 29778.00, 29782.75, 5250, 5024, 29791.25, 29788.50, 29791.38, 2681, 2569, 0.00, 29809.75
2026-8-11, 09:59:22.843000, 29783.25, 29792.25, 29760.50, 29762.50, 5250, 4903, 29774.63, 29771.75, 29776.38, 2712, 2538, 0.00, 0.00
2026-8-11, 10:05:42.239007, 29762.50, 29764.25, 29716.75, 29720.50, 5250, 4994, 29741.00, 29733.83, 29740.50, 2889, 2361, 0.00, 0.00
2026-8-11, 10:09:32.916004, 29720.50, 29728.00, 29703.25, 29719.75, 5250, 4950, 29717.88, 29717.00, 29715.63, 2504, 2746, 0.00, 0.00
2026-8-11, 10:14:35.157001, 29720.00, 29720.75, 29697.50, 29707.25, 5250, 4757, 29711.38, 29708.50, 29709.13, 2660, 2590, 0.00, 0.00
2026-8-11, 10:20:40.809001, 29707.25, 29735.25, 29701.75, 29713.75, 5250, 4941, 29714.50, 29716.92, 29718.50, 2394, 2856, 0.00, 0.00
2026-8-11, 10:27:09.453003, 29713.75, 29719.50, 29673.75, 29681.00, 5250, 4982, 29697.00, 29691.42, 29696.63, 2854, 2396, 0.00, 0.00
2026-8-11, 10:34:10.614000, 29679.50, 29693.00, 29666.25, 29673.75, 5250, 4989, 29678.13, 29677.67, 29679.63, 2528, 2722, 0.00, 0.00
2026-8-11, 10:39:40.936000, 29673.00, 29695.50, 29663.75, 29672.50, 5250, 4909, 29676.19, 29677.25, 29679.63, 2674, 2576, 0.00, 0.00
2026-8-11, 10:46:59.859000, 29672.75, 29685.75, 29661.25, 29665.50, 5250, 4945, 29671.31, 29670.83, 29673.50, 2768, 2482, 0.00, 0.00
2026-8-11, 10:54:54.161001, 29665.50, 29676.00, 29653.25, 29654.00, 5250, 4985, 29662.19, 29661.08, 29664.63, 2733, 2517, 0.00, 0.00
2026-8-11, 11:02:36.461000, 29653.75, 29681.75, 29647.75, 29668.00, 5250, 5009, 29662.81, 29665.83, 29664.75, 2468, 2782, 0.00, 0.00
2026-8-11, 11:11:42.092001, 29668.00, 29670.75, 29640.00, 29641.00, 5250, 4948, 29654.94, 29650.58, 29655.38, 2784, 2466, 0.00, 0.00
2026-8-11, 11:21:18.621000, 29641.00, 29661.25, 29622.00, 29634.75, 5250, 4732, 29639.75, 29639.33, 29641.63, 2594, 2656, 0.00, 0.00
2026-8-11, 11:27:02.452025, 29634.75, 29657.75, 29630.75, 29657.75, 5250, 5008, 29645.25, 29648.75, 29644.25, 2482, 2768, 0.00, 0.00
2026-8-11, 11:37:11.132000, 29658.00, 29666.75, 29617.25, 29617.25, 5250, 4922, 29639.81, 29633.75, 29642.00, 2672, 2578, 0.00, 0.00
2026-8-11, 11:46:15.191092, 29617.25, 29643.00, 29614.75, 29640.75, 5250, 4966, 29628.94, 29632.83, 29628.88, 2520, 2730, 0.00, 0.00
2026-8-11, 11:54:36.725002, 29640.75, 29642.50, 29610.00, 29610.00, 5250, 4958, 29625.81, 29620.83, 29626.25, 2722, 2528, 0.00, 0.00
2026-8-11, 12:02:48.636001, 29610.00, 29623.50, 29589.25, 29591.50, 5250, 4849, 29603.56, 29601.42, 29606.38, 2660, 2590, 0.00, 0.00
2026-8-11, 12:11:42.327000, 29591.00, 29608.00, 29573.00, 29605.25, 5250, 5019, 29594.31, 29595.42, 29590.50, 2502, 2748, 0.00, 0.00
2026-8-11, 12:19:22.801003, 29605.00, 29618.00, 29592.25, 29601.75, 5250, 4860, 29604.25, 29604.00, 29605.13, 2702, 2548, 0.00, 0.00
2026-8-11, 12:26:46.765001, 29601.75, 29629.00, 29598.25, 29624.75, 5250, 4807, 29613.44, 29617.33, 29613.63, 2577, 2673, 0.00, 0.00
2026-8-11, 12:36:42.220000, 29625.50, 29638.50, 29604.75, 29637.50, 5250, 4866, 29626.56, 29626.92, 29621.63, 2515, 2735, 0.00, 0.00
2026-8-11, 12:48:21.534000, 29637.75, 29640.75, 29618.75, 29627.25, 5250, 4925, 29631.13, 29628.92, 29629.75, 2674, 2576, 0.00, 0.00
2026-8-11, 13:01:34.430001, 29627.25, 29635.75, 29602.00, 29608.75, 5250, 4869, 29618.44, 29615.50, 29618.88, 2861, 2389, 0.00, 0.00
2026-8-11, 13:11:09.747000, 29607.75, 29614.75, 29577.50, 29584.75, 5250, 4943, 29596.19, 29592.33, 29596.13, 2705, 2545, 0.00, 0.00
2026-8-11, 13:22:05.196000, 29585.25, 29587.25, 29547.50, 29552.75, 5250, 4764, 29568.19, 29562.50, 29567.38, 2949, 2301, 0.00, 0.00
2026-8-11, 13:29:29.797000, 29552.75, 29570.25, 29533.50, 29564.00, 5250, 4811, 29555.13, 29555.92, 29551.88, 2491, 2759, 0.00, 0.00
2026-8-11, 13:34:15.286000, 29564.25, 29576.75, 29543.50, 29559.00, 5250, 4866, 29560.88, 29559.75, 29560.13, 2728, 2522, 0.00, 0.00
2026-8-11, 13:46:18.249001, 29559.25, 29599.50, 29556.50, 29588.75, 5250, 5017, 29576.00, 29581.58, 29578.00, 2545, 2705, 0.00, 0.00
2026-8-11, 13:56:58.017000, 29588.50, 29597.00, 29571.50, 29577.25, 5250, 4961, 29583.56, 29581.92, 29584.25, 2672, 2578, 0.00, 0.00
2026-8-11, 14:08:16.171002, 29577.25, 29614.50, 29572.25, 29609.00, 5250, 4802, 29593.25, 29598.58, 29593.38, 2367, 2883, 0.00, 0.00
2026-8-11, 14:17:29.175000, 29608.75, 29631.25, 29602.25, 29631.25, 5250, 4863, 29618.38, 29621.58, 29616.75, 2351, 2899, 0.00, 0.00
2026-8-11, 14:30:00.652001, 29631.25, 29656.25, 29620.00, 29652.00, 5250, 4896, 29639.88, 29642.75, 29638.13, 2229, 3021, 0.00, 0.00
2026-8-11, 14:38:01.254000, 29652.50, 29660.25, 29633.50, 29634.00, 5250, 4880, 29645.06, 29642.58, 29646.88, 2467, 2783, 0.00, 0.00
2026-8-11, 14:45:06.723000, 29633.75, 29635.00, 29607.00, 29622.00, 5250, 4970, 29624.44, 29621.33, 29621.00, 2440, 2810, 0.00, 0.00
2026-8-11, 14:50:49.162000, 29621.50, 29648.75, 29609.00, 29640.50, 5250, 4961, 29629.94, 29632.75, 29628.88, 2310, 2940, 0.00, 0.00
2026-8-11, 14:55:01.136000, 29640.75, 29650.00, 29627.25, 29631.25, 5250, 4786, 29637.31, 29636.17, 29638.63, 2315, 2935, 0.00, 0.00
2026-8-11, 14:59:12.097001, 29631.25, 29635.25, 29612.50, 29634.00, 5250, 4550, 29628.25, 29627.25, 29623.88, 2623, 2627, 0.00, 0.00
2026-8-11, 14:59:59.096001, 29633.75, 29651.75, 29617.75, 29625.75, 5250, 4601, 29632.25, 29631.75, 29634.75, 2346, 2904, 0.00, 0.00
2026-8-11, 15:04:21.054000, 29626.25, 29652.50, 29614.75, 29650.50, 5250, 4688, 29636.00, 29639.25, 29633.63, 2507, 2743, 0.00, 0.00
2026-8-11, 15:20:14.363000, 29650.75, 29676.50, 29626.75, 29634.50, 5250, 4695, 29647.13, 29645.92, 29651.63, 2605, 2645, 0.00, 0.00
2026-8-11, 17:07:13.806000, 29634.75, 29669.75, 29626.00, 29633.50, 5250, 4904, 29641.00, 29643.08, 29647.88, 2680, 2570, 0.00, 0.00
2026-8-11, 19:02:01.096000, 29634.00, 29681.00, 29624.50, 29674.75, 5250, 4913, 29653.56, 29660.08, 29652.75, 2611, 2639, 0.00, 0.00
2026-8-11, 20:08:35.150012, 29674.75, 29683.50, 29639.50, 29676.00, 5250, 4939, 29668.44, 29666.33, 29661.50, 2618, 2632, 0.00, 0.00
2026-8-11, 21:30:29.840000, 29677.25, 29710.00, 29677.25, 29696.75, 5250, 4890, 29690.31, 29694.67, 29693.63, 2479, 2771, 0.00, 0.00
2026-8-11, 23:37:57.977000, 29697.00, 29724.25, 29668.25, 29701.75, 5250, 4882, 29697.81, 29698.08, 29696.25, 2589, 2661, 0.00, 0.00
2026-8-12, 01:23:44.717000, 29700.50, 29753.75, 29698.25, 29739.25, 5250, 4409, 29722.94, 29730.42, 29726.00, 2282, 2968, 0.00, 0.00
2026-8-12, 02:36:20.407019, 29739.25, 29799.50, 29730.50, 29795.25, 5250, 4511, 29766.13, 29775.08, 29765.00, 2277, 2973, 0.00, 0.00
2026-8-12, 03:58:07.803002, 29795.50, 29848.25, 29793.25, 29813.50, 5250, 4823, 29812.63, 29818.33, 29820.75, 2592, 2658, 0.00, 0.00
2026-8-12, 04:56:27.763001, 29813.50, 29845.25, 29785.00, 29817.00, 5250, 4582, 29815.19, 29815.75, 29815.13, 2692, 2558, 0.00, 0.00
2026-8-12, 05:54:21.380000, 29816.75, 29847.25, 29803.25, 29845.00, 5250, 4888, 29828.06, 29831.83, 29825.25, 2719, 2531, 0.00, 0.00
2026-8-12, 07:01:01.536000, 29845.00, 29932.25, 29820.75, 29894.25, 5250, 4527, 29873.06, 29882.42, 29876.50, 2467, 2783, 0.00, 0.00
2026-8-12, 07:29:43.080003, 29894.25, 29960.00, 29750.25, 29885.00, 5250, 4580, 29872.38, 29865.08, 29855.13, 2740, 2510, 0.00, 0.00
2026-8-12, 07:32:31.944008, 29885.00, 29929.25, 29873.75, 29923.00, 5250, 4596, 29902.75, 29908.67, 29901.50, 2552, 2698, 0.00, 0.00
2026-8-12, 07:40:35.102001, 29923.00, 29935.00, 29899.75, 29916.25, 5250, 4697, 29918.50, 29917.00, 29917.38, 2733, 2517, 0.00, 0.00
2026-8-12, 07:59:33.624000, 29916.75, 29958.00, 29915.75, 29954.50, 5250, 4644, 29936.25, 29942.75, 29936.88, 2437, 2813, 0.00, 0.00
2026-8-12, 08:19:24.128002, 29954.50, 29988.00, 29953.50, 29976.00, 5250, 4598, 29968.00, 29972.50, 29970.75, 2407, 2843, 0.00, 0.00
2026-8-12, 08:28:35.169000, 29976.25, 29992.75, 29970.00, 29991.75, 1795, 1380, 29982.69, 29984.83, 29981.38, 562, 1233, 0.00, 0.00
2026-8-12, 08:30:00.000000, 29991.25, 30001.75, 29951.00, 29952.50, 5250, 4839, 29974.13, 29968.42, 29976.38, 2610, 2640, 0.00, 0.00
2026-8-12, 08:31:06.160000, 29952.50, 29955.00, 29908.25, 29917.75, 5250, 4738, 29933.38, 29927.00, 29931.63, 2789, 2461, 0.00, 0.00
2026-8-12, 08:32:22.999000, 29917.00, 29925.00, 29888.00, 29917.75, 5250, 4518, 29911.94, 29910.25, 29906.50, 2605, 2645, 0.00, 0.00
2026-8-12, 08:34:02.033002, 29917.75, 29920.00, 29870.75, 29891.00, 5250, 4674, 29899.88, 29893.92, 29895.38, 2530, 2720, 0.00, 0.00
2026-8-12, 08:35:48.322000, 29891.25, 29946.25, 29885.25, 29930.00, 5250, 4422, 29913.19, 29920.50, 29915.75, 1958, 3292, 0.00, 0.00
2026-8-12, 08:37:19.878000, 29930.00, 29931.25, 29867.25, 29880.00, 5250, 4863, 29902.13, 29892.83, 29899.25, 2898, 2352, 0.00, 29936.25
2026-8-12, 08:40:04.423000, 29880.75, 29904.50, 29853.25, 29884.50, 5250, 4919, 29880.75, 29880.75, 29878.88, 2711, 2539, 0.00, 0.00
2026-8-12, 08:42:47.247000, 29886.25, 29910.75, 29871.00, 29885.25, 5250, 5009, 29888.31, 29889.00, 29890.88, 2579, 2671, 0.00, 0.00
2026-8-12, 08:46:49.199002, 29885.25, 29970.75, 29884.75, 29966.25, 5250, 4811, 29926.75, 29940.58, 29927.75, 2206, 3044, 0.00, 0.00
2026-8-12, 08:49:01.279006, 29966.25, 29970.50, 29915.00, 29919.75, 5250, 4960, 29942.88, 29935.08, 29942.75, 2885, 2365, 0.00, 0.00
2026-8-12, 08:51:52.579000, 29920.50, 29931.50, 29892.50, 29895.75, 5250, 4852, 29910.06, 29906.58, 29912.00, 2781, 2469, 0.00, 0.00
2026-8-12, 08:54:32.067001, 29895.75, 29905.25, 29860.75, 29875.25, 5250, 4938, 29884.25, 29880.42, 29883.00, 2847, 2403, 0.00, 0.00
2026-8-12, 08:57:36.571000, 29874.75, 29921.50, 29874.00, 29889.00, 5250, 4667, 29889.81, 29894.83, 29897.75, 2545, 2705, 0.00, 0.00
2026-8-12, 09:00:30.910001, 29889.00, 29913.75, 29870.00, 29873.00, 5250, 4641, 29886.44, 29885.58, 29891.88, 2788, 2462, 0.00, 0.00
2026-8-12, 09:04:09.254001, 29872.75, 29909.00, 29847.75, 29904.00, 5250, 4961, 29883.38, 29886.92, 29878.38, 2585, 2665, 0.00, 0.00
2026-8-12, 09:07:17.704001, 29904.00, 29926.25, 29891.25, 29918.75, 5250, 4679, 29910.06, 29912.08, 29908.75, 2443, 2807, 0.00, 0.00
2026-8-12, 09:10:54.185000, 29918.25, 29936.00, 29884.25, 29897.25, 5250, 4508, 29908.94, 29905.83, 29910.13, 2474, 2776, 0.00, 0.00
2026-8-12, 09:13:43.501001, 29897.50, 29918.50, 29884.25, 29909.75, 5250, 4964, 29902.50, 29904.17, 29901.38, 2637, 2613, 0.00, 0.00
2026-8-12, 09:19:19.058000, 29909.50, 29912.00, 29864.00, 29890.75, 5250, 4617, 29894.06, 29888.92, 29888.00, 2620, 2630, 0.00, 0.00
2026-8-12, 09:23:28.837000, 29891.00, 29945.75, 29887.75, 29935.25, 5250, 4681, 29914.94, 29922.92, 29916.75, 2481, 2769, 0.00, 0.00
2026-8-12, 09:27:58.758003, 29936.00, 29944.00, 29830.75, 29843.25, 5250, 4870, 29888.50, 29872.67, 29887.38, 3193, 2057, 0.00, 0.00
2026-8-12, 09:31:10.812001, 29843.25, 29909.25, 29828.25, 29899.50, 5250, 4841, 29870.06, 29879.00, 29868.75, 2492, 2758, 0.00, 0.00
2026-8-12, 09:34:14.889001, 29899.50, 29929.00, 29862.00, 29920.75, 5250, 4851, 29902.81, 29903.92, 29895.50, 2568, 2682, 0.00, 0.00
2026-8-12, 09:38:38.467001, 29921.00, 29927.75, 29894.25, 29913.75, 5250, 4801, 29914.19, 29911.92, 29911.00, 2578, 2672, 0.00, 0.00
2026-8-12, 09:44:39.960001, 29913.75, 29931.50, 29873.50, 29873.50, 5250, 4990, 29898.06, 29892.83, 29902.50, 2762, 2488, 0.00, 0.00
2026-8-12, 09:50:32.179000, 29874.25, 29895.75, 29855.00, 29862.00, 5250, 4971, 29871.75, 29870.92, 29875.38, 2606, 2644, 0.00, 0.00
2026-8-12, 09:55:29.264000, 29861.50, 29879.25, 29848.50, 29867.00, 5250, 4963, 29864.06, 29864.92, 29863.88, 2594, 2656, 0.00, 0.00
2026-8-12, 10:01:11.979001, 29867.25, 29879.00, 29839.00, 29870.50, 5250, 4926, 29863.94, 29862.83, 29859.00, 2586, 2664, 0.00, 0.00
2026-8-12, 10:07:17.419000, 29869.50, 29890.25, 29848.75, 29886.00, 5250, 4938, 29873.63, 29875.00, 29869.50, 2543, 2707, 0.00, 0.00
2026-8-12, 10:14:07.723000, 29886.50, 29892.00, 29848.50, 29857.25, 5250, 4986, 29871.06, 29865.92, 29870.25, 2841, 2409, 0.00, 0.00
2026-8-12, 10:22:57.511000, 29856.50, 29879.00, 29843.50, 29861.75, 5250, 4948, 29860.19, 29861.42, 29861.25, 2640, 2610, 0.00, 0.00
2026-8-12, 10:31:22.340001, 29862.25, 29868.00, 29819.00, 29851.25, 5250, 4850, 29850.13, 29846.08, 29843.50, 2717, 2533, 0.00, 0.00
2026-8-12, 10:37:07.686000, 29850.75, 29854.00, 29818.50, 29834.75, 5250, 4845, 29839.50, 29835.75, 29836.25, 2666, 2584, 0.00, 0.00
2026-8-12, 10:47:01.480000, 29834.50, 29854.00, 29828.50, 29831.25, 5250, 4964, 29837.06, 29837.92, 29841.25, 2721, 2529, 0.00, 0.00
2026-8-12, 10:58:43.189000, 29831.25, 29866.75, 29829.00, 29866.75, 5250, 4892, 29848.44, 29854.17, 29847.88, 2475, 2775, 0.00, 0.00
2026-8-12, 11:09:45.820000, 29866.25, 29877.75, 29857.75, 29866.75, 5250, 4450, 29867.13, 29867.42, 29867.75, 2649, 2601, 0.00, 0.00
2026-8-12, 11:18:00.714002, 29867.00, 29887.75, 29857.50, 29876.75, 5250, 4958, 29872.25, 29874.00, 29872.63, 2515, 2735, 0.00, 0.00
2026-8-12, 11:30:35.486000, 29876.50, 29885.00, 29851.00, 29883.50, 5250, 4764, 29874.00, 29873.17, 29868.00, 2652, 2598, 0.00, 0.00
2026-8-12, 11:39:43.727005, 29883.50, 29899.00, 29879.00, 29898.25, 5250, 4808, 29889.94, 29892.08, 29889.00, 2626, 2624, 0.00, 0.00
2026-8-12, 11:50:08.344000, 29898.00, 29918.00, 29897.50, 29905.50, 5250, 4765, 29904.75, 29907.00, 29907.75, 2601, 2649, 0.00, 0.00
2026-8-12, 11:59:08.261002, 29905.50, 29924.50, 29902.50, 29906.00, 5250, 4937, 29909.63, 29911.00, 29913.50, 2649, 2601, 0.00, 0.00
2026-8-12, 12:11:26.981000, 29905.25, 29911.75, 29889.25, 29902.50, 5250, 4724, 29902.19, 29901.17, 29900.50, 2597, 2653, 0.00, 0.00
2026-8-12, 12:21:06.907000, 29902.50, 29920.00, 29899.75, 29910.75, 5250, 4910, 29908.25, 29910.17, 29909.88, 2628, 2622, 0.00, 0.00
2026-8-12, 12:33:49.091000, 29910.50, 29922.25, 29906.75, 29909.75, 5250, 4927, 29912.31, 29912.92, 29914.50, 2684, 2566, 0.00, 0.00
2026-8-12, 12:50:30.336000, 29909.50, 29924.00, 29891.00, 29891.50, 5250, 4900, 29904.00, 29902.17, 29907.50, 2876, 2374, 0.00, 0.00
2026-8-12, 13:06:31.555003, 29891.25, 29918.50, 29890.25, 29900.75, 5250, 4940, 29900.19, 29903.17, 29904.38, 2842, 2408, 0.00, 0.00
2026-8-12, 13:21:29.363000, 29901.00, 29913.75, 29892.25, 29910.75, 5250, 4939, 29904.44, 29905.58, 29903.00, 2677, 2573, 0.00, 0.00
2026-8-12, 13:38:57.246000, 29910.75, 29932.00, 29908.25, 29915.75, 5250, 4859, 29916.69, 29918.67, 29920.13, 2463, 2787, 0.00, 0.00
2026-8-12, 13:53:13.417000, 29916.00, 29916.75, 29885.00, 29898.50, 5250, 4879, 29904.06, 29900.08, 29900.88, 2703, 2547, 0.00, 0.00
2026-8-12, 14:06:10.181000, 29898.25, 29905.00, 29875.75, 29876.00, 5250, 4884, 29888.75, 29885.58, 29890.38, 2742, 2508, 0.00, 0.00
2026-8-12, 14:21:06.302013, 29876.00, 29877.75, 29853.50, 29855.25, 5250, 4688, 29865.63, 29862.17, 29865.63, 2752, 2498, 0.00, 0.00
2026-8-12, 14:31:11.465001, 29855.25, 29865.00, 29838.75, 29842.00, 5250, 4778, 29850.25, 29848.58, 29851.88, 2803, 2447, 0.00, 0.00
2026-8-12, 14:42:20.658001, 29842.00, 29862.00, 29831.75, 29862.00, 5250, 4819, 29849.44, 29851.92, 29846.88, 2260, 2990, 0.00, 0.00
2026-8-12, 14:48:44.219004, 29862.00, 29870.00, 29839.50, 29859.25, 5250, 4736, 29857.69, 29856.25, 29854.75, 2663, 2587, 0.00, 0.00
2026-8-12, 14:54:10.448004, 29859.25, 29866.25, 29825.75, 29832.25, 5250, 4827, 29845.88, 29841.42, 29846.00, 2614, 2636, 0.00, 0.00
2026-8-12, 14:57:25.687000, 29832.25, 29855.50, 29832.25, 29854.50, 5250, 4793, 29843.63, 29847.42, 29843.88, 2332, 2918, 0.00, 0.00
2026-8-12, 14:59:45.277000, 29854.50, 29861.75, 29846.50, 29858.00, 5250, 4594, 29855.19, 29855.42, 29854.13, 2554, 2696, 0.00, 0.00
2026-8-12, 15:00:36.558001, 29858.00, 29906.00, 29854.75, 29875.75, 5250, 4642, 29873.63, 29878.83, 29880.38, 2594, 2656, 0.00, 29911.00
2026-8-12, 15:07:04.437001, 29875.50, 29875.50, 29816.25, 29819.75, 5250, 4877, 29846.75, 29837.17, 29845.88, 2840, 2410, 0.00, 0.00
2026-8-12, 15:26:51.848006, 29820.00, 29831.75, 29800.25, 29807.50, 5250, 4906, 29814.88, 29813.17, 29816.00, 2560, 2690, 0.00, 0.00
2026-8-12, 17:14:52.429000, 29807.25, 29815.00, 29780.50, 29801.50, 5250, 4781, 29801.06, 29799.00, 29797.75, 2616, 2634, 0.00, 0.00
2026-8-12, 18:53:12.810000, 29801.50, 29866.75, 29796.75, 29830.75, 5250, 4898, 29823.94, 29831.42, 29831.75, 2467, 2783, 0.00, 0.00
2026-8-12, 19:32:00.638000, 29830.75, 29853.75, 29808.25, 29821.75, 5250, 4938, 29828.63, 29827.92, 29831.00, 2642, 2608, 0.00, 0.00
2026-8-12, 20:30:57.866000, 29821.00, 29871.25, 29814.50, 29834.75, 5250, 4916, 29835.38, 29840.17, 29842.88, 2550, 2700, 0.00, 0.00
2026-8-12, 21:35:02.177000, 29835.25, 29891.75, 29834.00, 29856.00, 5250, 4927, 29854.25, 29860.58, 29862.88, 2419, 2831, 0.00, 0.00
2026-8-12, 23:22:40.148001, 29856.00, 29924.00, 29853.75, 29898.50, 5250, 4834, 29883.06, 29892.08, 29888.88, 2539, 2711, 0.00, 0.00
2026-8-13, 00:39:20.575000, 29899.50, 29912.50, 29858.25, 29865.00, 5250, 4751, 29883.81, 29878.58, 29885.38, 2771, 2479, 0.00, 0.00
2026-8-13, 01:53:03.643000, 29867.00, 29893.25, 29845.00, 29862.00, 5250, 4859, 29866.81, 29866.75, 29869.13, 2790, 2460, 0.00, 0.00
2026-8-13, 02:58:17.000000, 29861.75, 29875.75, 29827.00, 29865.50, 5250, 4788, 29857.50, 29856.08, 29851.38, 2616, 2634, 0.00, 0.00
2026-8-13, 04:00:45.611001, 29865.50, 29884.50, 29821.00, 29879.75, 5250, 4816, 29862.69, 29861.75, 29852.75, 2506, 2744, 0.00, 0.00
2026-8-13, 05:48:59.157000, 29880.00, 29895.00, 29841.00, 29841.25, 5250, 4783, 29864.31, 29859.08, 29868.00, 2788, 2462, 0.00, 0.00
2026-8-13, 07:04:17.421000, 29842.50, 29890.50, 29812.25, 29828.00, 5250, 4761, 29843.31, 29843.58, 29851.38, 2741, 2509, 0.00, 0.00
2026-8-13, 07:32:27.039000, 29828.25, 29870.25, 29826.25, 29857.25, 5250, 4509, 29845.50, 29851.25, 29848.25, 2594, 2656, 0.00, 29875.25
2026-8-13, 07:51:14.833000, 29858.00, 29921.00, 29858.00, 29920.50, 5250, 4844, 29889.38, 29899.83, 29889.50, 2576, 2674, 0.00, 29926.00
2026-8-13, 08:09:56.322004, 29920.50, 29921.00, 29900.25, 29912.75, 5250, 4795, 29913.63, 29911.33, 29910.63, 2780, 2470, 0.00, 0.00
2026-8-13, 08:29:51.465005, 29912.75, 29913.75, 29909.00, 29911.00, 263, 245, 29911.63, 29911.25, 29911.38, 186, 77, 0.00, 0.00
2026-8-13, 08:30:00.001000, 29910.25, 29912.75, 29880.00, 29895.75, 5250, 4884, 29899.69, 29896.17, 29896.38, 2843, 2407, 0.00, 0.00
2026-8-13, 08:31:11.788000, 29895.00, 29910.75, 29863.50, 29909.00, 5250, 5006, 29894.56, 29894.42, 29887.13, 2612, 2638, 0.00, 0.00
2026-8-13, 08:33:28.721001, 29908.75, 29959.75, 29890.75, 29958.50, 5250, 4910, 29929.44, 29936.33, 29925.25, 2231, 3019, 0.00, 0.00
2026-8-13, 08:35:17.395001, 29958.50, 30013.25, 29955.75, 30010.75, 5250, 4805, 29984.56, 29993.25, 29984.50, 2204, 3046, 0.00, 0.00
2026-8-13, 08:36:48.159002, 30010.75, 30037.25, 30004.25, 30029.00, 5250, 4990, 30020.31, 30023.50, 30020.75, 2687, 2563, 0.00, 30042.25
2026-8-13, 08:39:08.559000, 30029.50, 30053.50, 30020.50, 30037.00, 5250, 4828, 30035.13, 30037.00, 30037.00, 2701, 2549, 0.00, 0.00
2026-8-13, 08:41:40.742001, 30037.00, 30037.75, 29995.50, 30000.50, 5250, 5059, 30017.69, 30011.25, 30016.63, 2871, 2379, 0.00, 0.00
2026-8-13, 08:44:21.097000, 30000.75, 30085.50, 29996.25, 30082.75, 5250, 5029, 30041.31, 30054.83, 30040.88, 2231, 3019, 0.00, 0.00
2026-8-13, 08:46:10.028000, 30083.00, 30122.50, 30081.00, 30121.25, 5250, 4928, 30101.94, 30108.25, 30101.75, 2328, 2922, 0.00, 0.00
2026-8-13, 08:48:32.427000, 30121.25, 30146.25, 30112.00, 30146.25, 5250, 4892, 30131.44, 30134.83, 30129.13, 2487, 2763, 0.00, 0.00
2026-8-13, 08:50:47.774001, 30146.25, 30155.00, 30127.50, 30131.50, 5250, 4813, 30140.06, 30138.00, 30141.25, 2723, 2527, 0.00, 0.00
2026-8-13, 08:53:16.091000, 30132.25, 30151.25, 30123.00, 30126.50, 5250, 4929, 30133.25, 30133.58, 30137.13, 2744, 2506, 0.00, 0.00
2026-8-13, 08:56:16.918000, 30127.00, 30182.25, 30122.75, 30179.75, 5250, 4859, 30152.94, 30161.58, 30152.50, 2224, 3026, 0.00, 0.00
2026-8-13, 08:58:59.943009, 30179.75, 30184.50, 30155.75, 30175.75, 5250, 4749, 30173.94, 30172.00, 30170.13, 2687, 2563, 0.00, 0.00
2026-8-13, 09:01:06.665001, 30175.75, 30188.00, 30159.25, 30163.00, 5250, 4840, 30171.50, 30170.08, 30173.63, 2818, 2432, 0.00, 0.00
2026-8-13, 09:04:35.116000, 30162.75, 30189.75, 30160.75, 30166.75, 5250, 4840, 30170.00, 30172.42, 30175.25, 2553, 2697, 0.00, 0.00
2026-8-13, 09:08:34.906001, 30166.75, 30211.00, 30164.75, 30211.00, 5250, 4492, 30188.38, 30195.58, 30187.88, 2222, 3028, 0.00, 0.00
2026-8-13, 09:11:49.010000, 30209.75, 30214.75, 30196.75, 30205.00, 5250, 4801, 30206.56, 30205.50, 30205.75, 2714, 2536, 0.00, 0.00
2026-8-13, 09:16:26.561000, 30205.00, 30217.50, 30189.50, 30192.50, 5250, 4767, 30201.13, 30199.83, 30203.50, 2626, 2624, 0.00, 0.00
2026-8-13, 09:20:14.914000, 30191.50, 30216.75, 30185.25, 30214.25, 5250, 4543, 30201.94, 30205.42, 30201.00, 2409, 2841, 0.00, 0.00
2026-8-13, 09:24:41.815003, 30214.25, 30234.00, 30198.00, 30231.75, 5250, 4696, 30219.50, 30221.25, 30216.00, 2359, 2891, 0.00, 0.00
2026-8-13, 09:28:59.183001, 30231.75, 30253.00, 30227.00, 30252.75, 5250, 4596, 30241.13, 30244.25, 30240.00, 2358, 2892, 0.00, 0.00
2026-8-13, 09:32:25.387004, 30252.75, 30267.50, 30248.00, 30255.25, 5250, 4646, 30255.88, 30256.92, 30257.75, 2480, 2770, 0.00, 0.00
2026-8-13, 09:36:36.496004, 30255.25, 30264.00, 30240.25, 30246.00, 5250, 4705, 30251.38, 30250.08, 30252.13, 2790, 2460, 0.00, 30269.00
2026-8-13, 09:41:25.605001, 30246.00, 30249.25, 30223.00, 30225.50, 5250, 4813, 30235.94, 30232.58, 30236.13, 2863, 2387, 0.00, 0.00
2026-8-13, 09:45:55.458000, 30226.00, 30241.50, 30212.25, 30220.75, 5250, 4869, 30225.13, 30224.83, 30226.88, 2711, 2539, 0.00, 0.00
2026-8-13, 09:50:01.924000, 30221.25, 30228.50, 30208.00, 30223.25, 5250, 4927, 30220.25, 30219.92, 30218.25, 2568, 2682, 0.00, 0.00
2026-8-13, 09:55:04.409000, 30224.50, 30226.75, 30198.25, 30199.25, 5250, 4818, 30212.19, 30208.08, 30212.50, 2721, 2529, 0.00, 0.00
2026-8-13, 09:59:17.891001, 30199.00, 30231.50, 30193.75, 30208.25, 5250, 4963, 30208.13, 30211.17, 30212.63, 2567, 2683, 0.00, 0.00
2026-8-13, 10:03:26.555000, 30208.00, 30224.25, 30195.50, 30200.00, 5250, 4875, 30206.94, 30206.58, 30209.88, 2633, 2617, 0.00, 0.00
2026-8-13, 10:08:09.173000, 30199.25, 30228.25, 30198.75, 30217.50, 5250, 4954, 30210.94, 30214.83, 30213.50, 2647, 2603, 0.00, 0.00
2026-8-13, 10:14:34.047002, 30217.50, 30232.50, 30202.00, 30226.00, 5250, 4915, 30219.50, 30220.17, 30217.25, 2562, 2688, 0.00, 0.00
2026-8-13, 10:20:49.282000, 30226.75, 30238.75, 30208.25, 30226.50, 5250, 4950, 30225.06, 30224.50, 30223.50, 2663, 2587, 0.00, 0.00
2026-8-13, 10:27:30.515000, 30226.75, 30231.00, 30179.50, 30195.25, 5250, 4890, 30208.13, 30201.92, 30205.25, 2884, 2366, 0.00, 0.00
2026-8-13, 10:30:12.665000, 30194.50, 30198.50, 30156.75, 30159.75, 5250, 4816, 30177.38, 30171.67, 30177.63, 2848, 2402, 0.00, 0.00
2026-8-13, 10:34:43.383003, 30160.00, 30165.50, 30129.00, 30130.25, 5250, 4767, 30146.19, 30141.58, 30147.25, 2932, 2318, 0.00, 0.00
2026-8-13, 10:37:24.412002, 30130.25, 30171.50, 30128.25, 30171.50, 5250, 4927, 30150.38, 30157.08, 30149.88, 2554, 2696, 0.00, 0.00
2026-8-13, 10:42:12.449000, 30170.00, 30176.75, 30130.50, 30130.50, 5250, 4971, 30151.94, 30145.92, 30153.63, 2817, 2433, 0.00, 0.00
2026-8-13, 10:49:12.138008, 30130.50, 30142.00, 30104.50, 30127.25, 5250, 4765, 30126.06, 30124.58, 30123.25, 2794, 2456, 0.00, 0.00
2026-8-13, 10:54:00.923000, 30127.00, 30137.00, 30104.00, 30116.75, 5250, 4734, 30121.19, 30119.25, 30120.50, 2607, 2643, 0.00, 0.00
2026-8-13, 11:00:16.748003, 30116.75, 30169.75, 30114.25, 30169.00, 5250, 4902, 30142.44, 30151.00, 30142.00, 2304, 2946, 0.00, 0.00
2026-8-13, 11:06:07.107000, 30169.00, 30172.50, 30138.50, 30150.75, 5250, 4888, 30157.69, 30153.92, 30155.50, 2826, 2424, 0.00, 0.00
2026-8-13, 11:15:46.278000, 30150.50, 30180.75, 30133.75, 30180.25, 5250, 4794, 30161.31, 30164.92, 30157.25, 2551, 2699, 0.00, 0.00
2026-8-13, 11:25:30.361000, 30180.00, 30200.00, 30178.75, 30193.25, 5250, 4849, 30188.00, 30190.67, 30189.38, 2613, 2637, 0.00, 0.00
2026-8-13, 11:34:44.174000, 30193.50, 30194.75, 30168.00, 30186.75, 5250, 4817, 30185.75, 30183.17, 30181.38, 2768, 2482, 0.00, 0.00
2026-8-13, 11:45:48.009000, 30186.50, 30203.25, 30176.50, 30187.00, 5250, 4845, 30188.31, 30188.92, 30189.88, 2645, 2605, 0.00, 0.00
2026-8-13, 11:58:27.208002, 30187.25, 30228.25, 30185.00, 30223.25, 5250, 4649, 30205.94, 30212.17, 30206.63, 2411, 2839, 0.00, 0.00
2026-8-13, 12:06:11.102002, 30223.00, 30235.50, 30217.00, 30234.75, 5250, 4900, 30227.56, 30229.08, 30226.25, 2696, 2554, 0.00, 0.00
2026-8-13, 12:17:18.332000, 30234.75, 30250.00, 30230.00, 30241.50, 5250, 4807, 30239.06, 30240.50, 30240.00, 2561, 2689, 0.00, 0.00
2026-8-13, 12:25:50.190000, 30241.50, 30245.75, 30225.50, 30228.25, 5250, 4829, 30235.25, 30233.17, 30235.63, 2695, 2555, 0.00, 0.00
2026-8-13, 12:37:51.285000, 30227.75, 30231.25, 30214.00, 30221.25, 5250, 4978, 30223.56, 30222.17, 30222.63, 2734, 2516, 0.00, 0.00
2026-8-13, 12:51:08.578001, 30221.25, 30221.50, 30202.25, 30207.00, 5250, 4873, 30213.00, 30210.25, 30211.88, 2761, 2489, 0.00, 0.00
2026-8-13, 13:03:33.453000, 30207.00, 30215.50, 30189.50, 30199.00, 5250, 4817, 30202.75, 30201.33, 30202.50, 2879, 2371, 0.00, 0.00
2026-8-13, 13:14:40.513000, 30199.00, 30207.75, 30181.00, 30187.25, 5250, 4898, 30193.75, 30192.00, 30194.38, 2835, 2415, 0.00, 0.00
2026-8-13, 13:25:23.044000, 30187.25, 30220.00, 30184.25, 30217.00, 5250, 4941, 30202.13, 30207.08, 30202.13, 2516, 2734, 0.00, 0.00
2026-8-13, 13:34:05.271000, 30216.75, 30237.25, 30212.25, 30231.25, 5250, 4942, 30224.38, 30226.92, 30224.75, 2599, 2651, 0.00, 0.00
2026-8-13, 13:44:22.403001, 30231.25, 30244.00, 30227.50, 30239.25, 5250, 4906, 30235.50, 30236.92, 30235.75, 2712, 2538, 0.00, 0.00
2026-8-13, 13:55:59.566012, 30239.00, 30259.75, 30236.50, 30259.75, 5250, 4904, 30248.75, 30252.00, 30248.13, 2592, 2658, 0.00, 0.00
2026-8-13, 14:06:07.329003, 30259.75, 30272.75, 30247.50, 30248.00, 5250, 4661, 30257.00, 30256.08, 30260.13, 2669, 2581, 0.00, 0.00
2026-8-13, 14:12:49.116000, 30248.50, 30249.25, 30221.75, 30235.25, 5250, 4838, 30238.69, 30235.42, 30235.50, 2804, 2446, 0.00, 0.00
2026-8-13, 14:19:17.995001, 30235.25, 30246.00, 30215.25, 30227.00, 5250, 4885, 30230.88, 30229.42, 30230.63, 2725, 2525, 0.00, 0.00
2026-8-13, 14:29:08.189000, 30226.50, 30227.75, 30211.00, 30217.00, 5250, 4898, 30220.56, 30218.58, 30219.38, 2734, 2516, 0.00, 0.00
2026-8-13, 14:38:31.125000, 30216.25, 30223.50, 30197.50, 30202.50, 5250, 4958, 30209.94, 30207.83, 30210.50, 2675, 2575, 0.00, 0.00
2026-8-13, 14:47:40.944003, 30202.50, 30204.75, 30183.25, 30188.75, 5250, 4705, 30194.81, 30192.25, 30194.00, 2794, 2456, 0.00, 0.00
2026-8-13, 14:53:07.717000, 30188.50, 30206.00, 30173.00, 30183.50, 5250, 4796, 30187.75, 30187.50, 30189.50, 2746, 2504, 0.00, 0.00
2026-8-13, 14:56:36.063004, 30183.75, 30193.00, 30177.50, 30191.50, 5250, 4741, 30186.44, 30187.33, 30185.25, 2543, 2707, 0.00, 0.00
2026-8-13, 14:59:34.994006, 30191.50, 30193.75, 30182.75, 30188.50, 5250, 4356, 30189.13, 30188.33, 30188.25, 2749, 2501, 0.00, 0.00
2026-8-13, 14:59:58.350000, 30188.50, 30206.50, 30150.00, 30150.00, 5250, 4361, 30173.75, 30168.83, 30178.25, 2978, 2272, 0.00, 0.00
2026-8-13, 15:01:07.724008, 30150.00, 30220.00, 30144.50, 30213.00, 5250, 4125, 30181.88, 30192.50, 30182.25, 2670, 2580, 0.00, 0.00
2026-8-13, 15:06:10.494001, 30213.00, 30216.50, 30192.50, 30210.00, 5250, 4677, 30208.00, 30206.33, 30204.50, 2629, 2621, 0.00, 0.00
2026-8-13, 15:37:33.027028, 30210.00, 30219.75, 30186.00, 30213.75, 5250, 4773, 30207.38, 30206.50, 30202.88, 2602, 2648, 0.00, 0.00
2026-8-13, 18:07:54.566031, 30213.75, 30232.00, 30189.50, 30203.75, 5250, 4736, 30209.75, 30208.42, 30210.75, 2620, 2630, 0.00, 0.00
2026-8-13, 19:11:41.258000, 30202.75, 30211.75, 30157.75, 30159.50, 5250, 4786, 30182.94, 30176.33, 30184.75, 2963, 2287, 0.00, 0.00
2026-8-13, 20:00:47.705001, 30159.50, 30160.25, 30124.25, 30151.75, 5250, 4924, 30148.94, 30145.42, 30142.25, 2594, 2656, 0.00, 0.00
2026-8-13, 20:36:26.784000, 30151.50, 30181.50, 30148.00, 30156.00, 5250, 4931, 30159.25, 30161.83, 30164.75, 2479, 2771, 0.00, 0.00
2026-8-13, 21:59:03.421000, 30155.50, 30182.50, 30141.50, 30143.00, 5250, 4962, 30155.63, 30155.67, 30162.00, 2589, 2661, 0.00, 0.00
2026-8-13, 23:36:43.723001, 30143.50, 30182.00, 30127.75, 30155.75, 5250, 4939, 30152.25, 30155.17, 30154.88, 2613, 2637, 0.00, 0.00
2026-8-14, 01:09:47.566000, 30156.50, 30203.75, 30147.50, 30193.00, 5250, 4880, 30175.19, 30181.42, 30175.63, 2560, 2690, 0.00, 0.00
2026-8-14, 02:59:36.711068, 30193.00, 30240.25, 30187.75, 30216.50, 5250, 4723, 30209.38, 30214.83, 30214.00, 2340, 2910, 0.00, 0.00
2026-8-14, 04:05:44.568000, 30216.50, 30249.75, 30207.00, 30231.00, 5250, 4780, 30226.06, 30229.25, 30228.38, 2500, 2750, 0.00, 0.00
2026-8-14, 05:44:56.927006, 30231.25, 30263.25, 30231.25, 30263.25, 5250, 4680, 30247.25, 30252.58, 30247.25, 2561, 2689, 0.00, 0.00
2026-8-14, 06:49:05.562000, 30263.25, 30280.25, 30208.50, 30243.00, 5250, 4819, 30248.75, 30243.92, 30244.38, 2598, 2652, 0.00, 0.00
2026-8-14, 07:20:51.531001, 30243.25, 30279.75, 30230.00, 30263.75, 5250, 4920, 30254.19, 30257.83, 30254.88, 2649, 2601, 0.00, 0.00
2026-8-14, 07:49:17.762027, 30263.50, 30283.00, 30245.25, 30253.50, 5250, 4858, 30261.31, 30260.58, 30264.13, 2689, 2561, 0.00, 0.00
2026-8-14, 08:22:23.853002, 30253.50, 30261.50, 30236.25, 30241.75, 2613, 2474, 30248.25, 30246.50, 30248.88, 1298, 1315, 0.00, 0.00
2026-8-14, 08:30:00.000000, 30241.75, 30269.50, 30224.00, 30265.50, 5250, 4979, 30250.19, 30253.00, 30246.75, 2420, 2830, 0.00, 0.00
2026-8-14, 08:31:06.531000, 30264.75, 30267.25, 30227.50, 30231.25, 5250, 5068, 30247.69, 30242.00, 30247.38, 2711, 2539, 0.00, 30272.25
2026-8-14, 08:33:08.102000, 30232.00, 30232.50, 30199.50, 30207.25, 5250, 5035, 30217.81, 30213.08, 30216.00, 2782, 2468, 0.00, 0.00
2026-8-14, 08:35:18.440001, 30207.25, 30219.00, 30173.50, 30182.00, 5250, 4911, 30195.44, 30191.50, 30196.25, 2849, 2401, 0.00, 0.00
2026-8-14, 08:37:24.661000, 30182.50, 30222.00, 30169.75, 30220.75, 5250, 4985, 30198.75, 30204.17, 30195.88, 2457, 2793, 0.00, 0.00
2026-8-14, 08:39:59.260001, 30220.75, 30230.75, 30195.00, 30217.50, 5250, 5065, 30216.00, 30214.42, 30212.88, 2645, 2605, 0.00, 0.00
2026-8-14, 08:42:05.504000, 30217.50, 30260.25, 30215.50, 30258.00, 5250, 4919, 30237.81, 30244.58, 30237.88, 2267, 2983, 0.00, 0.00
2026-8-14, 08:44:38.312000, 30257.75, 30275.25, 30238.50, 30241.50, 5250, 4920, 30253.25, 30251.75, 30256.88, 2738, 2512, 0.00, 0.00
2026-8-14, 08:46:52.401000, 30240.75, 30280.50, 30226.00, 30267.75, 5250, 4961, 30253.75, 30258.08, 30253.25, 2565, 2685, 0.00, 0.00
2026-8-14, 08:49:06.200001, 30267.75, 30269.25, 30218.50, 30245.25, 5250, 4981, 30250.19, 30244.33, 30243.88, 2853, 2397, 0.00, 0.00
2026-8-14, 08:51:23.011055, 30245.25, 30265.50, 30230.00, 30241.00, 5250, 4965, 30245.44, 30245.50, 30247.75, 2664, 2586, 0.00, 0.00
2026-8-14, 08:54:59.307000, 30240.25, 30250.75, 30208.75, 30224.00, 5250, 4964, 30230.94, 30227.83, 30229.75, 2822, 2428, 0.00, 0.00
2026-8-14, 08:59:03.658000, 30223.25, 30243.75, 30204.75, 30234.00, 5250, 4930, 30226.44, 30227.50, 30224.25, 2655, 2595, 0.00, 0.00
2026-8-14, 09:02:51.108001, 30233.75, 30272.25, 30230.00, 30268.25, 5250, 4936, 30251.06, 30256.83, 30251.13, 2486, 2764, 0.00, 0.00
2026-8-14, 09:07:21.472000, 30268.50, 30268.50, 30223.75, 30226.25, 5250, 4830, 30246.75, 30239.50, 30246.13, 2782, 2468, 0.00, 0.00
2026-8-14, 09:11:00.061000, 30226.50, 30244.00, 30211.75, 30213.00, 5250, 4888, 30223.81, 30222.92, 30227.88, 2852, 2398, 0.00, 0.00
2026-8-14, 09:16:16.510000, 30212.75, 30218.50, 30167.75, 30172.75, 5250, 4839, 30192.94, 30186.33, 30193.13, 3003, 2247, 0.00, 0.00
2026-8-14, 09:19:38.349000, 30172.00, 30193.50, 30157.00, 30166.00, 5250, 4921, 30172.13, 30172.17, 30175.25, 2731, 2519, 0.00, 0.00
2026-8-14, 09:23:30.192002, 30166.00, 30176.25, 30145.25, 30147.25, 5250, 4698, 30158.69, 30156.25, 30160.75, 2785, 2465, 0.00, 0.00
2026-8-14, 09:27:31.046000, 30147.25, 30163.25, 30134.25, 30143.00, 5250, 4646, 30146.94, 30146.83, 30148.75, 2852, 2398, 0.00, 0.00
2026-8-14, 09:30:37.495000, 30143.25, 30155.75, 30129.00, 30136.00, 5250, 4636, 30141.00, 30140.25, 30142.38, 2532, 2718, 0.00, 0.00
2026-8-14, 09:34:14.792000, 30135.50, 30173.50, 30135.00, 30160.00, 5250, 4721, 30151.00, 30156.17, 30154.25, 2342, 2908, 0.00, 0.00
2026-8-14, 09:39:02.953000, 30160.25, 30176.50, 30142.00, 30161.75, 5250, 4643, 30160.13, 30160.08, 30159.25, 2492, 2758, 0.00, 0.00
2026-8-14, 09:44:37.508000, 30161.50, 30166.00, 30143.00, 30160.25, 5250, 4948, 30157.69, 30156.42, 30154.50, 2604, 2646, 0.00, 0.00
2026-8-14, 09:53:37.415000, 30160.25, 30161.75, 30120.25, 30132.50, 5250, 4742, 30143.69, 30138.17, 30141.00, 2881, 2369, 0.00, 0.00
2026-8-14, 10:00:15.214000, 30132.50, 30143.00, 30109.50, 30120.00, 5250, 4743, 30126.25, 30124.17, 30126.25, 2811, 2439, 0.00, 0.00
2026-8-14, 10:05:51.020001, 30120.00, 30131.00, 30101.50, 30110.00, 5250, 4780, 30115.63, 30114.17, 30116.25, 2786, 2464, 0.00, 0.00
2026-8-14, 10:11:46.209000, 30110.75, 30112.50, 30088.00, 30104.00, 5250, 4793, 30103.81, 30101.50, 30100.25, 2778, 2472, 0.00, 0.00
2026-8-14, 10:17:58.738000, 30104.25, 30110.75, 30061.50, 30064.75, 5250, 4618, 30085.31, 30079.00, 30086.13, 3058, 2192, 0.00, 0.00
2026-8-14, 10:22:49.958000, 30064.75, 30067.75, 30038.00, 30038.00, 5250, 4856, 30052.13, 30047.92, 30052.88, 2734, 2516, 0.00, 0.00
2026-8-14, 10:26:36.305001, 30038.00, 30075.00, 30033.50, 30061.25, 5250, 4797, 30051.94, 30056.58, 30054.25, 2471, 2779, 30028.50, 0.00
2026-8-14, 10:30:40.401001, 30061.25, 30063.00, 30042.00, 30057.50, 5250, 4747, 30055.94, 30054.17, 30052.50, 2646, 2604, 0.00, 0.00
2026-8-14, 10:36:09.740000, 30057.25, 30065.50, 30029.50, 30033.50, 5250, 4718, 30046.44, 30042.83, 30047.50, 2658, 2592, 0.00, 0.00
2026-8-14, 10:42:05.337000, 30033.75, 30066.25, 30029.75, 30044.50, 5250, 4687, 30043.56, 30046.83, 30048.00, 2647, 2603, 0.00, 0.00
2026-8-14, 10:48:36.765000, 30044.00, 30063.50, 30028.50, 30055.25, 5250, 4675, 30047.81, 30049.08, 30046.00, 2564, 2686, 0.00, 0.00
2026-8-14, 10:56:11.211003, 30055.25, 30084.25, 30052.00, 30072.75, 5250, 4854, 30066.06, 30069.67, 30068.13, 2436, 2814, 0.00, 0.00
2026-8-14, 11:02:37.417000, 30073.50, 30081.50, 30050.50, 30066.00, 5250, 4836, 30067.88, 30066.00, 30066.00, 2594, 2656, 0.00, 0.00
2026-8-14, 11:10:55.111004, 30066.00, 30088.00, 30065.25, 30081.00, 5250, 4710, 30075.06, 30078.08, 30076.63, 2482, 2768, 0.00, 0.00
2026-8-14, 11:20:10.797000, 30081.00, 30107.75, 30075.50, 30101.25, 5250, 4738, 30091.38, 30094.83, 30091.63, 2455, 2795, 0.00, 0.00
2026-8-14, 11:29:27.399000, 30101.50, 30103.75, 30065.75, 30082.50, 5250, 4720, 30088.38, 30084.00, 30084.75, 2719, 2531, 0.00, 30108.75
2026-8-14, 11:35:54.928000, 30082.75, 30097.50, 30062.25, 30068.25, 5250, 4791, 30077.69, 30076.00, 30079.88, 2750, 2500, 0.00, 0.00
2026-8-14, 11:45:31.284002, 30068.25, 30076.75, 30055.75, 30065.00, 5250, 4802, 30066.44, 30065.83, 30066.25, 2638, 2612, 0.00, 0.00
2026-8-14, 11:58:04.892002, 30064.75, 30074.00, 30052.75, 30066.50, 5250, 4783, 30064.50, 30064.42, 30063.38, 2677, 2573, 0.00, 0.00
2026-8-14, 12:10:26.306000, 30066.25, 30079.75, 30057.50, 30073.25, 5250, 4706, 30069.19, 30070.17, 30068.63, 2593, 2657, 0.00, 0.00
2026-8-14, 12:22:32.800000, 30074.00, 30076.50, 30046.50, 30068.25, 5250, 4700, 30066.31, 30063.75, 30061.50, 2588, 2662, 0.00, 0.00
2026-8-14, 12:33:49.387003, 30068.25, 30072.25, 30050.25, 30061.75, 5250, 4833, 30063.13, 30061.42, 30061.25, 2529, 2721, 0.00, 0.00
2026-8-14, 12:48:45.911002, 30061.50, 30084.50, 30049.75, 30080.25, 5250, 4718, 30069.00, 30071.50, 30067.13, 2576, 2674, 0.00, 0.00
2026-8-14, 13:01:07.367000, 30080.75, 30091.25, 30073.50, 30087.75, 5250, 4844, 30083.31, 30084.17, 30082.38, 2572, 2678, 0.00, 0.00
2026-8-14, 13:15:55.528000, 30087.75, 30092.50, 30064.75, 30070.75, 5250, 4605, 30078.94, 30076.00, 30078.63, 2750, 2500, 0.00, 0.00
2026-8-14, 13:29:44.596000, 30070.50, 30088.00, 30062.50, 30086.00, 5250, 4685, 30076.75, 30078.83, 30075.25, 2290, 2960, 0.00, 0.00
2026-8-14, 13:44:01.887000, 30085.75, 30104.00, 30078.00, 30091.75, 5250, 4776, 30089.88, 30091.25, 30091.00, 2383, 2867, 0.00, 0.00
2026-8-14, 13:58:09.686001, 30091.75, 30094.50, 30077.00, 30085.25, 5250, 4836, 30087.13, 30085.58, 30085.75, 2550, 2700, 0.00, 0.00
2026-8-14, 14:11:13.346004, 30085.25, 30092.25, 30076.00, 30088.00, 5250, 4746, 30085.38, 30085.42, 30084.13, 2488, 2762, 0.00, 0.00
2026-8-14, 14:24:52.010000, 30088.00, 30106.50, 30085.25, 30105.50, 5250, 4822, 30096.31, 30099.08, 30095.88, 2262, 2988, 0.00, 0.00
2026-8-14, 14:35:51.377000, 30105.50, 30115.25, 30096.00, 30107.75, 5250, 4734, 30106.13, 30106.33, 30105.63, 2383, 2867, 0.00, 0.00
2026-8-14, 14:45:06.624000, 30107.75, 30130.00, 30101.50, 30121.25, 5250, 4627, 30115.13, 30117.58, 30115.75, 2136, 3114, 0.00, 0.00
2026-8-14, 14:50:26.336004, 30121.25, 30129.75, 30116.75, 30127.00, 5250, 4807, 30123.69, 30124.50, 30123.25, 2294, 2956, 0.00, 0.00
2026-8-14, 14:54:50.683000, 30127.75, 30129.50, 30112.25, 30125.00, 5250, 4677, 30123.63, 30122.25, 30120.88, 2254, 2996, 0.00, 0.00
2026-8-14, 14:58:55.142002, 30125.00, 30148.00, 30122.00, 30146.25, 5250, 4638, 30135.31, 30138.75, 30135.00, 2518, 2732, 0.00, 0.00
2026-8-14, 14:59:56.541000, 30146.25, 30153.25, 30139.00, 30142.75, 5250, 4516, 30145.31, 30145.00, 30146.13, 2692, 2558, 0.00, 0.00
2026-8-14, 15:01:52.628000, 30142.25, 30148.25, 30127.25, 30129.75, 5250, 4708, 30136.88, 30135.08, 30137.75, 2610, 2640, 0.00, 0.00
2026-8-14, 15:24:01.334004, 30129.75, 30154.75, 30128.00, 30154.00, 3336, 2990, 30141.63, 30145.58, 30141.38, 1553, 1783, 0.00, 0.00
2026-8-16, 17:00:00.000000, 30170.00, 30211.75, 30163.75, 30195.25, 5250, 4709, 30185.19, 30190.25, 30187.75, 2588, 2662, 0.00, 0.00
2026-8-16, 18:32:01.721000, 30194.50, 30228.00, 30186.50, 30186.75, 5250, 4902, 30198.94, 30200.42, 30207.25, 2508, 2742, 0.00, 0.00
2026-8-16, 19:37:56.589000, 30187.00, 30239.00, 30185.50, 30203.25, 5250, 4874, 30203.69, 30209.25, 30212.25, 2595, 2655, 0.00, 0.00
2026-8-16, 20:34:46.283000, 30203.00, 30227.25, 30185.25, 30221.50, 5250, 4567, 30209.25, 30211.33, 30206.25, 2355, 2895, 0.00, 0.00
2026-8-16, 21:49:14.665000, 30222.75, 30255.00, 30220.00, 30238.00, 5250, 5024, 30233.94, 30237.67, 30237.50, 2381, 2869, 0.00, 0.00
2026-8-16, 23:51:06.795004, 30238.00, 30295.00, 30230.50, 30275.50, 5250, 4712, 30259.75, 30267.00, 30262.75, 2375, 2875, 0.00, 0.00
2026-8-17, 01:17:14.432000, 30275.75, 30331.50, 30272.00, 30307.75, 5250, 4365, 30296.75, 30303.75, 30301.75, 2257, 2993, 0.00, 0.00
2026-8-17, 02:03:37.869000, 30307.25, 30324.25, 30261.00, 30309.00, 5250, 4838, 30300.38, 30298.08, 30292.63, 2749, 2501, 0.00, 0.00
2026-8-17, 02:54:53.290000, 30309.00, 30328.00, 30283.75, 30291.25, 5250, 4939, 30303.00, 30301.00, 30305.88, 2651, 2599, 0.00, 0.00
2026-8-17, 04:16:24.789003, 30291.50, 30343.00, 30267.75, 30297.75, 5250, 4740, 30300.00, 30302.83, 30305.38, 2322, 2928, 0.00, 0.00
2026-8-17, 05:30:48.818000, 30296.25, 30325.00, 30286.75, 30299.00, 5250, 4726, 30301.75, 30303.58, 30305.88, 2597, 2653, 0.00, 0.00
2026-8-17, 06:35:23.425000, 30298.00, 30310.00, 30246.75, 30270.00, 5250, 4875, 30281.19, 30275.58, 30278.38, 2864, 2386, 0.00, 0.00
2026-8-17, 07:25:59.336001, 30270.00, 30272.75, 30194.00, 30207.75, 5250, 4782, 30236.13, 30224.83, 30233.38, 2881, 2369, 0.00, 0.00
2026-8-17, 07:42:01.243001, 30207.75, 30214.50, 30180.00, 30206.00, 5250, 4775, 30202.06, 30200.17, 30197.25, 2661, 2589, 0.00, 0.00
2026-8-17, 08:03:41.909002, 30206.00, 30226.00, 30203.00, 30225.00, 5250, 4219, 30215.00, 30218.00, 30214.50, 2898, 2352, 0.00, 0.00
2026-8-17, 08:25:55.360001, 30225.00, 30238.00, 30211.25, 30218.75, 2651, 2378, 30223.25, 30222.67, 30224.63, 1308, 1343, 0.00, 0.00
2026-8-17, 08:30:00.000000, 30219.25, 30260.75, 30210.00, 30257.75, 5250, 4916, 30236.94, 30242.83, 30235.38, 2399, 2851, 0.00, 0.00
2026-8-17, 08:31:02.441001, 30258.00, 30266.00, 30200.25, 30206.00, 5250, 5000, 30232.56, 30224.08, 30233.13, 2792, 2458, 0.00, 0.00
2026-8-17, 08:32:52.003000, 30206.25, 30239.50, 30191.00, 30210.75, 5250, 4909, 30211.88, 30213.75, 30215.25, 2632, 2618, 0.00, 0.00
2026-8-17, 08:34:37.000002, 30210.75, 30239.25, 30185.00, 30233.50, 5250, 5002, 30217.13, 30219.25, 30212.13, 2467, 2783, 0.00, 0.00
2026-8-17, 08:37:05.135000, 30233.75, 30237.25, 30175.00, 30177.50, 5250, 4923, 30205.88, 30196.58, 30206.13, 2845, 2405, 0.00, 0.00
2026-8-17, 08:39:30.042000, 30177.25, 30223.25, 30165.50, 30216.00, 5250, 4886, 30195.50, 30201.58, 30194.38, 2386, 2864, 0.00, 0.00
2026-8-17, 08:41:57.364002, 30216.00, 30230.50, 30185.00, 30209.75, 5250, 4958, 30210.31, 30208.42, 30207.75, 2634, 2616, 0.00, 0.00
2026-8-17, 08:45:18.584000, 30210.00, 30220.00, 30174.25, 30214.00, 5250, 4964, 30204.56, 30202.75, 30197.13, 2622, 2628, 0.00, 0.00
2026-8-17, 08:49:01.196001, 30214.00, 30254.25, 30203.75, 30246.50, 5250, 4958, 30229.63, 30234.83, 30229.00, 2403, 2847, 0.00, 0.00
2026-8-17, 08:52:20.063001, 30246.25, 30251.25, 30222.00, 30224.25, 5250, 4996, 30235.94, 30232.50, 30236.63, 2706, 2544, 0.00, 30256.25
2026-8-17, 08:56:47.797002, 30224.25, 30243.25, 30215.00, 30218.50, 5250, 5021, 30225.25, 30225.58, 30229.13, 2654, 2596, 0.00, 0.00
2026-8-17, 09:01:00.562000, 30218.25, 30234.50, 30186.25, 30206.75, 5250, 5015, 30211.44, 30209.17, 30210.38, 2824, 2426, 0.00, 0.00
2026-8-17, 09:03:49.036000, 30206.75, 30214.00, 30169.25, 30169.25, 5250, 5032, 30189.81, 30184.17, 30191.63, 2995, 2255, 0.00, 0.00
2026-8-17, 09:08:20.134004, 30169.25, 30218.00, 30161.00, 30217.00, 5250, 4970, 30191.31, 30198.67, 30189.50, 2476, 2774, 0.00, 0.00
2026-8-17, 09:10:56.195019, 30217.00, 30226.25, 30200.50, 30212.00, 5250, 4931, 30213.94, 30212.92, 30213.38, 2712, 2538, 0.00, 0.00
2026-8-17, 09:16:14.073001, 30211.75, 30216.25, 30166.50, 30167.25, 5250, 4911, 30190.44, 30183.33, 30191.38, 2924, 2326, 0.00, 0.00
2026-8-17, 09:20:56.151000, 30167.25, 30185.00, 30155.25, 30169.00, 5250, 4873, 30169.13, 30169.75, 30170.13, 2660, 2590, 0.00, 0.00
2026-8-17, 09:26:11.643003, 30169.00, 30200.50, 30165.75, 30197.75, 5250, 4806, 30183.25, 30188.00, 30183.13, 2515, 2735, 0.00, 0.00
2026-8-17, 09:31:43.017000, 30197.50, 30207.00, 30186.50, 30199.00, 5250, 5045, 30197.50, 30197.50, 30196.75, 2549, 2701, 0.00, 0.00
2026-8-17, 09:40:24.154001, 30199.00, 30220.50, 30192.50, 30220.00, 5250, 4984, 30208.00, 30211.00, 30206.50, 2426, 2824, 0.00, 0.00
2026-8-17, 09:47:47.070002, 30220.00, 30231.50, 30203.00, 30210.75, 5250, 4973, 30216.31, 30215.08, 30217.25, 2593, 2657, 0.00, 0.00
2026-8-17, 09:54:37.768000, 30210.50, 30248.50, 30206.00, 30240.50, 5250, 4906, 30226.38, 30231.67, 30227.25, 2239, 3011, 0.00, 0.00
2026-8-17, 10:00:40.814003, 30240.50, 30277.00, 30233.25, 30268.00, 5250, 4842, 30254.69, 30259.42, 30255.13, 2373, 2877, 0.00, 0.00
2026-8-17, 10:05:00.971002, 30268.00, 30287.50, 30262.00, 30262.25, 5250, 4899, 30269.94, 30270.58, 30274.75, 2713, 2537, 0.00, 0.00
2026-8-17, 10:09:35.245000, 30262.25, 30276.75, 30255.00, 30273.75, 5250, 4939, 30266.94, 30268.50, 30265.88, 2688, 2562, 0.00, 0.00
2026-8-17, 10:16:06.324012, 30273.75, 30278.00, 30262.00, 30267.25, 5250, 4969, 30270.25, 30269.08, 30270.00, 2763, 2487, 0.00, 0.00
2026-8-17, 10:24:34.215000, 30267.25, 30277.50, 30251.00, 30252.25, 5250, 4898, 30262.00, 30260.25, 30264.25, 2620, 2630, 0.00, 0.00
2026-8-17, 10:32:34.909002, 30252.25, 30254.50, 30236.75, 30240.25, 5250, 4761, 30245.94, 30243.83, 30245.63, 2742, 2508, 0.00, 0.00
2026-8-17, 10:38:48.027000, 30239.50, 30242.25, 30207.75, 30228.75, 5250, 4954, 30229.56, 30226.25, 30225.00, 2835, 2415, 0.00, 0.00
2026-8-17, 10:42:37.821007, 30228.75, 30233.25, 30212.00, 30223.00, 5250, 4692, 30224.25, 30222.75, 30222.63, 2607, 2643, 0.00, 0.00
2026-8-17, 10:50:38.472000, 30223.25, 30249.75, 30222.75, 30237.00, 5250, 4865, 30233.19, 30236.50, 30236.25, 2538, 2712, 0.00, 0.00
2026-8-17, 11:00:22.325001, 30237.00, 30238.00, 30200.50, 30217.50, 5250, 4958, 30223.25, 30218.67, 30219.25, 2963, 2287, 0.00, 0.00
2026-8-17, 11:08:39.086000, 30217.25, 30219.25, 30200.00, 30213.25, 5250, 4944, 30212.44, 30210.83, 30209.63, 2786, 2464, 0.00, 0.00
2026-8-17, 11:20:19.693000, 30213.25, 30217.50, 30196.50, 30202.75, 5250, 5000, 30207.50, 30205.58, 30207.00, 2820, 2430, 0.00, 0.00
2026-8-17, 11:32:03.738000, 30203.00, 30205.25, 30181.50, 30183.00, 5250, 4884, 30193.19, 30189.92, 30193.38, 2946, 2304, 0.00, 0.00
2026-8-17, 11:45:02.097001, 30183.00, 30192.75, 30175.25, 30179.00, 5250, 4833, 30182.50, 30182.33, 30184.00, 2677, 2573, 0.00, 0.00
2026-8-17, 11:57:51.075000, 30178.50, 30187.25, 30160.00, 30160.00, 5250, 4920, 30171.44, 30169.08, 30173.63, 2915, 2335, 0.00, 0.00
2026-8-17, 12:08:57.180007, 30160.00, 30164.00, 30138.25, 30138.25, 5250, 4448, 30150.13, 30146.83, 30151.13, 2743, 2507, 0.00, 0.00
2026-8-17, 12:14:54.054000, 30138.00, 30143.75, 30114.00, 30132.50, 5250, 4518, 30132.06, 30130.08, 30128.88, 2530, 2720, 0.00, 0.00
2026-8-17, 12:18:09.473000, 30132.75, 30139.50, 30101.25, 30107.75, 5250, 4700, 30120.31, 30116.17, 30120.38, 2751, 2499, 0.00, 0.00
2026-8-17, 12:23:20.425000, 30107.75, 30116.00, 30095.25, 30104.50, 5250, 4654, 30105.88, 30105.25, 30105.63, 2664, 2586, 0.00, 0.00
2026-8-17, 12:28:08.420002, 30104.50, 30113.50, 30090.50, 30100.00, 5250, 4616, 30102.13, 30101.33, 30102.00, 2476, 2774, 0.00, 0.00
2026-8-17, 12:34:41.005001, 30100.00, 30116.75, 30086.50, 30107.50, 5250, 4826, 30102.69, 30103.58, 30101.63, 2496, 2754, 0.00, 0.00
2026-8-17, 12:41:31.065000, 30107.75, 30128.00, 30106.50, 30111.50, 5250, 4695, 30113.44, 30115.33, 30117.25, 2659, 2591, 0.00, 0.00
2026-8-17, 12:50:58.612000, 30111.50, 30117.25, 30092.50, 30097.25, 5250, 4908, 30104.63, 30102.33, 30104.88, 2801, 2449, 0.00, 0.00
2026-8-17, 13:02:04.273000, 30097.25, 30103.50, 30079.25, 30086.50, 5250, 5033, 30091.63, 30089.75, 30091.38, 2848, 2402, 0.00, 0.00
2026-8-17, 13:09:58.296003, 30086.50, 30107.75, 30084.00, 30096.25, 5250, 4915, 30093.63, 30096.00, 30095.88, 2727, 2523, 0.00, 0.00
2026-8-17, 13:22:02.413004, 30096.25, 30113.75, 30089.75, 30097.25, 5250, 4966, 30099.25, 30100.25, 30101.75, 2607, 2643, 0.00, 0.00
2026-8-17, 13:31:50.209000, 30097.25, 30121.75, 30092.50, 30118.00, 5250, 4910, 30107.38, 30110.75, 30107.13, 2475, 2775, 0.00, 0.00
2026-8-17, 13:47:06.175001, 30117.75, 30136.50, 30116.50, 30124.75, 5250, 4868, 30123.88, 30125.92, 30126.50, 2552, 2698, 0.00, 0.00
2026-8-17, 13:59:51.365000, 30123.00, 30124.75, 30096.00, 30098.25, 5250, 4703, 30110.50, 30106.33, 30110.38, 2838, 2412, 0.00, 0.00
2026-8-17, 14:12:11.829001, 30098.25, 30107.25, 30082.25, 30090.00, 5250, 4728, 30094.44, 30093.17, 30094.75, 2697, 2553, 0.00, 0.00
2026-8-17, 14:20:58.318001, 30090.00, 30114.00, 30082.75, 30090.75, 5250, 4918, 30094.38, 30095.83, 30098.38, 2480, 2770, 0.00, 0.00
2026-8-17, 14:30:37.815000, 30091.00, 30111.75, 30089.50, 30104.75, 5250, 4874, 30099.25, 30102.00, 30100.63, 2407, 2843, 0.00, 0.00
2026-8-17, 14:41:08.194003, 30104.75, 30123.00, 30096.50, 30115.50, 5250, 4929, 30109.94, 30111.67, 30109.75, 2585, 2665, 0.00, 0.00
2026-8-17, 14:50:27.265000, 30115.25, 30116.75, 30081.50, 30085.50, 5250, 4886, 30099.75, 30094.58, 30099.13, 2570, 2680, 0.00, 0.00
2026-8-17, 14:55:12.715002, 30085.50, 30102.25, 30066.50, 30101.25, 5250, 4979, 30088.88, 30090.00, 30084.38, 2524, 2726, 0.00, 0.00
2026-8-17, 14:59:11.322001, 30101.25, 30105.00, 30088.25, 30091.50, 5250, 4403, 30096.50, 30094.92, 30096.63, 2405, 2845, 0.00, 0.00
2026-8-17, 14:59:59.114000, 30092.25, 30098.00, 30077.50, 30079.50, 5250, 4609, 30086.81, 30085.00, 30087.75, 2805, 2445, 0.00, 30103.00
2026-8-17, 15:05:53.238001, 30079.50, 30085.00, 30059.00, 30064.75, 5250, 4820, 30072.06, 30069.58, 30072.00, 2681, 2569, 0.00, 0.00
2026-8-17, 15:44:58.469000, 30064.25, 30091.75, 30054.50, 30072.25, 5250, 4906, 30070.69, 30072.83, 30073.13, 2554, 2696, 0.00, 0.00
2026-8-17, 18:02:33.841000, 30073.00, 30104.00, 30070.00, 30101.00, 5250, 4872, 30087.00, 30091.67, 30087.00, 2615, 2635, 0.00, 0.00
2026-8-17, 19:17:57.111000, 30102.00, 30121.25, 30088.25, 30090.00, 5250, 4954, 30100.38, 30099.83, 30104.75, 2599, 2651, 0.00, 0.00
2026-8-17, 20:21:07.139000, 30090.00, 30102.75, 30019.25, 30025.50, 5250, 4805, 30059.38, 30049.17, 30061.00, 2982, 2268, 0.00, 0.00
2026-8-17, 20:48:47.608000, 30024.75, 30029.25, 29968.25, 30014.00, 5250, 4094, 30009.06, 30003.83, 29998.75, 2339, 2911, 0.00, 0.00
2026-8-17, 21:00:02.458012, 30014.25, 30022.00, 29930.50, 29950.00, 5250, 4744, 29979.19, 29967.50, 29976.25, 2888, 2362, 0.00, 0.00
2026-8-17, 21:19:43.908001, 29950.00, 29967.75, 29911.25, 29912.00, 5250, 4941, 29935.25, 29930.33, 29939.50, 2722, 2528, 0.00, 0.00
2026-8-17, 21:44:35.500004, 29911.50, 29920.75, 29880.25, 29907.25, 5250, 4710, 29904.94, 29902.75, 29900.50, 2716, 2534, 0.00, 0.00
2026-8-17, 22:08:26.775000, 29907.25, 29907.25, 29853.00, 29871.75, 5250, 4865, 29884.81, 29877.33, 29880.13, 2790, 2460, 0.00, 0.00
2026-8-17, 22:37:14.821000, 29873.00, 29909.75, 29870.25, 29897.75, 5250, 4752, 29887.69, 29892.58, 29890.00, 2504, 2746, 0.00, 0.00
2026-8-17, 23:15:02.409000, 29897.25, 29927.25, 29879.25, 29897.00, 5250, 4768, 29900.19, 29901.17, 29903.25, 2710, 2540, 0.00, 0.00
2026-8-18, 00:02:50.120000, 29897.25, 29905.75, 29850.00, 29850.00, 5250, 4693, 29875.75, 29868.58, 29877.88, 2855, 2395, 0.00, 0.00
2026-8-18, 00:58:12.187034, 29850.00, 29851.50, 29786.00, 29837.00, 5250, 4843, 29831.13, 29824.83, 29818.75, 2797, 2453, 0.00, 0.00
2026-8-18, 01:14:19.199000, 29837.50, 29896.00, 29820.50, 29879.50, 5250, 4946, 29858.38, 29865.33, 29858.25, 2590, 2660, 0.00, 0.00
2026-8-18, 02:04:44.206000, 29880.00, 29896.50, 29812.75, 29817.25, 5250, 4974, 29851.63, 29842.17, 29854.63, 2722, 2528, 0.00, 0.00
2026-8-18, 02:57:32.851001, 29817.25, 29819.75, 29736.50, 29747.50, 5250, 4829, 29780.25, 29767.92, 29778.13, 2937, 2313, 0.00, 0.00
2026-8-18, 03:12:01.446000, 29747.25, 29792.25, 29735.75, 29757.75, 5250, 4906, 29758.25, 29761.92, 29764.00, 2618, 2632, 0.00, 0.00
2026-8-18, 03:48:54.855001, 29757.25, 29778.00, 29723.50, 29724.50, 5250, 4948, 29745.81, 29742.00, 29750.75, 2786, 2464, 0.00, 0.00
2026-8-18, 04:31:23.729000, 29726.25, 29742.00, 29687.25, 29733.00, 5250, 4783, 29722.13, 29720.75, 29714.63, 2759, 2491, 0.00, 0.00
2026-8-18, 04:59:47.834003, 29733.00, 29752.75, 29703.75, 29747.25, 5250, 4700, 29734.19, 29734.58, 29728.25, 2737, 2513, 0.00, 0.00
2026-8-18, 05:54:00.308000, 29748.25, 29773.75, 29730.25, 29743.00, 5250, 4709, 29748.81, 29749.00, 29752.00, 2746, 2504, 0.00, 0.00
2026-8-18, 06:36:44.432003, 29742.75, 29786.00, 29726.25, 29730.50, 5250, 4827, 29746.38, 29747.58, 29756.13, 2621, 2629, 0.00, 0.00
2026-8-18, 07:13:17.248001, 29730.00, 29760.00, 29696.50, 29707.25, 5250, 4352, 29723.44, 29721.25, 29728.25, 2568, 2682, 0.00, 0.00
2026-8-18, 07:34:41.246002, 29707.25, 29726.25, 29680.50, 29725.50, 5250, 4825, 29709.88, 29710.75, 29703.38, 2616, 2634, 0.00, 0.00
2026-8-18, 08:01:41.198002, 29725.50, 29726.50, 29684.50, 29690.00, 5250, 4605, 29706.63, 29700.33, 29705.50, 2953, 2297, 0.00, 0.00
2026-8-18, 08:24:53.278000, 29689.75, 29701.00, 29678.00, 29690.75, 4292, 3574, 29689.88, 29689.92, 29689.50, 2527, 1765, 0.00, 0.00
2026-8-18, 08:30:00.000000, 29690.25, 29712.75, 29658.25, 29700.50, 5250, 4807, 29690.44, 29690.50, 29685.50, 2915, 2335, 0.00, 0.00
2026-8-18, 08:30:42.066001, 29700.75, 29745.00, 29700.00, 29745.00, 5250, 4713, 29722.69, 29730.00, 29722.50, 2762, 2488, 0.00, 0.00
2026-8-18, 08:31:44.329013, 29745.00, 29755.25, 29684.50, 29686.50, 5250, 4579, 29717.81, 29708.75, 29719.88, 3146, 2104, 0.00, 0.00
2026-8-18, 08:32:43.435012, 29686.50, 29691.50, 29643.50, 29647.00, 5250, 4862, 29667.13, 29660.67, 29667.50, 2914, 2336, 0.00, 0.00
2026-8-18, 08:34:01.113000, 29647.75, 29697.50, 29631.25, 29697.50, 5250, 4931, 29668.50, 29675.42, 29664.38, 2670, 2580, 0.00, 0.00
2026-8-18, 08:35:18.993005, 29697.50, 29731.50, 29693.25, 29709.75, 5250, 4369, 29708.00, 29711.50, 29712.38, 2957, 2293, 0.00, 0.00
2026-8-18, 08:36:19.391005, 29709.75, 29729.00, 29673.25, 29728.75, 5250, 4948, 29710.19, 29710.33, 29701.13, 2441, 2809, 0.00, 0.00
2026-8-18, 08:38:28.589001, 29729.00, 29762.00, 29708.25, 29753.75, 5250, 4950, 29738.25, 29741.33, 29735.13, 2408, 2842, 0.00, 0.00
2026-8-18, 08:40:41.664000, 29754.25, 29769.75, 29731.75, 29734.75, 5250, 4807, 29747.63, 29745.42, 29750.75, 2760, 2490, 0.00, 0.00
2026-8-18, 08:43:12.874000, 29734.50, 29744.50, 29667.25, 29676.25, 5250, 4779, 29705.63, 29696.00, 29705.88, 2820, 2430, 0.00, 0.00
2026-8-18, 08:45:16.071001, 29676.25, 29700.50, 29656.00, 29664.25, 5250, 4866, 29674.25, 29673.58, 29678.25, 2720, 2530, 0.00, 0.00
2026-8-18, 08:47:36.557000, 29665.25, 29687.00, 29645.00, 29665.25, 5250, 4975, 29665.63, 29665.75, 29666.00, 2641, 2609, 0.00, 0.00
2026-8-18, 08:50:22.347001, 29665.25, 29683.75, 29639.75, 29653.25, 5250, 4887, 29660.50, 29658.92, 29661.75, 2547, 2703, 0.00, 0.00
2026-8-18, 08:53:14.917000, 29653.00, 29668.50, 29604.75, 29607.50, 5250, 4915, 29633.44, 29626.92, 29636.63, 2914, 2336, 0.00, 0.00
2026-8-18, 08:55:46.504002, 29607.50, 29662.25, 29606.50, 29642.50, 5250, 4921, 29629.69, 29637.08, 29634.38, 2404, 2846, 0.00, 0.00
2026-8-18, 08:58:06.301005, 29642.25, 29665.25, 29621.25, 29630.75, 5250, 4944, 29639.88, 29639.08, 29643.25, 2634, 2616, 0.00, 0.00
2026-8-18, 09:01:06.476000, 29630.25, 29697.00, 29623.50, 29695.00, 5250, 4832, 29661.44, 29671.83, 29660.25, 2425, 2825, 0.00, 0.00
2026-8-18, 09:03:26.200000, 29695.00, 29705.75, 29643.25, 29647.50, 5250, 4841, 29672.88, 29665.50, 29674.50, 2762, 2488, 0.00, 0.00
2026-8-18, 09:05:56.871007, 29647.50, 29675.25, 29628.75, 29636.50, 5250, 4885, 29647.00, 29646.83, 29652.00, 2692, 2558, 0.00, 0.00
2026-8-18, 09:09:14.246005, 29636.50, 29640.00, 29586.50, 29596.00, 5250, 4381, 29614.75, 29607.50, 29613.25, 2823, 2427, 0.00, 0.00
2026-8-18, 09:10:49.719004, 29596.00, 29600.25, 29568.50, 29579.00, 5250, 4855, 29585.94, 29582.58, 29584.38, 2631, 2619, 0.00, 0.00
2026-8-18, 09:13:30.295006, 29579.25, 29620.00, 29570.25, 29613.50, 5250, 4764, 29595.75, 29601.25, 29595.13, 2225, 3025, 0.00, 0.00
2026-8-18, 09:16:08.015003, 29613.50, 29636.00, 29593.25, 29630.25, 5250, 4903, 29618.25, 29619.83, 29614.63, 2642, 2608, 0.00, 0.00
2026-8-18, 09:19:16.121001, 29630.00, 29645.50, 29593.25, 29616.50, 5250, 4715, 29621.31, 29618.42, 29619.38, 2595, 2655, 0.00, 0.00
2026-8-18, 09:22:36.602000, 29616.50, 29661.50, 29604.00, 29654.25, 5250, 4847, 29634.06, 29639.92, 29632.75, 2374, 2876, 0.00, 0.00
2026-8-18, 09:25:17.407001, 29654.50, 29684.75, 29647.50, 29670.00, 5250, 4862, 29664.19, 29667.42, 29666.13, 2204, 3046, 0.00, 0.00
2026-8-18, 09:28:06.086000, 29669.50, 29689.50, 29658.75, 29663.00, 5250, 4889, 29670.19, 29670.42, 29674.13, 2359, 2891, 0.00, 0.00
2026-8-18, 09:31:40.121000, 29663.00, 29691.25, 29649.00, 29676.50, 5250, 4938, 29669.94, 29672.25, 29670.13, 2435, 2815, 0.00, 0.00
2026-8-18, 09:35:50.420000, 29677.00, 29684.75, 29652.00, 29666.00, 5250, 4141, 29669.94, 29667.58, 29668.38, 2911, 2339, 0.00, 0.00
2026-8-18, 09:39:49.635004, 29666.00, 29673.00, 29622.25, 29623.50, 5250, 4848, 29646.19, 29639.58, 29647.63, 2705, 2545, 0.00, 0.00
2026-8-18, 09:44:05.896002, 29623.50, 29625.00, 29600.75, 29609.00, 5250, 4935, 29614.56, 29611.58, 29612.88, 2535, 2715, 0.00, 0.00
2026-8-18, 09:48:53.976001, 29609.00, 29620.00, 29592.25, 29600.75, 5250, 4746, 29605.50, 29604.33, 29606.13, 2521, 2729, 0.00, 0.00
2026-8-18, 09:52:21.408015, 29600.75, 29602.00, 29561.00, 29573.75, 5250, 4729, 29584.38, 29578.92, 29581.50, 2873, 2377, 0.00, 0.00
2026-8-18, 09:54:25.727002, 29573.75, 29579.00, 29549.25, 29549.25, 5250, 4865, 29562.81, 29559.17, 29564.13, 2504, 2746, 29544.25, 0.00
2026-8-18, 09:57:27.500004, 29549.00, 29560.25, 29533.75, 29535.25, 5250, 4815, 29544.56, 29543.08, 29547.00, 2624, 2626, 0.00, 0.00
2026-8-18, 10:00:28.954001, 29535.50, 29554.00, 29526.00, 29551.00, 5250, 4921, 29541.63, 29543.67, 29540.00, 2475, 2775, 0.00, 0.00
2026-8-18, 10:03:33.504000, 29551.00, 29571.00, 29543.25, 29551.50, 5250, 4722, 29554.19, 29555.25, 29557.13, 2495, 2755, 0.00, 0.00
2026-8-18, 10:06:04.523000, 29550.75, 29566.50, 29521.75, 29526.50, 5250, 4788, 29541.38, 29538.25, 29544.13, 2632, 2618, 0.00, 0.00
2026-8-18, 10:10:12.374001, 29526.50, 29543.75, 29514.00, 29542.75, 5250, 4779, 29531.75, 29533.50, 29528.88, 2474, 2776, 0.00, 0.00
2026-8-18, 10:14:42.739001, 29542.50, 29560.75, 29532.00, 29534.75, 5250, 4891, 29542.50, 29542.50, 29546.38, 2452, 2798, 0.00, 0.00
2026-8-18, 10:20:14.950000, 29535.25, 29577.00, 29533.25, 29568.25, 5250, 4778, 29553.44, 29559.50, 29555.13, 2356, 2894, 0.00, 0.00
2026-8-18, 10:24:59.128001, 29568.25, 29600.00, 29564.75, 29597.75, 5250, 4720, 29582.69, 29587.50, 29582.38, 2423, 2827, 0.00, 0.00
2026-8-18, 10:29:27.408001, 29598.00, 29610.00, 29582.00, 29589.25, 5250, 4809, 29594.81, 29593.75, 29596.00, 2617, 2633, 0.00, 29615.00
2026-8-18, 10:33:23.612000, 29589.25, 29601.50, 29566.50, 29570.25, 5250, 4773, 29581.88, 29579.42, 29584.00, 2400, 2850, 29561.50, 0.00
2026-8-18, 10:40:17.324000, 29570.00, 29617.00, 29567.50, 29613.75, 5250, 4872, 29592.06, 29599.42, 29592.25, 2137, 3113, 0.00, 0.00
2026-8-18, 10:46:24.132001, 29613.75, 29630.00, 29598.75, 29610.25, 5250, 4809, 29613.19, 29613.00, 29614.38, 2401, 2849, 0.00, 0.00
2026-8-18, 10:51:38.306000, 29610.75, 29641.00, 29607.00, 29619.50, 5250, 4845, 29619.56, 29622.50, 29624.00, 2452, 2798, 0.00, 0.00
2026-8-18, 10:57:43.100001, 29619.50, 29653.75, 29617.25, 29650.50, 5250, 4879, 29635.25, 29640.50, 29635.50, 2324, 2926, 0.00, 0.00
2026-8-18, 11:03:27.579000, 29650.50, 29651.75, 29625.00, 29633.00, 5250, 4802, 29640.06, 29636.58, 29638.38, 2643, 2607, 0.00, 29656.75
2026-8-18, 11:09:33.059002, 29633.00, 29663.25, 29630.75, 29634.00, 5250, 4961, 29640.25, 29642.67, 29647.00, 2383, 2867, 0.00, 0.00
2026-8-18, 11:16:52.286002, 29634.00, 29657.25, 29621.00, 29636.25, 5250, 4879, 29637.13, 29638.17, 29639.13, 2399, 2851, 0.00, 0.00
2026-8-18, 11:23:37.744000, 29636.25, 29647.50, 29606.50, 29615.00, 5250, 4939, 29626.31, 29623.00, 29627.00, 2581, 2669, 0.00, 0.00
2026-8-18, 11:30:49.790003, 29615.00, 29632.75, 29603.25, 29628.50, 5250, 4864, 29619.88, 29621.50, 29618.00, 2223, 3027, 0.00, 0.00
2026-8-18, 11:38:34.690000, 29628.25, 29650.00, 29617.00, 29625.50, 5250, 4898, 29630.19, 29630.83, 29633.50, 2370, 2880, 0.00, 0.00
2026-8-18, 11:46:14.053001, 29625.50, 29669.25, 29625.00, 29660.25, 5250, 4819, 29645.00, 29651.50, 29647.13, 2323, 2927, 0.00, 0.00
2026-8-18, 11:53:04.261000, 29660.50, 29670.75, 29633.00, 29644.00, 5250, 4967, 29652.06, 29649.25, 29651.88, 2415, 2835, 0.00, 0.00
2026-8-18, 12:02:52.883001, 29644.00, 29660.75, 29619.50, 29619.50, 5250, 5001, 29635.94, 29633.25, 29640.13, 2537, 2713, 0.00, 0.00
2026-8-18, 12:12:00.492001, 29619.50, 29641.75, 29603.50, 29607.25, 5250, 4872, 29618.00, 29617.50, 29622.63, 2495, 2755, 0.00, 0.00
2026-8-18, 12:23:13.254000, 29607.00, 29619.50, 29593.00, 29615.50, 5250, 4848, 29608.75, 29609.33, 29606.25, 2428, 2822, 0.00, 0.00
2026-8-18, 12:31:26.154000, 29615.25, 29622.00, 29591.50, 29608.25, 5250, 4655, 29609.25, 29607.25, 29606.75, 2617, 2633, 0.00, 0.00
2026-8-18, 12:40:35.308000, 29608.00, 29615.00, 29590.75, 29592.00, 5250, 4665, 29601.44, 29599.25, 29602.88, 2621, 2629, 0.00, 0.00
2026-8-18, 12:54:56.991001, 29592.00, 29594.25, 29561.50, 29572.75, 5250, 4960, 29580.13, 29576.17, 29577.88, 2670, 2580, 0.00, 0.00
2026-8-18, 13:02:24.001018, 29573.00, 29578.00, 29549.25, 29551.00, 5250, 4880, 29562.81, 29559.42, 29563.63, 2705, 2545, 0.00, 0.00
2026-8-18, 13:11:25.241001, 29551.00, 29600.25, 29547.25, 29595.00, 5250, 4785, 29573.38, 29580.83, 29573.75, 2264, 2986, 0.00, 0.00
2026-8-18, 13:18:55.198001, 29595.00, 29615.00, 29591.75, 29599.00, 5250, 4536, 29600.19, 29601.92, 29603.38, 2645, 2605, 0.00, 0.00
2026-8-18, 13:24:59.392000, 29599.00, 29610.00, 29587.50, 29604.25, 5250, 4888, 29600.19, 29600.58, 29598.75, 2443, 2807, 0.00, 0.00
2026-8-18, 13:36:47.970004, 29604.25, 29614.00, 29583.50, 29585.75, 5250, 4848, 29596.88, 29594.42, 29598.75, 2720, 2530, 0.00, 0.00
2026-8-18, 13:48:36.368002, 29586.00, 29589.50, 29565.25, 29570.75, 5250, 4879, 29577.88, 29575.17, 29577.38, 2758, 2492, 0.00, 0.00
2026-8-18, 14:00:00.718001, 29570.75, 29586.00, 29564.50, 29574.25, 5250, 4943, 29573.88, 29574.92, 29575.25, 2616, 2634, 0.00, 0.00
2026-8-18, 14:12:43.036000, 29574.25, 29586.50, 29564.75, 29580.25, 5250, 4876, 29576.44, 29577.17, 29575.63, 2544, 2706, 0.00, 0.00
2026-8-18, 14:23:43.644000, 29580.25, 29606.75, 29579.75, 29600.00, 5250, 4838, 29591.69, 29595.50, 29593.25, 2499, 2751, 0.00, 0.00
2026-8-18, 14:30:26.763000, 29600.00, 29606.00, 29584.25, 29593.25, 5250, 4901, 29595.88, 29594.50, 29595.13, 2595, 2655, 0.00, 0.00
2026-8-18, 14:40:23.028000, 29593.00, 29607.00, 29582.75, 29593.00, 5250, 5000, 29593.94, 29594.25, 29594.88, 2368, 2882, 0.00, 0.00
2026-8-18, 14:48:14.354000, 29592.75, 29610.00, 29571.75, 29580.00, 5250, 5004, 29588.63, 29587.25, 29590.88, 2652, 2598, 0.00, 0.00
2026-8-18, 14:53:35.539002, 29580.00, 29583.75, 29559.25, 29578.00, 5250, 4890, 29575.25, 29573.67, 29571.50, 2558, 2692, 0.00, 0.00
2026-8-18, 14:56:29.258002, 29578.00, 29594.25, 29569.75, 29594.25, 5250, 4788, 29584.06, 29586.08, 29582.00, 2579, 2671, 0.00, 0.00
2026-8-18, 14:59:05.776008, 29594.25, 29601.75, 29580.00, 29580.00, 5250, 4726, 29589.00, 29587.25, 29590.88, 2570, 2680, 0.00, 0.00
2026-8-18, 14:59:47.573000, 29580.00, 29591.50, 29568.00, 29585.75, 5250, 4475, 29581.31, 29581.75, 29579.75, 2659, 2591, 0.00, 0.00
2026-8-18, 14:59:59.523013, 29585.75, 29596.75, 29576.25, 29580.50, 5250, 4773, 29584.81, 29584.50, 29586.50, 2659, 2591, 0.00, 0.00
2026-8-18, 15:08:04.000000, 29580.75, 29586.00, 29554.00, 29555.00, 5250, 4857, 29568.94, 29565.00, 29570.00, 2682, 2568, 0.00, 0.00
2026-8-18, 15:47:55.553001, 29555.00, 29593.50, 29544.75, 29548.75, 5250, 4820, 29560.50, 29562.33, 29569.13, 2587, 2663, 0.00, 0.00
2026-8-18, 17:29:56.400000, 29547.50, 29552.75, 29514.25, 29525.00, 5250, 4684, 29534.88, 29530.67, 29533.50, 2576, 2674, 0.00, 0.00
2026-8-18, 18:18:05.984001, 29524.75, 29567.25, 29501.25, 29504.50, 5250, 4688, 29524.44, 29524.33, 29534.25, 2838, 2412, 0.00, 0.00
2026-8-18, 19:01:31.572000, 29504.25, 29506.00, 29442.00, 29455.75, 5250, 4085, 29477.00, 29467.92, 29474.00, 2435, 2815, 0.00, 0.00
2026-8-18, 19:13:18.627000, 29455.50, 29556.50, 29450.00, 29550.50, 5250, 4729, 29503.13, 29519.00, 29503.25, 2486, 2764, 0.00, 0.00
2026-8-18, 19:35:29.059000, 29550.00, 29586.00, 29530.25, 29541.50, 5250, 4726, 29551.94, 29552.58, 29558.13, 2527, 2723, 0.00, 0.00
2026-8-18, 20:03:03.352000, 29542.75, 29609.50, 29537.75, 29609.50, 5250, 4562, 29574.88, 29585.58, 29573.63, 2385, 2865, 0.00, 0.00
2026-8-18, 20:22:29.327000, 29609.50, 29609.50, 29563.00, 29581.50, 5250, 4892, 29590.88, 29584.67, 29586.25, 2605, 2645, 0.00, 0.00
2026-8-18, 21:00:00.260000, 29581.00, 29583.25, 29516.25, 29524.00, 5250, 4961, 29551.13, 29541.17, 29549.75, 2846, 2404, 0.00, 0.00
2026-8-18, 21:37:36.378002, 29524.25, 29555.00, 29514.00, 29551.50, 5250, 5003, 29536.19, 29540.17, 29534.50, 2494, 2756, 0.00, 0.00
2026-8-18, 22:36:44.277000, 29551.75, 29567.00, 29505.00, 29506.25, 5250, 4924, 29532.50, 29526.08, 29536.00, 2724, 2526, 0.00, 0.00
2026-8-18, 23:32:27.094000, 29506.50, 29535.00, 29463.75, 29478.50, 5250, 4784, 29495.94, 29492.42, 29499.38, 2842, 2408, 0.00, 0.00
2026-8-19, 00:17:07.176002, 29478.75, 29512.25, 29435.25, 29437.75, 5250, 4905, 29466.00, 29461.75, 29473.75, 2818, 2432, 0.00, 0.00
2026-8-19, 01:06:30.797000, 29439.00, 29518.25, 29430.50, 29518.25, 5250, 4851, 29476.50, 29489.00, 29474.38, 2549, 2701, 0.00, 0.00
2026-8-19, 01:47:18.945000, 29517.50, 29561.50, 29517.25, 29560.00, 5250, 4614, 29539.06, 29546.25, 29539.38, 2390, 2860, 29512.25, 0.00
2026-8-19, 02:14:37.535008, 29560.00, 29589.25, 29533.50, 29585.50, 5250, 4841, 29567.06, 29569.42, 29561.38, 2358, 2892, 0.00, 0.00
2026-8-19, 02:56:46.339007, 29585.50, 29640.75, 29584.50, 29619.75, 5250, 4743, 29607.63, 29615.00, 29612.63, 2357, 2893, 0.00, 0.00
2026-8-19, 03:16:21.478000, 29618.75, 29639.00, 29600.25, 29615.75, 5250, 4471, 29618.44, 29618.33, 29619.63, 2569, 2681, 0.00, 0.00
2026-8-19, 03:55:32.667001, 29615.75, 29630.00, 29549.50, 29553.50, 5250, 4509, 29587.19, 29577.67, 29589.75, 2657, 2593, 0.00, 0.00
2026-8-19, 04:45:42.789001, 29553.50, 29563.00, 29510.75, 29545.25, 5250, 4897, 29543.13, 29539.67, 29536.88, 2783, 2467, 0.00, 0.00
2026-8-19, 05:36:49.831000, 29545.00, 29578.00, 29509.50, 29557.00, 5250, 4737, 29547.38, 29548.17, 29543.75, 2533, 2717, 0.00, 0.00
2026-8-19, 06:22:52.296000, 29556.75, 29560.25, 29506.75, 29548.00, 5250, 4903, 29542.94, 29538.33, 29533.50, 2625, 2625, 0.00, 0.00
2026-8-19, 07:09:20.252000, 29548.00, 29583.00, 29533.50, 29558.25, 5250, 4817, 29555.69, 29558.25, 29558.25, 2531, 2719, 0.00, 0.00
2026-8-19, 07:31:19.135003, 29558.25, 29645.50, 29549.25, 29644.00, 5250, 4568, 29599.25, 29612.92, 29597.38, 2258, 2992, 0.00, 0.00
2026-8-19, 07:37:24.983000, 29644.00, 29677.50, 29642.50, 29665.75, 5250, 4539, 29657.44, 29661.92, 29660.00, 2591, 2659, 0.00, 0.00
2026-8-19, 07:42:27.097001, 29665.75, 29721.75, 29656.25, 29701.75, 5250, 4742, 29686.38, 29693.25, 29689.00, 2321, 2929, 0.00, 0.00
2026-8-19, 07:48:19.581001, 29701.75, 29757.25, 29694.50, 29740.50, 5250, 4718, 29723.50, 29730.75, 29725.88, 2504, 2746, 0.00, 0.00
2026-8-19, 07:53:56.613000, 29739.50, 29747.25, 29703.25, 29704.25, 5250, 4598, 29723.56, 29718.25, 29725.25, 2792, 2458, 0.00, 0.00
2026-8-19, 08:01:16.558000, 29704.75, 29717.50, 29679.75, 29697.50, 5250, 4832, 29699.88, 29698.25, 29698.63, 2667, 2583, 0.00, 0.00
2026-8-19, 08:09:26.337000, 29698.00, 29746.75, 29694.75, 29742.50, 5250, 4797, 29720.50, 29728.00, 29720.75, 2649, 2601, 0.00, 0.00
2026-8-19, 08:23:08.696000, 29742.75, 29748.25, 29695.75, 29696.00, 4324, 4007, 29720.69, 29713.33, 29722.00, 2348, 1976, 0.00, 0.00
2026-8-19, 08:30:00.000000, 29696.00, 29719.25, 29648.50, 29670.75, 5250, 4868, 29683.63, 29679.50, 29683.88, 2656, 2594, 0.00, 0.00
2026-8-19, 08:30:38.351000, 29670.25, 29705.75, 29663.50, 29685.50, 5250, 4924, 29681.25, 29684.92, 29684.63, 2560, 2690, 0.00, 0.00
2026-8-19, 08:31:55.766005, 29685.50, 29742.75, 29672.25, 29709.00, 5250, 5090, 29702.38, 29708.00, 29707.50, 2427, 2823, 0.00, 0.00
2026-8-19, 08:33:23.111000, 29708.00, 29727.75, 29664.25, 29671.75, 5250, 4923, 29692.94, 29687.92, 29696.00, 2833, 2417, 0.00, 0.00
2026-8-19, 08:35:19.431000, 29671.50, 29688.25, 29630.00, 29632.00, 5250, 4995, 29655.44, 29650.08, 29659.13, 2845, 2405, 0.00, 0.00
2026-8-19, 08:36:57.521000, 29631.00, 29650.25, 29612.00, 29612.00, 5250, 5036, 29626.31, 29624.75, 29631.13, 2699, 2551, 0.00, 0.00
2026-8-19, 08:38:51.137056, 29612.00, 29620.50, 29579.75, 29581.25, 5250, 4927, 29598.38, 29593.83, 29600.13, 2852, 2398, 0.00, 0.00
2026-8-19, 08:40:29.718000, 29581.50, 29614.00, 29566.25, 29572.00, 5250, 4929, 29583.44, 29584.08, 29590.13, 2779, 2471, 0.00, 0.00
2026-8-19, 08:41:57.400001, 29572.00, 29621.75, 29560.50, 29618.25, 5250, 4855, 29593.13, 29600.17, 29591.13, 2375, 2875, 0.00, 0.00
2026-8-19, 08:43:54.130005, 29618.75, 29634.75, 29597.50, 29612.75, 5250, 4930, 29615.94, 29615.00, 29616.13, 2497, 2753, 0.00, 0.00
2026-8-19, 08:45:46.076000, 29612.00, 29635.50, 29575.50, 29584.50, 5250, 4915, 29601.88, 29598.50, 29605.50, 2672, 2578, 0.00, 0.00
2026-8-19, 08:48:08.891000, 29585.00, 29589.75, 29492.75, 29494.00, 5250, 4851, 29540.38, 29525.50, 29541.25, 3126, 2124, 0.00, 0.00
2026-8-19, 08:49:06.377000, 29494.25, 29504.50, 29455.25, 29477.00, 5250, 4849, 29482.75, 29478.92, 29479.88, 2643, 2607, 29450.25, 0.00
2026-8-19, 08:50:10.009000, 29476.50, 29493.00, 29406.50, 29424.00, 5250, 4851, 29450.00, 29441.17, 29449.75, 2958, 2292, 0.00, 0.00
2026-8-19, 08:51:24.881000, 29423.00, 29460.75, 29407.50, 29449.25, 5250, 4687, 29435.13, 29439.17, 29434.13, 2375, 2875, 0.00, 0.00
2026-8-19, 08:52:42.504001, 29449.25, 29490.50, 29439.75, 29486.00, 5250, 4863, 29466.38, 29472.08, 29465.13, 2491, 2759, 0.00, 0.00
2026-8-19, 08:54:08.245000, 29487.00, 29525.50, 29456.75, 29522.25, 5250, 4903, 29497.88, 29501.50, 29491.13, 2360, 2890, 0.00, 0.00
2026-8-19, 08:55:53.072013, 29522.00, 29523.25, 29472.50, 29493.00, 5250, 5008, 29502.69, 29496.25, 29497.88, 2585, 2665, 0.00, 0.00
2026-8-19, 08:58:16.085000, 29493.25, 29517.25, 29459.25, 29467.75, 5250, 4962, 29484.38, 29481.42, 29488.25, 2731, 2519, 0.00, 0.00
2026-8-19, 09:00:34.318000, 29468.50, 29489.25, 29456.00, 29468.50, 5250, 5031, 29470.56, 29471.25, 29472.63, 2472, 2778, 0.00, 0.00
2026-8-19, 09:02:58.559000, 29469.00, 29504.25, 29456.00, 29495.50, 5250, 5018, 29481.19, 29485.25, 29480.13, 2683, 2567, 0.00, 0.00
2026-8-19, 09:06:05.497000, 29494.75, 29499.50, 29436.25, 29446.50, 5250, 4982, 29469.25, 29460.75, 29467.88, 2839, 2411, 0.00, 0.00
2026-8-19, 09:08:53.032001, 29446.50, 29462.00, 29395.00, 29404.25, 5250, 4625, 29426.94, 29420.42, 29428.50, 2913, 2337, 0.00, 0.00
2026-8-19, 09:11:14.893000, 29405.00, 29418.25, 29377.25, 29412.75, 5250, 4929, 29403.31, 29402.75, 29397.75, 2603, 2647, 0.00, 0.00
2026-8-19, 09:13:30.796001, 29412.75, 29417.00, 29375.75, 29403.50, 5250, 4895, 29402.25, 29398.75, 29396.38, 2694, 2556, 0.00, 0.00
2026-8-19, 09:15:42.846000, 29403.00, 29469.00, 29396.25, 29460.50, 5250, 4833, 29432.19, 29441.92, 29432.63, 2290, 2960, 0.00, 0.00
2026-8-19, 09:17:12.298000, 29460.00, 29462.00, 29423.25, 29423.25, 5250, 4980, 29442.13, 29436.17, 29442.63, 2582, 2668, 0.00, 0.00
2026-8-19, 09:19:50.095001, 29423.25, 29456.75, 29389.75, 29390.00, 5250, 4972, 29414.94, 29412.17, 29423.25, 2627, 2623, 0.00, 0.00
2026-8-19, 09:22:25.672000, 29389.25, 29432.00, 29385.25, 29411.25, 5250, 5066, 29404.44, 29409.50, 29408.63, 2593, 2657, 0.00, 0.00
2026-8-19, 09:25:24.853000, 29410.00, 29464.50, 29395.00, 29463.50, 5250, 4972, 29433.25, 29441.00, 29429.75, 2253, 2997, 0.00, 0.00
2026-8-19, 09:28:32.172000, 29463.75, 29502.50, 29456.00, 29489.25, 5250, 4897, 29477.88, 29482.58, 29479.25, 2291, 2959, 0.00, 0.00
2026-8-19, 09:31:33.015000, 29490.00, 29517.00, 29477.75, 29497.75, 5250, 4908, 29495.63, 29497.50, 29497.38, 2511, 2739, 0.00, 0.00
2026-8-19, 09:35:23.751003, 29497.75, 29554.25, 29497.75, 29550.75, 5250, 4804, 29525.13, 29534.25, 29526.00, 2434, 2816, 0.00, 0.00
2026-8-19, 09:38:36.384001, 29550.75, 29575.00, 29546.00, 29561.25, 5250, 4823, 29558.25, 29560.75, 29560.50, 2422, 2828, 0.00, 0.00
2026-8-19, 09:41:46.173001, 29561.25, 29570.50, 29535.00, 29552.25, 5250, 4911, 29554.75, 29552.58, 29552.75, 2724, 2526, 0.00, 0.00
2026-8-19, 09:46:19.735000, 29551.50, 29566.75, 29527.00, 29541.50, 5250, 4989, 29546.69, 29545.08, 29546.88, 2556, 2694, 0.00, 0.00
2026-8-19, 09:51:08.307000, 29541.00, 29596.75, 29537.00, 29593.25, 5250, 4799, 29567.00, 29575.67, 29566.88, 2405, 2845, 0.00, 0.00
2026-8-19, 09:54:58.000001, 29593.50, 29618.50, 29582.25, 29616.75, 5250, 4893, 29602.75, 29605.83, 29600.38, 2487, 2763, 0.00, 0.00
2026-8-19, 09:59:08.558000, 29616.50, 29629.75, 29595.00, 29600.75, 5250, 4879, 29610.50, 29608.50, 29612.38, 2812, 2438, 0.00, 0.00
2026-8-19, 10:02:53.405000, 29600.75, 29609.50, 29582.75, 29590.75, 5250, 4942, 29595.94, 29594.33, 29596.13, 2667, 2583, 0.00, 0.00
2026-8-19, 10:08:48.485003, 29590.75, 29624.00, 29581.00, 29599.25, 5250, 4919, 29598.75, 29601.42, 29602.50, 2548, 2702, 0.00, 0.00
2026-8-19, 10:15:32.673000, 29598.75, 29629.00, 29595.00, 29616.00, 5250, 4731, 29609.69, 29613.33, 29612.00, 2497, 2753, 0.00, 0.00
2026-8-19, 10:22:50.069000, 29616.00, 29631.25, 29588.00, 29607.50, 5250, 4917, 29610.69, 29608.92, 29609.63, 2564, 2686, 0.00, 0.00
2026-8-19, 10:29:17.001002, 29607.25, 29620.00, 29570.50, 29575.25, 5250, 4845, 29593.25, 29588.58, 29595.25, 2644, 2606, 0.00, 0.00
2026-8-19, 10:37:09.200000, 29575.25, 29597.50, 29550.25, 29575.00, 5250, 4936, 29574.50, 29574.25, 29573.88, 2529, 2721, 0.00, 0.00
2026-8-19, 10:43:44.290012, 29575.25, 29616.25, 29570.75, 29583.75, 5250, 4751, 29586.50, 29590.25, 29593.50, 2403, 2847, 0.00, 0.00
2026-8-19, 10:50:08.492000, 29584.25, 29596.00, 29569.75, 29589.50, 5250, 4889, 29584.88, 29585.08, 29582.88, 2605, 2645, 0.00, 0.00
2026-8-19, 10:58:23.552002, 29589.75, 29639.50, 29587.50, 29628.75, 5250, 4738, 29611.38, 29618.58, 29613.50, 2391, 2859, 0.00, 0.00
2026-8-19, 11:03:51.484001, 29628.50, 29653.75, 29628.50, 29641.00, 5250, 4857, 29637.94, 29641.08, 29641.13, 2558, 2692, 0.00, 0.00
2026-8-19, 11:13:32.322000, 29641.00, 29667.25, 29628.25, 29642.50, 5250, 4947, 29644.75, 29646.00, 29647.75, 2623, 2627, 0.00, 0.00
2026-8-19, 11:21:52.191000, 29642.50, 29647.25, 29596.00, 29604.25, 5250, 4863, 29622.50, 29615.83, 29621.63, 2764, 2486, 0.00, 0.00
2026-8-19, 11:30:19.549000, 29604.25, 29621.50, 29594.00, 29619.25, 5250, 4900, 29609.75, 29611.58, 29607.75, 2426, 2824, 0.00, 0.00
2026-8-19, 11:42:18.901000, 29619.50, 29620.75, 29570.00, 29573.00, 5250, 4791, 29595.81, 29587.92, 29595.38, 2635, 2615, 0.00, 0.00
2026-8-19, 11:53:13.954002, 29573.00, 29575.75, 29545.00, 29549.50, 5250, 4889, 29560.81, 29556.75, 29560.38, 2771, 2479, 0.00, 0.00
2026-8-19, 12:03:16.107000, 29549.25, 29573.25, 29539.50, 29552.00, 5250, 4942, 29553.50, 29554.92, 29556.38, 2632, 2618, 0.00, 0.00
2026-8-19, 12:12:51.107002, 29552.25, 29562.75, 29513.00, 29515.75, 5250, 4802, 29535.94, 29530.50, 29537.88, 2669, 2581, 0.00, 0.00
2026-8-19, 12:21:49.863000, 29516.25, 29543.50, 29510.50, 29531.50, 5250, 4893, 29525.44, 29528.50, 29527.00, 2436, 2814, 0.00, 0.00
2026-8-19, 12:31:22.742001, 29531.50, 29544.25, 29513.75, 29537.00, 5250, 4943, 29531.63, 29531.67, 29529.00, 2475, 2775, 0.00, 0.00
2026-8-19, 12:45:02.391001, 29537.00, 29561.00, 29534.25, 29546.75, 5250, 5014, 29544.75, 29547.33, 29547.63, 2611, 2639, 0.00, 0.00
2026-8-19, 13:00:07.108001, 29547.00, 29592.50, 29535.75, 29549.00, 5250, 4817, 29556.06, 29559.08, 29564.13, 2680, 2570, 0.00, 0.00
2026-8-19, 13:05:51.845000, 29549.50, 29553.50, 29498.50, 29507.00, 5250, 4911, 29527.13, 29519.67, 29526.00, 2776, 2474, 0.00, 0.00
2026-8-19, 13:11:06.488000, 29506.75, 29541.25, 29492.00, 29512.50, 5250, 4877, 29513.13, 29515.25, 29516.63, 2669, 2581, 0.00, 0.00
2026-8-19, 13:18:51.078000, 29512.50, 29545.75, 29506.50, 29543.25, 5250, 4925, 29527.00, 29531.83, 29526.13, 2355, 2895, 0.00, 0.00
2026-8-19, 13:30:12.477002, 29543.50, 29578.75, 29543.50, 29548.50, 5250, 4863, 29553.56, 29556.92, 29561.13, 2466, 2784, 0.00, 0.00
2026-8-19, 13:37:29.295000, 29549.75, 29563.75, 29536.25, 29547.75, 5250, 4893, 29549.38, 29549.25, 29550.00, 2564, 2686, 0.00, 0.00
2026-8-19, 13:51:33.327003, 29547.75, 29553.00, 29527.50, 29540.00, 5250, 5048, 29542.06, 29540.17, 29540.25, 2526, 2724, 0.00, 0.00
2026-8-19, 14:02:57.241001, 29540.00, 29559.50, 29532.50, 29553.25, 5250, 5061, 29546.31, 29548.42, 29546.00, 2592, 2658, 0.00, 0.00
2026-8-19, 14:18:28.722000, 29553.00, 29579.75, 29550.25, 29554.00, 5250, 5028, 29559.25, 29561.33, 29565.00, 2474, 2776, 0.00, 0.00
2026-8-19, 14:29:41.971002, 29554.00, 29590.00, 29544.75, 29548.50, 5250, 5030, 29559.31, 29561.08, 29567.38, 2646, 2604, 0.00, 0.00
2026-8-19, 14:37:23.622001, 29548.50, 29554.25, 29510.50, 29511.50, 5250, 4985, 29531.19, 29525.42, 29532.38, 2612, 2638, 0.00, 0.00
2026-8-19, 14:46:33.553000, 29511.50, 29524.00, 29485.25, 29497.00, 5250, 4817, 29504.44, 29502.08, 29504.63, 2620, 2630, 0.00, 0.00
2026-8-19, 14:51:05.870000, 29496.25, 29521.75, 29489.25, 29491.25, 5250, 4816, 29499.63, 29500.75, 29505.50, 2465, 2785, 0.00, 0.00
2026-8-19, 14:55:00.202001, 29491.50, 29520.25, 29488.50, 29519.00, 5250, 4828, 29504.81, 29509.25, 29504.38, 2405, 2845, 0.00, 0.00
2026-8-19, 14:58:37.014000, 29519.00, 29525.75, 29499.25, 29507.50, 5250, 4664, 29512.88, 29510.83, 29512.50, 2498, 2752, 0.00, 0.00
2026-8-19, 14:59:50.323001, 29507.00, 29542.75, 29504.75, 29538.75, 5250, 4700, 29523.31, 29528.75, 29523.75, 2340, 2910, 0.00, 0.00
2026-8-19, 15:01:02.938000, 29539.25, 29542.25, 29514.25, 29516.75, 5250, 4484, 29528.13, 29524.42, 29528.25, 2683, 2567, 0.00, 29547.25
2026-8-19, 15:18:25.686001, 29516.75, 29615.00, 29515.00, 29597.50, 5250, 4859, 29561.06, 29575.83, 29565.00, 2439, 2811, 0.00, 0.00
2026-8-19, 17:07:00.008001, 29597.50, 29643.25, 29590.75, 29641.75, 5250, 3927, 29618.31, 29625.25, 29617.00, 2904, 2346, 0.00, 0.00
2026-8-19, 17:59:36.427005, 29641.75, 29689.75, 29632.75, 29639.25, 5250, 4639, 29650.88, 29653.92, 29661.25, 2559, 2691, 0.00, 0.00
2026-8-19, 18:56:20.092001, 29639.25, 29665.50, 29581.50, 29660.75, 5250, 4817, 29636.75, 29635.92, 29623.50, 2611, 2639, 0.00, 0.00
2026-8-19, 19:22:31.573000, 29661.00, 29684.25, 29617.00, 29665.00, 5250, 4888, 29656.81, 29655.42, 29650.63, 2672, 2578, 0.00, 0.00
2026-8-19, 20:08:52.802002, 29665.00, 29674.75, 29623.75, 29662.50, 5250, 4827, 29656.50, 29653.67, 29649.25, 2698, 2552, 0.00, 0.00
2026-8-19, 20:55:05.920000, 29661.75, 29683.25, 29610.00, 29649.25, 5250, 4800, 29651.06, 29647.50, 29646.63, 2611, 2639, 0.00, 0.00
2026-8-19, 21:40:02.600000, 29649.75, 29657.25, 29593.50, 29625.50, 5250, 4714, 29631.50, 29625.42, 29625.38, 2676, 2574, 0.00, 0.00
2026-8-19, 22:44:48.504004, 29625.50, 29656.00, 29587.75, 29621.50, 5250, 4794, 29622.69, 29621.75, 29621.88, 2659, 2591, 0.00, 0.00
2026-8-20, 00:16:56.683000, 29621.25, 29666.25, 29599.75, 29653.50, 5250, 4736, 29635.19, 29639.83, 29633.00, 2632, 2618, 0.00, 0.00
2026-8-20, 01:24:34.634002, 29653.50, 29686.50, 29632.50, 29636.00, 5250, 4760, 29652.13, 29651.67, 29659.50, 2521, 2729, 0.00, 0.00
2026-8-20, 02:19:44.959000, 29636.25, 29648.00, 29561.50, 29563.25, 5250, 4879, 29602.25, 29590.92, 29604.75, 2786, 2464, 0.00, 0.00
2026-8-20, 03:03:30.642000, 29563.25, 29582.50, 29499.00, 29505.75, 5250, 4746, 29537.63, 29529.08, 29540.75, 2870, 2380, 0.00, 0.00
2026-8-20, 03:27:50.393003, 29505.75, 29529.50, 29452.75, 29489.00, 5250, 4619, 29494.25, 29490.42, 29491.13, 2698, 2552, 0.00, 0.00
2026-8-20, 03:50:57.343000, 29489.00, 29546.75, 29464.00, 29533.25, 5250, 4846, 29508.25, 29514.67, 29505.38, 2684, 2566, 0.00, 0.00
2026-8-20, 04:49:29.359000, 29534.25, 29564.00, 29511.75, 29547.75, 5250, 4838, 29539.44, 29541.17, 29537.88, 2709, 2541, 0.00, 0.00
2026-8-20, 05:58:03.608000, 29548.00, 29582.25, 29448.75, 29449.00, 5250, 4875, 29507.00, 29493.33, 29515.50, 2935, 2315, 0.00, 0.00
2026-8-20, 06:21:59.069000, 29450.00, 29467.75, 29418.00, 29423.00, 5250, 4584, 29439.69, 29436.25, 29442.88, 2569, 2681, 29413.00, 0.00
2026-8-20, 06:44:53.783001, 29422.75, 29427.25, 29348.75, 29356.50, 5250, 4726, 29388.81, 29377.50, 29388.00, 2895, 2355, 0.00, 0.00
2026-8-20, 06:57:12.773000, 29355.00, 29375.00, 29286.75, 29300.25, 5250, 4627, 29329.25, 29320.67, 29330.88, 2810, 2440, 0.00, 0.00
2026-8-20, 07:06:56.990000, 29300.75, 29313.25, 29262.50, 29274.75, 5250, 4625, 29287.81, 29283.50, 29287.88, 2813, 2437, 0.00, 0.00
2026-8-20, 07:15:57.888000, 29273.50, 29306.50, 29252.25, 29259.00, 5250, 4758, 29272.81, 29272.58, 29279.38, 2699, 2551, 0.00, 0.00
2026-8-20, 07:30:32.004000, 29259.75, 29282.25, 29240.00, 29279.75, 5250, 4678, 29265.44, 29267.33, 29261.13, 2693, 2557, 0.00, 0.00
2026-8-20, 07:43:27.603000, 29279.25, 29347.50, 29276.00, 29343.25, 5250, 4851, 29311.50, 29322.25, 29311.75, 2361, 2889, 0.00, 0.00
2026-8-20, 07:57:19.423000, 29342.00, 29373.25, 29335.50, 29340.00, 5250, 4857, 29347.69, 29349.58, 29354.38, 2663, 2587, 0.00, 0.00
2026-8-20, 08:11:52.859000, 29340.50, 29369.00, 29324.00, 29358.50, 5250, 4802, 29348.00, 29350.50, 29346.50, 2560, 2690, 0.00, 0.00
2026-8-20, 08:27:28.323004, 29358.50, 29358.75, 29336.25, 29350.75, 1571, 1510, 29351.06, 29348.58, 29347.50, 800, 771, 0.00, 0.00
2026-8-20, 08:30:00.002000, 29351.00, 29392.00, 29338.75, 29349.50, 5250, 4993, 29357.81, 29360.08, 29365.38, 2774, 2476, 0.00, 0.00
2026-8-20, 08:31:01.536000, 29348.25, 29434.00, 29342.25, 29414.00, 5250, 5007, 29384.63, 29396.75, 29388.13, 2438, 2812, 0.00, 0.00
2026-8-20, 08:32:16.892000, 29414.25, 29419.25, 29389.75, 29401.00, 5250, 5094, 29406.06, 29403.33, 29404.50, 2697, 2553, 0.00, 0.00
2026-8-20, 08:34:11.732011, 29401.00, 29443.75, 29372.00, 29443.75, 5250, 5020, 29415.13, 29419.83, 29407.88, 2506, 2744, 0.00, 0.00
2026-8-20, 08:35:30.226002, 29443.75, 29466.00, 29438.75, 29457.00, 5250, 4996, 29451.38, 29453.92, 29452.38, 2586, 2664, 0.00, 0.00
2026-8-20, 08:37:24.509000, 29457.00, 29470.25, 29431.75, 29459.50, 5250, 5006, 29454.63, 29453.83, 29451.00, 2731, 2519, 0.00, 0.00
2026-8-20, 08:39:34.671005, 29459.50, 29466.75, 29390.00, 29412.50, 5250, 5000, 29432.19, 29423.08, 29428.38, 2910, 2340, 0.00, 0.00
2026-8-20, 08:41:15.201000, 29411.50, 29456.75, 29410.25, 29450.50, 5250, 5069, 29432.25, 29439.17, 29433.50, 2479, 2771, 0.00, 0.00
2026-8-20, 08:43:25.136027, 29450.75, 29460.00, 29406.50, 29413.00, 5250, 5006, 29432.56, 29426.50, 29433.25, 2705, 2545, 0.00, 0.00
2026-8-20, 08:45:42.157001, 29413.00, 29416.75, 29373.00, 29382.00, 5250, 4982, 29396.19, 29390.58, 29394.88, 2785, 2465, 0.00, 0.00
2026-8-20, 08:47:43.429001, 29382.00, 29402.00, 29350.00, 29386.75, 5250, 4954, 29380.19, 29379.58, 29376.00, 2674, 2576, 0.00, 0.00
2026-8-20, 08:49:58.717000, 29387.75, 29391.75, 29337.00, 29363.50, 5250, 4933, 29370.00, 29364.08, 29364.38, 2719, 2531, 0.00, 0.00
2026-8-20, 08:52:02.976000, 29362.50, 29363.00, 29308.75, 29347.25, 5250, 4915, 29345.38, 29339.67, 29335.88, 2675, 2575, 0.00, 0.00
2026-8-20, 08:53:43.627000, 29347.50, 29393.00, 29327.50, 29392.00, 5250, 5044, 29365.00, 29370.83, 29360.25, 2492, 2758, 0.00, 0.00
2026-8-20, 08:55:51.884002, 29392.00, 29409.00, 29332.50, 29349.00, 5250, 4983, 29370.63, 29363.50, 29370.75, 2620, 2630, 0.00, 0.00
2026-8-20, 08:57:36.241000, 29348.75, 29377.00, 29324.00, 29367.75, 5250, 4995, 29354.38, 29356.25, 29350.50, 2610, 2640, 0.00, 0.00
2026-8-20, 09:00:09.052000, 29367.75, 29395.00, 29346.25, 29348.25, 5250, 5070, 29364.31, 29363.17, 29370.63, 2606, 2644, 0.00, 0.00
2026-8-20, 09:02:54.648001, 29348.25, 29354.00, 29316.50, 29326.75, 5250, 4864, 29336.38, 29332.42, 29335.25, 2649, 2601, 0.00, 0.00
2026-8-20, 09:05:32.824000, 29326.50, 29380.75, 29326.50, 29335.50, 5250, 4875, 29342.31, 29347.58, 29353.63, 2569, 2681, 0.00, 0.00
2026-8-20, 09:08:23.227001, 29335.25, 29409.00, 29329.50, 29396.50, 5250, 5003, 29367.56, 29378.33, 29369.25, 2445, 2805, 0.00, 0.00
2026-8-20, 09:10:59.227000, 29396.00, 29404.50, 29368.00, 29384.00, 5250, 4858, 29388.13, 29385.50, 29386.25, 2652, 2598, 0.00, 0.00
2026-8-20, 09:14:07.786003, 29384.00, 29387.25, 29323.25, 29327.50, 5250, 4975, 29355.50, 29346.00, 29355.25, 2785, 2465, 0.00, 0.00
2026-8-20, 09:17:02.276000, 29327.75, 29347.00, 29305.00, 29327.50, 5250, 4895, 29326.81, 29326.50, 29326.00, 2640, 2610, 0.00, 0.00
2026-8-20, 09:20:19.279000, 29327.50, 29391.50, 29327.50, 29382.50, 5250, 5017, 29357.25, 29367.17, 29359.50, 2520, 2730, 0.00, 0.00
2026-8-20, 09:22:51.650001, 29382.50, 29414.00, 29369.75, 29386.25, 5250, 4906, 29388.13, 29390.00, 29391.88, 2675, 2575, 0.00, 0.00
2026-8-20, 09:25:23.123009, 29386.25, 29401.00, 29338.25, 29348.25, 5250, 4983, 29368.44, 29362.50, 29369.63, 2681, 2569, 0.00, 0.00
2026-8-20, 09:29:07.123001, 29348.25, 29377.50, 29334.25, 29363.00, 5250, 4563, 29355.75, 29358.25, 29355.88, 2509, 2741, 0.00, 0.00
2026-8-20, 09:32:31.094000, 29363.25, 29386.75, 29329.00, 29371.50, 5250, 4997, 29362.63, 29362.42, 29357.88, 2612, 2638, 0.00, 0.00
2026-8-20, 09:36:48.414001, 29371.50, 29418.50, 29366.00, 29398.00, 5250, 4999, 29388.50, 29394.17, 29392.25, 2549, 2701, 0.00, 0.00
2026-8-20, 09:40:39.343004, 29397.50, 29433.00, 29393.50, 29429.50, 5250, 4871, 29413.38, 29418.67, 29413.25, 2535, 2715, 0.00, 0.00
2026-8-20, 09:45:38.059000, 29431.25, 29433.50, 29368.00, 29368.25, 5250, 5003, 29400.25, 29389.92, 29400.75, 2844, 2406, 0.00, 29438.50
2026-8-20, 09:50:21.562000, 29368.25, 29398.25, 29352.50, 29376.75, 5250, 5030, 29373.94, 29375.83, 29375.38, 2622, 2628, 0.00, 0.00
2026-8-20, 09:55:59.688000, 29376.50, 29404.50, 29349.00, 29403.50, 5250, 4950, 29383.38, 29385.67, 29376.75, 2503, 2747, 0.00, 0.00
2026-8-20, 10:00:54.013000, 29404.25, 29457.50, 29398.25, 29442.75, 5250, 5004, 29425.69, 29432.83, 29427.88, 2521, 2729, 0.00, 0.00
2026-8-20, 10:02:38.084000, 29442.50, 29449.50, 29364.50, 29367.00, 5250, 4991, 29405.88, 29393.67, 29407.00, 2757, 2493, 0.00, 29454.50
2026-8-20, 10:06:06.240000, 29366.75, 29385.50, 29343.50, 29349.50, 5250, 4940, 29361.31, 29359.50, 29364.50, 2638, 2612, 0.00, 0.00
2026-8-20, 10:09:52.892004, 29349.50, 29365.25, 29324.50, 29365.25, 5250, 4869, 29351.13, 29351.67, 29344.88, 2567, 2683, 0.00, 0.00
2026-8-20, 10:13:52.938001, 29365.25, 29383.00, 29342.00, 29361.50, 5250, 5076, 29362.94, 29362.17, 29362.50, 2496, 2754, 0.00, 0.00
2026-8-20, 10:19:20.100000, 29361.25, 29369.50, 29308.50, 29328.00, 5250, 4899, 29341.81, 29335.33, 29339.00, 2731, 2519, 0.00, 0.00
2026-8-20, 10:24:45.040000, 29328.25, 29342.50, 29301.00, 29338.75, 5250, 4826, 29327.63, 29327.42, 29321.75, 2646, 2604, 0.00, 0.00
2026-8-20, 10:29:15.814000, 29339.00, 29350.50, 29292.00, 29294.25, 5250, 4979, 29318.94, 29312.25, 29321.25, 2742, 2508, 0.00, 0.00
2026-8-20, 10:34:18.171003, 29294.25, 29315.75, 29279.75, 29281.50, 5250, 4881, 29292.81, 29292.33, 29297.75, 2701, 2549, 0.00, 0.00
2026-8-20, 10:39:29.892001, 29281.50, 29302.50, 29270.50, 29271.50, 5250, 4946, 29281.50, 29281.50, 29286.50, 2541, 2709, 0.00, 0.00
2026-8-20, 10:46:14.919000, 29271.00, 29332.50, 29269.25, 29329.75, 5250, 4892, 29300.63, 29310.50, 29300.88, 2401, 2849, 0.00, 0.00
2026-8-20, 10:52:15.007001, 29329.75, 29332.75, 29309.25, 29329.25, 5250, 4969, 29325.25, 29323.75, 29321.00, 2584, 2666, 0.00, 0.00
2026-8-20, 11:00:06.119000, 29328.75, 29346.00, 29307.00, 29308.50, 5250, 4974, 29322.56, 29320.50, 29326.50, 2543, 2707, 0.00, 0.00
2026-8-20, 11:07:05.735000, 29307.75, 29342.00, 29302.75, 29312.00, 5250, 4940, 29316.13, 29318.92, 29322.38, 2633, 2617, 0.00, 0.00
2026-8-20, 11:16:34.220006, 29312.00, 29355.25, 29307.00, 29343.00, 5250, 4827, 29329.31, 29335.08, 29331.13, 2409, 2841, 0.00, 0.00
2026-8-20, 11:25:40.801000, 29342.75, 29356.50, 29310.00, 29349.25, 5250, 4910, 29339.63, 29338.58, 29333.25, 2538, 2712, 0.00, 0.00
2026-8-20, 11:34:59.284000, 29349.00, 29370.00, 29341.25, 29370.00, 5250, 4649, 29357.56, 29360.42, 29355.63, 2429, 2821, 0.00, 0.00
2026-8-20, 11:44:47.727003, 29370.00, 29389.00, 29359.75, 29361.50, 5250, 4477, 29370.06, 29370.08, 29374.38, 2340, 2910, 0.00, 0.00
2026-8-20, 11:52:24.023000, 29361.75, 29385.75, 29356.25, 29359.75, 5250, 4717, 29365.88, 29367.25, 29371.00, 2493, 2757, 0.00, 0.00
2026-8-20, 12:02:44.401000, 29360.50, 29363.50, 29334.75, 29336.25, 5250, 4895, 29348.75, 29344.83, 29349.13, 2712, 2538, 0.00, 0.00
2026-8-20, 12:14:48.975002, 29336.25, 29338.50, 29298.00, 29317.25, 5250, 4888, 29322.50, 29317.92, 29318.25, 2668, 2582, 0.00, 0.00
2026-8-20, 12:22:12.998001, 29317.25, 29324.75, 29288.50, 29295.75, 5250, 4686, 29306.56, 29303.00, 29306.63, 2451, 2799, 0.00, 0.00
2026-8-20, 12:30:28.071000, 29296.00, 29304.25, 29282.75, 29283.75, 5250, 4853, 29291.69, 29290.25, 29293.50, 2603, 2647, 0.00, 0.00
2026-8-20, 12:42:00.981000, 29284.25, 29321.00, 29283.00, 29319.25, 5250, 4903, 29301.88, 29307.75, 29302.00, 2329, 2921, 0.00, 0.00
2026-8-20, 12:51:23.705023, 29319.25, 29325.75, 29282.00, 29284.50, 5250, 5022, 29302.88, 29297.42, 29303.88, 2709, 2541, 0.00, 29330.75
2026-8-20, 13:00:41.243001, 29284.25, 29284.25, 29238.00, 29238.00, 5250, 4834, 29261.13, 29253.42, 29261.13, 3002, 2248, 0.00, 0.00
2026-8-20, 13:05:47.387082, 29238.00, 29249.00, 29225.00, 29225.00, 5250, 4521, 29234.25, 29233.00, 29237.00, 2628, 2622, 0.00, 0.00
2026-8-20, 13:10:36.848003, 29225.00, 29239.25, 29207.00, 29208.00, 5250, 4749, 29219.81, 29218.08, 29223.13, 2785, 2465, 0.00, 0.00
2026-8-20, 13:16:47.872002, 29208.00, 29248.25, 29202.75, 29236.75, 5250, 4857, 29223.94, 29229.25, 29225.50, 2496, 2754, 0.00, 0.00
2026-8-20, 13:23:24.541002, 29237.00, 29239.75, 29220.50, 29227.75, 5250, 4872, 29231.25, 29229.33, 29230.13, 2690, 2560, 0.00, 0.00
2026-8-20, 13:31:49.992000, 29227.25, 29232.00, 29212.00, 29218.50, 5250, 4697, 29222.44, 29220.83, 29222.00, 2750, 2500, 0.00, 0.00
2026-8-20, 13:41:03.238000, 29218.50, 29253.75, 29216.00, 29251.75, 5250, 4718, 29235.00, 29240.50, 29234.88, 2610, 2640, 0.00, 0.00
2026-8-20, 13:49:53.409004, 29251.50, 29259.00, 29240.25, 29245.75, 5250, 5048, 29249.13, 29248.33, 29249.63, 2641, 2609, 0.00, 0.00
2026-8-20, 14:00:11.831003, 29245.75, 29292.50, 29243.25, 29281.00, 5250, 4931, 29265.63, 29272.25, 29267.88, 2438, 2812, 0.00, 0.00
2026-8-20, 14:06:52.272000, 29281.00, 29293.50, 29273.50, 29290.75, 5250, 4838, 29284.69, 29285.92, 29283.50, 2818, 2432, 0.00, 0.00
2026-8-20, 14:15:52.788004, 29290.75, 29305.00, 29267.75, 29296.25, 5250, 4874, 29289.94, 29289.67, 29286.38, 2678, 2572, 0.00, 0.00
2026-8-20, 14:24:48.260000, 29296.25, 29308.00, 29290.25, 29307.25, 5250, 5001, 29300.44, 29301.83, 29299.13, 2596, 2654, 0.00, 0.00
2026-8-20, 14:33:06.293000, 29307.75, 29335.25, 29294.25, 29331.50, 5250, 4841, 29317.19, 29320.33, 29314.75, 2436, 2814, 0.00, 0.00
2026-8-20, 14:39:36.196001, 29331.75, 29333.50, 29296.50, 29304.00, 5250, 4763, 29316.44, 29311.33, 29315.00, 2681, 2569, 0.00, 0.00
2026-8-20, 14:46:05.923001, 29303.75, 29325.75, 29293.00, 29323.50, 5250, 4878, 29311.50, 29314.08, 29309.38, 2572, 2678, 0.00, 0.00
2026-8-20, 14:51:26.594027, 29323.50, 29331.25, 29289.75, 29299.75, 5250, 5060, 29311.06, 29306.92, 29310.50, 2624, 2626, 0.00, 0.00
2026-8-20, 14:55:11.347001, 29299.75, 29318.50, 29286.50, 29318.50, 5250, 4854, 29305.81, 29307.83, 29302.50, 2394, 2856, 0.00, 0.00
2026-8-20, 14:59:00.004231, 29318.50, 29319.25, 29290.75, 29293.00, 5250, 4669, 29305.38, 29301.00, 29305.00, 2660, 2590, 0.00, 0.00
2026-8-20, 14:59:50.183003, 29293.00, 29313.75, 29292.75, 29310.75, 5250, 4686, 29302.56, 29305.75, 29303.25, 2748, 2502, 0.00, 0.00
2026-8-20, 15:00:08.459000, 29310.00, 29320.50, 29277.25, 29289.75, 5250, 4751, 29299.38, 29295.83, 29298.88, 2619, 2631, 0.00, 0.00
2026-8-20, 15:12:39.799000, 29290.00, 29311.50, 29262.50, 29305.50, 5250, 4709, 29292.38, 29293.17, 29287.00, 2431, 2819, 0.00, 0.00
2026-8-20, 15:55:09.204002, 29305.50, 29345.75, 29274.25, 29322.00, 5250, 4689, 29311.88, 29314.00, 29310.00, 2542, 2708, 0.00, 0.00
2026-8-20, 17:57:15.853000, 29322.25, 29339.50, 29286.75, 29339.50, 5250, 4951, 29322.00, 29321.92, 29313.13, 2621, 2629, 0.00, 0.00
2026-8-20, 19:06:50.034011, 29339.25, 29365.50, 29311.75, 29355.00, 5250, 4717, 29342.88, 29344.08, 29338.63, 2502, 2748, 0.00, 0.00
2026-8-20, 19:45:15.548001, 29355.00, 29362.00, 29291.75, 29343.25, 5250, 4877, 29338.00, 29332.33, 29326.88, 2614, 2636, 0.00, 0.00
2026-8-20, 20:30:17.266000, 29343.50, 29395.00, 29320.25, 29395.00, 5250, 4655, 29363.44, 29370.08, 29357.63, 2394, 2856, 0.00, 0.00
2026-8-20, 21:30:29.965002, 29395.00, 29399.25, 29345.00, 29351.00, 5250, 4730, 29372.56, 29365.08, 29372.13, 2701, 2549, 0.00, 0.00
2026-8-20, 22:52:01.427000, 29350.50, 29380.75, 29321.25, 29371.50, 5250, 4810, 29356.00, 29357.83, 29351.00, 2632, 2618, 0.00, 0.00
2026-8-21, 00:20:14.222004, 29371.50, 29401.50, 29340.25, 29370.50, 5250, 4742, 29370.94, 29370.75, 29370.88, 2603, 2647, 0.00, 0.00
2026-8-21, 01:45:54.712000, 29369.25, 29458.75, 29365.50, 29438.00, 5250, 4632, 29407.88, 29420.75, 29412.13, 2477, 2773, 0.00, 0.00
2026-8-21, 02:27:26.035000, 29437.50, 29464.25, 29411.75, 29412.50, 5250, 4637, 29431.50, 29429.50, 29438.00, 2765, 2485, 0.00, 0.00
2026-8-21, 03:07:57.070000, 29413.25, 29456.75, 29390.50, 29452.00, 5250, 4838, 29428.13, 29433.08, 29423.63, 2630, 2620, 0.00, 0.00
2026-8-21, 03:47:27.613000, 29451.75, 29467.50, 29411.50, 29455.25, 5250, 4683, 29446.50, 29444.75, 29439.50, 2724, 2526, 0.00, 0.00
2026-8-21, 04:36:01.671000, 29454.75, 29514.25, 29453.00, 29510.75, 5250, 4472, 29483.19, 29492.67, 29483.63, 2734, 2516, 0.00, 0.00
2026-8-21, 05:06:37.438001, 29511.00, 29518.50, 29456.50, 29457.00, 5250, 4491, 29485.75, 29477.33, 29487.50, 2810, 2440, 0.00, 0.00
2026-8-21, 06:02:42.949002, 29456.75, 29525.00, 29452.75, 29501.00, 5250, 4791, 29483.88, 29492.92, 29488.88, 2466, 2784, 0.00, 0.00
2026-8-21, 06:34:12.358035, 29501.00, 29539.00, 29490.00, 29490.00, 5250, 4134, 29505.00, 29506.33, 29514.50, 2551, 2699, 0.00, 0.00
2026-8-21, 07:02:27.154002, 29490.00, 29523.50, 29477.75, 29521.25, 5250, 4730, 29503.13, 29507.50, 29500.63, 2547, 2703, 0.00, 0.00
2026-8-21, 07:37:52.001000, 29521.00, 29539.00, 29502.00, 29502.00, 5250, 4745, 29516.00, 29514.33, 29520.50, 2628, 2622, 0.00, 0.00
2026-8-21, 08:05:29.381009, 29502.00, 29503.50, 29448.50, 29450.50, 5250, 4643, 29476.13, 29467.50, 29476.00, 2832, 2418, 0.00, 0.00
2026-8-21, 08:20:43.123008, 29450.50, 29472.00, 29418.00, 29472.00, 5250, 4704, 29453.13, 29454.00, 29445.00, 2552, 2698, 0.00, 0.00
2026-8-21, 08:28:06.141000, 29472.25, 29485.25, 29466.00, 29468.75, 2856, 2461, 29473.06, 29473.33, 29475.63, 1390, 1466, 0.00, 0.00
2026-8-21, 08:30:00.000000, 29469.50, 29476.00, 29414.00, 29429.75, 5250, 4923, 29447.31, 29439.92, 29445.00, 2862, 2388, 0.00, 0.00
2026-8-21, 08:31:00.353000, 29429.25, 29433.00, 29364.75, 29372.00, 5250, 4963, 29399.75, 29389.92, 29398.88, 2820, 2430, 0.00, 0.00
2026-8-21, 08:32:26.086000, 29372.25, 29388.00, 29357.75, 29384.75, 5250, 4928, 29375.69, 29376.83, 29372.88, 2562, 2688, 29352.75, 0.00
2026-8-21, 08:34:25.689000, 29384.25, 29388.75, 29342.00, 29352.25, 5250, 4968, 29366.81, 29361.00, 29365.38, 2817, 2433, 0.00, 0.00
2026-8-21, 08:36:07.931004, 29352.25, 29357.00, 29319.00, 29334.75, 5250, 5024, 29340.75, 29336.92, 29338.00, 2760, 2490, 0.00, 0.00
2026-8-21, 08:38:12.749008, 29335.00, 29356.00, 29320.75, 29341.25, 5250, 5075, 29338.25, 29339.33, 29338.38, 2613, 2637, 0.00, 0.00
2026-8-21, 08:40:37.447000, 29341.25, 29360.25, 29318.00, 29319.75, 5250, 5072, 29334.81, 29332.67, 29339.13, 2694, 2556, 0.00, 0.00
2026-8-21, 08:43:17.187000, 29319.25, 29354.00, 29307.75, 29341.50, 5250, 4857, 29330.63, 29334.42, 29330.88, 2632, 2618, 0.00, 0.00
2026-8-21, 08:46:00.259002, 29341.75, 29359.25, 29310.00, 29323.00, 5250, 4808, 29333.50, 29330.75, 29334.63, 2739, 2511, 0.00, 0.00
2026-8-21, 08:48:26.718000, 29322.75, 29345.50, 29307.00, 29314.00, 5250, 5052, 29322.31, 29322.17, 29326.25, 2692, 2558, 0.00, 0.00
2026-8-21, 08:51:26.568000, 29314.00, 29315.50, 29277.00, 29298.75, 5250, 4794, 29301.31, 29297.08, 29296.25, 2830, 2420, 0.00, 0.00
2026-8-21, 08:53:41.130001, 29299.00, 29309.25, 29255.75, 29307.00, 5250, 4767, 29292.75, 29290.67, 29282.50, 2662, 2588, 0.00, 0.00
2026-8-21, 08:55:30.442002, 29307.00, 29320.25, 29280.00, 29289.25, 5250, 4848, 29299.13, 29296.50, 29300.13, 2600, 2650, 0.00, 0.00
2026-8-21, 08:57:49.458000, 29289.00, 29319.25, 29271.75, 29312.50, 5250, 4961, 29298.13, 29301.17, 29295.50, 2614, 2636, 0.00, 0.00
2026-8-21, 09:00:19.045001, 29312.50, 29320.25, 29274.00, 29277.75, 5250, 4907, 29296.13, 29290.67, 29297.13, 2828, 2422, 0.00, 0.00
2026-8-21, 09:02:51.896001, 29278.00, 29317.00, 29262.25, 29314.75, 5250, 4914, 29293.00, 29298.00, 29289.63, 2544, 2706, 0.00, 0.00
2026-8-21, 09:05:29.087000, 29314.25, 29335.50, 29302.00, 29305.25, 5250, 4937, 29314.25, 29314.25, 29318.75, 2572, 2678, 0.00, 0.00
2026-8-21, 09:08:12.522000, 29304.00, 29330.25, 29301.25, 29305.75, 5250, 5034, 29310.31, 29312.42, 29315.75, 2638, 2612, 0.00, 0.00
2026-8-21, 09:12:09.756000, 29305.50, 29310.50, 29251.50, 29258.75, 5250, 4782, 29281.56, 29273.58, 29281.00, 2871, 2379, 0.00, 0.00
2026-8-21, 09:14:23.203000, 29258.50, 29278.50, 29244.00, 29278.50, 5250, 4859, 29264.88, 29267.00, 29261.25, 2651, 2599, 0.00, 0.00
2026-8-21, 09:16:56.940005, 29278.50, 29283.00, 29228.00, 29228.50, 5250, 4931, 29254.50, 29246.50, 29255.50, 2817, 2433, 0.00, 0.00
2026-8-21, 09:20:06.420000, 29229.00, 29272.75, 29220.00, 29261.25, 5250, 4962, 29245.75, 29251.33, 29246.38, 2579, 2671, 29215.00, 0.00
2026-8-21, 09:23:14.300009, 29261.25, 29288.50, 29249.75, 29285.00, 5250, 4948, 29271.13, 29274.42, 29269.13, 2414, 2836, 0.00, 0.00
2026-8-21, 09:26:17.792002, 29285.00, 29311.75, 29279.50, 29289.25, 5250, 4722, 29291.38, 29293.50, 29295.63, 2451, 2799, 0.00, 0.00
2026-8-21, 09:29:24.424003, 29289.25, 29306.75, 29276.50, 29299.25, 5250, 4949, 29292.94, 29294.17, 29291.63, 2511, 2739, 0.00, 0.00
2026-8-21, 09:33:34.343000, 29298.75, 29303.75, 29264.75, 29275.50, 5250, 5019, 29285.69, 29281.33, 29284.25, 2757, 2493, 0.00, 0.00
2026-8-21, 09:37:56.728000, 29275.50, 29298.00, 29258.00, 29269.50, 5250, 4926, 29275.25, 29275.17, 29278.00, 2585, 2665, 0.00, 0.00
2026-8-21, 09:42:58.221000, 29269.00, 29319.25, 29267.50, 29313.75, 5250, 4859, 29292.38, 29300.17, 29293.38, 2451, 2799, 0.00, 0.00
2026-8-21, 09:46:36.749000, 29313.75, 29320.75, 29294.75, 29303.25, 5250, 4554, 29308.13, 29306.25, 29307.75, 2556, 2694, 0.00, 0.00
2026-8-21, 09:51:32.199012, 29303.25, 29323.25, 29288.50, 29318.25, 5250, 4784, 29308.31, 29310.00, 29305.88, 2646, 2604, 0.00, 0.00
2026-8-21, 09:56:02.325007, 29318.25, 29341.75, 29308.25, 29336.25, 5250, 4711, 29326.13, 29328.75, 29325.00, 2520, 2730, 0.00, 0.00
2026-8-21, 10:00:25.738000, 29336.50, 29358.50, 29326.75, 29358.50, 5250, 4794, 29345.06, 29347.92, 29342.63, 2455, 2795, 0.00, 0.00
2026-8-21, 10:04:37.469004, 29358.50, 29367.00, 29342.50, 29364.25, 5250, 4553, 29358.06, 29357.92, 29354.75, 2858, 2392, 0.00, 29372.00
2026-8-21, 10:08:06.442000, 29364.25, 29368.75, 29344.25, 29355.25, 5250, 4861, 29358.13, 29356.08, 29356.50, 2700, 2550, 0.00, 0.00
2026-8-21, 10:15:15.354001, 29355.50, 29367.00, 29331.50, 29350.50, 5250, 4786, 29351.13, 29349.67, 29349.25, 2772, 2478, 0.00, 0.00
2026-8-21, 10:22:19.594002, 29350.50, 29370.75, 29333.00, 29369.25, 5250, 4702, 29355.88, 29357.67, 29351.88, 2516, 2734, 0.00, 0.00
2026-8-21, 10:29:10.216001, 29369.25, 29397.50, 29362.25, 29394.50, 5250, 4872, 29380.88, 29384.75, 29379.88, 2329, 2921, 0.00, 0.00
2026-8-21, 10:34:23.225001, 29394.50, 29425.50, 29393.25, 29418.00, 5250, 4940, 29407.81, 29412.25, 29409.38, 2425, 2825, 0.00, 0.00
2026-8-21, 10:38:37.181001, 29418.00, 29466.25, 29415.75, 29465.50, 5250, 4640, 29441.38, 29449.17, 29441.00, 2685, 2565, 0.00, 0.00
2026-8-21, 10:41:24.300001, 29465.50, 29471.75, 29446.25, 29451.00, 5250, 4715, 29458.63, 29456.33, 29459.00, 2921, 2329, 0.00, 0.00
2026-8-21, 10:44:56.144001, 29451.25, 29457.75, 29425.50, 29428.00, 5250, 4650, 29440.63, 29437.08, 29441.63, 2679, 2571, 0.00, 0.00
2026-8-21, 10:49:38.981008, 29428.00, 29481.25, 29428.00, 29477.25, 5250, 4621, 29453.63, 29462.17, 29454.63, 2244, 3006, 0.00, 0.00
2026-8-21, 10:52:59.900000, 29477.25, 29488.75, 29448.25, 29449.75, 5250, 4781, 29466.00, 29462.25, 29468.50, 2957, 2293, 0.00, 29493.75
2026-8-21, 10:57:27.570000, 29450.50, 29453.25, 29426.25, 29429.25, 5250, 4722, 29439.81, 29436.25, 29439.75, 2816, 2434, 0.00, 0.00
2026-8-21, 11:03:02.091007, 29429.25, 29437.00, 29410.25, 29417.50, 5250, 4678, 29423.50, 29421.58, 29423.63, 2672, 2578, 0.00, 0.00
2026-8-21, 11:08:35.046000, 29417.00, 29417.25, 29390.00, 29393.50, 5250, 4981, 29404.44, 29400.25, 29403.63, 2545, 2705, 0.00, 0.00
2026-8-21, 11:15:02.850000, 29393.50, 29428.75, 29388.75, 29428.75, 5250, 4978, 29409.94, 29415.42, 29408.75, 2446, 2804, 0.00, 0.00
2026-8-21, 11:21:05.430000, 29429.50, 29452.75, 29399.00, 29410.00, 5250, 4902, 29422.81, 29420.58, 29425.88, 2515, 2735, 0.00, 0.00
2026-8-21, 11:24:29.450000, 29410.25, 29414.00, 29393.50, 29402.00, 5250, 4917, 29404.94, 29403.17, 29403.75, 2612, 2638, 0.00, 0.00
2026-8-21, 11:36:49.345000, 29401.75, 29425.50, 29395.25, 29395.75, 5250, 4975, 29404.56, 29405.50, 29410.38, 2551, 2699, 0.00, 0.00
2026-8-21, 11:50:05.694001, 29395.75, 29414.25, 29380.75, 29407.25, 5250, 4869, 29399.50, 29400.75, 29397.50, 2521, 2729, 0.00, 0.00
2026-8-21, 11:59:49.262002, 29407.25, 29424.00, 29403.00, 29409.00, 5250, 4882, 29410.81, 29412.00, 29413.50, 2584, 2666, 0.00, 0.00
2026-8-21, 12:10:07.774004, 29409.00, 29410.25, 29389.00, 29389.75, 5250, 4675, 29399.50, 29396.33, 29399.63, 2712, 2538, 0.00, 0.00
2026-8-21, 12:21:32.411000, 29389.50, 29406.25, 29376.25, 29395.50, 5250, 4766, 29391.88, 29392.67, 29391.25, 2545, 2705, 0.00, 0.00
2026-8-21, 12:32:09.994000, 29395.75, 29408.25, 29382.75, 29403.00, 5250, 4859, 29397.44, 29398.00, 29395.50, 2506, 2744, 0.00, 0.00
2026-8-21, 12:46:33.753000, 29402.75, 29410.50, 29378.75, 29390.75, 5250, 4892, 29395.69, 29393.33, 29394.63, 2681, 2569, 0.00, 0.00
2026-8-21, 13:00:39.617000, 29390.75, 29405.25, 29373.50, 29378.75, 5250, 4872, 29387.06, 29385.83, 29389.38, 2555, 2695, 0.00, 0.00
2026-8-21, 13:10:30.844000, 29378.75, 29392.00, 29367.25, 29383.75, 5250, 4890, 29380.44, 29381.00, 29379.63, 2687, 2563, 0.00, 0.00
2026-8-21, 13:24:56.875000, 29384.00, 29387.50, 29353.75, 29362.25, 5250, 4919, 29371.88, 29367.83, 29370.63, 2651, 2599, 0.00, 0.00
2026-8-21, 13:38:03.738000, 29362.75, 29393.75, 29357.50, 29393.25, 5250, 4910, 29376.81, 29381.50, 29375.63, 2462, 2788, 0.00, 0.00
2026-8-21, 13:54:37.034000, 29393.00, 29415.00, 29385.25, 29401.50, 5250, 4949, 29398.69, 29400.58, 29400.13, 2533, 2717, 0.00, 0.00
2026-8-21, 14:04:00.359000, 29401.75, 29406.25, 29384.25, 29385.50, 5250, 4931, 29394.44, 29392.00, 29395.25, 2716, 2534, 0.00, 0.00
2026-8-21, 14:15:21.129000, 29385.75, 29400.00, 29380.25, 29397.25, 5250, 4917, 29390.81, 29392.50, 29390.13, 2569, 2681, 0.00, 0.00
2026-8-21, 14:27:17.750000, 29397.25, 29411.50, 29393.50, 29410.75, 5250, 4898, 29403.25, 29405.25, 29402.50, 2483, 2767, 0.00, 0.00
2026-8-21, 14:38:31.243000, 29411.25, 29424.25, 29397.00, 29422.50, 5250, 4905, 29413.75, 29414.58, 29410.63, 2486, 2764, 0.00, 0.00
2026-8-21, 14:47:55.877003, 29422.50, 29432.25, 29402.25, 29402.50, 5250, 4900, 29414.88, 29412.33, 29417.25, 2657, 2593, 0.00, 0.00
2026-8-21, 14:52:50.010036, 29402.50, 29404.50, 29382.75, 29394.50, 5250, 4981, 29396.06, 29393.92, 29393.63, 2598, 2652, 0.00, 0.00
2026-8-21, 14:56:42.873000, 29395.00, 29410.25, 29390.00, 29410.00, 5250, 4362, 29401.31, 29403.42, 29400.13, 2371, 2879, 0.00, 0.00
2026-8-21, 14:59:19.329001, 29410.00, 29413.25, 29375.25, 29386.50, 5250, 4650, 29396.25, 29391.67, 29394.25, 2653, 2597, 0.00, 0.00
2026-8-21, 14:59:56.466006, 29386.75, 29398.00, 29377.50, 29384.25, 5250, 4702, 29386.63, 29386.58, 29387.75, 2644, 2606, 0.00, 0.00
2026-8-21, 15:05:45.462001, 29384.25, 29388.50, 29367.75, 29373.00, 5250, 4728, 29378.38, 29376.42, 29378.13, 2620, 2630, 0.00, 0.00
2026-8-21, 15:29:21.153001, 29373.00, 29388.00, 29370.00, 29374.00, 3364, 2706, 29376.25, 29377.33, 29379.00, 1663, 1701, 0.00, 0.00
2026-8-23, 17:00:00.000000, 29392.25, 29409.75, 29300.25, 29351.75, 5250, 4752, 29363.50, 29353.92, 29355.00, 2605, 2645, 0.00, 0.00
2026-8-23, 17:39:36.052001, 29351.75, 29448.00, 29350.25, 29443.00, 5250, 4845, 29398.25, 29413.75, 29399.13, 2388, 2862, 0.00, 0.00
2026-8-23, 18:46:35.640001, 29443.00, 29480.50, 29423.50, 29425.75, 5250, 4978, 29443.19, 29443.25, 29452.00, 2666, 2584, 0.00, 0.00
2026-8-23, 19:15:28.740000, 29425.75, 29429.00, 29335.00, 29345.50, 5250, 4913, 29383.81, 29369.83, 29382.00, 2701, 2549, 0.00, 0.00
2026-8-23, 19:31:34.772001, 29345.25, 29436.00, 29340.00, 29393.25, 5250, 4867, 29378.63, 29389.75, 29388.00, 2596, 2654, 0.00, 0.00
2026-8-23, 20:03:00.179000, 29398.50, 29449.00, 29373.50, 29373.50, 5250, 4810, 29398.63, 29398.67, 29411.25, 2738, 2512, 0.00, 0.00
2026-8-23, 20:48:41.186018, 29373.50, 29404.75, 29301.25, 29326.00, 5250, 4799, 29351.38, 29344.00, 29353.00, 2740, 2510, 0.00, 0.00
2026-8-23, 21:10:41.903000, 29325.50, 29377.25, 29319.50, 29355.50, 5250, 4738, 29344.44, 29350.75, 29348.38, 2550, 2700, 0.00, 0.00
2026-8-23, 21:57:12.607000, 29356.50, 29372.50, 29283.00, 29302.75, 5250, 4872, 29328.69, 29319.42, 29327.75, 2851, 2399, 0.00, 0.00
2026-8-23, 22:40:33.395000, 29303.75, 29305.00, 29261.25, 29286.25, 5250, 4955, 29289.06, 29284.17, 29283.13, 2619, 2631, 0.00, 0.00
2026-8-23, 23:39:25.683000, 29288.50, 29304.00, 29207.50, 29218.50, 5250, 4890, 29254.63, 29243.33, 29255.75, 2872, 2378, 0.00, 0.00
2026-8-24, 00:35:42.397001, 29218.75, 29266.50, 29181.50, 29181.50, 5250, 4833, 29212.06, 29209.83, 29224.00, 2889, 2361, 0.00, 0.00
2026-8-24, 01:01:24.170037, 29181.50, 29189.25, 29120.50, 29129.50, 5250, 4755, 29155.19, 29146.42, 29154.88, 2669, 2581, 0.00, 0.00
2026-8-24, 01:20:34.274000, 29131.25, 29195.25, 29129.25, 29194.50, 5250, 4816, 29162.56, 29173.00, 29162.25, 2576, 2674, 0.00, 0.00
2026-8-24, 02:09:27.336003, 29194.75, 29212.50, 29130.75, 29146.25, 5250, 4894, 29171.06, 29163.17, 29171.63, 2834, 2416, 0.00, 0.00
2026-8-24, 02:58:29.304000, 29146.25, 29210.50, 29116.75, 29201.50, 5250, 4873, 29168.75, 29176.25, 29163.63, 2485, 2765, 0.00, 0.00
2026-8-24, 03:32:26.677000, 29202.50, 29247.75, 29190.00, 29225.50, 5250, 4794, 29216.44, 29221.08, 29218.88, 2534, 2716, 0.00, 0.00
2026-8-24, 04:35:05.172000, 29226.00, 29249.75, 29201.25, 29203.00, 5250, 4834, 29220.00, 29218.00, 29225.50, 2696, 2554, 0.00, 0.00
2026-8-24, 05:44:19.497000, 29203.00, 29210.00, 29145.75, 29183.00, 5250, 4798, 29185.44, 29179.58, 29177.88, 2673, 2577, 0.00, 0.00
2026-8-24, 06:30:01.964000, 29185.00, 29283.00, 29185.00, 29239.00, 5250, 4763, 29223.00, 29235.67, 29234.00, 2526, 2724, 0.00, 0.00
2026-8-24, 06:46:36.588001, 29238.75, 29256.00, 29203.50, 29228.00, 5250, 4926, 29231.56, 29229.17, 29229.75, 2638, 2612, 0.00, 0.00
2026-8-24, 07:26:49.578000, 29228.00, 29240.75, 29171.50, 29225.00, 5250, 4922, 29216.31, 29212.42, 29206.13, 2749, 2501, 0.00, 0.00
2026-8-24, 07:50:50.180000, 29225.00, 29232.75, 29195.75, 29204.25, 5250, 5003, 29214.44, 29210.92, 29214.25, 2608, 2642, 0.00, 0.00
2026-8-24, 08:25:20.975000, 29204.75, 29236.75, 29201.50, 29235.00, 2790, 2457, 29219.50, 29224.42, 29219.13, 1287, 1503, 0.00, 0.00
2026-8-24, 08:30:00.001000, 29235.50, 29243.00, 29140.50, 29145.50, 5250, 3774, 29191.13, 29176.33, 29191.75, 2340, 2910, 0.00, 0.00
2026-8-24, 08:30:20.820002, 29145.50, 29162.75, 29109.00, 29129.00, 5250, 5017, 29136.56, 29133.58, 29135.88, 2641, 2609, 0.00, 0.00
2026-8-24, 08:31:27.233004, 29129.00, 29159.00, 29103.75, 29111.50, 5250, 5072, 29125.81, 29124.75, 29131.38, 2696, 2554, 0.00, 0.00
2026-8-24, 08:33:00.882000, 29111.25, 29122.00, 29083.25, 29116.00, 5250, 4844, 29108.13, 29107.08, 29102.63, 2716, 2534, 0.00, 0.00
2026-8-24, 08:34:37.597002, 29116.00, 29145.75, 29094.00, 29124.25, 5250, 4895, 29120.00, 29121.33, 29119.88, 2642, 2608, 0.00, 0.00
2026-8-24, 08:36:13.062000, 29124.75, 29143.75, 29086.00, 29086.00, 5250, 4982, 29110.13, 29105.25, 29114.88, 2704, 2546, 0.00, 0.00
2026-8-24, 08:38:26.637015, 29085.75, 29092.00, 29066.00, 29083.25, 5250, 4884, 29081.75, 29080.42, 29079.00, 2698, 2552, 0.00, 0.00
2026-8-24, 08:40:03.704001, 29083.00, 29091.25, 29051.75, 29060.00, 5250, 4859, 29071.50, 29067.67, 29071.50, 2788, 2462, 0.00, 0.00
2026-8-24, 08:42:12.265001, 29060.00, 29070.25, 29022.25, 29029.75, 5250, 4703, 29045.56, 29040.75, 29046.25, 2810, 2440, 0.00, 0.00
2026-8-24, 08:44:03.207001, 29029.75, 29032.00, 28968.00, 28972.25, 5250, 4316, 29000.50, 28990.75, 29000.00, 2659, 2591, 0.00, 0.00
2026-8-24, 08:45:07.945000, 28973.00, 28994.50, 28953.50, 28988.00, 5250, 5000, 28977.25, 28978.67, 28974.00, 2546, 2704, 0.00, 0.00
2026-8-24, 08:46:47.321007, 28988.00, 29029.75, 28984.75, 29029.25, 5250, 4911, 29007.94, 29014.58, 29007.25, 2655, 2595, 0.00, 0.00
2026-8-24, 08:48:42.244000, 29029.75, 29030.75, 28973.75, 28991.25, 5250, 4891, 29006.38, 28998.58, 29002.25, 2810, 2440, 0.00, 0.00
2026-8-24, 08:51:00.577000, 28991.25, 29005.75, 28946.75, 28960.00, 5250, 4858, 28975.94, 28970.83, 28976.25, 2783, 2467, 0.00, 0.00
2026-8-24, 08:53:22.623001, 28960.00, 29015.25, 28957.50, 29012.25, 5250, 4831, 28986.25, 28995.00, 28986.38, 2524, 2726, 0.00, 0.00
2026-8-24, 08:55:32.944000, 29012.00, 29030.00, 29002.50, 29029.00, 5250, 5001, 29018.38, 29020.50, 29016.25, 2713, 2537, 0.00, 0.00
2026-8-24, 08:58:51.372000, 29028.25, 29038.00, 28999.25, 29010.00, 5250, 4834, 29018.88, 29015.75, 29018.63, 2811, 2439, 0.00, 0.00
2026-8-24, 09:01:26.912000, 29009.50, 29036.75, 28972.25, 28982.50, 5250, 4906, 29000.25, 28997.17, 29004.50, 2887, 2363, 0.00, 0.00
2026-8-24, 09:03:36.816000, 28982.25, 28996.50, 28962.75, 28992.00, 5250, 4955, 28983.38, 28983.75, 28979.63, 2614, 2636, 0.00, 0.00
2026-8-24, 09:07:03.618000, 28992.25, 28998.75, 28960.50, 28985.75, 5250, 4810, 28984.31, 28981.67, 28979.63, 2585, 2665, 0.00, 0.00
2026-8-24, 09:11:00.524000, 28985.25, 28996.00, 28953.50, 28993.75, 5250, 4903, 28982.13, 28981.08, 28974.75, 2602, 2648, 0.00, 0.00
2026-8-24, 09:15:01.510003, 28993.75, 29008.75, 28967.50, 28975.25, 5250, 4770, 28986.31, 28983.83, 28988.13, 2598, 2652, 0.00, 0.00
2026-8-24, 09:18:31.006001, 28975.25, 29030.75, 28972.75, 29030.50, 5250, 4804, 29002.31, 29011.33, 29001.75, 2396, 2854, 0.00, 0.00
2026-8-24, 09:22:59.544000, 29030.75, 29033.25, 28979.25, 28986.75, 5250, 4854, 29007.50, 28999.75, 29006.25, 2603, 2647, 0.00, 0.00
2026-8-24, 09:27:09.846000, 28987.00, 29045.00, 28983.75, 29039.50, 5250, 4878, 29013.81, 29022.75, 29014.38, 2350, 2900, 0.00, 0.00
2026-8-24, 09:31:18.214000, 29040.00, 29074.25, 29035.50, 29074.25, 5250, 4772, 29056.00, 29061.33, 29054.88, 2404, 2846, 0.00, 0.00
2026-8-24, 09:34:41.035000, 29074.00, 29095.75, 29064.75, 29076.25, 5250, 4878, 29077.69, 29078.92, 29080.25, 2556, 2694, 0.00, 0.00
2026-8-24, 09:38:12.943000, 29076.75, 29110.75, 29071.00, 29096.00, 5250, 4854, 29088.63, 29092.58, 29090.88, 2534, 2716, 0.00, 0.00
2026-8-24, 09:42:24.038000, 29095.75, 29097.75, 29071.00, 29097.75, 5250, 4823, 29090.56, 29088.83, 29084.38, 2734, 2516, 0.00, 0.00
2026-8-24, 09:46:44.712005, 29097.75, 29110.25, 29084.00, 29093.00, 5250, 4818, 29096.25, 29095.75, 29097.13, 2558, 2692, 0.00, 0.00
2026-8-24, 09:52:45.715002, 29093.00, 29107.00, 29081.25, 29084.00, 5250, 4800, 29091.31, 29090.75, 29094.13, 2506, 2744, 0.00, 0.00
2026-8-24, 09:58:05.526001, 29084.00, 29096.75, 29062.50, 29071.25, 5250, 4906, 29078.63, 29076.83, 29079.63, 2538, 2712, 0.00, 0.00
2026-8-24, 10:03:47.315000, 29071.25, 29071.50, 29042.25, 29055.75, 5250, 4925, 29060.19, 29056.50, 29056.88, 2554, 2696, 0.00, 0.00
2026-8-24, 10:09:13.592000, 29056.00, 29079.50, 29045.75, 29054.25, 5250, 4979, 29058.88, 29059.83, 29062.63, 2381, 2869, 0.00, 0.00
2026-8-24, 10:15:21.065000, 29054.75, 29070.50, 29038.75, 29069.75, 5250, 4957, 29058.44, 29059.67, 29054.63, 2369, 2881, 0.00, 0.00
2026-8-24, 10:23:27.678000, 29070.25, 29108.50, 29064.00, 29108.50, 5250, 4869, 29087.81, 29093.67, 29086.25, 2191, 3059, 0.00, 0.00
2026-8-24, 10:29:03.913153, 29108.50, 29137.00, 29108.50, 29125.00, 5250, 4722, 29119.75, 29123.50, 29122.75, 2588, 2662, 0.00, 0.00
2026-8-24, 10:30:08.808000, 29126.00, 29136.50, 29111.50, 29136.00, 5250, 4698, 29127.50, 29128.00, 29124.00, 2345, 2905, 0.00, 0.00
2026-8-24, 10:33:55.397008, 29136.00, 29156.25, 29125.50, 29150.50, 5250, 4655, 29142.06, 29144.08, 29140.88, 2352, 2898, 0.00, 0.00
2026-8-24, 10:39:34.417001, 29150.50, 29180.25, 29150.50, 29169.25, 5250, 4481, 29162.63, 29166.67, 29165.38, 2631, 2619, 0.00, 29185.25
2026-8-24, 10:42:35.406001, 29169.00, 29200.00, 29166.00, 29199.75, 5250, 4683, 29183.69, 29188.58, 29183.00, 2505, 2745, 0.00, 0.00
2026-8-24, 10:47:27.472001, 29199.50, 29205.50, 29177.50, 29189.25, 5250, 4848, 29192.94, 29190.75, 29191.50, 2556, 2694, 0.00, 0.00
2026-8-24, 10:53:38.633004, 29189.00, 29197.50, 29151.00, 29153.50, 5250, 4703, 29172.75, 29167.33, 29174.25, 2771, 2479, 0.00, 0.00
2026-8-24, 10:59:00.059000, 29153.25, 29188.00, 29150.00, 29181.75, 5250, 4939, 29168.25, 29173.25, 29169.00, 2378, 2872, 0.00, 0.00
2026-8-24, 11:03:10.544000, 29181.75, 29189.25, 29157.00, 29166.50, 5250, 4716, 29173.63, 29170.92, 29173.13, 2591, 2659, 0.00, 0.00
2026-8-24, 11:11:31.979000, 29166.75, 29210.25, 29161.75, 29196.75, 5250, 4789, 29183.88, 29189.58, 29186.00, 2424, 2826, 0.00, 0.00
2026-8-24, 11:19:04.723000, 29197.00, 29224.75, 29194.50, 29202.75, 5250, 4861, 29204.75, 29207.33, 29209.63, 2432, 2818, 0.00, 0.00
2026-8-24, 11:27:29.842001, 29202.75, 29212.25, 29182.25, 29199.75, 5250, 4770, 29199.25, 29198.08, 29197.25, 2467, 2783, 0.00, 0.00
2026-8-24, 11:37:51.951000, 29200.25, 29203.25, 29173.00, 29182.00, 5250, 4828, 29189.63, 29186.08, 29188.13, 2459, 2791, 0.00, 0.00
2026-8-24, 11:49:22.502000, 29181.75, 29192.75, 29163.00, 29168.25, 5250, 4872, 29176.44, 29174.67, 29177.88, 2525, 2725, 0.00, 0.00
2026-8-24, 12:01:31.008001, 29168.25, 29198.25, 29154.75, 29188.75, 5250, 4938, 29177.50, 29180.58, 29176.50, 2463, 2787, 0.00, 0.00
2026-8-24, 12:09:07.410001, 29189.00, 29210.50, 29167.75, 29170.75, 5250, 4977, 29184.50, 29183.00, 29189.13, 2682, 2568, 0.00, 29215.50
2026-8-24, 12:16:13.360015, 29170.50, 29193.75, 29137.50, 29149.25, 5250, 4932, 29162.75, 29160.17, 29165.63, 2623, 2627, 0.00, 0.00
2026-8-24, 12:23:39.300003, 29149.25, 29158.00, 29132.00, 29134.00, 5250, 4823, 29143.31, 29141.33, 29145.00, 2632, 2618, 0.00, 0.00
2026-8-24, 12:31:58.381000, 29133.75, 29140.25, 29120.25, 29127.75, 5250, 4846, 29130.50, 29129.42, 29130.25, 2519, 2731, 0.00, 0.00
2026-8-24, 12:42:03.904002, 29127.50, 29143.00, 29117.75, 29120.25, 5250, 4922, 29127.13, 29127.00, 29130.38, 2425, 2825, 0.00, 0.00
2026-8-24, 12:52:29.297000, 29120.25, 29152.00, 29116.50, 29150.75, 5250, 4750, 29134.88, 29139.75, 29134.25, 2316, 2934, 0.00, 0.00
2026-8-24, 13:02:08.033003, 29150.75, 29184.50, 29143.50, 29175.25, 5250, 5009, 29163.50, 29167.75, 29164.00, 2375, 2875, 0.00, 0.00
2026-8-24, 13:11:25.082001, 29175.25, 29200.25, 29167.75, 29184.50, 5250, 4965, 29181.94, 29184.17, 29184.00, 2441, 2809, 0.00, 0.00
2026-8-24, 13:20:22.259000, 29184.50, 29221.25, 29182.75, 29215.75, 5250, 4699, 29201.06, 29206.58, 29202.00, 2734, 2516, 0.00, 0.00
2026-8-24, 13:26:51.362001, 29215.75, 29233.25, 29212.00, 29219.75, 5250, 4786, 29220.19, 29221.67, 29222.63, 2571, 2679, 0.00, 0.00
2026-8-24, 13:32:47.983008, 29219.50, 29227.25, 29180.25, 29189.25, 5250, 4839, 29204.06, 29198.92, 29203.75, 2766, 2484, 0.00, 0.00
2026-8-24, 13:41:35.506000, 29189.75, 29196.75, 29164.75, 29166.00, 5250, 4919, 29179.31, 29175.83, 29180.75, 2649, 2601, 0.00, 0.00
2026-8-24, 13:54:03.552024, 29166.00, 29174.50, 29148.75, 29160.50, 5250, 4961, 29162.44, 29161.25, 29161.63, 2518, 2732, 0.00, 0.00
2026-8-24, 14:05:29.199000, 29160.75, 29162.00, 29142.75, 29147.75, 5250, 4942, 29153.31, 29150.83, 29152.38, 2606, 2644, 0.00, 0.00
2026-8-24, 14:17:36.264000, 29147.75, 29167.00, 29146.50, 29159.50, 5250, 4901, 29155.19, 29157.67, 29156.75, 2274, 2976, 0.00, 0.00
2026-8-24, 14:29:28.734000, 29159.25, 29173.00, 29127.75, 29129.50, 5250, 4814, 29147.38, 29143.42, 29150.38, 2787, 2463, 0.00, 29178.00
2026-8-24, 14:37:01.734000, 29130.00, 29139.75, 29121.25, 29122.25, 5250, 4830, 29128.31, 29127.75, 29130.50, 2714, 2536, 0.00, 0.00
2026-8-24, 14:46:06.453001, 29122.25, 29142.00, 29104.50, 29104.50, 5250, 4870, 29118.31, 29117.00, 29123.25, 2673, 2577, 0.00, 0.00
2026-8-24, 14:52:22.309001, 29104.50, 29125.25, 29100.00, 29105.50, 5250, 4503, 29108.81, 29110.25, 29112.63, 2620, 2630, 0.00, 0.00
2026-8-24, 14:55:03.048000, 29106.00, 29125.25, 29096.25, 29118.75, 5250, 4689, 29111.56, 29113.42, 29110.75, 2363, 2887, 0.00, 0.00
2026-8-24, 14:58:36.899000, 29118.75, 29123.00, 29105.00, 29108.25, 5250, 4746, 29113.75, 29112.08, 29114.00, 2407, 2843, 0.00, 0.00
2026-8-24, 14:59:48.384002, 29108.25, 29112.25, 29095.50, 29104.75, 5250, 4253, 29105.19, 29104.17, 29103.88, 2686, 2564, 0.00, 29117.25
2026-8-24, 15:00:04.280000, 29104.00, 29124.75, 29097.25, 29110.25, 5250, 4646, 29109.06, 29110.75, 29111.00, 2404, 2846, 0.00, 0.00
2026-8-24, 15:14:45.476000, 29109.75, 29113.00, 29080.75, 29109.50, 5250, 4689, 29103.25, 29101.08, 29096.88, 2583, 2667, 0.00, 0.00
2026-8-24, 15:56:34.769001, 29109.75, 29152.75, 29108.75, 29112.00, 5250, 4804, 29120.81, 29124.50, 29130.75, 2519, 2731, 0.00, 0.00
2026-8-24, 18:27:30.369001, 29112.00, 29116.00, 29062.00, 29071.50, 5250, 4849, 29090.38, 29083.17, 29089.00, 2797, 2453, 0.00, 0.00
2026-8-24, 19:05:56.541002, 29071.50, 29084.00, 29017.00, 29074.25, 5250, 4918, 29061.69, 29058.42, 29050.50, 2622, 2628, 0.00, 0.00
2026-8-24, 19:27:07.672002, 29074.25, 29146.00, 29063.25, 29120.75, 5250, 4789, 29101.06, 29110.00, 29104.63, 2543, 2707, 0.00, 0.00
2026-8-24, 20:00:53.151000, 29120.50, 29151.25, 29095.50, 29148.00, 5250, 4701, 29128.81, 29131.58, 29123.38, 2628, 2622, 0.00, 0.00
2026-8-24, 20:37:54.393000, 29147.00, 29155.50, 29104.00, 29136.00, 5250, 4709, 29135.63, 29131.83, 29129.75, 2547, 2703, 0.00, 0.00
2026-8-24, 21:28:34.670000, 29136.00, 29168.25, 29093.50, 29161.75, 5250, 4652, 29139.88, 29141.17, 29130.88, 2479, 2771, 0.00, 0.00
2026-8-24, 22:09:05.131000, 29162.25, 29190.00, 29146.75, 29172.25, 5250, 4841, 29167.81, 29169.67, 29168.38, 2580, 2670, 0.00, 0.00
2026-8-24, 23:02:12.750002, 29172.25, 29217.25, 29170.75, 29202.00, 5250, 4637, 29190.56, 29196.67, 29194.00, 2506, 2744, 0.00, 0.00
2026-8-25, 00:10:47.551001, 29202.00, 29241.00, 29199.75, 29230.25, 5250, 4639, 29218.25, 29223.67, 29220.38, 2523, 2727, 0.00, 0.00
2026-8-25, 00:58:34.498001, 29230.25, 29288.50, 29228.50, 29249.75, 5250, 4720, 29249.25, 29255.58, 29258.50, 2477, 2773, 0.00, 0.00
2026-8-25, 01:39:54.078000, 29250.25, 29290.75, 29226.50, 29249.75, 5250, 4913, 29254.31, 29255.67, 29258.63, 2697, 2553, 0.00, 0.00
2026-8-25, 02:29:17.748000, 29250.50, 29264.50, 29212.25, 29255.75, 5250, 4803, 29245.75, 29244.17, 29238.38, 2673, 2577, 0.00, 0.00
2026-8-25, 03:22:42.687002, 29255.75, 29326.00, 29246.75, 29292.00, 5250, 4922, 29280.13, 29288.25, 29286.38, 2365, 2885, 0.00, 0.00
2026-8-25, 03:54:07.742001, 29292.00, 29366.75, 29283.50, 29360.25, 5250, 4632, 29325.63, 29336.83, 29325.13, 2532, 2718, 0.00, 0.00
2026-8-25, 04:34:48.071000, 29361.75, 29425.75, 29341.50, 29412.75, 5250, 4669, 29385.44, 29393.33, 29383.63, 2665, 2585, 0.00, 0.00
2026-8-25, 04:57:43.906001, 29412.75, 29412.75, 29350.50, 29350.50, 5250, 4759, 29381.63, 29371.25, 29381.63, 2651, 2599, 0.00, 0.00
2026-8-25, 05:44:14.716012, 29350.25, 29369.50, 29304.00, 29348.00, 5250, 4829, 29342.94, 29340.50, 29336.75, 2593, 2657, 0.00, 0.00
2026-8-25, 06:24:52.665000, 29348.25, 29390.50, 29326.00, 29373.75, 5250, 4628, 29359.63, 29363.42, 29358.25, 2664, 2586, 0.00, 0.00
2026-8-25, 07:05:55.668007, 29374.00, 29409.50, 29344.75, 29349.75, 5250, 4503, 29369.50, 29368.00, 29377.13, 2579, 2671, 0.00, 0.00
2026-8-25, 07:32:53.405003, 29349.75, 29349.75, 29312.50, 29335.25, 5250, 4715, 29336.81, 29332.50, 29331.13, 2567, 2683, 0.00, 0.00
2026-8-25, 07:57:11.214000, 29335.50, 29344.75, 29311.50, 29325.25, 5250, 4961, 29329.25, 29327.17, 29328.13, 2434, 2816, 0.00, 0.00
2026-8-25, 08:17:07.085002, 29325.25, 29342.00, 29294.50, 29296.25, 4864, 4335, 29314.50, 29310.92, 29318.25, 2452, 2412, 0.00, 0.00
2026-8-25, 08:30:00.000000, 29297.00, 29329.50, 29279.25, 29325.50, 5250, 4947, 29307.81, 29311.42, 29304.38, 2660, 2590, 0.00, 0.00
2026-8-25, 08:31:07.657002, 29325.50, 29358.25, 29296.50, 29351.75, 5250, 4958, 29333.00, 29335.50, 29327.38, 2455, 2795, 0.00, 0.00
2026-8-25, 08:32:25.819000, 29351.00, 29369.50, 29335.25, 29362.50, 5250, 4991, 29354.56, 29355.75, 29352.38, 2495, 2755, 0.00, 0.00
2026-8-25, 08:34:10.667000, 29363.00, 29376.25, 29345.00, 29349.25, 5250, 5009, 29358.38, 29356.83, 29360.63, 2672, 2578, 0.00, 0.00
2026-8-25, 08:36:05.890000, 29349.50, 29369.50, 29327.75, 29358.25, 5250, 4961, 29351.25, 29351.83, 29348.63, 2531, 2719, 0.00, 0.00
2026-8-25, 08:38:01.546000, 29358.75, 29358.75, 29301.50, 29317.75, 5250, 4986, 29334.19, 29326.00, 29330.13, 2777, 2473, 0.00, 0.00
2026-8-25, 08:40:00.907000, 29316.75, 29374.25, 29315.75, 29348.50, 5250, 4946, 29338.81, 29346.17, 29345.00, 2430, 2820, 0.00, 0.00
2026-8-25, 08:41:49.444000, 29348.25, 29363.50, 29318.00, 29345.25, 5250, 4928, 29343.75, 29342.25, 29340.75, 2598, 2652, 0.00, 0.00
2026-8-25, 08:44:12.046000, 29345.25, 29378.50, 29334.00, 29357.25, 5250, 4979, 29353.75, 29356.58, 29356.25, 2460, 2790, 0.00, 0.00
2026-8-25, 08:46:12.229009, 29357.50, 29391.75, 29351.75, 29387.00, 5250, 5023, 29372.00, 29376.83, 29371.75, 2551, 2699, 0.00, 0.00
2026-8-25, 08:48:38.241003, 29387.00, 29414.75, 29381.25, 29382.75, 5250, 4699, 29391.44, 29392.92, 29398.00, 2455, 2795, 0.00, 0.00
2026-8-25, 08:50:12.063000, 29383.25, 29388.00, 29357.75, 29366.25, 5250, 4884, 29373.81, 29370.67, 29372.88, 2852, 2398, 0.00, 0.00
2026-8-25, 08:52:30.181000, 29367.00, 29376.25, 29320.25, 29321.50, 5250, 4927, 29346.25, 29339.33, 29348.25, 2899, 2351, 0.00, 0.00
2026-8-25, 08:55:19.079000, 29321.00, 29327.75, 29295.25, 29308.25, 5250, 4977, 29313.06, 29310.42, 29311.50, 2740, 2510, 0.00, 0.00
2026-8-25, 08:57:37.297001, 29308.25, 29316.00, 29289.25, 29295.25, 5250, 4946, 29302.19, 29300.17, 29302.63, 2654, 2596, 0.00, 0.00
2026-8-25, 09:00:39.985001, 29295.25, 29302.75, 29275.00, 29281.50, 5250, 4979, 29288.63, 29286.42, 29288.88, 2887, 2363, 0.00, 0.00
2026-8-25, 09:02:40.831000, 29280.50, 29289.25, 29246.50, 29261.75, 5250, 4989, 29269.50, 29265.83, 29267.88, 2794, 2456, 0.00, 0.00
2026-8-25, 09:05:06.040001, 29261.75, 29279.75, 29248.75, 29265.50, 5250, 4871, 29263.94, 29264.67, 29264.25, 2703, 2547, 0.00, 0.00
2026-8-25, 09:08:16.012000, 29265.50, 29285.25, 29244.00, 29268.75, 5250, 4969, 29265.88, 29266.00, 29264.63, 2616, 2634, 0.00, 0.00
2026-8-25, 09:12:03.723000, 29269.00, 29275.25, 29237.00, 29256.25, 5250, 5033, 29259.38, 29256.17, 29256.13, 2766, 2484, 0.00, 0.00
2026-8-25, 09:16:06.014000, 29256.00, 29269.50, 29233.75, 29248.75, 5250, 4935, 29252.00, 29250.67, 29251.63, 2663, 2587, 0.00, 0.00
2026-8-25, 09:19:50.867000, 29248.25, 29255.25, 29223.00, 29223.00, 5250, 4704, 29237.38, 29233.75, 29239.13, 2832, 2418, 0.00, 0.00
2026-8-25, 09:23:18.102000, 29222.75, 29250.00, 29209.25, 29240.50, 5250, 4883, 29230.63, 29233.25, 29229.63, 2443, 2807, 0.00, 0.00
2026-8-25, 09:26:18.217004, 29240.75, 29252.25, 29202.50, 29210.75, 5250, 4957, 29226.56, 29221.83, 29227.38, 2832, 2418, 0.00, 0.00
2026-8-25, 09:30:08.719000, 29210.25, 29216.50, 29138.00, 29197.75, 5250, 4503, 29190.63, 29184.08, 29177.25, 2789, 2461, 0.00, 0.00
2026-8-25, 09:31:04.606000, 29197.50, 29249.50, 29196.75, 29229.00, 5250, 5030, 29218.19, 29225.08, 29223.13, 2557, 2693, 0.00, 0.00
2026-8-25, 09:33:26.341001, 29229.00, 29242.50, 29205.00, 29240.50, 5250, 4827, 29229.25, 29229.33, 29223.75, 2573, 2677, 0.00, 0.00
2026-8-25, 09:37:15.464001, 29240.50, 29268.75, 29227.75, 29232.50, 5250, 4794, 29242.38, 29243.00, 29248.25, 2557, 2693, 0.00, 0.00
2026-8-25, 09:41:13.376002, 29232.75, 29235.75, 29191.00, 29219.00, 5250, 4950, 29219.63, 29215.25, 29213.38, 2728, 2522, 0.00, 0.00
2026-8-25, 09:44:58.837000, 29219.75, 29230.50, 29206.00, 29221.25, 5250, 4949, 29219.38, 29219.25, 29218.25, 2572, 2678, 0.00, 0.00
2026-8-25, 09:50:48.001000, 29221.75, 29260.25, 29211.75, 29237.25, 5250, 4929, 29232.75, 29236.42, 29236.00, 2475, 2775, 0.00, 0.00
2026-8-25, 09:56:26.348001, 29237.25, 29243.25, 29211.75, 29224.00, 5250, 4868, 29229.06, 29226.33, 29227.50, 2772, 2478, 0.00, 0.00
2026-8-25, 10:01:36.027001, 29224.50, 29227.25, 29197.00, 29220.00, 5250, 4868, 29217.19, 29214.75, 29212.13, 2667, 2583, 0.00, 0.00
2026-8-25, 10:07:32.047003, 29220.00, 29244.00, 29206.50, 29243.50, 5250, 4912, 29228.50, 29231.33, 29225.25, 2579, 2671, 0.00, 0.00
2026-8-25, 10:16:19.348000, 29243.50, 29261.25, 29221.00, 29236.75, 5250, 4826, 29240.63, 29239.67, 29241.13, 2699, 2551, 0.00, 0.00
2026-8-25, 10:23:27.108001, 29236.75, 29282.00, 29225.75, 29280.00, 5250, 4670, 29256.13, 29262.58, 29253.88, 2510, 2740, 0.00, 0.00
2026-8-25, 10:29:50.551001, 29280.00, 29309.75, 29265.75, 29278.25, 5250, 4885, 29283.44, 29284.58, 29287.75, 2490, 2760, 0.00, 0.00
2026-8-25, 10:34:07.679011, 29278.25, 29301.75, 29264.25, 29280.75, 5250, 4945, 29281.25, 29282.25, 29283.00, 2631, 2619, 0.00, 0.00
2026-8-25, 10:38:53.349000, 29281.00, 29282.25, 29244.75, 29244.75, 5250, 4769, 29263.19, 29257.25, 29263.50, 2851, 2399, 0.00, 0.00
2026-8-25, 10:47:03.991004, 29244.75, 29261.00, 29222.75, 29261.00, 5250, 4915, 29247.38, 29248.25, 29241.88, 2565, 2685, 0.00, 0.00
2026-8-25, 10:54:29.147006, 29261.00, 29274.25, 29254.50, 29273.25, 5250, 4788, 29265.75, 29267.33, 29264.38, 2553, 2697, 0.00, 0.00
2026-8-25, 11:02:16.346001, 29273.25, 29289.50, 29263.75, 29277.75, 5250, 4996, 29276.06, 29277.00, 29276.63, 2625, 2625, 0.00, 0.00
2026-8-25, 11:11:06.160001, 29277.75, 29293.25, 29263.25, 29291.25, 5250, 4888, 29281.38, 29282.58, 29278.25, 2538, 2712, 0.00, 0.00
2026-8-25, 11:22:36.103001, 29291.25, 29299.75, 29284.75, 29291.50, 5250, 4836, 29291.81, 29292.00, 29292.25, 2502, 2748, 0.00, 0.00
2026-8-25, 11:33:54.688000, 29292.00, 29294.00, 29266.25, 29266.75, 5250, 4799, 29279.75, 29275.67, 29280.13, 2730, 2520, 0.00, 0.00
2026-8-25, 11:43:43.802010, 29266.75, 29283.25, 29255.00, 29262.75, 5250, 4786, 29266.94, 29267.00, 29269.13, 2614, 2636, 0.00, 0.00
2026-8-25, 11:52:19.654011, 29262.75, 29282.00, 29252.75, 29273.25, 5250, 4850, 29267.69, 29269.33, 29267.38, 2392, 2858, 0.00, 0.00
2026-8-25, 12:01:17.916000, 29274.50, 29279.00, 29224.00, 29228.50, 5250, 4906, 29251.50, 29243.83, 29251.50, 2903, 2347, 0.00, 0.00
2026-8-25, 12:09:06.432000, 29228.75, 29251.75, 29224.00, 29246.75, 5250, 4919, 29237.81, 29240.83, 29237.88, 2493, 2757, 0.00, 0.00
2026-8-25, 12:19:09.633000, 29247.00, 29258.50, 29214.50, 29218.50, 5250, 5024, 29234.63, 29230.50, 29236.50, 2691, 2559, 0.00, 0.00
2026-8-25, 12:28:17.960003, 29218.50, 29234.50, 29216.00, 29220.25, 5250, 4926, 29222.31, 29223.58, 29225.25, 2463, 2787, 0.00, 0.00
2026-8-25, 12:41:28.228001, 29220.25, 29231.75, 29216.75, 29229.00, 5250, 4853, 29224.44, 29225.83, 29224.25, 2490, 2760, 0.00, 0.00
2026-8-25, 12:58:58.450013, 29228.75, 29232.25, 29202.00, 29204.75, 5250, 4831, 29216.94, 29213.00, 29217.13, 2741, 2509, 0.00, 0.00
2026-8-25, 13:08:48.609001, 29204.75, 29225.25, 29202.50, 29225.25, 5250, 4920, 29214.44, 29217.67, 29213.88, 2408, 2842, 0.00, 0.00
2026-8-25, 13:22:14.290019, 29225.25, 29243.50, 29208.00, 29243.25, 5250, 4936, 29230.00, 29231.58, 29225.75, 2426, 2824, 0.00, 0.00
2026-8-25, 13:33:55.089000, 29243.25, 29259.00, 29237.00, 29257.50, 5250, 4950, 29249.19, 29251.17, 29248.00, 2505, 2745, 0.00, 0.00
2026-8-25, 13:44:44.048000, 29257.00, 29275.00, 29256.75, 29268.00, 5250, 4900, 29264.19, 29266.58, 29265.88, 2539, 2711, 0.00, 0.00
2026-8-25, 13:52:47.776000, 29268.00, 29270.75, 29248.00, 29249.75, 5250, 4787, 29259.13, 29256.17, 29259.38, 2670, 2580, 0.00, 29275.75
2026-8-25, 14:03:00.350009, 29249.25, 29252.25, 29230.25, 29235.50, 5250, 4894, 29241.81, 29239.33, 29241.25, 2683, 2567, 0.00, 0.00
2026-8-25, 14:15:22.884000, 29236.00, 29238.75, 29212.75, 29224.25, 5250, 4871, 29227.94, 29225.25, 29225.75, 2612, 2638, 0.00, 0.00
2026-8-25, 14:25:49.569000, 29224.00, 29240.00, 29211.50, 29238.25, 5250, 4922, 29228.44, 29229.92, 29225.75, 2583, 2667, 0.00, 0.00
2026-8-25, 14:37:26.702000, 29238.75, 29257.75, 29229.50, 29233.75, 5250, 4779, 29239.94, 29240.33, 29243.63, 2600, 2650, 0.00, 0.00
2026-8-25, 14:46:52.700000, 29233.50, 29267.00, 29231.75, 29267.00, 5250, 4740, 29249.81, 29255.25, 29249.38, 2253, 2997, 0.00, 0.00
2026-8-25, 14:53:28.843000, 29267.00, 29289.00, 29265.25, 29275.25, 5250, 4511, 29274.13, 29276.50, 29277.13, 2499, 2751, 0.00, 0.00
2026-8-25, 14:55:39.703002, 29275.25, 29289.50, 29267.00, 29277.50, 5250, 4531, 29277.31, 29278.00, 29278.25, 2491, 2759, 0.00, 0.00
2026-8-25, 14:59:28.998002, 29277.50, 29289.50, 29264.00, 29273.25, 5250, 4638, 29276.06, 29275.58, 29276.75, 2729, 2521, 0.00, 0.00
2026-8-25, 15:00:00.052036, 29273.25, 29284.75, 29262.00, 29271.25, 5250, 4613, 29272.81, 29272.67, 29273.38, 2818, 2432, 0.00, 0.00
2026-8-25, 15:05:16.831003, 29271.25, 29313.50, 29271.25, 29311.00, 5250, 4874, 29291.75, 29298.58, 29292.38, 2443, 2807, 0.00, 0.00
2026-8-25, 15:27:02.393000, 29310.75, 29311.00, 29268.75, 29301.50, 5250, 4783, 29298.00, 29293.75, 29289.88, 2693, 2557, 0.00, 0.00
2026-8-25, 17:09:02.599000, 29300.50, 29304.50, 29222.00, 29222.75, 5250, 4822, 29262.44, 29249.75, 29263.25, 2858, 2392, 0.00, 0.00
2026-8-25, 18:47:52.747000, 29222.25, 29227.75, 29185.00, 29210.50, 5250, 4847, 29211.38, 29207.75, 29206.38, 2725, 2525, 0.00, 0.00
2026-8-25, 19:15:13.626000, 29209.00, 29238.50, 29146.75, 29156.50, 5250, 4807, 29187.69, 29180.58, 29192.63, 2784, 2466, 0.00, 0.00
2026-8-25, 19:38:50.737000, 29156.50, 29162.75, 29106.75, 29141.25, 5250, 4725, 29141.81, 29136.92, 29134.75, 2748, 2502, 0.00, 0.00
2026-8-25, 20:04:44.505000, 29140.25, 29147.00, 29096.00, 29122.00, 5250, 4866, 29126.31, 29121.67, 29121.50, 2715, 2535, 0.00, 0.00
2026-8-25, 20:37:00.609000, 29122.50, 29162.50, 29104.75, 29158.75, 5250, 4810, 29137.13, 29142.00, 29133.63, 2392, 2858, 0.00, 0.00
2026-8-25, 21:22:43.538000, 29159.00, 29229.75, 29157.50, 29222.25, 5250, 4843, 29192.13, 29203.17, 29193.63, 2397, 2853, 0.00, 0.00
2026-8-25, 22:00:02.573000, 29222.25, 29273.75, 29205.00, 29273.75, 5250, 4887, 29243.69, 29250.83, 29239.38, 2441, 2809, 0.00, 0.00
2026-8-25, 22:52:06.290001, 29274.00, 29283.25, 29231.75, 29233.50, 5250, 4675, 29255.63, 29249.50, 29257.50, 2704, 2546, 0.00, 0.00
2026-8-25, 23:47:07.395000, 29232.75, 29262.75, 29217.25, 29239.75, 5250, 4908, 29238.13, 29239.92, 29240.00, 2596, 2654, 0.00, 0.00
2026-8-26, 00:58:51.176003, 29239.75, 29277.25, 29203.50, 29252.00, 5250, 4829, 29243.13, 29244.25, 29240.38, 2577, 2673, 0.00, 0.00
2026-8-26, 01:57:17.572000, 29251.50, 29257.75, 29185.75, 29202.00, 5250, 4741, 29224.25, 29215.17, 29221.75, 2828, 2422, 0.00, 0.00
2026-8-26, 02:42:54.642001, 29202.00, 29245.25, 29185.00, 29234.50, 5250, 4736, 29216.69, 29221.58, 29215.13, 2458, 2792, 0.00, 0.00
2026-8-26, 03:33:35.239002, 29234.50, 29251.00, 29191.25, 29201.00, 5250, 4832, 29219.44, 29214.42, 29221.13, 2711, 2539, 0.00, 0.00
2026-8-26, 05:14:31.717000, 29199.50, 29267.75, 29188.75, 29267.75, 5250, 4805, 29230.94, 29241.42, 29228.25, 2469, 2781, 0.00, 0.00
2026-8-26, 06:18:13.926002, 29267.75, 29278.75, 29186.00, 29225.00, 5250, 4689, 29239.38, 29229.92, 29232.38, 2644, 2606, 0.00, 0.00
2026-8-26, 06:51:54.891003, 29225.00, 29242.75, 29190.00, 29237.75, 5250, 4866, 29223.88, 29223.50, 29216.38, 2473, 2777, 0.00, 0.00
2026-8-26, 07:28:02.465000, 29237.25, 29263.25, 29163.00, 29170.50, 5250, 4891, 29208.50, 29198.92, 29213.13, 2674, 2576, 0.00, 0.00
2026-8-26, 07:35:10.537002, 29170.50, 29188.50, 29149.50, 29174.25, 5250, 4951, 29170.69, 29170.75, 29169.00, 2584, 2666, 0.00, 0.00
2026-8-26, 07:48:09.062003, 29174.25, 29181.50, 29133.25, 29141.75, 5250, 4972, 29157.69, 29152.17, 29157.38, 2685, 2565, 0.00, 0.00
2026-8-26, 07:58:33.362000, 29142.75, 29171.00, 29133.50, 29170.75, 5250, 4810, 29154.50, 29158.42, 29152.25, 2382, 2868, 0.00, 0.00
2026-8-26, 08:14:45.987000, 29170.50, 29175.00, 29153.50, 29173.75, 4708, 4455, 29168.19, 29167.42, 29164.25, 2384, 2324, 0.00, 0.00
2026-8-26, 08:30:00.000000, 29174.50, 29239.50, 29174.25, 29229.50, 5250, 4835, 29204.44, 29214.42, 29206.88, 2289, 2961, 0.00, 0.00
2026-8-26, 08:30:59.402011, 29229.50, 29283.00, 29216.75, 29262.50, 5250, 4960, 29247.94, 29254.08, 29249.88, 2413, 2837, 0.00, 0.00
2026-8-26, 08:32:18.003001, 29262.25, 29278.00, 29236.75, 29258.50, 5250, 5005, 29258.88, 29257.75, 29257.38, 2596, 2654, 0.00, 0.00
2026-8-26, 08:34:19.985001, 29258.75, 29277.75, 29206.75, 29213.00, 5250, 5009, 29239.06, 29232.50, 29242.25, 2716, 2534, 0.00, 0.00
2026-8-26, 08:35:48.625001, 29213.25, 29275.50, 29209.25, 29260.50, 5250, 4938, 29239.63, 29248.42, 29242.38, 2474, 2776, 0.00, 0.00
2026-8-26, 08:37:35.504000, 29259.50, 29266.50, 29223.00, 29234.75, 5250, 5035, 29245.94, 29241.42, 29244.75, 2649, 2601, 0.00, 0.00
2026-8-26, 08:40:07.051002, 29234.75, 29271.25, 29223.75, 29245.00, 5250, 5093, 29243.69, 29246.67, 29247.50, 2618, 2632, 0.00, 0.00
2026-8-26, 08:42:49.492000, 29245.00, 29313.25, 29242.00, 29309.00, 5250, 4799, 29277.31, 29288.08, 29277.63, 2168, 3082, 0.00, 0.00
2026-8-26, 08:44:17.453000, 29309.00, 29316.00, 29278.25, 29279.50, 5250, 4936, 29295.69, 29291.25, 29297.13, 2781, 2469, 0.00, 0.00
2026-8-26, 08:46:40.187000, 29280.25, 29306.50, 29270.50, 29277.75, 5250, 4928, 29283.75, 29284.92, 29288.50, 2607, 2643, 0.00, 0.00
2026-8-26, 08:49:50.207000, 29277.50, 29294.25, 29252.50, 29284.75, 5250, 4984, 29277.25, 29277.17, 29273.38, 2640, 2610, 0.00, 0.00
2026-8-26, 08:52:59.705001, 29284.75, 29321.25, 29277.25, 29312.00, 5250, 4877, 29298.81, 29303.50, 29299.25, 2383, 2867, 0.00, 0.00
2026-8-26, 08:56:16.896003, 29312.00, 29332.75, 29308.25, 29323.25, 5250, 5001, 29319.06, 29321.42, 29320.50, 2572, 2678, 0.00, 0.00
2026-8-26, 09:00:28.512000, 29322.75, 29326.00, 29296.75, 29299.25, 5250, 4962, 29311.19, 29307.33, 29311.38, 2811, 2439, 0.00, 0.00
2026-8-26, 09:05:27.231000, 29299.50, 29310.50, 29265.75, 29268.00, 5250, 4985, 29285.94, 29281.42, 29288.13, 2821, 2429, 0.00, 0.00
2026-8-26, 09:10:42.889000, 29267.50, 29273.00, 29235.50, 29245.25, 5250, 4931, 29255.31, 29251.25, 29254.25, 2830, 2420, 0.00, 0.00
2026-8-26, 09:14:58.594000, 29246.00, 29262.75, 29230.50, 29238.75, 5250, 5038, 29244.50, 29244.00, 29246.63, 2718, 2532, 0.00, 0.00
2026-8-26, 09:20:11.438000, 29238.75, 29244.25, 29200.75, 29201.75, 5250, 5031, 29221.38, 29215.58, 29222.50, 2826, 2424, 0.00, 0.00
2026-8-26, 09:24:16.356000, 29202.50, 29211.50, 29163.25, 29169.25, 5250, 4732, 29186.63, 29181.33, 29187.38, 2801, 2449, 0.00, 0.00
2026-8-26, 09:27:14.861000, 29169.50, 29197.00, 29156.75, 29192.75, 5250, 4802, 29179.00, 29182.17, 29176.88, 2448, 2802, 0.00, 0.00
2026-8-26, 09:30:38.700001, 29192.25, 29208.50, 29178.00, 29208.25, 5250, 5017, 29196.75, 29198.25, 29193.25, 2550, 2700, 0.00, 0.00
2026-8-26, 09:36:38.315001, 29208.00, 29238.50, 29206.50, 29230.50, 5250, 4893, 29220.88, 29225.17, 29222.50, 2430, 2820, 0.00, 0.00
2026-8-26, 09:41:17.845000, 29231.00, 29240.00, 29206.25, 29240.00, 5250, 4926, 29229.31, 29228.75, 29223.13, 2556, 2694, 0.00, 0.00
2026-8-26, 09:48:01.650007, 29240.00, 29268.00, 29227.75, 29249.00, 5250, 4903, 29246.19, 29248.25, 29247.88, 2436, 2814, 0.00, 0.00
2026-8-26, 09:54:01.964001, 29249.00, 29259.00, 29234.50, 29254.75, 5250, 4904, 29249.31, 29249.42, 29246.75, 2715, 2535, 0.00, 0.00
2026-8-26, 10:02:00.039001, 29254.75, 29283.00, 29251.75, 29271.25, 5250, 4854, 29265.19, 29268.67, 29267.38, 2524, 2726, 0.00, 0.00
2026-8-26, 10:09:00.714000, 29270.75, 29276.00, 29230.00, 29232.25, 5250, 4829, 29252.25, 29246.08, 29253.00, 2883, 2367, 0.00, 0.00
2026-8-26, 10:16:45.389000, 29232.25, 29261.25, 29222.50, 29244.00, 5250, 4838, 29240.00, 29242.58, 29241.88, 2571, 2679, 0.00, 0.00
2026-8-26, 10:24:45.442010, 29244.00, 29267.00, 29234.75, 29236.00, 5250, 4823, 29245.44, 29245.92, 29250.88, 2552, 2698, 0.00, 0.00
2026-8-26, 10:33:14.449000, 29235.00, 29270.25, 29220.75, 29270.25, 5250, 4793, 29249.06, 29253.75, 29245.50, 2420, 2830, 0.00, 0.00
2026-8-26, 10:41:10.674007, 29270.25, 29289.75, 29261.75, 29282.50, 5250, 4766, 29276.06, 29278.00, 29275.75, 2467, 2783, 0.00, 0.00
2026-8-26, 10:49:32.943001, 29282.25, 29291.50, 29237.25, 29246.25, 5250, 4783, 29264.31, 29258.33, 29264.38, 2882, 2368, 0.00, 29296.50
2026-8-26, 10:53:00.691000, 29246.25, 29250.00, 29209.25, 29210.25, 5250, 4864, 29228.94, 29223.17, 29229.63, 2799, 2451, 0.00, 0.00
2026-8-26, 11:00:36.688000, 29210.50, 29218.75, 29189.00, 29213.00, 5250, 4806, 29207.81, 29206.92, 29203.88, 2679, 2571, 0.00, 0.00
2026-8-26, 11:06:01.042002, 29213.00, 29224.25, 29193.00, 29195.50, 5250, 4913, 29206.44, 29204.25, 29208.63, 2660, 2590, 0.00, 0.00
2026-8-26, 11:17:27.330001, 29195.25, 29219.00, 29192.50, 29215.25, 5250, 4763, 29205.50, 29208.92, 29205.75, 2403, 2847, 0.00, 0.00
2026-8-26, 11:32:56.260000, 29215.75, 29220.00, 29171.75, 29173.25, 5250, 4836, 29195.19, 29188.33, 29195.88, 2840, 2410, 0.00, 0.00
2026-8-26, 11:43:48.013001, 29173.50, 29198.50, 29170.00, 29192.50, 5250, 4917, 29183.63, 29187.00, 29184.25, 2473, 2777, 0.00, 0.00
2026-8-26, 11:55:57.412001, 29192.25, 29232.50, 29190.75, 29222.00, 5250, 4728, 29209.38, 29215.08, 29211.63, 2140, 3110, 0.00, 0.00
2026-8-26, 12:02:15.019001, 29222.00, 29243.50, 29213.25, 29242.00, 5250, 4817, 29230.19, 29232.92, 29228.38, 2469, 2781, 0.00, 0.00
2026-8-26, 12:15:04.674000, 29242.25, 29268.50, 29241.25, 29267.50, 5250, 4831, 29254.88, 29259.08, 29254.88, 2570, 2680, 0.00, 0.00
2026-8-26, 12:23:53.923000, 29267.50, 29274.00, 29256.50, 29274.00, 5250, 4670, 29268.00, 29268.17, 29265.25, 2555, 2695, 0.00, 0.00
2026-8-26, 12:34:30.791000, 29274.00, 29291.75, 29272.75, 29282.00, 5250, 4854, 29280.13, 29282.17, 29282.25, 2491, 2759, 0.00, 0.00
2026-8-26, 12:45:39.057000, 29282.25, 29293.75, 29267.50, 29290.25, 5250, 4838, 29283.44, 29283.83, 29280.63, 2502, 2748, 0.00, 0.00
2026-8-26, 12:55:52.242001, 29290.25, 29296.00, 29271.50, 29289.75, 5250, 4892, 29286.88, 29285.75, 29283.75, 2498, 2752, 0.00, 0.00
2026-8-26, 13:10:42.445001, 29289.75, 29292.25, 29264.75, 29282.75, 5250, 4698, 29282.38, 29279.92, 29278.50, 2540, 2710, 0.00, 0.00
2026-8-26, 13:22:05.066004, 29282.75, 29303.50, 29271.25, 29297.25, 5250, 4687, 29288.69, 29290.67, 29287.38, 2437, 2813, 0.00, 0.00
2026-8-26, 13:34:55.022004, 29297.25, 29320.75, 29288.00, 29320.25, 5250, 4736, 29306.56, 29309.67, 29304.38, 2388, 2862, 0.00, 0.00
2026-8-26, 13:47:02.499001, 29320.00, 29328.75, 29310.00, 29325.25, 5250, 4792, 29321.00, 29321.33, 29319.38, 2516, 2734, 0.00, 0.00
2026-8-26, 13:57:29.222000, 29325.75, 29357.00, 29317.75, 29353.75, 5250, 4542, 29338.56, 29342.83, 29337.38, 2388, 2862, 0.00, 0.00
2026-8-26, 14:02:37.030002, 29353.75, 29368.25, 29346.50, 29349.50, 5250, 4785, 29354.50, 29354.75, 29357.38, 2629, 2621, 0.00, 29373.25
2026-8-26, 14:10:35.333002, 29349.50, 29357.25, 29330.25, 29337.25, 5250, 4901, 29343.56, 29341.58, 29343.75, 2622, 2628, 0.00, 0.00
2026-8-26, 14:20:51.893000, 29337.75, 29355.25, 29329.50, 29333.25, 5250, 4812, 29338.94, 29339.33, 29342.38, 2628, 2622, 0.00, 0.00
2026-8-26, 14:31:04.204001, 29333.25, 29345.50, 29322.00, 29326.00, 5250, 4770, 29331.69, 29331.17, 29333.75, 2495, 2755, 0.00, 0.00
2026-8-26, 14:40:22.432000, 29325.75, 29329.00, 29305.50, 29323.75, 5250, 4706, 29321.00, 29319.42, 29317.25, 2633, 2617, 0.00, 0.00
2026-8-26, 14:47:53.250000, 29323.75, 29341.50, 29299.75, 29300.50, 5250, 4869, 29316.38, 29313.92, 29320.63, 2628, 2622, 0.00, 0.00
2026-8-26, 14:53:45.773000, 29300.75, 29310.75, 29280.50, 29310.25, 5250, 4893, 29300.56, 29300.50, 29295.63, 2510, 2740, 0.00, 0.00
2026-8-26, 14:57:11.950001, 29310.00, 29310.00, 29280.25, 29282.50, 5250, 4492, 29295.69, 29290.92, 29295.13, 2602, 2648, 0.00, 0.00
2026-8-26, 14:59:42.334000, 29283.00, 29306.75, 29282.00, 29303.50, 5250, 4196, 29293.81, 29297.42, 29294.38, 2234, 3016, 0.00, 0.00
2026-8-26, 15:00:01.963000, 29302.50, 29357.50, 29283.25, 29351.50, 5250, 4542, 29323.69, 29330.75, 29320.38, 2498, 2752, 0.00, 29362.50
2026-8-26, 15:05:20.411001, 29351.50, 29383.75, 29320.50, 29342.00, 5250, 4495, 29349.44, 29348.75, 29352.13, 2587, 2663, 0.00, 29388.75
2026-8-26, 15:20:16.283000, 29342.25, 29382.00, 29291.00, 29351.50, 5250, 4485, 29341.69, 29341.50, 29336.50, 2598, 2652, 0.00, 0.00
2026-8-26, 15:24:29.791003, 29351.50, 29362.75, 29317.00, 29344.50, 5250, 4844, 29343.94, 29341.42, 29339.88, 2567, 2683, 0.00, 0.00
2026-8-26, 15:39:02.065002, 29344.25, 29536.75, 29333.75, 29525.00, 5250, 4579, 29434.94, 29465.17, 29435.25, 2387, 2863, 0.00, 0.00
2026-8-26, 17:00:01.018000, 29526.00, 29582.25, 29505.00, 29562.50, 5250, 4515, 29543.94, 29549.92, 29543.63, 2561, 2689, 0.00, 0.00
2026-8-26, 17:12:08.300004, 29562.50, 29618.00, 29553.00, 29604.75, 5250, 4688, 29584.56, 29591.92, 29585.50, 2421, 2829, 0.00, 0.00
2026-8-26, 17:40:20.544001, 29605.00, 29628.50, 29585.00, 29599.75, 5250, 4627, 29604.56, 29604.42, 29606.75, 2636, 2614, 0.00, 0.00
2026-8-26, 18:27:18.588001, 29599.75, 29654.75, 29589.50, 29612.25, 5250, 4681, 29614.06, 29618.83, 29622.13, 2543, 2707, 0.00, 0.00
2026-8-26, 19:08:46.884000, 29611.25, 29615.50, 29535.75, 29537.00, 5250, 4756, 29574.88, 29562.75, 29575.63, 3064, 2186, 0.00, 0.00
2026-8-26, 19:33:10.653001, 29537.00, 29540.25, 29448.25, 29452.75, 5250, 4810, 29494.56, 29480.42, 29494.25, 2860, 2390, 0.00, 0.00
2026-8-26, 19:47:06.968000, 29453.50, 29469.75, 29432.50, 29465.50, 5250, 4765, 29455.31, 29455.92, 29451.13, 2513, 2737, 0.00, 0.00
2026-8-26, 20:05:25.912000, 29466.50, 29521.50, 29445.50, 29520.75, 5250, 4875, 29488.56, 29495.92, 29483.50, 2406, 2844, 0.00, 0.00
2026-8-26, 20:33:00.928001, 29520.75, 29554.25, 29491.75, 29539.25, 5250, 4763, 29526.50, 29528.42, 29523.00, 2612, 2638, 0.00, 0.00
2026-8-26, 21:04:45.038000, 29539.50, 29563.00, 29516.75, 29537.50, 5250, 4761, 29539.19, 29539.08, 29539.88, 2655, 2595, 0.00, 0.00
2026-8-26, 22:08:44.681000, 29538.75, 29575.75, 29525.25, 29526.00, 5250, 4657, 29541.44, 29542.33, 29550.50, 2758, 2492, 0.00, 0.00
2026-8-26, 23:31:14.910000, 29526.25, 29530.25, 29448.00, 29466.75, 5250, 4705, 29492.81, 29481.67, 29489.13, 2737, 2513, 0.00, 0.00
2026-8-27, 00:22:34.990000, 29466.00, 29478.75, 29425.00, 29430.50, 5250, 4789, 29450.06, 29444.75, 29451.88, 2763, 2487, 0.00, 0.00
2026-8-27, 01:02:35.777000, 29429.75, 29473.00, 29401.75, 29471.75, 5250, 4768, 29444.06, 29448.83, 29437.38, 2600, 2650, 0.00, 0.00
2026-8-27, 01:40:07.849002, 29471.75, 29540.00, 29471.25, 29536.50, 5250, 4642, 29504.88, 29515.92, 29505.63, 2457, 2793, 29466.25, 0.00
2026-8-27, 02:15:27.297012, 29536.50, 29549.75, 29499.00, 29537.75, 5250, 4523, 29530.75, 29528.83, 29524.38, 2948, 2302, 0.00, 0.00
2026-8-27, 02:55:45.679000, 29538.00, 29624.00, 29535.75, 29604.75, 5250, 4732, 29575.63, 29588.17, 29579.88, 2491, 2759, 0.00, 0.00
2026-8-27, 03:21:11.480000, 29604.75, 29659.75, 29600.25, 29634.25, 5250, 4573, 29624.75, 29631.42, 29630.00, 2628, 2622, 0.00, 0.00
2026-8-27, 03:45:26.826000, 29633.25, 29662.00, 29581.25, 29606.00, 5250, 4559, 29620.63, 29616.42, 29621.63, 2633, 2617, 0.00, 0.00
2026-8-27, 04:09:40.880001, 29606.00, 29625.50, 29568.00, 29617.25, 5250, 4343, 29604.19, 29603.58, 29596.75, 2772, 2478, 0.00, 0.00
2026-8-27, 04:45:57.830000, 29618.00, 29634.50, 29570.00, 29587.75, 5250, 4521, 29602.56, 29597.42, 29602.25, 2795, 2455, 0.00, 0.00
2026-8-27, 05:40:50.628000, 29587.50, 29630.00, 29568.25, 29595.00, 5250, 4745, 29595.19, 29597.75, 29599.13, 2689, 2561, 0.00, 0.00
2026-8-27, 06:25:49.497000, 29595.75, 29596.50, 29514.75, 29537.75, 5250, 4521, 29561.19, 29549.67, 29555.63, 2818, 2432, 0.00, 0.00
2026-8-27, 06:56:26.304001, 29538.00, 29590.50, 29536.75, 29574.75, 5250, 4831, 29560.00, 29567.33, 29563.63, 2535, 2715, 0.00, 0.00
2026-8-27, 07:30:44.031001, 29575.00, 29581.25, 29515.50, 29527.25, 5250, 4728, 29549.75, 29541.33, 29548.38, 2609, 2641, 0.00, 0.00
2026-8-27, 07:53:54.716000, 29526.75, 29570.25, 29518.50, 29562.25, 5250, 4791, 29544.44, 29550.33, 29544.38, 2509, 2741, 0.00, 0.00
2026-8-27, 08:16:33.412000, 29562.25, 29562.50, 29525.00, 29533.25, 5250, 4705, 29545.75, 29540.25, 29543.75, 2739, 2511, 0.00, 0.00
2026-8-27, 08:29:34.269000, 29534.25, 29535.00, 29523.25, 29524.50, 605, 542, 29529.25, 29527.58, 29529.13, 310, 295, 0.00, 0.00
2026-8-27, 08:30:00.000000, 29524.25, 29583.75, 29502.25, 29581.25, 5250, 4945, 29547.88, 29555.75, 29543.00, 2492, 2758, 0.00, 0.00
2026-8-27, 08:30:49.123000, 29582.25, 29588.75, 29505.00, 29511.25, 5250, 4993, 29546.81, 29535.00, 29546.88, 2794, 2456, 0.00, 0.00
2026-8-27, 08:31:47.418000, 29511.00, 29512.75, 29474.00, 29483.00, 5250, 4950, 29495.19, 29489.92, 29493.38, 2708, 2542, 0.00, 0.00
2026-8-27, 08:32:42.602001, 29483.00, 29520.00, 29476.25, 29480.00, 5250, 5063, 29489.81, 29492.08, 29498.13, 2573, 2677, 0.00, 0.00
2026-8-27, 08:34:12.242000, 29480.00, 29481.00, 29443.00, 29466.00, 5250, 5003, 29467.50, 29463.33, 29462.00, 2705, 2545, 0.00, 0.00
2026-8-27, 08:35:37.271001, 29465.75, 29486.00, 29449.00, 29451.00, 5250, 4748, 29462.94, 29462.00, 29467.50, 2808, 2442, 0.00, 0.00
2026-8-27, 08:37:18.626000, 29451.00, 29478.75, 29447.25, 29463.00, 5250, 4992, 29460.00, 29463.00, 29463.00, 2584, 2666, 0.00, 0.00
2026-8-27, 08:39:45.029000, 29462.75, 29545.75, 29461.25, 29532.75, 5250, 4930, 29500.63, 29513.25, 29503.50, 2426, 2824, 0.00, 0.00
2026-8-27, 08:41:27.619003, 29532.75, 29536.25, 29486.50, 29527.00, 5250, 4977, 29520.63, 29516.58, 29511.38, 2632, 2618, 0.00, 0.00
2026-8-27, 08:43:28.041001, 29526.75, 29586.00, 29519.25, 29577.00, 5250, 4893, 29552.25, 29560.75, 29552.63, 2275, 2975, 0.00, 0.00
2026-8-27, 08:45:00.063001, 29577.00, 29605.00, 29566.50, 29591.25, 5250, 4764, 29584.94, 29587.58, 29585.75, 2554, 2696, 0.00, 0.00
2026-8-27, 08:46:18.875002, 29591.50, 29600.75, 29489.75, 29500.50, 5250, 4721, 29545.63, 29530.33, 29545.25, 2940, 2310, 0.00, 29605.75
2026-8-27, 08:47:27.552000, 29500.00, 29508.00, 29481.00, 29499.50, 5250, 4891, 29497.13, 29496.17, 29494.50, 2606, 2644, 0.00, 0.00
2026-8-27, 08:49:02.426000, 29499.75, 29523.75, 29451.75, 29522.00, 5250, 4783, 29499.31, 29499.17, 29487.75, 2651, 2599, 0.00, 0.00
2026-8-27, 08:50:30.267000, 29521.75, 29561.00, 29505.00, 29545.00, 5250, 4972, 29533.19, 29537.00, 29533.00, 2464, 2786, 0.00, 0.00
2026-8-27, 08:52:35.004003, 29544.50, 29567.25, 29519.25, 29522.25, 5250, 4909, 29538.31, 29536.25, 29543.25, 2792, 2458, 0.00, 0.00
2026-8-27, 08:55:20.227000, 29523.00, 29527.50, 29441.25, 29443.75, 5250, 4818, 29483.88, 29470.83, 29484.38, 2809, 2441, 0.00, 0.00
2026-8-27, 08:57:16.647001, 29443.75, 29464.00, 29423.75, 29454.75, 5250, 4957, 29446.56, 29447.50, 29443.88, 2641, 2609, 0.00, 0.00
2026-8-27, 08:58:54.724001, 29455.00, 29509.75, 29451.00, 29508.50, 5250, 5013, 29481.06, 29489.75, 29480.38, 2447, 2803, 0.00, 0.00
2026-8-27, 09:00:57.420000, 29508.75, 29528.00, 29494.25, 29519.00, 5250, 5061, 29512.50, 29513.75, 29511.13, 2649, 2601, 0.00, 0.00
2026-8-27, 09:03:28.519000, 29519.00, 29557.50, 29517.25, 29537.75, 5250, 4907, 29532.88, 29537.50, 29537.38, 2557, 2693, 0.00, 0.00
2026-8-27, 09:06:25.007003, 29537.50, 29552.00, 29502.00, 29523.25, 5250, 5037, 29528.69, 29525.75, 29527.00, 2642, 2608, 0.00, 0.00
2026-8-27, 09:09:26.935000, 29522.75, 29576.75, 29520.25, 29569.00, 5250, 5042, 29547.19, 29555.33, 29548.50, 2499, 2751, 0.00, 0.00
2026-8-27, 09:13:26.434000, 29569.00, 29588.50, 29554.25, 29567.50, 5250, 4966, 29569.81, 29570.08, 29571.38, 2674, 2576, 0.00, 0.00
2026-8-27, 09:17:07.467002, 29567.50, 29595.00, 29565.25, 29585.00, 5250, 4891, 29578.19, 29581.75, 29580.13, 2554, 2696, 0.00, 0.00
2026-8-27, 09:21:46.480000, 29584.50, 29601.50, 29571.00, 29579.75, 5250, 4884, 29584.19, 29584.08, 29586.25, 2774, 2476, 0.00, 0.00
2026-8-27, 09:25:29.131004, 29579.75, 29623.50, 29579.00, 29598.75, 5250, 4730, 29595.25, 29600.42, 29601.25, 2587, 2663, 0.00, 0.00
2026-8-27, 09:29:06.845000, 29599.00, 29610.25, 29563.50, 29579.00, 5250, 4489, 29587.94, 29584.25, 29586.88, 2513, 2737, 0.00, 0.00
2026-8-27, 09:32:13.539000, 29579.25, 29605.00, 29565.00, 29590.25, 5250, 4996, 29584.88, 29586.75, 29585.00, 2566, 2684, 0.00, 0.00
2026-8-27, 09:37:49.731000, 29589.50, 29590.25, 29542.25, 29563.00, 5250, 4779, 29571.25, 29565.17, 29566.25, 2773, 2477, 0.00, 0.00
2026-8-27, 09:42:16.468000, 29563.00, 29566.50, 29532.00, 29554.00, 5250, 4916, 29553.88, 29550.83, 29549.25, 2769, 2481, 0.00, 0.00
2026-8-27, 09:48:20.224000, 29553.75, 29604.75, 29550.00, 29589.00, 5250, 4551, 29574.38, 29581.25, 29577.38, 2468, 2782, 0.00, 0.00
2026-8-27, 09:51:23.269003, 29588.75, 29605.25, 29552.25, 29560.50, 5250, 4940, 29576.69, 29572.67, 29578.75, 2675, 2575, 0.00, 0.00
2026-8-27, 09:56:07.350001, 29560.25, 29612.50, 29553.75, 29611.75, 5250, 4917, 29584.56, 29592.67, 29583.13, 2445, 2805, 0.00, 0.00
2026-8-27, 10:01:51.679003, 29611.50, 29625.75, 29591.00, 29607.25, 5250, 4940, 29608.88, 29608.00, 29608.38, 2628, 2622, 0.00, 0.00
2026-8-27, 10:07:45.182000, 29607.25, 29631.00, 29607.25, 29629.00, 5250, 4859, 29618.63, 29622.42, 29619.13, 2623, 2627, 0.00, 0.00
2026-8-27, 10:15:38.326000, 29629.75, 29635.00, 29605.00, 29609.25, 5250, 4849, 29619.75, 29616.42, 29620.00, 2692, 2558, 0.00, 0.00
2026-8-27, 10:23:29.693000, 29608.00, 29614.25, 29570.25, 29570.25, 5250, 4808, 29590.69, 29584.92, 29592.25, 2821, 2429, 0.00, 0.00
2026-8-27, 10:30:21.154006, 29570.25, 29597.25, 29564.50, 29566.25, 5250, 4898, 29574.56, 29576.00, 29580.88, 2611, 2639, 0.00, 0.00
2026-8-27, 10:36:19.995003, 29566.25, 29574.00, 29547.75, 29560.00, 5250, 4984, 29562.00, 29560.58, 29560.88, 2659, 2591, 0.00, 0.00
2026-8-27, 10:42:25.559000, 29560.25, 29560.25, 29513.25, 29515.00, 5250, 4883, 29537.19, 29529.50, 29536.75, 2786, 2464, 0.00, 0.00
2026-8-27, 10:46:23.882000, 29515.50, 29560.25, 29511.50, 29559.25, 5250, 4883, 29536.63, 29543.67, 29535.88, 2429, 2821, 0.00, 0.00
2026-8-27, 10:51:36.375000, 29559.25, 29609.00, 29558.50, 29608.50, 5250, 4765, 29583.81, 29592.00, 29583.75, 2574, 2676, 0.00, 0.00
2026-8-27, 10:54:52.068000, 29608.50, 29610.50, 29592.75, 29610.25, 5250, 4937, 29605.50, 29604.50, 29601.63, 2672, 2578, 0.00, 0.00
2026-8-27, 11:01:53.882013, 29610.50, 29623.75, 29596.25, 29596.75, 5250, 4868, 29606.81, 29605.58, 29610.00, 2580, 2670, 0.00, 0.00
2026-8-27, 11:08:44.737000, 29597.25, 29605.00, 29580.75, 29586.50, 5250, 4855, 29592.38, 29590.75, 29592.88, 2695, 2555, 0.00, 0.00
2026-8-27, 11:17:49.867000, 29586.50, 29599.25, 29570.00, 29596.75, 5250, 4784, 29588.13, 29588.67, 29584.63, 2473, 2777, 0.00, 0.00
2026-8-27, 11:28:10.611000, 29596.50, 29635.75, 29595.25, 29629.25, 5250, 4940, 29614.19, 29620.08, 29615.50, 2482, 2768, 0.00, 0.00
2026-8-27, 11:38:42.473000, 29629.00, 29659.50, 29628.75, 29657.25, 5250, 4910, 29643.63, 29648.50, 29644.13, 2397, 2853, 0.00, 0.00
2026-8-27, 11:46:02.548000, 29657.00, 29658.25, 29637.00, 29648.00, 5250, 4757, 29650.06, 29647.75, 29647.63, 2763, 2487, 0.00, 0.00
2026-8-27, 11:54:52.317015, 29648.25, 29667.25, 29642.25, 29658.00, 5250, 4495, 29653.94, 29655.83, 29654.75, 2478, 2772, 0.00, 0.00
2026-8-27, 12:03:08.080000, 29657.75, 29676.00, 29648.00, 29674.00, 5250, 4891, 29663.94, 29666.00, 29662.00, 2472, 2778, 0.00, 0.00
2026-8-27, 12:10:46.503000, 29673.75, 29673.75, 29659.50, 29669.00, 5250, 4900, 29669.00, 29667.42, 29666.63, 2562, 2688, 0.00, 0.00
2026-8-27, 12:23:31.254004, 29668.75, 29678.50, 29637.75, 29641.25, 5250, 4855, 29656.56, 29652.50, 29658.13, 2737, 2513, 0.00, 0.00
2026-8-27, 12:30:35.248001, 29641.25, 29658.50, 29631.75, 29636.75, 5250, 4717, 29642.06, 29642.33, 29645.13, 2597, 2653, 0.00, 0.00
2026-8-27, 12:39:31.058013, 29636.75, 29648.00, 29612.75, 29615.00, 5250, 4848, 29628.13, 29625.25, 29630.38, 2611, 2639, 0.00, 0.00
2026-8-27, 12:49:10.490000, 29615.25, 29629.25, 29607.00, 29611.00, 5250, 4876, 29615.63, 29615.75, 29618.13, 2509, 2741, 0.00, 0.00
2026-8-27, 12:59:04.949001, 29611.00, 29622.00, 29577.00, 29579.75, 5250, 4870, 29597.44, 29592.92, 29599.50, 2689, 2561, 0.00, 0.00
2026-8-27, 13:04:29.151000, 29580.50, 29591.75, 29570.75, 29572.00, 5250, 4880, 29578.75, 29578.17, 29581.25, 2639, 2611, 0.00, 0.00
2026-8-27, 13:12:40.173004, 29572.00, 29589.75, 29561.75, 29575.50, 5250, 4751, 29574.75, 29575.67, 29575.75, 2549, 2701, 0.00, 0.00
2026-8-27, 13:19:41.607000, 29576.25, 29582.50, 29545.50, 29545.50, 5250, 4774, 29562.44, 29557.83, 29564.00, 2849, 2401, 0.00, 0.00
2026-8-27, 13:27:15.148001, 29545.50, 29558.25, 29526.50, 29557.25, 5250, 4801, 29546.88, 29547.33, 29542.38, 2481, 2769, 0.00, 0.00
2026-8-27, 13:31:53.992000, 29557.25, 29571.50, 29543.00, 29562.25, 5250, 4722, 29558.50, 29558.92, 29557.25, 2501, 2749, 0.00, 0.00
2026-8-27, 13:38:21.435000, 29562.25, 29581.25, 29562.25, 29579.00, 5250, 4721, 29571.19, 29574.17, 29571.75, 2475, 2775, 0.00, 0.00
2026-8-27, 13:48:01.873000, 29578.75, 29582.25, 29544.75, 29554.00, 5250, 4816, 29564.94, 29560.33, 29563.50, 2737, 2513, 0.00, 0.00
2026-8-27, 13:56:35.704000, 29553.50, 29598.25, 29550.00, 29597.75, 5250, 4766, 29574.88, 29582.00, 29574.13, 2329, 2921, 0.00, 0.00
2026-8-27, 14:05:12.588000, 29597.00, 29604.00, 29572.25, 29596.50, 5250, 4749, 29592.44, 29590.92, 29588.13, 2756, 2494, 0.00, 0.00
2026-8-27, 14:12:52.610000, 29596.50, 29611.25, 29592.50, 29604.00, 5250, 4841, 29601.06, 29602.58, 29601.88, 2621, 2629, 0.00, 0.00
2026-8-27, 14:21:59.599004, 29604.00, 29613.00, 29595.00, 29604.25, 5250, 4839, 29604.06, 29604.08, 29604.00, 2723, 2527, 0.00, 0.00
2026-8-27, 14:31:36.061000, 29604.25, 29631.75, 29604.25, 29627.75, 5250, 4896, 29617.00, 29621.25, 29618.00, 2527, 2723, 0.00, 0.00
2026-8-27, 14:41:01.928000, 29627.75, 29646.75, 29622.25, 29644.75, 5250, 4908, 29635.38, 29637.92, 29634.50, 2514, 2736, 0.00, 0.00
2026-8-27, 14:49:00.047000, 29644.75, 29668.75, 29629.00, 29667.00, 5250, 4799, 29652.38, 29654.92, 29648.88, 2398, 2852, 0.00, 0.00
2026-8-27, 14:53:10.217014, 29667.00, 29686.00, 29659.75, 29679.00, 5250, 4656, 29672.94, 29674.92, 29672.88, 2474, 2776, 0.00, 0.00
2026-8-27, 14:55:51.208000, 29678.75, 29703.75, 29672.50, 29699.00, 5250, 4848, 29688.50, 29691.75, 29688.13, 2235, 3015, 0.00, 0.00
2026-8-27, 14:58:53.468000, 29699.00, 29703.50, 29691.75, 29696.75, 5250, 4843, 29697.75, 29697.33, 29697.63, 2638, 2612, 0.00, 0.00
2026-8-27, 14:59:45.041000, 29696.75, 29701.75, 29686.50, 29693.00, 5250, 4603, 29694.50, 29693.75, 29694.13, 2602, 2648, 0.00, 0.00
2026-8-27, 14:59:58.461004, 29693.00, 29708.00, 29688.50, 29692.75, 5250, 4676, 29695.56, 29696.42, 29698.25, 2542, 2708, 0.00, 0.00
2026-8-27, 15:01:00.259018, 29692.50, 29695.00, 29655.50, 29667.25, 5250, 4487, 29677.56, 29672.58, 29675.25, 2765, 2485, 0.00, 0.00
2026-8-27, 15:06:15.206000, 29667.25, 29678.00, 29634.25, 29637.50, 5250, 4601, 29654.25, 29649.92, 29656.13, 2563, 2687, 0.00, 0.00
2026-8-27, 15:38:50.880000, 29637.50, 29644.75, 29600.00, 29633.50, 5250, 4705, 29628.94, 29626.08, 29622.38, 2634, 2616, 0.00, 0.00
2026-8-27, 17:23:09.714000, 29633.50, 29640.75, 29592.00, 29598.75, 5250, 4825, 29616.25, 29610.50, 29616.38, 2770, 2480, 0.00, 0.00
2026-8-27, 18:59:51.217001, 29598.75, 29656.00, 29594.25, 29647.50, 5250, 4841, 29624.13, 29632.58, 29625.13, 2451, 2799, 0.00, 0.00
2026-8-27, 19:20:35.543000, 29646.25, 29672.75, 29633.50, 29669.75, 5250, 4814, 29655.56, 29658.67, 29653.13, 2586, 2664, 0.00, 0.00
2026-8-27, 20:19:01.486000, 29669.25, 29696.25, 29641.75, 29696.25, 5250, 4878, 29675.88, 29678.08, 29669.00, 2509, 2741, 0.00, 0.00
2026-8-27, 21:07:36.580000, 29696.25, 29703.00, 29644.75, 29693.50, 5250, 4882, 29684.38, 29680.42, 29673.88, 2739, 2511, 0.00, 0.00
2026-8-27, 22:12:34.400000, 29693.75, 29707.00, 29640.25, 29647.25, 5250, 4825, 29672.06, 29664.83, 29673.63, 2730, 2520, 0.00, 0.00
2026-8-27, 23:07:07.180001, 29647.50, 29669.75, 29611.00, 29611.75, 5250, 4897, 29635.00, 29630.83, 29640.38, 2840, 2410, 0.00, 0.00
2026-8-28, 00:36:54.308000, 29612.00, 29623.75, 29594.50, 29617.75, 5250, 4792, 29612.00, 29612.00, 29609.13, 2763, 2487, 0.00, 0.00
2026-8-28, 01:35:48.260000, 29619.75, 29653.50, 29597.00, 29616.50, 5250, 4903, 29621.69, 29622.33, 29625.25, 2713, 2537, 0.00, 0.00
2026-8-28, 02:24:42.109007, 29616.50, 29625.75, 29578.25, 29599.25, 5250, 4696, 29604.94, 29601.08, 29602.00, 2797, 2453, 0.00, 0.00
2026-8-28, 03:12:29.092000, 29599.75, 29633.50, 29581.75, 29600.50, 5250, 4785, 29603.88, 29605.25, 29607.63, 2727, 2523, 0.00, 0.00
2026-8-28, 04:20:12.932000, 29600.00, 29625.00, 29593.25, 29622.75, 5250, 4837, 29610.25, 29613.67, 29609.13, 2652, 2598, 0.00, 0.00
2026-8-28, 05:59:37.617001, 29622.75, 29640.00, 29597.50, 29613.25, 5250, 4949, 29618.38, 29616.92, 29618.75, 2625, 2625, 29592.50, 0.00
2026-8-28, 07:04:54.038002, 29613.25, 29663.00, 29611.75, 29619.50, 5250, 4770, 29626.88, 29631.42, 29637.38, 2530, 2720, 0.00, 0.00
2026-8-28, 07:36:35.423000, 29619.75, 29681.75, 29619.75, 29675.50, 5250, 4886, 29649.19, 29659.00, 29650.75, 2421, 2829, 0.00, 0.00
2026-8-28, 08:03:05.148002, 29675.50, 29677.25, 29622.00, 29629.75, 5250, 4960, 29651.13, 29643.00, 29649.63, 2754, 2496, 0.00, 0.00
2026-8-28, 08:27:10.466002, 29629.75, 29646.25, 29622.50, 29628.00, 1757, 1665, 29631.63, 29632.25, 29634.38, 826, 931, 0.00, 0.00
2026-8-28, 08:30:00.000000, 29628.50, 29637.00, 29596.75, 29607.00, 5250, 4983, 29617.31, 29613.58, 29616.88, 2719, 2531, 0.00, 29642.00
2026-8-28, 08:31:02.331000, 29607.50, 29612.50, 29567.00, 29587.50, 5250, 4885, 29593.63, 29589.00, 29589.75, 2659, 2591, 0.00, 0.00
2026-8-28, 08:32:19.414000, 29586.75, 29596.00, 29562.75, 29592.50, 5250, 4937, 29584.50, 29583.75, 29579.38, 2755, 2495, 0.00, 0.00
2026-8-28, 08:34:17.091002, 29592.50, 29613.75, 29585.75, 29598.75, 5250, 5033, 29597.69, 29599.42, 29599.75, 2630, 2620, 0.00, 0.00
2026-8-28, 08:36:14.481000, 29598.25, 29648.50, 29592.00, 29632.00, 5250, 5013, 29617.69, 29624.17, 29620.25, 2651, 2599, 0.00, 0.00
2026-8-28, 08:38:16.616000, 29632.00, 29685.00, 29626.00, 29683.75, 5250, 4982, 29656.69, 29664.92, 29655.50, 2344, 2906, 0.00, 0.00
2026-8-28, 08:40:40.013001, 29684.00, 29701.75, 29677.50, 29684.00, 5250, 4995, 29686.81, 29687.75, 29689.63, 2679, 2571, 0.00, 0.00
2026-8-28, 08:43:35.882002, 29684.00, 29696.25, 29660.00, 29669.50, 5250, 4980, 29677.44, 29675.25, 29678.13, 2710, 2540, 0.00, 0.00
2026-8-28, 08:46:40.713002, 29669.50, 29703.25, 29656.75, 29664.50, 5250, 4983, 29673.50, 29674.83, 29680.00, 2742, 2508, 0.00, 0.00
2026-8-28, 08:49:45.412001, 29663.75, 29669.50, 29628.75, 29643.25, 5250, 4967, 29651.31, 29647.17, 29649.13, 2725, 2525, 0.00, 0.00
2026-8-28, 08:52:18.384000, 29643.50, 29652.50, 29625.00, 29650.00, 5250, 4960, 29642.75, 29642.50, 29638.75, 2709, 2541, 0.00, 0.00
2026-8-28, 08:56:55.922003, 29650.00, 29682.75, 29605.00, 29674.75, 5250, 4928, 29653.13, 29654.17, 29643.88, 2753, 2497, 0.00, 0.00
2026-8-28, 09:00:19.988000, 29674.50, 29706.00, 29641.50, 29646.75, 5250, 4936, 29667.19, 29664.75, 29673.75, 2674, 2576, 0.00, 0.00
2026-8-28, 09:02:15.787001, 29647.00, 29657.75, 29597.75, 29608.00, 5250, 5059, 29627.63, 29621.17, 29627.75, 2714, 2536, 0.00, 0.00
2026-8-28, 09:04:12.477011, 29608.00, 29633.25, 29582.00, 29585.50, 5250, 5003, 29602.19, 29600.25, 29607.63, 2702, 2548, 0.00, 0.00
2026-8-28, 09:06:19.026000, 29585.25, 29592.50, 29566.00, 29571.00, 5250, 4849, 29578.69, 29576.50, 29579.25, 2725, 2525, 0.00, 0.00
2026-8-28, 09:08:01.972001, 29571.00, 29617.25, 29559.00, 29589.00, 5250, 4982, 29584.06, 29588.42, 29588.13, 2617, 2633, 0.00, 0.00
2026-8-28, 09:09:57.221001, 29589.00, 29602.00, 29542.75, 29561.00, 5250, 4964, 29573.69, 29568.58, 29572.38, 2783, 2467, 0.00, 0.00
2026-8-28, 09:12:00.663000, 29560.25, 29561.00, 29505.00, 29513.25, 5250, 4950, 29534.88, 29526.42, 29533.00, 2778, 2472, 0.00, 0.00
2026-8-28, 09:13:52.668004, 29513.25, 29557.50, 29512.25, 29552.50, 5250, 4973, 29533.88, 29540.75, 29534.88, 2452, 2798, 0.00, 0.00
2026-8-28, 09:15:57.939009, 29552.50, 29610.00, 29538.75, 29608.25, 5250, 5020, 29577.38, 29585.67, 29574.38, 2377, 2873, 0.00, 0.00
2026-8-28, 09:18:18.691000, 29608.25, 29636.75, 29592.25, 29622.00, 5250, 4842, 29614.81, 29617.00, 29614.50, 2443, 2807, 0.00, 0.00
2026-8-28, 09:20:40.234002, 29622.00, 29675.75, 29617.00, 29659.75, 5250, 5039, 29643.63, 29650.83, 29646.38, 2421, 2829, 0.00, 0.00
2026-8-28, 09:23:15.834000, 29660.50, 29663.50, 29614.75, 29639.25, 5250, 4948, 29644.50, 29639.17, 29639.13, 2650, 2600, 0.00, 0.00
2026-8-28, 09:25:29.486000, 29640.00, 29654.00, 29604.00, 29612.00, 5250, 5032, 29627.50, 29623.33, 29629.00, 2676, 2574, 0.00, 0.00
2026-8-28, 09:27:59.397002, 29612.00, 29656.25, 29611.25, 29651.50, 5250, 4950, 29632.75, 29639.67, 29633.75, 2447, 2803, 0.00, 0.00
2026-8-28, 09:30:42.529001, 29651.50, 29668.25, 29632.00, 29665.00, 5250, 4971, 29654.19, 29655.08, 29650.13, 2623, 2627, 0.00, 0.00
2026-8-28, 09:33:45.986002, 29665.00, 29695.25, 29661.75, 29683.75, 5250, 4971, 29676.44, 29680.25, 29678.50, 2527, 2723, 0.00, 0.00
2026-8-28, 09:36:36.279000, 29683.75, 29713.00, 29673.25, 29692.25, 5250, 4916, 29690.56, 29692.83, 29693.13, 2600, 2650, 0.00, 0.00
2026-8-28, 09:39:37.425000, 29692.00, 29715.25, 29674.50, 29713.00, 5250, 4830, 29698.69, 29700.92, 29694.88, 2541, 2709, 0.00, 0.00
2026-8-28, 09:42:56.696000, 29712.50, 29744.00, 29705.00, 29739.75, 5250, 4880, 29725.31, 29729.58, 29724.50, 2492, 2758, 0.00, 0.00
2026-8-28, 09:45:28.468001, 29740.00, 29755.00, 29725.25, 29751.50, 5250, 4744, 29742.94, 29743.92, 29740.13, 2567, 2683, 0.00, 0.00
2026-8-28, 09:48:52.909000, 29751.75, 29769.75, 29741.50, 29759.75, 5250, 4938, 29755.69, 29757.00, 29755.63, 2523, 2727, 0.00, 0.00
2026-8-28, 09:52:41.167002, 29759.75, 29789.50, 29756.50, 29788.25, 5250, 4668, 29773.50, 29778.08, 29773.00, 2739, 2511, 0.00, 0.00
2026-8-28, 09:55:58.108007, 29788.25, 29799.00, 29784.50, 29794.50, 5250, 4522, 29791.56, 29792.67, 29791.75, 2575, 2675, 0.00, 0.00
2026-8-28, 09:59:29.457000, 29794.25, 29811.50, 29778.50, 29780.50, 5250, 4686, 29791.19, 29790.17, 29795.00, 2516, 2734, 0.00, 0.00
2026-8-28, 10:02:18.144000, 29780.25, 29806.25, 29779.50, 29801.25, 5250, 4821, 29791.81, 29795.67, 29792.88, 2650, 2600, 0.00, 0.00
2026-8-28, 10:06:04.158000, 29800.25, 29803.75, 29755.25, 29762.75, 5250, 4701, 29780.50, 29773.92, 29779.50, 2766, 2484, 0.00, 0.00
2026-8-28, 10:10:20.985001, 29763.00, 29772.00, 29735.25, 29761.75, 5250, 4961, 29758.00, 29756.33, 29753.63, 2604, 2646, 0.00, 0.00
2026-8-28, 10:14:38.067000, 29761.50, 29775.00, 29743.75, 29752.50, 5250, 4988, 29758.19, 29757.08, 29759.38, 2614, 2636, 0.00, 0.00
2026-8-28, 10:20:02.175000, 29751.00, 29783.25, 29738.00, 29782.25, 5250, 4979, 29763.63, 29767.83, 29760.63, 2482, 2768, 0.00, 0.00
2026-8-28, 10:25:52.295000, 29782.75, 29791.25, 29768.25, 29774.25, 5250, 4960, 29779.13, 29777.92, 29779.75, 2644, 2606, 0.00, 0.00
2026-8-28, 10:32:41.284001, 29774.25, 29785.50, 29730.75, 29733.50, 5250, 4814, 29756.00, 29749.92, 29758.13, 2833, 2417, 0.00, 0.00
2026-8-28, 10:39:01.548000, 29733.50, 29734.25, 29663.00, 29680.00, 5250, 4867, 29702.69, 29692.42, 29698.63, 2860, 2390, 0.00, 0.00
2026-8-28, 10:41:06.766000, 29679.25, 29699.50, 29671.50, 29677.50, 5250, 5012, 29681.94, 29682.83, 29685.50, 2370, 2880, 0.00, 0.00
2026-8-28, 10:44:19.636000, 29678.50, 29682.75, 29650.00, 29654.00, 5250, 4942, 29666.31, 29662.25, 29666.38, 2655, 2595, 0.00, 0.00
2026-8-28, 10:48:00.789001, 29654.00, 29654.25, 29619.75, 29623.50, 5250, 4932, 29637.88, 29632.50, 29637.00, 2671, 2579, 0.00, 0.00
2026-8-28, 10:50:53.886012, 29623.25, 29631.00, 29585.50, 29604.75, 5250, 4924, 29611.13, 29607.08, 29608.25, 2591, 2659, 0.00, 0.00
2026-8-28, 10:53:20.008000, 29604.75, 29620.25, 29583.00, 29585.75, 5250, 4820, 29598.44, 29596.33, 29601.63, 2603, 2647, 0.00, 0.00
2026-8-28, 10:56:08.276000, 29585.25, 29587.75, 29547.50, 29556.00, 5250, 4768, 29569.13, 29563.75, 29567.63, 2654, 2596, 0.00, 0.00
2026-8-28, 10:58:20.962000, 29556.75, 29571.75, 29539.75, 29541.25, 5250, 4936, 29552.38, 29550.92, 29555.75, 2584, 2666, 0.00, 0.00
2026-8-28, 11:01:00.381007, 29541.25, 29545.75, 29509.75, 29544.00, 5250, 4994, 29535.19, 29533.17, 29527.75, 2605, 2645, 0.00, 0.00
2026-8-28, 11:03:05.889000, 29544.50, 29559.00, 29525.00, 29555.75, 5250, 5000, 29546.06, 29546.58, 29542.00, 2521, 2729, 0.00, 0.00
2026-8-28, 11:06:17.420001, 29555.50, 29593.00, 29533.75, 29587.50, 5250, 4930, 29567.44, 29571.42, 29563.38, 2334, 2916, 0.00, 0.00
2026-8-28, 11:09:58.072009, 29587.50, 29591.50, 29554.00, 29564.75, 5250, 5034, 29574.44, 29570.08, 29572.75, 2794, 2456, 0.00, 29596.50
2026-8-28, 11:14:10.407010, 29564.50, 29572.00, 29515.00, 29515.25, 5250, 4910, 29541.69, 29534.08, 29543.50, 2709, 2541, 0.00, 0.00
2026-8-28, 11:18:21.000001, 29515.25, 29523.75, 29492.75, 29494.25, 5250, 4795, 29506.50, 29503.58, 29508.25, 2778, 2472, 0.00, 0.00
2026-8-28, 11:20:49.568000, 29494.00, 29506.50, 29478.00, 29480.25, 5250, 4818, 29489.69, 29488.25, 29492.25, 2640, 2610, 0.00, 0.00
2026-8-28, 11:24:05.976001, 29480.25, 29504.50, 29464.50, 29490.00, 5250, 4934, 29484.81, 29486.33, 29484.50, 2503, 2747, 0.00, 0.00
2026-8-28, 11:27:37.581002, 29490.00, 29513.25, 29482.75, 29504.00, 5250, 4821, 29497.50, 29500.00, 29498.00, 2596, 2654, 0.00, 0.00
2026-8-28, 11:31:53.388000, 29504.75, 29526.00, 29475.75, 29512.00, 5250, 4872, 29504.63, 29504.58, 29500.88, 2597, 2653, 0.00, 0.00
2026-8-28, 11:36:36.755003, 29512.00, 29529.25, 29478.00, 29485.50, 5250, 4957, 29501.19, 29497.58, 29503.63, 2700, 2550, 0.00, 0.00
2026-8-28, 11:41:55.325000, 29484.50, 29537.00, 29475.00, 29526.00, 5250, 4775, 29505.63, 29512.67, 29506.00, 2348, 2902, 0.00, 0.00
2026-8-28, 11:47:14.137001, 29526.00, 29546.25, 29518.25, 29546.25, 5250, 4673, 29534.19, 29536.92, 29532.25, 2392, 2858, 0.00, 0.00
2026-8-28, 11:52:57.886000, 29545.75, 29549.00, 29497.75, 29499.50, 5250, 4918, 29523.00, 29515.42, 29523.38, 2684, 2566, 0.00, 29554.00
2026-8-28, 12:00:06.197000, 29499.75, 29500.25, 29446.00, 29453.25, 5250, 4651, 29474.81, 29466.50, 29473.13, 2624, 2626, 0.00, 0.00
2026-8-28, 12:02:20.038000, 29453.75, 29494.25, 29436.25, 29443.00, 5250, 4845, 29456.81, 29457.83, 29465.25, 2638, 2612, 0.00, 0.00
2026-8-28, 12:07:02.500000, 29443.25, 29478.25, 29438.00, 29476.00, 5250, 4908, 29458.88, 29464.08, 29458.13, 2489, 2761, 0.00, 0.00
2026-8-28, 12:12:51.995002, 29476.00, 29489.75, 29464.25, 29487.00, 5250, 4947, 29479.25, 29480.33, 29477.00, 2516, 2734, 0.00, 0.00
2026-8-28, 12:20:47.396000, 29486.25, 29495.25, 29452.25, 29491.00, 5250, 4915, 29481.19, 29479.50, 29473.75, 2486, 2764, 0.00, 0.00
2026-8-28, 12:29:02.197001, 29491.00, 29504.50, 29464.75, 29484.25, 5250, 4749, 29486.13, 29484.50, 29484.63, 2490, 2760, 0.00, 0.00
2026-8-28, 12:37:16.633000, 29485.00, 29506.75, 29461.25, 29506.25, 5250, 4954, 29489.81, 29491.42, 29484.00, 2509, 2741, 0.00, 0.00
2026-8-28, 12:46:21.370005, 29506.25, 29529.25, 29502.25, 29505.50, 5250, 4777, 29510.81, 29512.33, 29515.75, 2493, 2757, 0.00, 0.00
2026-8-28, 12:55:24.807001, 29505.50, 29521.50, 29494.25, 29513.00, 5250, 4952, 29508.56, 29509.58, 29507.88, 2719, 2531, 0.00, 29526.50
2026-8-28, 13:04:14.033000, 29512.75, 29518.75, 29492.25, 29494.50, 5250, 4902, 29504.56, 29501.83, 29505.50, 2767, 2483, 0.00, 0.00
2026-8-28, 13:14:50.667000, 29493.50, 29505.00, 29471.25, 29482.25, 5250, 4986, 29488.00, 29486.17, 29488.13, 2693, 2557, 0.00, 0.00
2026-8-28, 13:25:05.654000, 29482.25, 29505.75, 29473.00, 29505.75, 5250, 4978, 29491.69, 29494.83, 29489.38, 2442, 2808, 0.00, 0.00
2026-8-28, 13:35:48.039001, 29505.75, 29507.00, 29474.25, 29480.25, 5250, 4713, 29491.81, 29487.17, 29490.63, 2647, 2603, 0.00, 0.00
2026-8-28, 13:48:18.166000, 29480.50, 29482.00, 29441.00, 29448.75, 5250, 4914, 29463.06, 29457.25, 29461.50, 2744, 2506, 0.00, 0.00
2026-8-28, 13:55:30.849001, 29449.00, 29470.75, 29443.50, 29461.00, 5250, 4875, 29456.06, 29458.42, 29457.13, 2556, 2694, 0.00, 0.00
2026-8-28, 14:04:54.190000, 29461.00, 29492.25, 29454.50, 29477.75, 5250, 4692, 29471.38, 29474.83, 29473.38, 2530, 2720, 0.00, 0.00
2026-8-28, 14:10:55.506000, 29478.00, 29496.75, 29464.50, 29486.25, 5250, 4915, 29481.38, 29482.50, 29480.63, 2577, 2673, 0.00, 0.00
2026-8-28, 14:21:52.282000, 29486.25, 29503.75, 29476.50, 29501.25, 5250, 5027, 29491.94, 29493.83, 29490.13, 2518, 2732, 0.00, 0.00
2026-8-28, 14:31:46.560001, 29501.25, 29513.75, 29482.25, 29503.00, 5250, 4805, 29500.06, 29499.67, 29498.00, 2431, 2819, 0.00, 0.00
2026-8-28, 14:41:35.217005, 29502.75, 29511.25, 29474.25, 29477.50, 5250, 4620, 29491.44, 29487.67, 29492.75, 2663, 2587, 0.00, 0.00
2026-8-28, 14:47:59.058000, 29477.50, 29521.50, 29473.50, 29493.75, 5250, 4673, 29491.56, 29496.25, 29497.50, 2417, 2833, 0.00, 0.00
2026-8-28, 14:51:49.560000, 29494.25, 29504.00, 29482.50, 29496.00, 5250, 4766, 29494.19, 29494.17, 29493.25, 2466, 2784, 0.00, 0.00
2026-8-28, 14:55:04.663003, 29496.00, 29513.75, 29490.00, 29495.25, 5250, 4560, 29498.75, 29499.67, 29501.88, 2401, 2849, 0.00, 0.00
2026-8-28, 14:58:52.506000, 29494.75, 29504.25, 29483.50, 29490.25, 5250, 4736, 29493.19, 29492.67, 29493.88, 2590, 2660, 0.00, 0.00
2026-8-28, 14:59:46.984000, 29490.50, 29503.00, 29482.50, 29495.50, 5250, 4667, 29492.88, 29493.67, 29492.75, 2411, 2839, 0.00, 0.00
2026-8-28, 15:00:14.975000, 29495.50, 29507.75, 29478.25, 29487.50, 5250, 4597, 29492.25, 29491.17, 29493.00, 2624, 2626, 0.00, 29512.75
2026-8-28, 15:18:08.719006, 29487.50, 29519.25, 29485.00, 29509.50, 5180, 4494, 29500.31, 29504.58, 29502.13, 2591, 2589, 0.00, 0.00
2026-8-30, 17:00:00.000000, 29540.00, 29546.25, 29446.75, 29483.00, 5250, 4571, 29504.00, 29492.00, 29496.50, 2796, 2454, 0.00, 0.00
2026-8-30, 17:24:56.341001, 29482.25, 29483.50, 29421.00, 29421.00, 5250, 4954, 29451.94, 29441.83, 29452.25, 2827, 2423, 0.00, 0.00
2026-8-30, 18:12:41.882025, 29421.00, 29425.25, 29348.00, 29364.50, 5250, 4627, 29389.69, 29379.25, 29386.63, 2720, 2530, 0.00, 0.00
2026-8-30, 18:35:46.230001, 29364.25, 29375.50, 29291.50, 29300.00, 5250, 4759, 29332.81, 29322.33, 29333.50, 2875, 2375, 0.00, 0.00
2026-8-30, 18:57:37.237001, 29300.00, 29353.00, 29273.50, 29353.00, 5250, 4819, 29319.88, 29326.50, 29313.25, 2394, 2856, 0.00, 0.00
2026-8-30, 19:16:20.681000, 29353.00, 29398.50, 29341.50, 29372.50, 5250, 4827, 29366.38, 29370.83, 29370.00, 2614, 2636, 0.00, 0.00
2026-8-30, 19:47:06.617000, 29372.50, 29393.00, 29296.50, 29300.00, 5250, 4867, 29340.50, 29329.83, 29344.75, 2670, 2580, 0.00, 0.00
2026-8-30, 20:11:06.848001, 29300.00, 29340.25, 29292.50, 29324.75, 5250, 4783, 29314.38, 29319.17, 29316.38, 2578, 2672, 0.00, 0.00
2026-8-30, 20:41:58.245001, 29324.75, 29362.75, 29302.25, 29330.00, 5250, 4729, 29329.94, 29331.67, 29332.50, 2611, 2639, 0.00, 0.00
2026-8-30, 21:18:57.331004, 29330.00, 29341.50, 29287.00, 29302.50, 5250, 4700, 29315.25, 29310.33, 29314.25, 2685, 2565, 0.00, 0.00
2026-8-30, 21:50:02.956000, 29302.50, 29367.25, 29291.00, 29350.25, 5250, 4743, 29327.75, 29336.17, 29329.13, 2506, 2744, 0.00, 0.00
2026-8-30, 23:02:02.794000, 29348.50, 29437.75, 29333.75, 29425.75, 5250, 4830, 29386.44, 29399.08, 29385.75, 2512, 2738, 0.00, 0.00
2026-8-31, 00:06:03.748000, 29425.75, 29477.25, 29417.75, 29434.50, 5250, 4827, 29438.81, 29443.17, 29447.50, 2597, 2653, 0.00, 0.00
2026-8-31, 00:50:23.133002, 29434.50, 29518.50, 29432.00, 29508.75, 5250, 4768, 29473.44, 29486.42, 29475.25, 2254, 2996, 0.00, 0.00
2026-8-31, 01:29:55.997000, 29508.50, 29528.50, 29495.75, 29507.25, 5250, 4738, 29510.00, 29510.50, 29512.13, 2597, 2653, 0.00, 0.00
2026-8-31, 02:47:46.738000, 29507.00, 29535.00, 29485.00, 29497.25, 5250, 4918, 29506.06, 29505.75, 29510.00, 2702, 2548, 0.00, 0.00
2026-8-31, 03:37:39.986000, 29497.00, 29509.25, 29447.25, 29453.00, 5250, 4764, 29476.63, 29469.83, 29478.25, 2844, 2406, 0.00, 0.00
2026-8-31, 04:52:03.685000, 29451.50, 29471.50, 29436.75, 29439.50, 5250, 4887, 29449.81, 29449.25, 29454.13, 2755, 2495, 0.00, 0.00
2026-8-31, 06:05:56.294002, 29439.50, 29471.00, 29425.25, 29439.25, 5250, 4967, 29443.75, 29445.17, 29448.13, 2627, 2623, 0.00, 0.00
2026-8-31, 07:02:50.964000, 29437.75, 29486.00, 29397.00, 29417.00, 5250, 4906, 29434.44, 29433.33, 29441.50, 2742, 2508, 0.00, 0.00
2026-8-31, 07:26:23.820000, 29418.00, 29442.25, 29389.75, 29399.50, 5250, 4859, 29412.38, 29410.50, 29416.00, 2659, 2591, 0.00, 0.00
2026-8-31, 07:50:54.622003, 29399.50, 29410.25, 29377.50, 29408.50, 5250, 4852, 29398.94, 29398.75, 29393.88, 2656, 2594, 0.00, 0.00
2026-8-31, 08:14:28.756000, 29408.50, 29445.25, 29407.50, 29438.50, 5142, 4731, 29424.94, 29430.42, 29426.38, 2429, 2713, 0.00, 0.00
2026-8-31, 08:30:00.002000, 29437.75, 29487.50, 29417.50, 29487.50, 5250, 5002, 29457.56, 29464.17, 29452.50, 2596, 2654, 0.00, 0.00
2026-8-31, 08:31:05.022001, 29487.50, 29516.75, 29487.25, 29493.50, 5250, 4961, 29496.25, 29499.17, 29502.00, 2469, 2781, 0.00, 0.00
2026-8-31, 08:32:46.471000, 29493.00, 29501.75, 29431.75, 29462.00, 5250, 4946, 29472.13, 29465.17, 29466.75, 2742, 2508, 0.00, 0.00
2026-8-31, 08:34:32.154000, 29462.25, 29466.75, 29394.50, 29413.25, 5250, 4990, 29434.19, 29424.83, 29430.63, 2815, 2435, 0.00, 0.00
2026-8-31, 08:36:23.863000, 29413.75, 29438.50, 29404.75, 29405.75, 5250, 5026, 29415.69, 29416.33, 29421.63, 2636, 2614, 0.00, 0.00
2026-8-31, 08:38:41.912000, 29407.00, 29433.00, 29390.25, 29395.75, 5250, 5086, 29406.50, 29406.33, 29411.63, 2695, 2555, 0.00, 0.00
2026-8-31, 08:40:58.384000, 29397.00, 29442.25, 29393.75, 29410.75, 5250, 4982, 29410.94, 29415.58, 29418.00, 2564, 2686, 0.00, 0.00
2026-8-31, 08:43:37.278000, 29411.00, 29427.50, 29397.50, 29412.75, 5250, 5060, 29412.19, 29412.58, 29412.50, 2648, 2602, 0.00, 0.00
2026-8-31, 08:46:43.304002, 29412.75, 29475.50, 29387.75, 29468.50, 5250, 5005, 29436.13, 29443.92, 29431.63, 2279, 2971, 0.00, 0.00
2026-8-31, 08:48:06.879000, 29468.25, 29474.50, 29420.50, 29428.50, 5250, 5045, 29447.94, 29441.17, 29447.50, 2609, 2641, 0.00, 0.00
2026-8-31, 08:51:00.149001, 29428.25, 29464.00, 29412.75, 29455.75, 5250, 5016, 29440.19, 29444.17, 29438.38, 2665, 2585, 0.00, 0.00
2026-8-31, 08:53:36.432090, 29455.75, 29479.00, 29445.25, 29455.75, 5250, 4998, 29458.94, 29460.00, 29462.13, 2612, 2638, 0.00, 0.00
2026-8-31, 08:57:09.915002, 29455.50, 29458.75, 29430.00, 29431.25, 5250, 4965, 29443.88, 29440.00, 29444.38, 2928, 2322, 0.00, 0.00
2026-8-31, 09:01:45.200001, 29431.25, 29432.25, 29394.50, 29407.50, 5250, 4948, 29416.38, 29411.42, 29413.38, 2872, 2378, 0.00, 0.00
2026-8-31, 09:05:17.529000, 29406.75, 29423.50, 29376.75, 29398.50, 5250, 4943, 29401.38, 29399.58, 29400.13, 2655, 2595, 0.00, 0.00
2026-8-31, 09:08:34.545013, 29398.50, 29407.00, 29371.50, 29383.75, 5250, 4834, 29390.19, 29387.42, 29389.25, 2716, 2534, 0.00, 0.00
2026-8-31, 09:12:40.576000, 29383.50, 29413.00, 29371.00, 29405.00, 5250, 5009, 29393.13, 29396.33, 29392.00, 2366, 2884, 0.00, 0.00
2026-8-31, 09:17:32.159000, 29405.00, 29431.50, 29399.50, 29416.25, 5250, 4998, 29413.06, 29415.75, 29415.50, 2305, 2945, 0.00, 0.00
2026-8-31, 09:22:06.163000, 29416.25, 29423.00, 29356.00, 29360.25, 5250, 4904, 29388.88, 29379.75, 29389.50, 2954, 2296, 0.00, 0.00
2026-8-31, 09:26:00.922000, 29360.25, 29386.75, 29355.00, 29385.00, 5250, 4920, 29371.75, 29375.58, 29370.88, 2429, 2821, 0.00, 0.00
2026-8-31, 09:31:27.237002, 29385.00, 29418.00, 29364.50, 29415.00, 5250, 4931, 29395.63, 29399.17, 29391.25, 2314, 2936, 0.00, 0.00
2026-8-31, 09:36:52.220000, 29415.00, 29434.75, 29400.50, 29432.00, 5250, 4933, 29420.56, 29422.42, 29417.63, 2528, 2722, 0.00, 0.00
2026-8-31, 09:42:55.486000, 29432.25, 29434.25, 29399.25, 29410.50, 5250, 4051, 29419.06, 29414.67, 29416.75, 3275, 1975, 0.00, 29439.25
2026-8-31, 09:48:01.919001, 29410.50, 29417.50, 29384.25, 29413.50, 5250, 4980, 29406.44, 29405.08, 29400.88, 2612, 2638, 0.00, 0.00
2026-8-31, 09:55:11.840001, 29413.75, 29444.25, 29407.00, 29408.00, 5250, 4703, 29418.25, 29419.75, 29425.63, 2645, 2605, 0.00, 0.00
2026-8-31, 09:59:48.928000, 29408.25, 29442.50, 29395.50, 29412.00, 5250, 4934, 29414.56, 29416.67, 29419.00, 2593, 2657, 0.00, 0.00
2026-8-31, 10:03:47.447004, 29412.00, 29436.25, 29396.50, 29422.00, 5250, 4857, 29416.69, 29418.25, 29416.38, 2564, 2686, 0.00, 0.00
2026-8-31, 10:10:28.584001, 29422.25, 29431.00, 29396.50, 29399.75, 5250, 4907, 29412.38, 29409.08, 29413.75, 2679, 2571, 0.00, 0.00
2026-8-31, 10:18:29.040000, 29399.75, 29442.50, 29399.25, 29433.50, 5250, 4836, 29418.75, 29425.08, 29420.88, 2416, 2834, 0.00, 0.00
2026-8-31, 10:24:48.984008, 29433.00, 29445.75, 29400.00, 29400.75, 5250, 4821, 29419.88, 29415.50, 29422.88, 2814, 2436, 0.00, 0.00
2026-8-31, 10:30:54.919003, 29400.75, 29409.50, 29386.25, 29399.00, 5250, 4962, 29398.88, 29398.25, 29397.88, 2671, 2579, 0.00, 0.00
2026-8-31, 10:38:10.594000, 29398.75, 29414.75, 29383.00, 29411.00, 5250, 4952, 29401.88, 29402.92, 29398.88, 2489, 2761, 0.00, 0.00
2026-8-31, 10:46:25.061002, 29411.00, 29432.75, 29401.50, 29419.00, 5250, 4968, 29416.06, 29417.75, 29417.13, 2670, 2580, 0.00, 0.00
2026-8-31, 10:55:17.155001, 29419.00, 29423.25, 29370.00, 29371.75, 5250, 4837, 29396.00, 29388.33, 29396.63, 2964, 2286, 0.00, 0.00
2026-8-31, 11:01:19.401003, 29371.75, 29382.50, 29362.50, 29372.25, 5250, 4946, 29372.25, 29372.42, 29372.50, 2542, 2708, 0.00, 0.00
2026-8-31, 11:09:24.415000, 29372.25, 29412.75, 29370.50, 29398.25, 5250, 4923, 29388.44, 29393.83, 29391.63, 2425, 2825, 0.00, 0.00
2026-8-31, 11:16:40.139000, 29398.50, 29408.50, 29381.50, 29405.25, 5250, 5019, 29398.44, 29398.42, 29395.00, 2551, 2699, 0.00, 0.00
2026-8-31, 11:25:54.165000, 29405.25, 29426.75, 29401.25, 29413.75, 5250, 4976, 29411.75, 29413.92, 29414.00, 2578, 2672, 0.00, 0.00
2026-8-31, 11:33:04.686000, 29414.00, 29430.00, 29394.25, 29429.25, 5250, 4915, 29416.88, 29417.83, 29412.13, 2582, 2668, 0.00, 0.00
2026-8-31, 11:43:49.977001, 29429.25, 29439.75, 29409.50, 29432.25, 5250, 4958, 29427.69, 29427.17, 29424.63, 2584, 2666, 0.00, 0.00
2026-8-31, 11:55:08.174002, 29432.25, 29443.25, 29417.75, 29419.75, 5250, 5006, 29428.25, 29426.92, 29430.50, 2700, 2550, 0.00, 0.00
2026-8-31, 12:08:52.336007, 29419.25, 29434.00, 29411.25, 29422.00, 5250, 4978, 29421.63, 29422.42, 29422.63, 2631, 2619, 0.00, 0.00
2026-8-31, 12:24:16.301005, 29422.00, 29422.75, 29388.00, 29396.25, 5250, 4972, 29407.25, 29402.33, 29405.38, 2752, 2498, 0.00, 0.00
2026-8-31, 12:35:10.445002, 29396.25, 29441.50, 29394.00, 29439.00, 5250, 4962, 29417.69, 29424.83, 29417.75, 2386, 2864, 0.00, 0.00
2026-8-31, 12:45:08.696000, 29438.75, 29457.50, 29430.75, 29450.00, 5250, 4961, 29444.25, 29446.08, 29444.13, 2475, 2775, 0.00, 0.00
2026-8-31, 12:56:13.316001, 29450.00, 29453.75, 29422.25, 29452.25, 5250, 5040, 29444.56, 29442.75, 29438.00, 2741, 2509, 0.00, 29458.75
2026-8-31, 13:04:51.598000, 29452.50, 29464.25, 29442.25, 29454.50, 5250, 4996, 29453.38, 29453.67, 29453.25, 2555, 2695, 0.00, 0.00
2026-8-31, 13:20:42.680000, 29454.25, 29460.25, 29430.50, 29430.75, 5250, 5055, 29443.94, 29440.50, 29445.38, 2771, 2479, 0.00, 0.00
2026-8-31, 13:34:19.167001, 29430.75, 29432.25, 29391.50, 29401.00, 5250, 4983, 29413.88, 29408.25, 29411.88, 2628, 2622, 0.00, 0.00
2026-8-31, 13:41:16.113001, 29401.00, 29406.00, 29382.50, 29402.25, 5250, 5001, 29397.94, 29396.92, 29394.25, 2532, 2718, 0.00, 0.00
2026-8-31, 13:50:56.113000, 29402.25, 29425.50, 29396.00, 29412.00, 5250, 4878, 29408.94, 29411.17, 29410.75, 2653, 2597, 0.00, 0.00
2026-8-31, 14:01:50.397000, 29411.75, 29429.75, 29403.50, 29422.25, 5250, 4884, 29416.81, 29418.50, 29416.63, 2587, 2663, 0.00, 0.00
2026-8-31, 14:15:39.645001, 29422.25, 29448.00, 29417.25, 29448.00, 5250, 4801, 29433.88, 29437.75, 29432.63, 2494, 2756, 0.00, 0.00
2026-8-31, 14:27:58.061000, 29448.00, 29453.50, 29430.50, 29451.00, 5250, 5000, 29445.75, 29445.00, 29442.00, 2494, 2756, 0.00, 0.00
2026-8-31, 14:37:37.824001, 29451.00, 29483.25, 29447.25, 29480.25, 5250, 4721, 29465.44, 29470.25, 29465.25, 2518, 2732, 0.00, 0.00
2026-8-31, 14:44:17.615001, 29480.25, 29497.00, 29458.50, 29496.50, 5250, 4824, 29483.06, 29484.00, 29477.75, 2561, 2689, 0.00, 0.00
2026-8-31, 14:50:00.193000, 29497.00, 29528.25, 29497.00, 29526.00, 5250, 4382, 29512.06, 29517.08, 29512.63, 2747, 2503, 0.00, 0.00
2026-8-31, 14:51:49.005000, 29526.25, 29534.50, 29501.75, 29525.25, 5250, 4802, 29521.94, 29520.50, 29518.13, 2612, 2638, 0.00, 0.00
2026-8-31, 14:54:55.050002, 29525.25, 29526.00, 29502.25, 29508.75, 5250, 4854, 29515.56, 29512.33, 29514.13, 2576, 2674, 0.00, 0.00
2026-8-31, 14:58:37.418012, 29508.75, 29538.25, 29504.25, 29527.75, 5250, 4854, 29519.75, 29523.42, 29521.25, 2513, 2737, 0.00, 0.00
2026-8-31, 14:59:37.153000, 29527.75, 29528.00, 29504.50, 29510.50, 5250, 4519, 29517.69, 29514.33, 29516.25, 2770, 2480, 0.00, 0.00
2026-8-31, 14:59:54.703007, 29510.50, 29525.75, 29498.00, 29522.25, 5250, 4679, 29514.13, 29515.33, 29511.88, 2687, 2563, 0.00, 0.00
2026-8-31, 15:00:09.010003, 29522.25, 29527.50, 29509.25, 29519.75, 5250, 4616, 29519.69, 29518.83, 29518.38, 2657, 2593, 0.00, 0.00
2026-8-31, 15:10:57.981002, 29519.75, 29522.50, 29501.50, 29509.25, 5250, 4734, 29513.25, 29511.08, 29512.00, 2659, 2591, 0.00, 0.00
2026-8-31, 17:05:05.883000, 29509.75, 29519.50, 29486.00, 29500.25, 5250, 4896, 29503.88, 29501.92, 29502.75, 2531, 2719, 0.00, 0.00
2026-8-31, 18:56:23.326003, 29500.25, 29521.75, 29478.25, 29514.25, 5250, 4945, 29503.63, 29504.75, 29500.00, 2622, 2628, 0.00, 0.00
2026-8-31, 19:31:28.825001, 29514.50, 29516.50, 29479.00, 29480.75, 5250, 4887, 29497.69, 29492.08, 29497.75, 2663, 2587, 0.00, 0.00
2026-8-31, 20:26:28.854001, 29480.50, 29515.50, 29475.00, 29477.50, 5250, 4758, 29487.13, 29489.33, 29495.25, 2574, 2676, 0.00, 0.00
2026-8-31, 21:21:28.632001, 29477.50, 29493.75, 29434.75, 29488.50, 5250, 4812, 29473.63, 29472.33, 29464.25, 2641, 2609, 0.00, 0.00
2026-8-31, 22:00:33.905001, 29488.50, 29501.50, 29459.25, 29494.25, 5250, 4675, 29485.88, 29485.00, 29480.38, 2544, 2706, 0.00, 0.00
2026-8-31, 23:29:46.952000, 29494.00, 29503.00, 29447.25, 29502.25, 5250, 4641, 29486.63, 29484.17, 29475.13, 2574, 2676, 0.00, 0.00
2026-9-1, 00:31:20.075001, 29502.25, 29569.50, 29490.00, 29569.00, 5250, 4593, 29532.69, 29542.83, 29529.75, 2081, 3169, 0.00, 0.00
2026-9-1, 00:57:54.986000, 29569.25, 29571.25, 29513.75, 29542.50, 5250, 4830, 29549.19, 29542.50, 29542.50, 2594, 2656, 0.00, 0.00
2026-9-1, 01:43:44.279000, 29541.75, 29556.75, 29512.25, 29539.75, 5250, 4627, 29537.63, 29536.25, 29534.50, 2721, 2529, 0.00, 0.00
2026-9-1, 02:31:54.229001, 29540.00, 29542.50, 29439.00, 29442.00, 5250, 4750, 29490.88, 29474.50, 29490.75, 2936, 2314, 0.00, 0.00
2026-9-1, 02:58:19.885001, 29442.00, 29449.00, 29342.50, 29352.50, 5250, 4696, 29396.50, 29381.33, 29395.75, 2813, 2437, 0.00, 0.00
2026-9-1, 03:07:49.988000, 29351.25, 29361.25, 29301.00, 29307.75, 5250, 4903, 29330.31, 29323.33, 29331.13, 2602, 2648, 0.00, 0.00
2026-9-1, 03:25:45.470000, 29306.50, 29319.25, 29257.25, 29266.75, 5250, 4648, 29287.44, 29281.08, 29288.25, 2692, 2558, 0.00, 0.00
2026-9-1, 03:41:33.771000, 29265.25, 29279.75, 29213.25, 29215.50, 5250, 4513, 29243.44, 29236.17, 29246.50, 2720, 2530, 0.00, 0.00
2026-9-1, 04:04:02.668001, 29215.25, 29229.50, 29185.50, 29202.50, 5250, 4690, 29208.19, 29205.83, 29207.50, 2623, 2627, 0.00, 0.00
2026-9-1, 04:34:34.135003, 29202.50, 29230.25, 29184.25, 29230.25, 5250, 4701, 29211.81, 29214.92, 29207.25, 2591, 2659, 0.00, 0.00
2026-9-1, 05:21:12.044004, 29230.00, 29257.75, 29197.25, 29210.75, 5250, 4897, 29223.94, 29221.92, 29227.50, 2712, 2538, 0.00, 0.00
2026-9-1, 05:58:14.893003, 29210.75, 29225.75, 29178.00, 29222.75, 5250, 4674, 29209.31, 29208.83, 29201.88, 2691, 2559, 0.00, 0.00
2026-9-1, 06:30:57.410016, 29222.75, 29238.00, 29157.75, 29160.75, 5250, 4780, 29194.81, 29185.50, 29197.88, 2773, 2477, 0.00, 0.00
2026-9-1, 07:00:29.067000, 29162.00, 29179.50, 29142.25, 29142.50, 5250, 4842, 29156.56, 29154.75, 29160.88, 2608, 2642, 0.00, 0.00
2026-9-1, 07:20:23.549000, 29141.50, 29171.50, 29126.25, 29127.25, 5250, 4644, 29141.63, 29141.67, 29148.88, 2557, 2693, 0.00, 0.00
2026-9-1, 07:38:09.281001, 29127.25, 29154.50, 29123.25, 29131.00, 5250, 4718, 29134.00, 29136.25, 29138.88, 2613, 2637, 0.00, 0.00
2026-9-1, 07:55:15.593000, 29130.00, 29134.50, 29095.00, 29096.25, 5250, 4754, 29113.94, 29108.58, 29114.75, 2781, 2469, 0.00, 0.00
2026-9-1, 08:06:51.441007, 29096.25, 29104.25, 29084.25, 29097.00, 5250, 4653, 29095.44, 29095.17, 29094.25, 2725, 2525, 0.00, 0.00
2026-9-1, 08:20:05.015000, 29097.25, 29122.75, 29095.00, 29117.00, 5250, 4688, 29108.00, 29111.58, 29108.88, 2542, 2708, 0.00, 0.00
2026-9-1, 08:29:50.175003, 29117.00, 29118.75, 29110.75, 29112.00, 290, 270, 29114.63, 29113.83, 29114.75, 180, 110, 0.00, 0.00
2026-9-1, 08:30:00.000000, 29111.75, 29124.75, 29086.75, 29110.25, 5250, 4929, 29108.38, 29107.25, 29105.75, 2703, 2547, 0.00, 0.00
2026-9-1, 08:30:52.044001, 29110.25, 29113.75, 29062.75, 29079.00, 5250, 4970, 29091.44, 29085.17, 29088.25, 2797, 2453, 0.00, 0.00
2026-9-1, 08:31:58.303003, 29079.00, 29108.50, 29070.25, 29108.25, 5250, 4965, 29091.50, 29095.67, 29089.38, 2545, 2705, 29065.25, 0.00
2026-9-1, 08:33:39.816000, 29107.75, 29133.25, 29085.00, 29132.50, 5250, 4891, 29114.63, 29116.92, 29109.13, 2473, 2777, 0.00, 0.00
2026-9-1, 08:35:24.418000, 29133.00, 29140.50, 29095.25, 29116.00, 5250, 4985, 29121.19, 29117.25, 29117.88, 2762, 2488, 0.00, 0.00
2026-9-1, 08:37:31.250000, 29116.00, 29125.50, 29060.25, 29066.00, 5250, 4914, 29091.94, 29083.92, 29092.88, 2929, 2321, 0.00, 0.00
2026-9-1, 08:39:18.097001, 29065.75, 29087.25, 29043.00, 29043.00, 5250, 4855, 29059.75, 29057.75, 29065.13, 2806, 2444, 0.00, 0.00
2026-9-1, 08:41:11.194000, 29043.00, 29075.75, 29040.25, 29063.50, 5250, 4866, 29055.63, 29059.83, 29058.00, 2495, 2755, 0.00, 0.00
2026-9-1, 08:43:30.444000, 29064.25, 29122.50, 29062.50, 29121.25, 5250, 4925, 29092.63, 29102.08, 29092.50, 2401, 2849, 0.00, 0.00
2026-9-1, 08:45:48.547001, 29121.25, 29143.00, 29103.25, 29126.75, 5250, 4959, 29123.56, 29124.33, 29123.13, 2581, 2669, 0.00, 0.00
2026-9-1, 08:48:07.571000, 29126.50, 29158.00, 29110.75, 29142.00, 5250, 4997, 29134.31, 29136.92, 29134.38, 2479, 2771, 0.00, 0.00
2026-9-1, 08:50:42.868001, 29142.00, 29148.00, 29106.00, 29107.50, 5250, 4994, 29125.88, 29120.50, 29127.00, 2781, 2469, 0.00, 0.00
2026-9-1, 08:54:17.352000, 29108.00, 29130.00, 29095.00, 29097.25, 5250, 4935, 29107.56, 29107.42, 29112.50, 2853, 2397, 0.00, 0.00
2026-9-1, 08:58:20.918008, 29097.00, 29134.00, 29091.25, 29119.75, 5250, 4886, 29110.50, 29115.00, 29112.63, 2558, 2692, 0.00, 0.00
2026-9-1, 09:01:33.158001, 29119.50, 29138.25, 29085.25, 29109.75, 5250, 4997, 29113.19, 29111.08, 29111.75, 2658, 2592, 0.00, 0.00
2026-9-1, 09:04:52.526000, 29110.00, 29156.25, 29103.00, 29146.00, 5250, 4976, 29128.81, 29135.08, 29129.63, 2511, 2739, 0.00, 0.00
2026-9-1, 09:08:44.056002, 29146.00, 29161.75, 29119.00, 29136.50, 5250, 4957, 29140.81, 29139.08, 29140.38, 2694, 2556, 0.00, 0.00
2026-9-1, 09:12:41.488082, 29136.50, 29171.75, 29116.00, 29154.25, 5250, 5072, 29144.63, 29147.33, 29143.88, 2444, 2806, 0.00, 0.00
2026-9-1, 09:15:54.094000, 29153.50, 29174.25, 29135.50, 29148.00, 5250, 4944, 29152.81, 29152.58, 29154.88, 2675, 2575, 0.00, 0.00
2026-9-1, 09:20:10.101000, 29147.75, 29179.50, 29146.50, 29162.50, 5250, 4897, 29159.06, 29162.83, 29163.00, 2433, 2817, 0.00, 0.00
2026-9-1, 09:25:05.345010, 29162.25, 29182.25, 29154.50, 29180.25, 5250, 4946, 29169.81, 29172.33, 29168.38, 2449, 2801, 0.00, 0.00
2026-9-1, 09:30:41.707000, 29180.50, 29212.50, 29177.75, 29210.00, 5250, 4779, 29195.19, 29200.08, 29195.13, 2462, 2788, 0.00, 0.00
2026-9-1, 09:34:31.862000, 29209.75, 29215.00, 29196.50, 29210.00, 5250, 4868, 29207.81, 29207.17, 29205.75, 2687, 2563, 0.00, 0.00
2026-9-1, 09:39:41.288000, 29209.75, 29229.75, 29204.75, 29228.50, 5250, 4841, 29218.19, 29221.00, 29217.25, 2533, 2717, 0.00, 0.00
2026-9-1, 09:44:55.035003, 29228.50, 29268.00, 29224.25, 29264.25, 5250, 4749, 29246.25, 29252.17, 29246.13, 2176, 3074, 0.00, 0.00
2026-9-1, 09:48:42.792006, 29264.50, 29266.25, 29224.00, 29231.00, 5250, 4848, 29246.44, 29240.42, 29245.13, 2945, 2305, 0.00, 29271.25
2026-9-1, 09:52:27.107004, 29231.00, 29239.50, 29207.00, 29210.00, 5250, 4843, 29221.88, 29218.83, 29223.25, 2670, 2580, 0.00, 0.00
2026-9-1, 09:57:35.494001, 29210.00, 29241.50, 29208.00, 29222.25, 5250, 4931, 29220.44, 29223.92, 29224.75, 2373, 2877, 0.00, 0.00
2026-9-1, 10:02:44.037004, 29222.00, 29227.00, 29187.75, 29187.75, 5250, 4899, 29206.13, 29200.83, 29207.38, 2846, 2404, 0.00, 0.00
2026-9-1, 10:07:57.813028, 29187.75, 29199.75, 29180.25, 29188.75, 5250, 4981, 29189.13, 29189.58, 29190.00, 2491, 2759, 0.00, 0.00
2026-9-1, 10:14:08.874000, 29188.50, 29205.50, 29178.25, 29188.00, 5250, 4927, 29190.06, 29190.58, 29191.88, 2571, 2679, 0.00, 0.00
2026-9-1, 10:21:46.261000, 29188.00, 29227.25, 29186.50, 29226.75, 5250, 4856, 29207.13, 29213.50, 29206.88, 2383, 2867, 0.00, 0.00
2026-9-1, 10:29:38.559000, 29226.50, 29245.25, 29224.25, 29229.00, 5250, 4777, 29231.25, 29232.83, 29234.75, 2590, 2660, 0.00, 0.00
2026-9-1, 10:35:19.220000, 29229.25, 29272.50, 29229.25, 29270.00, 5250, 4744, 29250.25, 29257.25, 29250.88, 2379, 2871, 0.00, 0.00
2026-9-1, 10:40:31.571000, 29269.25, 29291.75, 29266.75, 29287.75, 5250, 4598, 29278.88, 29282.08, 29279.25, 2306, 2944, 0.00, 0.00
2026-9-1, 10:45:17.059000, 29288.00, 29317.50, 29287.25, 29317.50, 5250, 4560, 29302.56, 29307.42, 29302.38, 2342, 2908, 0.00, 0.00
2026-9-1, 10:49:22.944016, 29317.50, 29317.75, 29295.25, 29301.75, 5250, 4868, 29308.06, 29304.92, 29306.50, 2756, 2494, 0.00, 29322.75
2026-9-1, 10:55:47.417005, 29301.75, 29307.75, 29277.75, 29277.75, 5250, 4918, 29291.25, 29287.75, 29292.75, 2880, 2370, 0.00, 0.00
2026-9-1, 11:02:24.942000, 29277.50, 29284.75, 29256.25, 29264.50, 5250, 4726, 29270.75, 29268.50, 29270.50, 2772, 2478, 0.00, 0.00
2026-9-1, 11:09:43.127003, 29264.50, 29266.00, 29224.00, 29230.50, 5250, 4670, 29246.25, 29240.17, 29245.00, 2748, 2502, 0.00, 0.00
2026-9-1, 11:15:36.476000, 29230.25, 29235.50, 29193.25, 29196.00, 5250, 4690, 29213.75, 29208.25, 29214.38, 2723, 2527, 0.00, 0.00
2026-9-1, 11:20:30.236000, 29196.00, 29199.75, 29170.50, 29190.25, 5250, 4845, 29189.13, 29186.83, 29185.13, 2600, 2650, 0.00, 0.00
2026-9-1, 11:23:23.930006, 29190.25, 29209.75, 29167.25, 29179.25, 5250, 4850, 29186.63, 29185.42, 29188.50, 2710, 2540, 0.00, 0.00
2026-9-1, 11:27:02.058000, 29180.00, 29184.50, 29151.00, 29151.00, 5250, 4751, 29166.63, 29162.17, 29167.75, 2663, 2587, 0.00, 0.00
2026-9-1, 11:30:57.456003, 29151.00, 29158.50, 29131.25, 29139.50, 5250, 4735, 29145.06, 29143.08, 29144.88, 2605, 2645, 0.00, 0.00
2026-9-1, 11:35:18.766000, 29139.50, 29166.75, 29135.25, 29157.25, 5250, 4865, 29149.69, 29153.08, 29151.00, 2396, 2854, 0.00, 0.00
2026-9-1, 11:40:48.228001, 29157.25, 29168.75, 29133.00, 29146.50, 5250, 4798, 29151.38, 29149.42, 29150.88, 2547, 2703, 0.00, 0.00
2026-9-1, 11:47:43.176000, 29146.75, 29186.25, 29144.75, 29179.75, 5250, 4811, 29164.38, 29170.25, 29165.50, 2415, 2835, 0.00, 0.00
2026-9-1, 11:56:18.319001, 29179.75, 29197.25, 29153.50, 29162.00, 5250, 4949, 29173.13, 29170.92, 29175.38, 2697, 2553, 0.00, 29202.25
2026-9-1, 12:03:11.005000, 29161.75, 29163.75, 29138.75, 29157.00, 5250, 4882, 29155.31, 29153.17, 29151.25, 2570, 2680, 0.00, 0.00
2026-9-1, 12:12:24.658001, 29156.75, 29165.50, 29133.75, 29141.25, 5250, 4739, 29149.31, 29146.83, 29149.63, 2689, 2561, 0.00, 0.00
2026-9-1, 12:21:09.999002, 29141.25, 29148.25, 29100.50, 29121.75, 5250, 4811, 29127.94, 29123.50, 29124.38, 2890, 2360, 0.00, 0.00
2026-9-1, 12:27:16.959004, 29122.00, 29161.75, 29120.25, 29157.75, 5250, 4964, 29140.44, 29146.58, 29141.00, 2453, 2797, 0.00, 0.00
2026-9-1, 12:36:00.427000, 29157.50, 29158.75, 29125.50, 29129.25, 5250, 4808, 29142.75, 29137.83, 29142.13, 2548, 2702, 0.00, 0.00
2026-9-1, 12:48:53.536002, 29129.25, 29142.75, 29117.75, 29137.75, 5250, 4827, 29131.88, 29132.75, 29130.25, 2469, 2781, 0.00, 0.00
2026-9-1, 12:59:40.415001, 29137.75, 29151.50, 29111.50, 29122.50, 5250, 4901, 29130.81, 29128.50, 29131.50, 2653, 2597, 0.00, 0.00
2026-9-1, 13:10:26.327001, 29122.50, 29124.25, 29090.25, 29110.00, 5250, 4669, 29111.75, 29108.17, 29107.25, 2497, 2753, 0.00, 0.00
2026-9-1, 13:17:56.695002, 29110.00, 29118.50, 29086.50, 29088.00, 5250, 4910, 29100.75, 29097.67, 29102.50, 2629, 2621, 0.00, 0.00
2026-9-1, 13:28:10.089000, 29087.75, 29097.25, 29067.75, 29076.00, 5250, 4859, 29082.19, 29080.33, 29082.50, 2557, 2693, 0.00, 0.00
2026-9-1, 13:35:30.659000, 29075.75, 29080.00, 29041.75, 29044.25, 5250, 4849, 29060.44, 29055.33, 29060.88, 2616, 2634, 0.00, 0.00
2026-9-1, 13:42:27.675002, 29044.25, 29045.75, 29002.00, 29003.75, 5250, 4811, 29023.94, 29017.17, 29023.88, 2861, 2389, 0.00, 0.00
2026-9-1, 13:46:07.109001, 29003.75, 29042.50, 29002.75, 29039.50, 5250, 4647, 29022.13, 29028.25, 29022.63, 2414, 2836, 0.00, 0.00
2026-9-1, 13:49:46.672000, 29039.50, 29076.50, 29033.25, 29076.25, 5250, 4837, 29056.38, 29062.00, 29054.88, 2356, 2894, 0.00, 0.00
2026-9-1, 13:56:57.065000, 29076.00, 29091.75, 29062.25, 29084.50, 5250, 4908, 29078.63, 29079.50, 29077.00, 2640, 2610, 0.00, 29096.75
2026-9-1, 14:03:24.101000, 29085.25, 29110.75, 29082.00, 29108.75, 5250, 4942, 29096.69, 29100.50, 29096.38, 2467, 2783, 0.00, 0.00
2026-9-1, 14:11:09.520000, 29109.25, 29125.50, 29100.50, 29108.50, 5250, 4923, 29110.94, 29111.50, 29113.00, 2614, 2636, 0.00, 0.00
2026-9-1, 14:18:42.156000, 29108.50, 29126.25, 29103.75, 29126.25, 5250, 4861, 29116.19, 29118.75, 29115.00, 2532, 2718, 0.00, 0.00
2026-9-1, 14:29:11.423002, 29126.25, 29129.25, 29093.00, 29120.00, 5250, 4951, 29117.13, 29114.08, 29111.13, 2511, 2739, 0.00, 0.00
2026-9-1, 14:35:37.583005, 29120.00, 29127.75, 29098.25, 29126.00, 5250, 4997, 29118.00, 29117.33, 29113.00, 2476, 2774, 0.00, 0.00
2026-9-1, 14:45:33.543011, 29126.00, 29141.00, 29111.25, 29122.25, 5250, 5001, 29125.13, 29124.83, 29126.13, 2603, 2647, 0.00, 0.00
2026-9-1, 14:50:21.338000, 29122.75, 29132.50, 29086.00, 29098.75, 5250, 4834, 29110.00, 29105.75, 29109.25, 2670, 2580, 0.00, 0.00
2026-9-1, 14:54:29.802000, 29099.00, 29124.25, 29088.75, 29103.25, 5250, 4907, 29103.81, 29105.42, 29106.50, 2585, 2665, 0.00, 0.00
2026-9-1, 14:57:44.019000, 29102.75, 29129.00, 29101.00, 29124.50, 5250, 4568, 29114.31, 29118.17, 29115.00, 2186, 3064, 0.00, 0.00
2026-9-1, 14:59:31.212002, 29124.50, 29131.25, 29119.50, 29126.25, 5250, 4504, 29125.38, 29125.67, 29125.38, 2387, 2863, 0.00, 0.00
2026-9-1, 14:59:56.007004, 29126.25, 29158.00, 29121.25, 29137.75, 5250, 4653, 29135.81, 29139.00, 29139.63, 2534, 2716, 0.00, 0.00
2026-9-1, 15:00:23.142000, 29138.25, 29146.00, 29113.50, 29128.00, 5250, 4552, 29131.44, 29129.17, 29129.75, 2589, 2661, 0.00, 29151.00
2026-9-1, 15:07:01.796000, 29128.00, 29159.00, 29120.25, 29136.75, 5250, 4565, 29136.00, 29138.67, 29139.63, 2616, 2634, 0.00, 0.00
2026-9-1, 15:29:55.427004, 29136.75, 29155.25, 29102.25, 29114.75, 5250, 4651, 29127.25, 29124.08, 29128.75, 2419, 2831, 0.00, 0.00
2026-9-1, 17:29:03.724000, 29114.75, 29148.25, 29111.00, 29112.50, 5250, 4962, 29121.63, 29123.92, 29129.63, 2603, 2647, 0.00, 0.00
2026-9-1, 19:06:46.344001, 29112.25, 29170.00, 29106.00, 29137.00, 5250, 5024, 29131.31, 29137.67, 29138.00, 2539, 2711, 0.00, 0.00
2026-9-1, 19:36:03.009000, 29136.75, 29145.00, 29086.75, 29098.75, 5250, 4804, 29116.81, 29110.17, 29115.88, 2665, 2585, 0.00, 0.00
2026-9-1, 20:15:40.206000, 29098.75, 29129.50, 29053.75, 29053.75, 5250, 4631, 29083.94, 29079.00, 29091.63, 2773, 2477, 0.00, 0.00
2026-9-1, 20:50:13.924003, 29053.50, 29100.00, 29044.50, 29073.25, 5250, 4850, 29067.81, 29072.58, 29072.25, 2534, 2716, 0.00, 0.00
2026-9-1, 21:30:44.343003, 29073.50, 29092.25, 29053.75, 29054.50, 5250, 4957, 29068.50, 29066.83, 29073.00, 2645, 2605, 0.00, 0.00
2026-9-1, 22:50:00.035000, 29054.25, 29082.00, 29035.50, 29080.50, 5250, 4925, 29063.06, 29066.00, 29058.75, 2549, 2701, 0.00, 0.00
2026-9-2, 00:17:50.900001, 29080.25, 29104.25, 29040.25, 29050.75, 5250, 4749, 29068.88, 29065.08, 29072.25, 2786, 2464, 0.00, 0.00
2026-9-2, 01:10:28.058000, 29050.00, 29098.25, 29016.50, 29054.25, 5250, 4917, 29054.75, 29056.33, 29057.38, 2681, 2569, 0.00, 0.00
2026-9-2, 01:54:52.597001, 29054.00, 29120.75, 29051.00, 29076.50, 5250, 4920, 29075.56, 29082.75, 29085.88, 2619, 2631, 0.00, 0.00
2026-9-2, 02:39:02.764001, 29076.50, 29097.25, 29039.75, 29062.25, 5250, 4934, 29068.94, 29066.42, 29068.50, 2636, 2614, 0.00, 0.00
2026-9-2, 03:32:10.492017, 29062.25, 29068.75, 28954.50, 28985.75, 5250, 4811, 29017.81, 29003.00, 29011.63, 2846, 2404, 0.00, 0.00
2026-9-2, 04:02:26.008000, 28985.75, 29027.50, 28946.25, 28946.25, 5250, 4798, 28976.44, 28973.33, 28986.88, 2740, 2510, 0.00, 0.00
2026-9-2, 04:36:03.238013, 28946.25, 28996.00, 28940.50, 28987.00, 5250, 4861, 28967.44, 28974.50, 28968.25, 2542, 2708, 0.00, 0.00
2026-9-2, 05:29:56.979000, 28987.00, 28989.50, 28927.25, 28941.25, 5250, 4640, 28961.25, 28952.67, 28958.38, 2758, 2492, 0.00, 0.00
2026-9-2, 06:07:30.754011, 28941.75, 29025.00, 28939.25, 29024.25, 5250, 4881, 28982.56, 28996.17, 28982.13, 2396, 2854, 0.00, 0.00
2026-9-2, 06:27:08.468000, 29024.75, 29067.75, 29019.00, 29067.75, 5250, 4697, 29044.81, 29051.50, 29043.38, 2494, 2756, 0.00, 0.00
2026-9-2, 06:58:45.714012, 29067.75, 29124.25, 29064.75, 29111.25, 5250, 4596, 29092.00, 29100.08, 29094.50, 2513, 2737, 0.00, 0.00
2026-9-2, 07:15:34.793010, 29111.25, 29149.50, 29094.75, 29100.00, 5250, 4741, 29113.88, 29114.75, 29122.13, 2520, 2730, 0.00, 0.00
2026-9-2, 07:31:31.787001, 29099.75, 29101.00, 29034.50, 29042.25, 5250, 4726, 29069.38, 29059.25, 29067.75, 2748, 2502, 0.00, 0.00
2026-9-2, 07:55:54.023000, 29042.50, 29080.00, 29032.75, 29079.50, 5250, 4880, 29058.69, 29064.08, 29056.38, 2473, 2777, 0.00, 0.00
2026-9-2, 08:19:03.397005, 29079.50, 29115.25, 29071.75, 29098.50, 4874, 4504, 29091.25, 29095.17, 29093.50, 2240, 2634, 0.00, 0.00
2026-9-2, 08:30:00.000000, 29098.75, 29102.75, 29042.75, 29063.25, 5250, 5095, 29076.88, 29069.58, 29072.75, 2800, 2450, 0.00, 0.00
2026-9-2, 08:30:59.320029, 29063.25, 29083.50, 29044.50, 29059.00, 5250, 5127, 29062.56, 29062.33, 29064.00, 2627, 2623, 29039.50, 0.00
2026-9-2, 08:32:34.024000, 29059.00, 29088.00, 29057.00, 29080.25, 5250, 5007, 29071.06, 29075.08, 29072.50, 2510, 2740, 0.00, 0.00
2026-9-2, 08:35:00.568000, 29080.75, 29090.50, 29037.75, 29049.50, 5250, 5020, 29064.63, 29059.25, 29064.13, 2765, 2485, 0.00, 0.00
2026-9-2, 08:37:17.440001, 29049.75, 29089.50, 29036.50, 29082.75, 5250, 4991, 29064.63, 29069.58, 29063.00, 2412, 2838, 0.00, 0.00
2026-9-2, 08:40:13.243002, 29082.75, 29119.00, 29079.00, 29111.75, 5250, 4992, 29098.13, 29103.25, 29099.00, 2380, 2870, 0.00, 0.00
2026-9-2, 08:42:59.512001, 29111.75, 29112.75, 29068.50, 29068.50, 5250, 4969, 29090.38, 29083.25, 29090.63, 2931, 2319, 0.00, 0.00
2026-9-2, 08:46:05.448001, 29068.50, 29086.00, 29049.75, 29057.25, 5250, 4860, 29065.38, 29064.33, 29067.88, 2637, 2613, 0.00, 0.00
2026-9-2, 08:49:35.078000, 29057.50, 29072.50, 29035.00, 29050.75, 5250, 4970, 29053.94, 29052.75, 29053.75, 2678, 2572, 0.00, 0.00
2026-9-2, 08:52:46.199000, 29050.00, 29063.75, 29017.25, 29030.50, 5250, 4967, 29040.38, 29037.17, 29040.50, 2826, 2424, 0.00, 0.00
2026-9-2, 08:55:59.048001, 29030.75, 29053.50, 29024.25, 29051.25, 5250, 5024, 29039.94, 29043.00, 29038.88, 2679, 2571, 0.00, 0.00
2026-9-2, 08:59:25.135005, 29051.00, 29067.75, 29044.25, 29051.75, 5250, 4878, 29053.69, 29054.58, 29056.00, 2567, 2683, 29039.25, 0.00
2026-9-2, 09:02:20.054000, 29052.00, 29090.75, 29032.25, 29090.50, 5250, 4974, 29066.38, 29071.17, 29061.50, 2507, 2743, 0.00, 0.00
2026-9-2, 09:05:36.228000, 29090.25, 29114.25, 29079.75, 29112.50, 5250, 4950, 29099.19, 29102.17, 29097.00, 2462, 2788, 0.00, 0.00
2026-9-2, 09:09:39.741000, 29112.50, 29125.00, 29088.00, 29106.75, 5250, 5007, 29108.06, 29106.58, 29106.50, 2542, 2708, 0.00, 0.00
2026-9-2, 09:13:19.190000, 29106.75, 29138.25, 29101.75, 29138.25, 5250, 5030, 29121.25, 29126.08, 29120.00, 2312, 2938, 0.00, 0.00
2026-9-2, 09:16:03.939000, 29138.00, 29163.50, 29135.75, 29161.25, 5250, 4891, 29149.63, 29153.50, 29149.63, 2434, 2816, 0.00, 0.00
2026-9-2, 09:19:36.962027, 29161.25, 29183.25, 29149.25, 29181.75, 5250, 4719, 29168.88, 29171.42, 29166.25, 2599, 2651, 0.00, 0.00
2026-9-2, 09:22:42.248000, 29181.50, 29188.50, 29160.25, 29183.50, 5250, 4805, 29178.44, 29177.42, 29174.38, 2670, 2580, 0.00, 0.00
2026-9-2, 09:26:48.382000, 29183.75, 29193.00, 29171.50, 29179.00, 5250, 4898, 29181.81, 29181.17, 29182.25, 2565, 2685, 0.00, 0.00
2026-9-2, 09:31:28.026001, 29179.00, 29213.00, 29172.25, 29208.75, 5250, 4880, 29193.25, 29198.00, 29192.63, 2371, 2879, 0.00, 0.00
2026-9-2, 09:35:17.195000, 29208.50, 29208.75, 29168.50, 29189.75, 5250, 4836, 29193.88, 29189.00, 29188.63, 2838, 2412, 0.00, 29213.75
2026-9-2, 09:40:16.426000, 29189.00, 29203.00, 29178.25, 29179.75, 5250, 4759, 29187.50, 29187.00, 29190.63, 2589, 2661, 0.00, 0.00
2026-9-2, 09:46:10.549000, 29180.75, 29181.50, 29140.00, 29142.75, 5250, 4913, 29161.25, 29154.75, 29160.75, 2944, 2306, 0.00, 0.00
2026-9-2, 09:51:07.650000, 29143.75, 29154.25, 29121.75, 29126.00, 5250, 4949, 29136.44, 29134.00, 29138.00, 2843, 2407, 0.00, 0.00
2026-9-2, 09:56:20.531001, 29125.75, 29138.00, 29106.25, 29110.25, 5250, 4992, 29120.06, 29118.17, 29122.13, 2720, 2530, 0.00, 0.00
2026-9-2, 10:01:50.471001, 29110.25, 29147.75, 29108.75, 29130.75, 5250, 4919, 29124.38, 29129.08, 29128.25, 2395, 2855, 0.00, 0.00
2026-9-2, 10:05:49.720004, 29130.75, 29159.25, 29130.50, 29158.50, 5250, 4918, 29144.75, 29149.42, 29144.88, 2396, 2854, 0.00, 0.00
2026-9-2, 10:11:55.129000, 29158.50, 29173.25, 29140.50, 29171.50, 5250, 4925, 29160.94, 29161.75, 29156.88, 2530, 2720, 0.00, 0.00
2026-9-2, 10:17:13.534000, 29171.00, 29189.25, 29167.25, 29180.00, 5250, 4996, 29176.88, 29178.83, 29178.25, 2649, 2601, 0.00, 0.00
2026-9-2, 10:25:02.555000, 29180.00, 29208.50, 29177.50, 29201.75, 5250, 4893, 29191.94, 29195.92, 29193.00, 2530, 2720, 0.00, 0.00
2026-9-2, 10:31:59.103007, 29201.75, 29202.75, 29179.50, 29190.50, 5250, 4809, 29193.63, 29190.92, 29191.13, 2773, 2477, 0.00, 0.00
2026-9-2, 10:38:09.395000, 29190.75, 29194.00, 29161.75, 29162.00, 5250, 4834, 29177.13, 29172.58, 29177.88, 2821, 2429, 0.00, 0.00
2026-9-2, 10:45:37.864000, 29161.50, 29168.00, 29136.00, 29160.00, 5250, 4938, 29156.38, 29154.67, 29152.00, 2606, 2644, 0.00, 0.00
2026-9-2, 10:52:28.542003, 29160.00, 29190.75, 29141.00, 29181.00, 5250, 4997, 29168.19, 29170.92, 29165.88, 2476, 2774, 0.00, 0.00
2026-9-2, 11:00:04.003001, 29181.00, 29198.50, 29173.50, 29193.25, 5250, 4866, 29186.56, 29188.42, 29186.00, 2609, 2641, 0.00, 0.00
2026-9-2, 11:10:58.135000, 29193.50, 29195.00, 29159.25, 29165.75, 5250, 4987, 29178.38, 29173.33, 29177.13, 2807, 2443, 0.00, 0.00
2026-9-2, 11:23:25.202001, 29165.75, 29175.25, 29142.25, 29166.75, 5250, 4890, 29162.50, 29161.42, 29158.75, 2572, 2678, 0.00, 0.00
2026-9-2, 11:32:39.595000, 29166.50, 29173.25, 29138.25, 29147.25, 5250, 5030, 29156.31, 29152.92, 29155.75, 2652, 2598, 0.00, 0.00
2026-9-2, 11:45:38.867000, 29147.25, 29168.25, 29137.00, 29150.75, 5250, 5005, 29150.81, 29152.00, 29152.63, 2559, 2691, 0.00, 0.00
2026-9-2, 11:58:56.895000, 29150.75, 29182.50, 29132.00, 29132.50, 5250, 4926, 29149.44, 29149.00, 29157.25, 2620, 2630, 0.00, 0.00
2026-9-2, 12:08:50.726000, 29133.00, 29153.00, 29125.25, 29127.75, 5250, 4932, 29134.75, 29135.33, 29139.13, 2611, 2639, 0.00, 0.00
2026-9-2, 12:19:10.317010, 29127.75, 29155.25, 29126.00, 29154.25, 5250, 4973, 29140.81, 29145.17, 29140.63, 2421, 2829, 0.00, 0.00
2026-9-2, 12:30:48.182003, 29154.25, 29155.00, 29127.50, 29146.25, 5250, 4898, 29145.75, 29142.92, 29141.25, 2604, 2646, 0.00, 0.00
2026-9-2, 12:43:12.342000, 29146.75, 29173.75, 29142.75, 29156.25, 5250, 5015, 29154.88, 29157.58, 29158.25, 2526, 2724, 0.00, 0.00
2026-9-2, 12:51:36.432001, 29156.25, 29168.75, 29135.75, 29142.25, 5250, 5108, 29150.75, 29148.92, 29152.25, 2745, 2505, 0.00, 0.00
2026-9-2, 13:02:28.134000, 29141.75, 29166.00, 29137.75, 29144.50, 5250, 4972, 29147.50, 29149.42, 29151.88, 2711, 2539, 0.00, 0.00
2026-9-2, 13:14:21.683000, 29144.50, 29199.75, 29143.25, 29172.00, 5250, 5047, 29164.88, 29171.67, 29171.50, 2441, 2809, 0.00, 0.00
2026-9-2, 13:20:19.501000, 29171.75, 29176.50, 29155.00, 29167.25, 5250, 5053, 29167.63, 29166.25, 29165.75, 2686, 2564, 0.00, 29181.50
2026-9-2, 13:32:15.115000, 29167.25, 29175.00, 29131.50, 29134.50, 5250, 5035, 29152.06, 29147.00, 29153.25, 2798, 2452, 0.00, 0.00
2026-9-2, 13:43:21.154000, 29135.00, 29154.25, 29130.25, 29150.25, 5250, 5023, 29142.44, 29144.92, 29142.25, 2573, 2677, 0.00, 0.00
2026-9-2, 13:57:01.238000, 29150.25, 29168.75, 29138.00, 29167.25, 5250, 5000, 29156.06, 29158.00, 29153.38, 2476, 2774, 0.00, 0.00
2026-9-2, 14:10:18.560000, 29167.25, 29172.00, 29151.25, 29161.00, 5250, 4949, 29162.88, 29161.42, 29161.63, 2669, 2581, 0.00, 0.00
2026-9-2, 14:24:10.124000, 29161.75, 29175.00, 29150.00, 29162.00, 5250, 4991, 29162.19, 29162.33, 29162.50, 2486, 2764, 0.00, 0.00
2026-9-2, 14:36:28.593000, 29161.75, 29183.75, 29155.25, 29182.75, 5250, 4902, 29170.88, 29173.92, 29169.50, 2449, 2801, 0.00, 0.00
2026-9-2, 14:48:38.308000, 29182.75, 29196.50, 29170.50, 29196.50, 5250, 4939, 29186.56, 29187.83, 29183.50, 2393, 2857, 0.00, 0.00
2026-9-2, 14:54:53.031000, 29196.75, 29197.25, 29171.00, 29188.00, 5250, 4993, 29188.25, 29185.42, 29184.13, 2391, 2859, 0.00, 0.00
2026-9-2, 14:59:15.011000, 29188.25, 29194.00, 29178.50, 29188.75, 5250, 4579, 29187.38, 29187.08, 29186.25, 2705, 2545, 0.00, 0.00
2026-9-2, 14:59:59.725000, 29189.00, 29212.00, 29187.75, 29197.50, 5250, 4868, 29196.56, 29199.08, 29199.88, 2682, 2568, 0.00, 0.00
2026-9-2, 15:10:31.638004, 29197.50, 29205.50, 29139.75, 29159.25, 5250, 4630, 29175.50, 29168.17, 29172.63, 2760, 2490, 0.00, 0.00
2026-9-2, 15:25:19.350002, 29159.25, 29188.75, 29139.25, 29188.75, 5250, 4974, 29169.00, 29172.25, 29164.00, 2555, 2695, 0.00, 0.00
2026-9-2, 17:18:15.263001, 29188.75, 29208.75, 29167.50, 29206.50, 5250, 4823, 29192.88, 29194.25, 29188.13, 2596, 2654, 0.00, 0.00
2026-9-2, 18:45:46.553000, 29207.00, 29213.00, 29141.00, 29155.75, 5250, 4852, 29179.19, 29169.92, 29177.00, 2783, 2467, 0.00, 0.00
2026-9-2, 19:26:19.831000, 29155.75, 29200.75, 29146.00, 29168.00, 5250, 4830, 29167.63, 29171.58, 29173.38, 2499, 2751, 0.00, 0.00
2026-9-2, 20:24:55.101000, 29167.50, 29199.25, 29132.75, 29157.00, 5250, 4845, 29164.13, 29163.00, 29166.00, 2728, 2522, 0.00, 0.00
2026-9-2, 21:08:15.993000, 29156.50, 29202.50, 29156.50, 29202.50, 5250, 4790, 29179.50, 29187.17, 29179.50, 2385, 2865, 0.00, 0.00
2026-9-2, 22:13:58.537000, 29203.00, 29255.00, 29199.50, 29250.75, 5250, 4877, 29227.06, 29235.08, 29227.25, 2360, 2890, 0.00, 0.00
2026-9-2, 23:11:22.907000, 29250.75, 29250.75, 29148.25, 29152.50, 5250, 4716, 29200.56, 29183.83, 29199.50, 2984, 2266, 0.00, 0.00
2026-9-3, 00:13:37.842000, 29152.00, 29156.00, 29075.00, 29084.75, 5250, 4457, 29116.94, 29105.25, 29115.50, 3023, 2227, 0.00, 0.00
2026-9-3, 00:26:12.839001, 29085.00, 29164.00, 29076.25, 29164.00, 5250, 4749, 29122.31, 29134.75, 29120.13, 2459, 2791, 29071.25, 0.00
2026-9-3, 00:49:20.663001, 29164.00, 29203.25, 29160.75, 29171.75, 5250, 4776, 29174.94, 29178.58, 29182.00, 2717, 2533, 0.00, 0.00
2026-9-3, 01:27:59.261000, 29171.25, 29233.00, 29159.50, 29196.50, 5250, 4927, 29190.06, 29196.33, 29196.25, 2517, 2733, 0.00, 0.00
2026-9-3, 02:12:50.594000, 29196.25, 29245.50, 29178.50, 29221.50, 5250, 4916, 29210.44, 29215.17, 29212.00, 2674, 2576, 0.00, 0.00
2026-9-3, 02:57:38.528001, 29221.50, 29292.75, 29213.25, 29245.25, 5250, 4974, 29243.19, 29250.42, 29253.00, 2515, 2735, 0.00, 0.00
2026-9-3, 03:09:48.989000, 29245.75, 29266.75, 29227.00, 29232.00, 5250, 5081, 29242.88, 29241.92, 29246.88, 2986, 2264, 0.00, 0.00
2026-9-3, 03:42:51.892001, 29232.00, 29235.00, 29161.50, 29164.50, 5250, 4957, 29198.25, 29187.00, 29198.25, 2662, 2588, 0.00, 0.00
2026-9-3, 04:48:25.099000, 29164.50, 29170.50, 29120.25, 29127.50, 5250, 4968, 29145.69, 29139.42, 29145.38, 2599, 2651, 0.00, 0.00
2026-9-3, 05:28:19.769002, 29127.75, 29170.75, 29105.50, 29159.75, 5250, 4992, 29140.94, 29145.33, 29138.13, 2444, 2806, 0.00, 0.00
2026-9-3, 06:09:00.226003, 29159.50, 29186.75, 29111.25, 29137.50, 5250, 4876, 29148.75, 29145.17, 29149.00, 2660, 2590, 0.00, 0.00
2026-9-3, 06:45:43.741000, 29138.25, 29147.25, 29101.00, 29130.00, 5250, 4786, 29129.13, 29126.08, 29124.13, 2450, 2800, 0.00, 0.00
2026-9-3, 07:14:15.219006, 29130.00, 29244.00, 29105.75, 29208.50, 5250, 4813, 29172.06, 29186.08, 29174.88, 2389, 2861, 0.00, 0.00
2026-9-3, 07:30:55.934000, 29207.75, 29231.50, 29179.00, 29197.50, 5250, 4812, 29203.94, 29202.67, 29205.25, 2710, 2540, 0.00, 0.00
2026-9-3, 07:40:37.918000, 29198.25, 29258.75, 29182.00, 29248.00, 5250, 4864, 29221.75, 29229.58, 29220.38, 2439, 2811, 0.00, 0.00
2026-9-3, 07:56:23.522001, 29248.00, 29255.75, 29194.25, 29216.50, 5250, 4879, 29228.63, 29222.17, 29225.00, 2669, 2581, 0.00, 0.00
2026-9-3, 08:07:26.585000, 29216.25, 29246.00, 29200.50, 29219.00, 5250, 4907, 29220.44, 29221.83, 29223.25, 2540, 2710, 0.00, 0.00
2026-9-3, 08:24:34.954000, 29218.25, 29253.75, 29213.00, 29249.00, 2918, 2739, 29233.50, 29238.58, 29233.38, 1455, 1463, 0.00, 0.00
2026-9-3, 08:30:00.000000, 29249.50, 29279.25, 29240.25, 29278.50, 5250, 5007, 29261.88, 29266.00, 29259.75, 2509, 2741, 0.00, 0.00
2026-9-3, 08:30:47.194000, 29279.00, 29284.50, 29236.50, 29242.50, 5250, 4994, 29260.63, 29254.50, 29260.50, 2714, 2536, 0.00, 0.00
2026-9-3, 08:32:11.541000, 29242.75, 29255.25, 29222.25, 29247.00, 5250, 4999, 29241.81, 29241.50, 29238.75, 2561, 2689, 0.00, 0.00
2026-9-3, 08:33:38.521000, 29246.75, 29285.00, 29237.00, 29250.25, 5250, 4922, 29254.75, 29257.42, 29261.00, 2613, 2637, 0.00, 0.00
2026-9-3, 08:35:16.394002, 29250.25, 29270.75, 29199.50, 29211.75, 5250, 4988, 29233.06, 29227.33, 29235.13, 2716, 2534, 0.00, 0.00
2026-9-3, 08:36:44.430000, 29212.50, 29275.00, 29210.25, 29273.25, 5250, 5045, 29242.75, 29252.83, 29242.63, 2532, 2718, 0.00, 0.00
2026-9-3, 08:38:20.236002, 29273.25, 29316.75, 29271.00, 29313.25, 5250, 4850, 29293.56, 29300.33, 29293.88, 2305, 2945, 0.00, 0.00
2026-9-3, 08:39:46.104000, 29313.00, 29344.75, 29310.50, 29337.75, 5250, 4926, 29326.50, 29331.00, 29327.63, 2479, 2771, 0.00, 0.00
2026-9-3, 08:41:21.607001, 29338.00, 29359.50, 29319.75, 29323.25, 5250, 4966, 29335.13, 29334.17, 29339.63, 2685, 2565, 0.00, 29364.50
2026-9-3, 08:43:17.692000, 29322.25, 29349.25, 29317.00, 29336.25, 5250, 5012, 29331.19, 29334.17, 29333.13, 2505, 2745, 0.00, 0.00
2026-9-3, 08:46:02.747000, 29335.75, 29356.00, 29318.75, 29339.50, 5250, 5062, 29337.50, 29338.08, 29337.38, 2750, 2500, 0.00, 0.00
2026-9-3, 08:48:44.134000, 29339.25, 29374.50, 29337.75, 29360.50, 5250, 4844, 29353.00, 29357.58, 29356.13, 2456, 2794, 0.00, 0.00
2026-9-3, 08:51:00.912001, 29360.50, 29375.50, 29334.25, 29342.00, 5250, 4981, 29353.06, 29350.58, 29354.88, 2660, 2590, 0.00, 0.00
2026-9-3, 08:53:51.315000, 29342.25, 29354.25, 29307.50, 29310.25, 5250, 5003, 29328.56, 29324.00, 29330.88, 2804, 2446, 0.00, 0.00
2026-9-3, 08:56:50.457001, 29310.25, 29339.25, 29296.75, 29330.75, 5250, 4838, 29319.25, 29322.25, 29318.00, 2827, 2423, 0.00, 0.00
2026-9-3, 09:00:00.000011, 29330.50, 29333.25, 29264.50, 29280.50, 5250, 4958, 29302.19, 29292.75, 29298.88, 2882, 2368, 0.00, 0.00
2026-9-3, 09:01:36.250002, 29280.50, 29286.50, 29250.25, 29285.75, 5250, 4965, 29275.75, 29274.17, 29268.38, 2547, 2703, 0.00, 0.00
2026-9-3, 09:03:57.768000, 29285.50, 29291.50, 29259.00, 29276.25, 5250, 4922, 29278.06, 29275.58, 29275.25, 2654, 2596, 0.00, 0.00
2026-9-3, 09:07:23.582000, 29275.50, 29278.75, 29241.75, 29258.75, 5250, 4974, 29263.69, 29259.75, 29260.25, 2663, 2587, 0.00, 0.00
2026-9-3, 09:10:16.297000, 29259.25, 29299.25, 29249.50, 29282.00, 5250, 4823, 29272.50, 29276.92, 29274.38, 2545, 2705, 0.00, 0.00
2026-9-3, 09:13:27.694000, 29282.00, 29325.50, 29281.75, 29320.75, 5250, 4918, 29302.50, 29309.33, 29303.63, 2323, 2927, 0.00, 0.00
2026-9-3, 09:16:14.363000, 29320.75, 29344.25, 29307.75, 29341.50, 5250, 4972, 29328.56, 29331.17, 29326.00, 2394, 2856, 0.00, 0.00
2026-9-3, 09:19:47.380001, 29341.50, 29360.00, 29328.25, 29357.50, 5250, 4947, 29346.81, 29348.58, 29344.13, 2677, 2573, 0.00, 0.00
2026-9-3, 09:23:17.611001, 29357.50, 29364.50, 29327.00, 29349.50, 5250, 4854, 29349.63, 29347.00, 29345.75, 2763, 2487, 0.00, 0.00
2026-9-3, 09:27:15.025002, 29349.50, 29364.25, 29322.50, 29325.25, 5250, 4974, 29340.38, 29337.33, 29343.38, 2689, 2561, 0.00, 0.00
2026-9-3, 09:31:39.811000, 29324.75, 29333.00, 29291.75, 29293.00, 5250, 4706, 29310.63, 29305.92, 29312.38, 2936, 2314, 0.00, 0.00
2026-9-3, 09:34:46.087005, 29293.00, 29319.00, 29280.00, 29290.25, 5250, 5062, 29295.56, 29296.42, 29299.50, 2656, 2594, 0.00, 0.00
2026-9-3, 09:39:23.655001, 29290.50, 29311.50, 29273.25, 29283.50, 5250, 4853, 29289.69, 29289.42, 29292.38, 2547, 2703, 0.00, 0.00
2026-9-3, 09:43:25.359001, 29283.50, 29304.50, 29275.50, 29304.50, 5250, 4954, 29292.00, 29294.83, 29290.00, 2689, 2561, 0.00, 0.00
2026-9-3, 09:48:55.039001, 29304.50, 29313.00, 29285.25, 29301.75, 5250, 4726, 29301.13, 29300.00, 29299.13, 2671, 2579, 0.00, 0.00
2026-9-3, 09:54:23.769000, 29300.50, 29325.50, 29246.50, 29297.00, 5250, 4787, 29292.38, 29289.67, 29286.00, 2793, 2457, 0.00, 0.00
2026-9-3, 09:56:45.314000, 29296.75, 29369.00, 29289.25, 29369.00, 5250, 5013, 29331.00, 29342.42, 29329.13, 2492, 2758, 0.00, 0.00
2026-9-3, 10:00:01.066000, 29368.75, 29394.00, 29363.75, 29384.50, 5250, 4634, 29377.75, 29380.75, 29378.88, 2510, 2740, 0.00, 0.00
2026-9-3, 10:01:44.868048, 29384.50, 29424.25, 29379.25, 29408.25, 5250, 4814, 29399.06, 29403.92, 29401.75, 2567, 2683, 0.00, 0.00
2026-9-3, 10:04:17.649035, 29408.00, 29444.50, 29406.75, 29427.75, 5250, 4562, 29421.75, 29426.33, 29425.63, 2473, 2777, 0.00, 0.00
2026-9-3, 10:06:31.760000, 29428.00, 29445.50, 29422.25, 29441.50, 5250, 4937, 29434.31, 29436.42, 29433.88, 2795, 2455, 0.00, 29450.50
2026-9-3, 10:10:49.610005, 29441.50, 29466.25, 29441.25, 29458.75, 5250, 4692, 29451.94, 29455.42, 29453.75, 2732, 2518, 0.00, 0.00
2026-9-3, 10:13:40.471000, 29459.75, 29478.75, 29452.50, 29472.00, 5250, 4804, 29465.75, 29467.75, 29465.63, 2494, 2756, 0.00, 0.00
2026-9-3, 10:17:17.135001, 29472.00, 29480.00, 29453.75, 29458.25, 5250, 4804, 29466.00, 29464.00, 29466.88, 2830, 2420, 0.00, 0.00
2026-9-3, 10:21:13.401000, 29458.00, 29496.00, 29454.25, 29485.50, 5250, 4817, 29473.44, 29478.58, 29475.13, 2408, 2842, 0.00, 0.00
2026-9-3, 10:24:55.380000, 29486.00, 29524.75, 29479.00, 29522.75, 5250, 4619, 29503.13, 29508.83, 29501.88, 2397, 2853, 0.00, 0.00
2026-9-3, 10:28:00.121004, 29522.75, 29539.50, 29513.00, 29533.75, 5250, 4903, 29527.25, 29528.75, 29526.25, 2738, 2512, 0.00, 29544.50
2026-9-3, 10:30:56.168000, 29534.00, 29542.50, 29517.75, 29528.50, 5250, 4872, 29530.69, 29529.58, 29530.13, 2762, 2488, 0.00, 0.00
2026-9-3, 10:34:59.746000, 29528.25, 29537.50, 29505.25, 29505.75, 5250, 4931, 29519.19, 29516.17, 29521.38, 2753, 2497, 0.00, 0.00
2026-9-3, 10:40:57.777000, 29505.25, 29525.00, 29503.50, 29507.25, 5250, 4740, 29510.25, 29511.92, 29514.25, 2649, 2601, 0.00, 0.00
2026-9-3, 10:47:09.099000, 29507.75, 29531.25, 29504.00, 29529.25, 5250, 4928, 29518.06, 29521.50, 29517.63, 2527, 2723, 0.00, 0.00
2026-9-3, 10:55:41.288000, 29529.00, 29539.75, 29521.25, 29529.00, 5250, 4958, 29529.75, 29530.00, 29530.50, 2656, 2594, 0.00, 0.00
2026-9-3, 11:03:21.466000, 29528.75, 29533.50, 29503.00, 29510.50, 5250, 4767, 29518.94, 29515.67, 29518.25, 2831, 2419, 0.00, 0.00
2026-9-3, 11:10:17.152001, 29510.50, 29529.50, 29505.00, 29525.00, 5250, 4985, 29517.50, 29519.83, 29517.25, 2527, 2723, 0.00, 0.00
2026-9-3, 11:20:04.921000, 29524.25, 29524.25, 29489.25, 29497.50, 5250, 4957, 29508.81, 29503.67, 29506.75, 2863, 2387, 0.00, 0.00
2026-9-3, 11:29:25.875002, 29497.25, 29509.25, 29483.00, 29505.75, 5250, 5025, 29498.81, 29499.33, 29496.13, 2597, 2653, 0.00, 0.00
2026-9-3, 11:38:43.166000, 29506.25, 29534.50, 29506.00, 29532.25, 5250, 4992, 29519.75, 29524.25, 29520.25, 2658, 2592, 0.00, 0.00
2026-9-3, 11:49:19.811001, 29532.25, 29544.00, 29516.50, 29533.25, 5250, 4980, 29531.50, 29531.25, 29530.25, 2426, 2824, 0.00, 0.00
2026-9-3, 11:58:56.293000, 29533.25, 29534.00, 29491.00, 29493.25, 5250, 4878, 29512.88, 29506.08, 29512.50, 2792, 2458, 0.00, 0.00
2026-9-3, 12:10:06.668001, 29493.25, 29501.75, 29477.00, 29484.00, 5250, 4890, 29489.00, 29487.58, 29489.38, 2737, 2513, 0.00, 0.00
2026-9-3, 12:21:21.321019, 29484.00, 29514.75, 29476.00, 29511.50, 5250, 4906, 29496.56, 29500.75, 29495.38, 2473, 2777, 0.00, 0.00
2026-9-3, 12:32:42.532000, 29511.75, 29532.00, 29510.25, 29530.50, 5250, 4849, 29521.13, 29524.25, 29521.13, 2393, 2857, 0.00, 0.00
2026-9-3, 12:43:34.960005, 29530.50, 29546.25, 29521.75, 29543.75, 5250, 4922, 29535.56, 29537.25, 29534.00, 2481, 2769, 0.00, 0.00
2026-9-3, 12:52:30.094000, 29543.75, 29561.00, 29540.00, 29554.75, 5250, 4762, 29549.88, 29551.92, 29550.50, 2375, 2875, 0.00, 0.00
2026-9-3, 13:00:17.849000, 29554.75, 29578.50, 29550.75, 29575.75, 5250, 4842, 29564.94, 29568.33, 29564.63, 2510, 2740, 0.00, 0.00
2026-9-3, 13:06:33.659000, 29575.25, 29580.50, 29565.25, 29580.25, 5250, 4580, 29575.31, 29575.33, 29572.88, 2341, 2909, 0.00, 0.00
2026-9-3, 13:15:41.837001, 29580.25, 29584.25, 29564.75, 29576.25, 5250, 4852, 29576.38, 29575.08, 29574.50, 2537, 2713, 0.00, 0.00
2026-9-3, 13:25:48.782000, 29576.25, 29580.00, 29564.00, 29569.00, 5250, 4821, 29572.31, 29571.00, 29572.00, 2503, 2747, 0.00, 0.00
2026-9-3, 13:41:01.633001, 29569.25, 29581.00, 29559.50, 29569.75, 5250, 4961, 29569.88, 29570.08, 29570.25, 2506, 2744, 0.00, 0.00
2026-9-3, 13:53:26.221001, 29569.75, 29571.50, 29552.00, 29560.75, 5250, 4902, 29563.50, 29561.42, 29561.75, 2630, 2620, 0.00, 0.00
2026-9-3, 14:05:28.270000, 29561.00, 29561.00, 29532.75, 29537.25, 5250, 4926, 29548.00, 29543.67, 29546.88, 2736, 2514, 0.00, 0.00
2026-9-3, 14:16:14.552000, 29537.00, 29543.50, 29526.50, 29529.25, 5250, 4970, 29534.06, 29533.08, 29535.00, 2659, 2591, 0.00, 0.00
2026-9-3, 14:24:48.701005, 29529.25, 29539.50, 29525.50, 29528.75, 5250, 4921, 29530.75, 29531.25, 29532.50, 2660, 2590, 0.00, 0.00
2026-9-3, 14:34:13.387000, 29529.00, 29540.00, 29521.75, 29527.50, 5250, 4755, 29529.56, 29529.75, 29530.88, 2784, 2466, 0.00, 0.00
2026-9-3, 14:44:04.932001, 29527.50, 29536.00, 29512.00, 29513.50, 5250, 4960, 29522.25, 29520.50, 29524.00, 2762, 2488, 0.00, 0.00
2026-9-3, 14:51:30.526000, 29513.50, 29528.75, 29509.25, 29514.50, 5250, 5023, 29516.50, 29517.50, 29519.00, 2614, 2636, 0.00, 0.00
2026-9-3, 14:55:15.681000, 29515.50, 29524.75, 29509.25, 29515.75, 5250, 4971, 29516.31, 29516.58, 29517.00, 2369, 2881, 0.00, 0.00
2026-9-3, 14:58:48.203000, 29515.50, 29522.50, 29512.00, 29517.75, 5250, 4730, 29516.94, 29517.42, 29517.25, 2390, 2860, 0.00, 0.00
2026-9-3, 14:59:49.025000, 29517.50, 29536.25, 29516.25, 29529.50, 5250, 4662, 29524.88, 29527.33, 29526.25, 2350, 2900, 0.00, 0.00
2026-9-3, 15:00:01.665002, 29529.50, 29536.25, 29507.00, 29520.00, 5250, 4798, 29523.19, 29521.08, 29521.63, 2577, 2673, 0.00, 29541.25
2026-9-3, 15:08:18.530001, 29520.00, 29523.25, 29495.25, 29495.25, 5250, 4896, 29508.44, 29504.58, 29509.25, 2917, 2333, 0.00, 29528.25
2026-9-3, 17:00:56.228000, 29495.25, 29516.75, 29482.00, 29505.50, 5250, 4936, 29499.88, 29501.42, 29499.38, 2663, 2587, 0.00, 0.00
2026-9-3, 19:00:16.557000, 29505.75, 29542.25, 29497.50, 29526.75, 5250, 4863, 29518.06, 29522.17, 29519.88, 2488, 2762, 0.00, 0.00
2026-9-3, 20:01:10.243002, 29527.00, 29548.75, 29516.25, 29543.25, 5250, 4870, 29533.81, 29536.08, 29532.50, 2625, 2625, 0.00, 0.00
2026-9-3, 21:06:44.830000, 29544.25, 29578.25, 29541.75, 29577.00, 5250, 4860, 29560.31, 29565.67, 29560.00, 2417, 2833, 0.00, 0.00
2026-9-3, 22:34:43.093005, 29577.00, 29609.00, 29556.50, 29609.00, 5250, 4815, 29587.88, 29591.50, 29582.75, 2423, 2827, 0.00, 0.00
2026-9-4, 00:07:03.354031, 29609.25, 29643.00, 29591.50, 29617.25, 5250, 4699, 29615.25, 29617.25, 29617.25, 2482, 2768, 0.00, 0.00
2026-9-4, 00:57:35.235000, 29617.00, 29643.75, 29590.50, 29590.50, 5250, 4894, 29610.44, 29608.25, 29617.13, 2714, 2536, 0.00, 0.00
2026-9-4, 01:49:35.823000, 29591.00, 29646.75, 29574.00, 29643.75, 5250, 4785, 29613.88, 29621.50, 29610.38, 2535, 2715, 0.00, 0.00
2026-9-4, 02:42:05.859000, 29643.50, 29672.00, 29635.50, 29667.50, 5250, 4813, 29654.63, 29658.33, 29653.75, 2550, 2700, 0.00, 0.00
2026-9-4, 03:30:26.665003, 29667.50, 29673.00, 29616.50, 29650.50, 5250, 5000, 29651.88, 29646.67, 29644.75, 2631, 2619, 0.00, 0.00
2026-9-4, 04:48:49.075000, 29650.50, 29704.50, 29643.75, 29683.50, 5250, 4859, 29670.56, 29677.25, 29674.13, 2385, 2865, 0.00, 0.00
2026-9-4, 06:00:01.059000, 29683.00, 29690.00, 29650.75, 29658.50, 5250, 4797, 29670.56, 29666.42, 29670.38, 2727, 2523, 0.00, 0.00
2026-9-4, 07:02:30.422002, 29658.50, 29675.75, 29627.00, 29674.50, 5250, 4819, 29658.94, 29659.08, 29651.38, 2696, 2554, 0.00, 0.00
2026-9-4, 07:29:23.984002, 29674.50, 29694.00, 29547.00, 29557.50, 5250, 4567, 29618.25, 29599.50, 29620.50, 2895, 2355, 0.00, 0.00
2026-9-4, 07:32:15.062003, 29558.00, 29574.00, 29531.25, 29555.25, 5250, 4864, 29554.63, 29553.50, 29552.63, 2578, 2672, 0.00, 0.00
2026-9-4, 07:38:04.646000, 29556.50, 29587.00, 29533.75, 29533.75, 5250, 4741, 29552.75, 29551.50, 29560.38, 2708, 2542, 0.00, 0.00
2026-9-4, 07:46:10.558001, 29533.75, 29542.50, 29502.00, 29542.50, 5250, 4887, 29530.19, 29529.00, 29522.25, 2582, 2668, 0.00, 0.00
2026-9-4, 07:53:00.696018, 29542.50, 29550.25, 29518.00, 29546.25, 5250, 4917, 29539.25, 29538.17, 29534.13, 2507, 2743, 0.00, 0.00
2026-9-4, 08:03:49.444000, 29546.75, 29570.00, 29527.75, 29569.75, 5250, 4912, 29553.56, 29555.83, 29548.88, 2576, 2674, 0.00, 0.00
2026-9-4, 08:20:45.199000, 29569.75, 29591.00, 29569.00, 29589.00, 5240, 4569, 29579.69, 29583.00, 29580.00, 2492, 2748, 0.00, 0.00
2026-9-4, 08:30:00.000000, 29588.25, 29596.25, 29554.50, 29563.75, 5250, 4960, 29575.69, 29571.50, 29575.38, 2732, 2518, 0.00, 0.00
2026-9-4, 08:31:06.671000, 29564.25, 29611.25, 29554.75, 29602.50, 5250, 5127, 29583.19, 29589.50, 29583.00, 2493, 2757, 0.00, 0.00
2026-9-4, 08:32:32.533000, 29602.50, 29627.50, 29599.00, 29621.75, 5250, 4901, 29612.69, 29616.08, 29613.25, 2555, 2695, 0.00, 0.00
2026-9-4, 08:34:24.922000, 29621.25, 29644.50, 29616.75, 29627.50, 5250, 4997, 29627.50, 29629.58, 29630.63, 2610, 2640, 0.00, 0.00
2026-9-4, 08:36:33.617001, 29627.25, 29642.25, 29611.25, 29620.00, 5250, 5103, 29625.19, 29624.50, 29626.75, 2778, 2472, 0.00, 0.00
2026-9-4, 08:39:10.330000, 29620.75, 29641.00, 29602.00, 29628.50, 5250, 5064, 29623.06, 29623.83, 29621.50, 2546, 2704, 0.00, 0.00
2026-9-4, 08:41:38.906001, 29628.50, 29647.00, 29607.25, 29633.25, 5250, 4756, 29629.00, 29629.17, 29627.13, 2543, 2707, 0.00, 0.00
2026-9-4, 08:44:22.580000, 29632.75, 29635.25, 29577.50, 29592.00, 5250, 4942, 29609.38, 29601.58, 29606.38, 3029, 2221, 0.00, 0.00
2026-9-4, 08:45:57.385000, 29591.75, 29649.00, 29589.25, 29638.50, 5250, 4915, 29617.13, 29625.58, 29619.13, 2567, 2683, 0.00, 0.00
2026-9-4, 08:48:45.985000, 29639.50, 29643.25, 29609.75, 29616.50, 5250, 4868, 29627.25, 29623.17, 29626.50, 2754, 2496, 0.00, 0.00
2026-9-4, 08:52:34.242001, 29616.50, 29671.50, 29613.75, 29670.75, 5250, 5011, 29643.13, 29652.00, 29642.63, 2347, 2903, 0.00, 0.00
2026-9-4, 08:55:52.138004, 29671.25, 29691.75, 29670.75, 29679.00, 5250, 4982, 29678.19, 29680.50, 29681.25, 2621, 2629, 0.00, 0.00
2026-9-4, 08:59:35.351004, 29679.00, 29691.00, 29653.75, 29663.25, 5250, 4912, 29671.75, 29669.33, 29672.38, 2791, 2459, 0.00, 0.00
2026-9-4, 09:02:29.668000, 29663.00, 29677.75, 29656.25, 29668.75, 5250, 4944, 29666.44, 29667.58, 29667.00, 2833, 2417, 0.00, 0.00
2026-9-4, 09:07:08.402001, 29668.75, 29670.00, 29634.00, 29634.00, 5250, 4862, 29651.69, 29646.00, 29652.00, 2856, 2394, 0.00, 0.00
2026-9-4, 09:10:42.513003, 29634.00, 29638.00, 29594.00, 29608.00, 5250, 4988, 29618.50, 29613.33, 29616.00, 2805, 2445, 0.00, 0.00
2026-9-4, 09:13:20.026000, 29607.50, 29651.50, 29607.50, 29636.00, 5250, 4859, 29625.63, 29631.67, 29629.50, 2532, 2718, 0.00, 0.00
2026-9-4, 09:16:24.111003, 29636.00, 29638.75, 29592.00, 29598.50, 5250, 4974, 29616.31, 29609.75, 29615.38, 2971, 2279, 0.00, 0.00
2026-9-4, 09:20:17.380000, 29598.50, 29611.00, 29579.00, 29611.00, 5250, 4991, 29599.88, 29600.33, 29595.00, 2773, 2477, 0.00, 0.00
2026-9-4, 09:22:57.879000, 29611.00, 29611.25, 29565.50, 29565.75, 5250, 4898, 29588.38, 29580.83, 29588.38, 3055, 2195, 0.00, 0.00
2026-9-4, 09:26:45.345000, 29566.00, 29598.25, 29564.75, 29593.25, 5250, 4871, 29580.56, 29585.42, 29581.50, 2578, 2672, 29559.75, 0.00
2026-9-4, 09:30:10.876000, 29593.00, 29597.25, 29554.00, 29571.00, 5250, 4921, 29578.81, 29574.08, 29575.63, 2971, 2279, 0.00, 0.00
2026-9-4, 09:33:24.533000, 29571.00, 29588.75, 29554.50, 29583.25, 5250, 5036, 29574.38, 29575.50, 29571.63, 2743, 2507, 0.00, 0.00
2026-9-4, 09:38:14.813000, 29583.25, 29589.25, 29541.25, 29544.00, 5250, 4820, 29564.44, 29558.17, 29565.25, 3127, 2123, 0.00, 0.00
2026-9-4, 09:42:49.209000, 29544.25, 29547.50, 29527.75, 29535.00, 5250, 4943, 29538.63, 29536.75, 29537.63, 2814, 2436, 0.00, 0.00
2026-9-4, 09:46:20.105001, 29535.00, 29541.00, 29509.50, 29521.50, 5250, 4998, 29526.75, 29524.00, 29525.25, 2800, 2450, 0.00, 0.00
2026-9-4, 09:50:20.819001, 29521.75, 29535.50, 29511.25, 29512.00, 5250, 4905, 29520.13, 29519.58, 29523.38, 2745, 2505, 0.00, 0.00
2026-9-4, 09:54:52.591000, 29511.50, 29530.00, 29498.75, 29525.25, 5250, 4870, 29516.38, 29518.00, 29514.38, 2874, 2376, 0.00, 0.00
2026-9-4, 09:59:05.868000, 29525.50, 29530.00, 29497.50, 29503.75, 5250, 5033, 29514.19, 29510.42, 29513.75, 2953, 2297, 0.00, 0.00
2026-9-4, 10:03:15.357000, 29503.50, 29531.50, 29497.25, 29530.00, 5250, 4994, 29515.56, 29519.58, 29514.38, 2664, 2586, 0.00, 0.00
2026-9-4, 10:08:20.594003, 29530.00, 29540.00, 29511.25, 29534.50, 5250, 4932, 29528.94, 29528.58, 29525.63, 2670, 2580, 0.00, 0.00
2026-9-4, 10:14:00.536000, 29534.25, 29543.00, 29498.00, 29498.00, 5250, 4943, 29518.31, 29513.00, 29520.50, 2913, 2337, 0.00, 0.00
2026-9-4, 10:18:53.063033, 29498.00, 29506.50, 29484.25, 29503.25, 5250, 4803, 29498.00, 29498.00, 29495.38, 2731, 2519, 0.00, 0.00
2026-9-4, 10:23:02.037011, 29503.25, 29512.75, 29495.00, 29505.75, 5250, 4931, 29504.19, 29504.50, 29503.88, 2714, 2536, 0.00, 0.00
2026-9-4, 10:30:11.987001, 29505.75, 29505.75, 29478.00, 29491.25, 5250, 4892, 29495.19, 29491.67, 29491.88, 2869, 2381, 0.00, 0.00
2026-9-4, 10:34:58.002001, 29491.25, 29524.25, 29490.25, 29521.25, 5250, 4897, 29506.75, 29511.92, 29507.25, 2582, 2668, 0.00, 0.00
2026-9-4, 10:43:30.353000, 29521.50, 29524.50, 29487.00, 29511.00, 5250, 4965, 29511.00, 29507.50, 29505.75, 2842, 2408, 0.00, 0.00
2026-9-4, 10:50:16.313000, 29511.00, 29516.50, 29494.75, 29514.50, 5250, 5031, 29509.19, 29508.58, 29505.63, 2880, 2370, 0.00, 0.00
2026-9-4, 10:59:20.170001, 29514.50, 29530.00, 29505.00, 29529.25, 5250, 5037, 29519.69, 29521.42, 29517.50, 2748, 2502, 0.00, 0.00
2026-9-4, 11:08:10.337001, 29529.25, 29554.25, 29527.00, 29540.75, 5250, 4897, 29537.81, 29540.67, 29540.63, 2696, 2554, 0.00, 0.00
2026-9-4, 11:15:27.758000, 29540.25, 29565.25, 29536.00, 29555.25, 5250, 4900, 29549.19, 29552.17, 29550.63, 2758, 2492, 0.00, 0.00
2026-9-4, 11:24:39.329000, 29555.00, 29570.75, 29546.50, 29570.50, 5250, 4851, 29560.69, 29562.58, 29558.63, 2693, 2557, 0.00, 0.00
2026-9-4, 11:34:34.518000, 29570.25, 29574.00, 29557.00, 29567.50, 5250, 4903, 29567.19, 29566.17, 29565.50, 2871, 2379, 0.00, 0.00
2026-9-4, 11:44:53.570000, 29567.25, 29595.75, 29565.00, 29589.75, 5250, 4928, 29579.44, 29583.50, 29580.38, 2561, 2689, 0.00, 0.00
2026-9-4, 11:52:20.389000, 29589.50, 29593.00, 29564.25, 29564.75, 5250, 4999, 29577.88, 29574.00, 29578.63, 3003, 2247, 0.00, 0.00
2026-9-4, 12:01:09.871000, 29564.25, 29568.50, 29540.75, 29541.00, 5250, 4903, 29553.63, 29550.08, 29554.63, 2741, 2509, 0.00, 0.00
2026-9-4, 12:09:30.821000, 29541.75, 29546.50, 29526.50, 29533.50, 5250, 4880, 29537.06, 29535.50, 29536.50, 2968, 2282, 0.00, 0.00
2026-9-4, 12:19:47.428000, 29533.00, 29535.50, 29504.25, 29508.25, 5250, 4955, 29520.25, 29516.00, 29519.88, 2918, 2332, 0.00, 0.00
2026-9-4, 12:30:16.422024, 29508.25, 29508.25, 29485.00, 29493.75, 5250, 4870, 29498.81, 29495.67, 29496.63, 2813, 2437, 0.00, 0.00
2026-9-4, 12:38:40.719000, 29494.50, 29497.25, 29468.00, 29470.75, 5250, 4883, 29482.63, 29478.67, 29482.63, 2947, 2303, 0.00, 0.00
2026-9-4, 12:45:55.204001, 29470.50, 29496.00, 29469.50, 29488.00, 5250, 4768, 29481.00, 29484.50, 29482.75, 2591, 2659, 0.00, 0.00
2026-9-4, 12:53:53.563000, 29488.75, 29498.25, 29475.50, 29476.50, 5250, 4814, 29484.75, 29483.42, 29486.88, 2905, 2345, 0.00, 0.00
2026-9-4, 13:03:51.734000, 29476.25, 29497.25, 29471.25, 29487.50, 5250, 4970, 29483.06, 29485.33, 29484.25, 2667, 2583, 0.00, 0.00
2026-9-4, 13:14:43.810002, 29487.50, 29514.50, 29484.50, 29508.00, 5250, 4903, 29498.63, 29502.33, 29499.50, 2650, 2600, 0.00, 0.00
2026-9-4, 13:25:01.867008, 29508.00, 29519.50, 29502.00, 29512.25, 5250, 4781, 29510.44, 29511.25, 29510.75, 2823, 2427, 0.00, 0.00
2026-9-4, 13:36:19.405001, 29512.25, 29528.00, 29504.00, 29525.00, 5250, 4913, 29517.31, 29519.00, 29516.00, 2747, 2503, 0.00, 0.00
2026-9-4, 13:47:02.855000, 29525.25, 29544.00, 29521.25, 29543.50, 5250, 4842, 29533.50, 29536.25, 29532.63, 2627, 2623, 0.00, 0.00
2026-9-4, 14:00:20.241001, 29543.50, 29543.50, 29506.75, 29513.25, 5250, 4834, 29526.75, 29521.17, 29525.13, 2973, 2277, 0.00, 0.00
2026-9-4, 14:09:28.591005, 29513.25, 29528.00, 29507.00, 29524.75, 5250, 4828, 29518.25, 29519.92, 29517.50, 2490, 2760, 0.00, 0.00
2026-9-4, 14:25:39.851000, 29525.00, 29547.00, 29519.25, 29547.00, 5250, 4750, 29534.56, 29537.75, 29533.13, 2564, 2686, 0.00, 0.00
2026-9-4, 14:36:11.085075, 29547.00, 29548.75, 29526.75, 29546.25, 5250, 4861, 29542.19, 29540.58, 29537.75, 2644, 2606, 0.00, 0.00
2026-9-4, 14:46:21.746000, 29546.75, 29573.50, 29541.25, 29572.50, 5250, 4837, 29558.50, 29562.42, 29557.38, 2420, 2830, 0.00, 0.00
2026-9-4, 14:51:43.044000, 29572.75, 29582.25, 29559.75, 29581.50, 5250, 4973, 29574.06, 29574.50, 29571.00, 2641, 2609, 0.00, 0.00
2026-9-4, 14:55:15.268001, 29581.50, 29586.50, 29561.25, 29561.25, 5250, 4943, 29572.63, 29569.67, 29573.88, 2925, 2325, 0.00, 0.00
2026-9-4, 14:59:02.643000, 29561.75, 29569.25, 29558.50, 29566.50, 5250, 4606, 29564.00, 29564.75, 29563.88, 2650, 2600, 0.00, 0.00
2026-9-4, 14:59:51.226000, 29566.25, 29572.00, 29553.75, 29559.00, 5250, 4619, 29562.75, 29561.58, 29562.88, 2549, 2701, 0.00, 0.00
2026-9-4, 15:01:07.370004, 29559.00, 29564.75, 29529.50, 29541.75, 5250, 4726, 29548.75, 29545.33, 29547.13, 2699, 2551, 0.00, 0.00
2026-9-4, 15:14:26.266004, 29541.75, 29544.50, 29514.50, 29523.75, 5250, 4496, 29531.13, 29527.58, 29529.50, 3046, 2204, 0.00, 0.00
2026-9-4, 15:59:04.474001, 29523.75, 29528.50, 29521.25, 29523.00, 163, 153, 29524.13, 29524.25, 29524.88, 96, 67, 0.00, 0.00
