Date, Time, Open, High, Low, Last, Volume, # of Trades, OHLC Avg, HLC Avg, HL Avg, Bid Volume, Ask Volume, Buy Aggression, Sell Aggression
2026-7-7, 08:30:00.000000, 29593.00, 29685.75, 29569.25, 29643.50, 6750, 6307, 29622.88, 29632.83, 29627.50, 3196, 3554, 0.00, 0.00
2026-7-7, 08:30:53.487001, 29643.25, 29661.75, 29590.50, 29603.75, 6750, 5444, 29624.81, 29618.67, 29626.13, 4116, 2634, 0.00, 29666.75
2026-7-7, 08:33:04.319000, 29603.00, 29606.00, 29515.25, 29523.25, 6750, 5179, 29561.88, 29548.17, 29560.63, 4177, 2573, 0.00, 29611.00
2026-7-7, 08:34:35.192000, 29522.00, 29571.25, 29503.75, 29559.25, 6750, 6354, 29539.06, 29544.75, 29537.50, 3354, 3396, 0.00, 29576.25
2026-7-7, 08:37:18.837022, 29559.00, 29577.50, 29491.25, 29530.25, 6750, 6283, 29539.50, 29533.00, 29534.38, 3649, 3101, 0.00, 29582.50
2026-7-7, 08:40:01.050000, 29530.00, 29594.00, 29524.75, 29565.00, 6750, 5931, 29553.44, 29561.25, 29559.38, 2964, 3786, 0.00, 29599.00
2026-7-7, 08:42:55.835000, 29566.00, 29607.00, 29553.00, 29566.50, 6750, 6043, 29573.13, 29575.50, 29580.00, 3366, 3384, 0.00, 29612.00
2026-7-7, 08:45:59.950000, 29566.50, 29578.50, 29516.00, 29548.75, 6750, 5911, 29552.44, 29547.75, 29547.25, 3444, 3306, 0.00, 29583.50
2026-7-7, 08:49:00.235001, 29549.00, 29550.00, 29477.25, 29527.25, 6750, 6180, 29525.88, 29518.17, 29513.63, 3605, 3145, 0.00, 29555.00
2026-7-7, 08:52:06.342000, 29527.50, 29538.25, 29441.00, 29442.25, 6750, 6063, 29487.25, 29473.83, 29489.63, 3597, 3153, 0.00, 29543.25
2026-7-7, 08:55:24.079000, 29442.25, 29468.00, 29420.25, 29448.25, 6750, 6371, 29444.69, 29445.50, 29444.13, 3366, 3384, 0.00, 29473.00
2026-7-7, 08:59:01.075024, 29448.25, 29505.75, 29444.50, 29456.25, 6750, 6240, 29463.69, 29468.83, 29475.13, 3369, 3381, 0.00, 0.00
2026-7-7, 09:01:30.968002, 29456.00, 29494.00, 29422.50, 29442.75, 6750, 6380, 29453.81, 29453.08, 29458.25, 3544, 3206, 0.00, 0.00
2026-7-7, 09:05:48.023001, 29443.00, 29474.00, 29414.00, 29425.50, 6750, 6354, 29439.13, 29437.83, 29444.00, 3496, 3254, 29409.00, 0.00
2026-7-7, 09:10:24.735000, 29426.25, 29426.50, 29364.00, 29374.75, 6750, 6159, 29397.88, 29388.42, 29395.25, 3502, 3248, 29359.00, 0.00
2026-7-7, 09:13:40.352000, 29375.00, 29381.25, 29318.75, 29319.25, 6750, 4770, 29348.56, 29339.75, 29350.00, 4151, 2599, 0.00, 0.00
2026-7-7, 09:15:25.280000, 29320.00, 29364.50, 29307.00, 29358.25, 6750, 6088, 29337.44, 29343.25, 29335.75, 3209, 3541, 29302.00, 0.00
2026-7-7, 09:18:36.652000, 29358.75, 29378.25, 29305.50, 29305.50, 6750, 6206, 29337.00, 29329.75, 29341.88, 3383, 3367, 29300.50, 0.00
2026-7-7, 09:23:15.422015, 29305.50, 29324.00, 29260.75, 29265.00, 6750, 5877, 29288.81, 29283.25, 29292.38, 3680, 3070, 0.00, 0.00
2026-7-7, 09:26:29.718000, 29264.50, 29315.75, 29259.75, 29309.75, 6750, 6400, 29287.44, 29295.08, 29287.75, 3108, 3642, 29254.75, 0.00
2026-7-7, 09:30:21.211000, 29309.00, 29327.75, 29259.25, 29259.25, 6750, 6331, 29288.81, 29282.08, 29293.50, 3427, 3323, 0.00, 0.00
2026-7-7, 09:35:30.642004, 29258.75, 29284.75, 29240.75, 29257.50, 6750, 6119, 29260.44, 29261.00, 29262.75, 3511, 3239, 0.00, 0.00
2026-7-7, 09:40:06.492000, 29257.50, 29274.75, 29210.00, 29229.00, 6750, 6117, 29242.81, 29237.92, 29242.38, 3569, 3181, 0.00, 0.00
2026-7-7, 09:44:21.248001, 29229.00, 29292.50, 29227.00, 29274.75, 6750, 6121, 29255.81, 29264.75, 29259.75, 2997, 3753, 29222.00, 0.00
2026-7-7, 09:48:41.079000, 29275.00, 29315.75, 29254.25, 29299.50, 6750, 6162, 29286.13, 29289.83, 29285.00, 3113, 3637, 29249.25, 0.00
2026-7-7, 09:53:45.702011, 29299.50, 29325.75, 29276.75, 29318.75, 6750, 6181, 29305.19, 29307.08, 29301.25, 3212, 3538, 29271.75, 0.00
2026-7-7, 09:59:18.532001, 29319.00, 29325.00, 29271.25, 29313.50, 6750, 6167, 29307.19, 29303.25, 29298.13, 3496, 3254, 0.00, 0.00
2026-7-7, 10:04:57.108000, 29313.25, 29343.50, 29297.50, 29340.00, 6750, 6082, 29323.56, 29327.00, 29320.50, 3292, 3458, 0.00, 0.00
2026-7-7, 10:12:16.595003, 29340.00, 29358.00, 29285.50, 29285.75, 6750, 6031, 29317.31, 29309.75, 29321.75, 3523, 3227, 0.00, 29363.00
2026-7-7, 10:18:21.145010, 29285.50, 29318.25, 29271.75, 29290.25, 6750, 6289, 29291.44, 29293.42, 29295.00, 3395, 3355, 0.00, 29323.25
2026-7-7, 10:26:39.050008, 29290.25, 29323.75, 29271.75, 29293.25, 6750, 6180, 29294.75, 29296.25, 29297.75, 3254, 3496, 0.00, 0.00
2026-7-7, 10:36:00.013001, 29293.25, 29314.25, 29248.25, 29300.00, 6750, 6113, 29288.94, 29287.50, 29281.25, 3492, 3258, 0.00, 0.00
2026-7-7, 10:43:55.505002, 29300.00, 29376.75, 29295.25, 29348.00, 6750, 6106, 29330.00, 29340.00, 29336.00, 3205, 3545, 29290.25, 0.00
2026-7-7, 10:49:28.879021, 29348.00, 29384.00, 29332.25, 29378.75, 6750, 6071, 29360.75, 29365.00, 29358.13, 3440, 3310, 29327.25, 0.00
2026-7-7, 10:58:41.045001, 29378.75, 29432.00, 29372.50, 29428.75, 6750, 6108, 29403.00, 29411.08, 29402.25, 3161, 3589, 29367.50, 0.00
2026-7-7, 11:05:54.620004, 29428.75, 29457.75, 29398.00, 29457.75, 6750, 5884, 29435.56, 29437.83, 29427.88, 3210, 3540, 0.00, 0.00
2026-7-7, 11:12:53.810007, 29457.75, 29478.00, 29450.50, 29477.75, 6750, 5897, 29466.00, 29468.75, 29464.25, 3037, 3713, 0.00, 0.00
2026-7-7, 11:20:04.900001, 29477.75, 29548.00, 29477.75, 29518.00, 6750, 5391, 29505.38, 29514.58, 29512.88, 2798, 3952, 0.00, 0.00
2026-7-7, 11:23:47.206000, 29518.00, 29547.00, 29501.50, 29542.50, 6750, 5827, 29527.25, 29530.33, 29524.25, 3107, 3643, 0.00, 0.00
2026-7-7, 11:30:06.699001, 29542.50, 29558.25, 29499.50, 29500.00, 6750, 6066, 29525.06, 29519.25, 29528.88, 3521, 3229, 0.00, 0.00
2026-7-7, 11:36:19.623000, 29500.50, 29541.25, 29486.25, 29539.00, 6750, 6245, 29516.75, 29522.17, 29513.75, 3291, 3459, 29481.25, 0.00
2026-7-7, 11:45:19.640000, 29539.25, 29557.75, 29521.50, 29532.25, 6750, 5810, 29537.69, 29537.17, 29539.63, 3520, 3230, 29516.50, 0.00
2026-7-7, 11:55:07.932000, 29531.75, 29563.00, 29502.50, 29562.75, 6750, 6073, 29540.00, 29542.75, 29532.75, 3314, 3436, 29497.50, 0.00
2026-7-7, 12:05:27.981005, 29562.75, 29580.75, 29536.50, 29551.75, 6750, 5931, 29557.94, 29556.33, 29558.63, 3407, 3343, 0.00, 0.00
2026-7-7, 12:13:28.718001, 29551.75, 29567.75, 29510.00, 29541.25, 6750, 6187, 29542.69, 29539.67, 29538.88, 3541, 3209, 0.00, 0.00
2026-7-7, 12:23:23.260001, 29541.25, 29573.50, 29524.25, 29567.00, 6750, 6166, 29551.50, 29554.92, 29548.88, 3280, 3470, 29519.25, 0.00
2026-7-7, 12:36:20.125000, 29566.25, 29570.00, 29528.25, 29536.75, 6750, 5973, 29550.31, 29545.00, 29549.13, 3359, 3391, 0.00, 0.00
2026-7-7, 12:49:41.863002, 29536.75, 29574.25, 29529.00, 29547.00, 6750, 6117, 29546.75, 29550.08, 29551.63, 3221, 3529, 0.00, 0.00
2026-7-7, 13:04:00.766001, 29546.75, 29563.75, 29529.00, 29534.00, 6750, 6075, 29543.38, 29542.25, 29546.38, 3338, 3412, 0.00, 0.00
2026-7-7, 13:19:16.059000, 29534.50, 29561.00, 29500.00, 29517.00, 6750, 6078, 29528.13, 29526.00, 29530.50, 3691, 3059, 0.00, 29566.00
2026-7-7, 13:30:29.370000, 29516.75, 29531.50, 29471.75, 29473.25, 6750, 6008, 29498.31, 29492.17, 29501.63, 3522, 3228, 0.00, 0.00
2026-7-7, 13:41:54.698000, 29474.25, 29485.00, 29418.75, 29424.75, 6750, 6011, 29450.69, 29442.83, 29451.88, 3467, 3283, 29413.75, 0.00
2026-7-7, 13:49:23.138000, 29425.00, 29456.75, 29398.75, 29414.50, 6750, 6289, 29423.75, 29423.33, 29427.75, 3603, 3147, 0.00, 0.00
2026-7-7, 13:54:51.661007, 29414.75, 29422.75, 29353.25, 29369.50, 6750, 6073, 29390.06, 29381.83, 29388.00, 3550, 3200, 0.00, 0.00
2026-7-7, 14:01:54.088007, 29369.00, 29410.00, 29337.50, 29337.50, 6750, 6396, 29363.50, 29361.67, 29373.75, 3546, 3204, 0.00, 0.00
2026-7-7, 14:09:02.447002, 29337.50, 29349.00, 29294.75, 29295.00, 6750, 6364, 29319.06, 29312.92, 29321.88, 3470, 3280, 29289.75, 0.00
2026-7-7, 14:17:31.267000, 29295.00, 29324.50, 29271.00, 29298.75, 6750, 6296, 29297.31, 29298.08, 29297.75, 3369, 3381, 29266.00, 0.00
2026-7-7, 14:24:09.136002, 29298.75, 29368.25, 29280.75, 29364.75, 6750, 6345, 29328.13, 29337.92, 29324.50, 3245, 3505, 29275.75, 0.00
2026-7-7, 14:31:10.201000, 29365.00, 29371.75, 29319.25, 29349.75, 6750, 6224, 29351.44, 29346.92, 29345.50, 3433, 3317, 0.00, 0.00
2026-7-7, 14:38:49.300005, 29350.00, 29351.25, 29303.75, 29330.25, 6750, 6267, 29333.81, 29328.42, 29327.50, 3448, 3302, 29298.75, 0.00
2026-7-7, 14:48:58.524000, 29330.25, 29374.25, 29318.50, 29369.50, 6750, 6300, 29348.13, 29354.08, 29346.38, 3336, 3414, 29313.50, 0.00
2026-7-7, 14:55:00.040001, 29369.50, 29392.25, 29361.75, 29389.75, 6750, 6253, 29378.31, 29381.25, 29377.00, 3491, 3259, 0.00, 0.00
2026-7-7, 14:59:04.679008, 29389.75, 29399.00, 29382.50, 29391.50, 6750, 6026, 29390.69, 29391.00, 29390.75, 3789, 2961, 0.00, 0.00
2026-7-7, 14:59:57.251000, 29391.50, 29413.75, 29387.75, 29398.75, 6750, 6209, 29397.94, 29400.08, 29400.75, 3137, 3613, 29382.75, 0.00
2026-7-7, 15:01:35.404000, 29398.25, 29437.25, 29395.00, 29415.00, 6750, 6010, 29411.38, 29415.75, 29416.13, 3503, 3247, 0.00, 0.00
2026-7-7, 15:15:00.824000, 29415.25, 29424.75, 29319.50, 29359.50, 6750, 6200, 29379.75, 29367.92, 29372.13, 3400, 3350, 29314.50, 0.00
2026-7-7, 17:03:44.060000, 29360.00, 29406.00, 29344.50, 29392.00, 6750, 6165, 29375.63, 29380.83, 29375.25, 3196, 3554, 0.00, 0.00
2026-7-7, 18:22:27.941001, 29391.50, 29407.00, 29266.00, 29365.00, 6750, 6301, 29357.38, 29346.00, 29336.50, 3354, 3396, 0.00, 0.00
2026-7-7, 19:06:33.334001, 29365.00, 29477.50, 29360.00, 29452.50, 6750, 6157, 29413.75, 29430.00, 29418.75, 3382, 3368, 0.00, 0.00
2026-7-7, 19:29:59.085000, 29452.00, 29544.00, 29407.25, 29542.50, 6750, 6209, 29486.44, 29497.92, 29475.63, 3286, 3464, 29402.25, 0.00
2026-7-7, 19:59:18.658009, 29542.50, 29558.75, 29452.25, 29462.00, 6750, 6056, 29503.88, 29491.00, 29505.50, 3505, 3245, 0.00, 0.00
2026-7-7, 20:34:46.241000, 29463.75, 29485.25, 29388.00, 29418.75, 6750, 6287, 29438.94, 29430.67, 29436.63, 3412, 3338, 0.00, 0.00
2026-7-7, 21:19:14.140000, 29418.75, 29499.25, 29399.75, 29498.25, 6750, 6332, 29454.00, 29465.75, 29449.50, 3380, 3370, 0.00, 0.00
2026-7-7, 22:23:50.465025, 29498.25, 29532.25, 29426.25, 29428.50, 6750, 6315, 29471.31, 29462.33, 29479.25, 3443, 3307, 0.00, 0.00
2026-7-7, 23:31:39.424004, 29428.50, 29447.25, 29349.50, 29352.75, 6750, 6275, 29394.50, 29383.17, 29398.38, 3559, 3191, 0.00, 0.00
2026-7-8, 00:33:31.554000, 29353.75, 29380.75, 29311.75, 29335.25, 6750, 6208, 29345.38, 29342.58, 29346.25, 3548, 3202, 0.00, 0.00
2026-7-8, 01:21:50.285000, 29335.25, 29358.75, 29281.75, 29293.25, 6750, 6314, 29317.25, 29311.25, 29320.25, 3427, 3323, 0.00, 0.00
2026-7-8, 02:15:09.357000, 29292.75, 29409.50, 29281.00, 29351.25, 6750, 6136, 29333.63, 29347.25, 29345.25, 3270, 3480, 0.00, 0.00
2026-7-8, 03:05:11.005002, 29351.25, 29414.75, 29200.00, 29200.00, 6750, 6095, 29291.50, 29271.58, 29307.38, 3736, 3014, 0.00, 0.00
2026-7-8, 03:23:47.612020, 29200.00, 29200.00, 29035.00, 29062.50, 6750, 5898, 29124.38, 29099.17, 29117.50, 3592, 3158, 0.00, 0.00
2026-7-8, 03:32:25.552000, 29063.00, 29103.50, 28957.25, 29008.75, 6750, 5922, 29033.13, 29023.17, 29030.38, 3640, 3110, 0.00, 0.00
2026-7-8, 03:44:32.941006, 29008.75, 29099.00, 28989.75, 29018.25, 6750, 6060, 29028.94, 29035.67, 29044.38, 3533, 3217, 28984.75, 0.00
2026-7-8, 04:01:58.137000, 29019.50, 29034.00, 28909.75, 28952.25, 6750, 5936, 28978.88, 28965.33, 28971.88, 3559, 3191, 0.00, 0.00
2026-7-8, 04:20:53.162001, 28952.75, 29011.00, 28923.75, 28976.50, 6750, 6109, 28966.00, 28970.42, 28967.38, 3209, 3541, 28918.75, 0.00
2026-7-8, 05:00:12.332000, 28977.50, 29052.50, 28922.75, 29038.25, 6750, 5990, 28997.75, 29004.50, 28987.63, 3094, 3656, 0.00, 0.00
2026-7-8, 05:37:05.192000, 29038.25, 29063.00, 28977.00, 28989.50, 6750, 6274, 29016.94, 29009.83, 29020.00, 3418, 3332, 0.00, 0.00
2026-7-8, 06:23:14.884000, 28987.25, 29124.75, 28973.00, 29081.25, 6750, 6177, 29041.56, 29059.67, 29048.88, 3184, 3566, 0.00, 0.00
2026-7-8, 06:51:58.752000, 29079.00, 29184.25, 29054.25, 29169.75, 6750, 5967, 29121.81, 29136.08, 29119.25, 3151, 3599, 0.00, 0.00
2026-7-8, 07:11:21.619000, 29169.75, 29192.25, 29124.75, 29184.75, 6750, 5803, 29167.88, 29167.25, 29158.50, 3631, 3119, 0.00, 0.00
2026-7-8, 07:45:00.985000, 29184.50, 29239.50, 29148.00, 29183.75, 6750, 6218, 29188.94, 29190.42, 29193.75, 3355, 3395, 0.00, 0.00
2026-7-8, 08:03:27.426000, 29182.25, 29226.00, 29157.50, 29182.25, 6750, 6298, 29187.00, 29188.58, 29191.75, 3320, 3430, 0.00, 0.00
2026-7-8, 08:23:25.376000, 29182.50, 29230.00, 29154.00, 29202.25, 5052, 4606, 29192.19, 29195.42, 29192.00, 2524, 2528, 0.00, 29235.00
2026-7-8, 08:30:00.000000, 29202.75, 29277.50, 29201.00, 29255.00, 6750, 6227, 29234.06, 29244.50, 29239.25, 3302, 3448, 0.00, 0.00
2026-7-8, 08:31:19.535000, 29254.75, 29327.50, 29246.25, 29295.00, 6750, 6288, 29280.88, 29289.58, 29286.88, 3333, 3417, 0.00, 0.00
2026-7-8, 08:33:33.029001, 29295.00, 29338.00, 29277.50, 29310.50, 6750, 6271, 29305.25, 29308.67, 29307.75, 3415, 3335, 0.00, 0.00
2026-7-8, 08:36:26.512021, 29310.50, 29335.25, 29254.50, 29335.25, 6750, 6223, 29308.88, 29308.33, 29294.88, 3371, 3379, 0.00, 0.00
2026-7-8, 08:40:08.551002, 29335.50, 29385.00, 29329.75, 29344.00, 6750, 6007, 29348.56, 29352.92, 29357.38, 3353, 3397, 0.00, 0.00
2026-7-8, 08:42:41.118000, 29345.00, 29397.00, 29330.50, 29394.25, 6750, 6301, 29366.69, 29373.92, 29363.75, 3297, 3453, 0.00, 0.00
2026-7-8, 08:47:04.687000, 29395.50, 29399.00, 29287.75, 29294.75, 6750, 6297, 29344.25, 29327.17, 29343.38, 3719, 3031, 0.00, 0.00
2026-7-8, 08:50:45.205000, 29294.50, 29374.25, 29292.25, 29314.50, 6750, 6302, 29318.88, 29327.00, 29333.25, 3332, 3418, 0.00, 0.00
2026-7-8, 08:55:44.461003, 29314.50, 29394.75, 29291.00, 29351.50, 6750, 6318, 29337.94, 29345.75, 29342.88, 3441, 3309, 0.00, 0.00
2026-7-8, 09:00:29.545000, 29351.75, 29375.50, 29297.50, 29333.00, 6750, 6357, 29339.44, 29335.33, 29336.50, 3540, 3210, 29292.50, 0.00
2026-7-8, 09:05:10.194000, 29332.75, 29348.00, 29269.50, 29278.00, 6750, 6314, 29307.06, 29298.50, 29308.75, 3754, 2996, 0.00, 0.00
2026-7-8, 09:11:43.285000, 29278.00, 29299.25, 29235.25, 29253.00, 6750, 6244, 29266.38, 29262.50, 29267.25, 3534, 3216, 29230.25, 0.00
2026-7-8, 09:16:11.426002, 29253.00, 29342.00, 29243.75, 29339.25, 6750, 6210, 29294.50, 29308.33, 29292.88, 3127, 3623, 0.00, 0.00
2026-7-8, 09:21:21.519000, 29339.75, 29373.00, 29298.00, 29300.00, 6750, 6222, 29327.69, 29323.67, 29335.50, 3605, 3145, 0.00, 0.00
2026-7-8, 09:27:05.101000, 29299.00, 29324.00, 29254.25, 29274.25, 6750, 6249, 29287.88, 29284.17, 29289.13, 3476, 3274, 0.00, 0.00
2026-7-8, 09:33:35.692007, 29274.25, 29335.25, 29244.00, 29264.25, 6750, 6223, 29279.44, 29281.17, 29289.63, 3332, 3418, 29239.00, 0.00
2026-7-8, 09:38:51.363000, 29263.75, 29282.25, 29209.25, 29241.25, 6750, 6240, 29249.13, 29244.25, 29245.75, 3693, 3057, 0.00, 0.00
2026-7-8, 09:44:12.641000, 29242.75, 29266.00, 29177.75, 29188.25, 6750, 6070, 29218.69, 29210.67, 29221.88, 3562, 3188, 0.00, 0.00
2026-7-8, 09:49:26.590000, 29187.00, 29258.25, 29151.00, 29258.25, 6750, 6169, 29213.63, 29222.50, 29204.63, 3295, 3455, 29146.00, 0.00
2026-7-8, 09:53:47.398007, 29258.50, 29297.50, 29216.00, 29236.25, 6750, 6237, 29252.06, 29249.92, 29256.75, 3340, 3410, 0.00, 0.00
2026-7-8, 09:57:54.087000, 29234.50, 29239.00, 29178.75, 29186.00, 6750, 6305, 29209.56, 29201.25, 29208.88, 3524, 3226, 0.00, 0.00
2026-7-8, 10:06:24.850000, 29186.75, 29216.50, 29131.00, 29143.25, 6750, 6184, 29169.38, 29163.58, 29173.75, 3550, 3200, 0.00, 29221.50
2026-7-8, 10:14:42.955002, 29143.25, 29161.75, 29093.00, 29130.00, 6750, 6207, 29132.00, 29128.25, 29127.38, 3562, 3188, 0.00, 29166.75
2026-7-8, 10:20:13.931000, 29128.50, 29151.50, 29034.50, 29034.50, 6750, 6301, 29087.25, 29073.50, 29093.00, 3690, 3060, 0.00, 29156.50
2026-7-8, 10:26:36.012000, 29035.25, 29075.50, 29034.00, 29067.25, 6750, 6152, 29053.00, 29058.92, 29054.75, 3242, 3508, 0.00, 0.00
2026-7-8, 10:32:18.709002, 29067.50, 29153.00, 29065.75, 29132.00, 6750, 6081, 29104.56, 29116.92, 29109.38, 3366, 3384, 29060.75, 0.00
2026-7-8, 10:38:10.482000, 29131.50, 29144.75, 29080.25, 29112.75, 6750, 6268, 29117.31, 29112.58, 29112.50, 3598, 3152, 0.00, 0.00
2026-7-8, 10:45:58.973000, 29113.75, 29131.00, 29051.25, 29097.50, 6750, 6192, 29098.38, 29093.25, 29091.13, 3459, 3291, 29046.25, 0.00
2026-7-8, 10:55:38.117000, 29098.25, 29143.25, 29061.00, 29134.75, 6750, 6273, 29109.31, 29113.00, 29102.13, 3316, 3434, 29056.00, 0.00
2026-7-8, 11:04:38.047000, 29135.50, 29211.00, 29125.75, 29188.75, 6750, 6117, 29165.25, 29175.17, 29168.38, 3251, 3499, 0.00, 29216.00
2026-7-8, 11:11:46.081003, 29188.75, 29251.00, 29188.75, 29243.00, 6750, 6175, 29217.88, 29227.58, 29219.88, 3090, 3660, 0.00, 0.00
2026-7-8, 11:20:10.006001, 29243.00, 29298.00, 29240.50, 29277.25, 6750, 5939, 29264.69, 29271.92, 29269.25, 3329, 3421, 0.00, 29303.00
2026-7-8, 11:26:21.175000, 29277.50, 29331.75, 29269.50, 29302.50, 6750, 6156, 29295.31, 29301.25, 29300.63, 3106, 3644, 0.00, 0.00
2026-7-8, 11:33:28.786001, 29302.25, 29316.00, 29245.50, 29279.00, 6750, 6227, 29285.69, 29280.17, 29280.75, 3313, 3437, 29240.50, 0.00
2026-7-8, 11:39:44.661000, 29278.75, 29350.00, 29273.25, 29339.75, 6750, 6221, 29310.44, 29321.00, 29311.63, 3082, 3668, 29268.25, 0.00
2026-7-8, 11:46:50.726000, 29340.50, 29373.50, 29323.00, 29360.50, 6750, 6159, 29349.38, 29352.33, 29348.25, 3236, 3514, 29318.00, 0.00
2026-7-8, 11:56:06.799003, 29360.75, 29389.50, 29343.75, 29385.50, 6750, 6058, 29369.88, 29372.92, 29366.63, 3335, 3415, 29338.75, 0.00
2026-7-8, 12:07:50.112000, 29385.75, 29389.75, 29334.75, 29365.75, 6750, 6107, 29369.00, 29363.42, 29362.25, 3262, 3488, 29329.75, 0.00
2026-7-8, 12:19:15.144001, 29365.75, 29443.00, 29365.00, 29416.50, 6750, 6206, 29397.56, 29408.17, 29404.00, 3124, 3626, 29360.00, 0.00
2026-7-8, 12:26:23.759000, 29417.25, 29457.75, 29413.50, 29424.75, 6750, 6132, 29428.31, 29432.00, 29435.63, 3368, 3382, 29408.50, 0.00
2026-7-8, 12:38:56.485000, 29425.75, 29434.25, 29351.50, 29353.25, 6750, 5871, 29391.19, 29379.67, 29392.88, 3560, 3190, 0.00, 29439.25
2026-7-8, 12:48:19.445000, 29353.25, 29390.00, 29324.25, 29349.50, 6750, 6070, 29354.25, 29354.58, 29357.13, 3168, 3582, 0.00, 0.00
2026-7-8, 12:59:24.250002, 29349.25, 29422.75, 29330.00, 29404.75, 6750, 6121, 29376.69, 29385.83, 29376.38, 3264, 3486, 0.00, 0.00
2026-7-8, 13:10:01.540006, 29404.75, 29429.25, 29381.25, 29385.75, 6750, 6286, 29400.25, 29398.75, 29405.25, 3508, 3242, 0.00, 29434.25
2026-7-8, 13:25:05.758002, 29385.75, 29410.25, 29347.50, 29405.75, 6750, 6231, 29387.31, 29387.83, 29378.88, 3479, 3271, 0.00, 29415.25
2026-7-8, 13:38:35.841000, 29405.25, 29424.25, 29372.50, 29409.50, 6750, 6399, 29402.88, 29402.08, 29398.38, 3299, 3451, 29367.50, 0.00
2026-7-8, 13:53:36.280000, 29409.50, 29437.25, 29375.75, 29378.25, 6750, 6279, 29400.19, 29397.08, 29406.50, 3419, 3331, 29370.75, 0.00
2026-7-8, 14:06:38.699000, 29379.00, 29414.25, 29379.00, 29413.50, 6750, 6130, 29396.44, 29402.25, 29396.63, 3383, 3367, 29374.00, 0.00
2026-7-8, 14:21:34.248000, 29413.00, 29438.75, 29388.50, 29410.50, 6750, 6229, 29412.69, 29412.58, 29413.63, 3264, 3486, 29383.50, 0.00
2026-7-8, 14:36:17.291006, 29410.75, 29427.50, 29381.00, 29394.50, 6750, 6361, 29403.44, 29401.00, 29404.25, 3401, 3349, 29376.00, 0.00
2026-7-8, 14:50:00.526000, 29395.75, 29472.50, 29388.00, 29462.00, 6750, 6305, 29429.56, 29440.83, 29430.25, 3175, 3575, 29383.00, 0.00
2026-7-8, 14:56:32.322001, 29462.00, 29500.00, 29461.25, 29474.00, 6750, 5947, 29474.31, 29478.42, 29480.63, 3531, 3219, 0.00, 0.00
2026-7-8, 14:59:40.724011, 29474.25, 29474.50, 29444.00, 29449.50, 6750, 6141, 29460.56, 29456.00, 29459.25, 3801, 2949, 0.00, 0.00
2026-7-8, 15:00:14.048022, 29449.50, 29458.25, 29403.75, 29420.75, 6750, 6314, 29433.06, 29427.58, 29431.00, 3392, 3358, 29398.75, 0.00
2026-7-8, 15:15:09.641000, 29419.50, 29422.00, 29353.25, 29392.00, 6750, 6425, 29396.69, 29389.08, 29387.63, 3484, 3266, 29348.25, 0.00
2026-7-8, 15:52:42.210000, 29391.75, 29457.50, 29374.00, 29405.00, 6750, 6276, 29407.06, 29412.17, 29415.75, 3454, 3296, 0.00, 0.00
2026-7-8, 18:22:58.169000, 29406.00, 29552.00, 29397.75, 29539.00, 6750, 6214, 29473.69, 29496.25, 29474.88, 2859, 3891, 0.00, 0.00
2026-7-8, 19:09:13.908004, 29539.25, 29583.00, 29512.50, 29545.00, 6750, 6148, 29544.94, 29546.83, 29547.75, 3320, 3430, 29507.50, 0.00
2026-7-8, 19:49:02.499005, 29545.25, 29562.75, 29462.75, 29523.50, 6750, 6243, 29523.56, 29516.33, 29512.75, 3423, 3327, 29457.75, 0.00
2026-7-8, 20:33:26.479000, 29521.50, 29537.50, 29426.00, 29535.50, 6750, 5937, 29505.13, 29499.67, 29481.75, 3428, 3322, 0.00, 0.00
2026-7-8, 21:15:47.971000, 29536.50, 29579.00, 29419.00, 29442.00, 6750, 6089, 29494.13, 29480.00, 29499.00, 3416, 3334, 0.00, 0.00
2026-7-8, 21:56:40.812002, 29442.25, 29518.00, 29396.50, 29504.25, 6750, 6307, 29465.25, 29472.92, 29457.25, 3371, 3379, 0.00, 0.00
2026-7-8, 23:12:46.078000, 29503.75, 29597.00, 29462.50, 29549.25, 6750, 6005, 29528.13, 29536.25, 29529.75, 3411, 3339, 0.00, 0.00
2026-7-9, 00:16:59.673000, 29547.00, 29616.50, 29474.75, 29606.00, 6750, 6062, 29561.06, 29565.75, 29545.63, 3334, 3416, 0.00, 0.00
2026-7-9, 01:09:30.069001, 29606.00, 29644.25, 29588.00, 29618.50, 6750, 6016, 29614.19, 29616.92, 29616.13, 3343, 3407, 29583.00, 0.00
2026-7-9, 02:07:31.571001, 29618.50, 29706.75, 29617.25, 29694.75, 6750, 5698, 29659.31, 29672.92, 29662.00, 3167, 3583, 0.00, 0.00
2026-7-9, 02:54:43.123001, 29694.75, 29735.75, 29658.00, 29659.75, 6750, 5989, 29687.06, 29684.50, 29696.88, 3398, 3352, 0.00, 0.00
2026-7-9, 03:46:02.726000, 29660.25, 29675.75, 29613.75, 29657.25, 6750, 6093, 29651.75, 29648.92, 29644.75, 3404, 3346, 29608.75, 0.00
2026-7-9, 05:21:46.023000, 29657.75, 29663.00, 29564.50, 29630.00, 6750, 6195, 29628.81, 29619.17, 29613.75, 3471, 3279, 0.00, 29668.00
2026-7-9, 06:20:50.106009, 29630.25, 29721.75, 29612.00, 29704.00, 6750, 6018, 29667.00, 29679.25, 29666.88, 3214, 3536, 0.00, 29726.75
2026-7-9, 06:58:15.826000, 29704.25, 29757.00, 29681.00, 29746.00, 6750, 5754, 29722.06, 29728.00, 29719.00, 3096, 3654, 0.00, 29762.00
2026-7-9, 07:31:01.140000, 29746.50, 29786.50, 29715.25, 29736.50, 6750, 6110, 29746.19, 29746.08, 29750.88, 3317, 3433, 0.00, 0.00
2026-7-9, 07:56:12.394000, 29737.25, 29759.50, 29725.25, 29750.25, 6750, 5951, 29743.06, 29745.00, 29742.38, 3247, 3503, 0.00, 0.00
2026-7-9, 08:25:20.036000, 29749.25, 29758.00, 29730.00, 29745.25, 2655, 2352, 29745.63, 29744.42, 29744.00, 1439, 1216, 0.00, 29763.00
2026-7-9, 08:30:00.000000, 29746.75, 29755.00, 29682.50, 29718.25, 6750, 6213, 29725.63, 29718.58, 29718.75, 3590, 3160, 0.00, 0.00
2026-7-9, 08:31:31.240000, 29717.25, 29774.50, 29672.00, 29774.50, 6750, 6226, 29734.56, 29740.33, 29723.25, 3072, 3678, 0.00, 0.00
2026-7-9, 08:34:50.456001, 29774.50, 29837.75, 29767.25, 29835.00, 6750, 6227, 29803.63, 29813.33, 29802.50, 3003, 3747, 0.00, 0.00
2026-7-9, 08:38:00.349001, 29835.25, 29863.00, 29811.75, 29829.50, 6750, 6261, 29834.88, 29834.75, 29837.38, 3338, 3412, 0.00, 0.00
2026-7-9, 08:41:13.743000, 29829.50, 29874.00, 29818.50, 29870.50, 6750, 6438, 29848.13, 29854.33, 29846.25, 3178, 3572, 0.00, 0.00
2026-7-9, 08:45:02.183000, 29870.50, 29891.75, 29860.75, 29863.00, 6750, 6402, 29871.50, 29871.83, 29876.25, 3273, 3477, 0.00, 0.00
2026-7-9, 08:48:13.257001, 29862.75, 29879.00, 29808.50, 29877.00, 6750, 6342, 29856.81, 29854.83, 29843.75, 3402, 3348, 0.00, 0.00
2026-7-9, 08:51:33.090003, 29877.00, 29916.75, 29875.00, 29905.25, 6750, 6269, 29893.50, 29899.00, 29895.88, 3179, 3571, 0.00, 0.00
2026-7-9, 08:55:01.756000, 29905.50, 29931.25, 29887.75, 29902.00, 6750, 6287, 29906.63, 29907.00, 29909.50, 3427, 3323, 0.00, 0.00
2026-7-9, 09:00:35.319000, 29901.25, 29922.25, 29881.50, 29883.00, 6750, 6390, 29897.00, 29895.58, 29901.88, 3454, 3296, 0.00, 0.00
2026-7-9, 09:07:00.461000, 29882.25, 29888.00, 29812.50, 29819.50, 6750, 6359, 29850.56, 29840.00, 29850.25, 3577, 3173, 0.00, 0.00
2026-7-9, 09:11:10.755000, 29819.25, 29834.00, 29782.75, 29783.25, 6750, 6261, 29804.81, 29800.00, 29808.38, 3558, 3192, 0.00, 0.00
2026-7-9, 09:15:03.574003, 29783.00, 29783.50, 29680.25, 29721.00, 6750, 6202, 29741.94, 29728.25, 29731.88, 3606, 3144, 0.00, 0.00
2026-7-9, 09:16:43.706007, 29721.00, 29749.50, 29674.00, 29682.25, 6750, 6257, 29706.69, 29701.92, 29711.75, 3405, 3345, 0.00, 0.00
2026-7-9, 09:20:12.061001, 29682.50, 29684.25, 29614.50, 29643.25, 6750, 6128, 29656.13, 29647.33, 29649.38, 3563, 3187, 0.00, 0.00
2026-7-9, 09:22:42.534000, 29643.00, 29727.00, 29637.75, 29692.75, 6750, 6270, 29675.13, 29685.83, 29682.38, 3266, 3484, 0.00, 0.00
2026-7-9, 09:26:14.877000, 29692.75, 29777.50, 29688.75, 29746.25, 6750, 6267, 29726.31, 29737.50, 29733.13, 3365, 3385, 0.00, 0.00
2026-7-9, 09:30:55.629000, 29746.25, 29779.25, 29694.25, 29734.00, 6750, 6319, 29738.44, 29735.83, 29736.75, 3455, 3295, 0.00, 0.00
2026-7-9, 09:37:27.644001, 29733.75, 29799.00, 29726.25, 29760.50, 6750, 6201, 29754.88, 29761.92, 29762.63, 3404, 3346, 0.00, 0.00
2026-7-9, 09:44:58.137001, 29760.25, 29811.00, 29746.50, 29747.50, 6750, 6333, 29766.31, 29768.33, 29778.75, 3429, 3321, 0.00, 0.00
2026-7-9, 09:52:34.384000, 29747.00, 29818.00, 29723.50, 29815.75, 6750, 6291, 29776.06, 29785.75, 29770.75, 3148, 3602, 0.00, 0.00
2026-7-9, 09:58:43.204003, 29816.00, 29857.75, 29779.50, 29857.25, 6750, 6222, 29827.63, 29831.50, 29818.63, 3225, 3525, 0.00, 0.00
2026-7-9, 10:06:55.205001, 29856.75, 29867.50, 29829.00, 29867.25, 6750, 6163, 29855.13, 29854.58, 29848.25, 3365, 3385, 0.00, 29872.50
2026-7-9, 10:15:22.472004, 29867.25, 29879.00, 29830.00, 29869.00, 6750, 6041, 29861.31, 29859.33, 29854.50, 3270, 3480, 0.00, 0.00
2026-7-9, 10:23:47.930000, 29868.00, 29886.25, 29856.25, 29864.25, 6750, 6321, 29868.69, 29868.92, 29871.25, 3488, 3262, 0.00, 29891.25
2026-7-9, 10:34:55.680000, 29866.00, 29899.75, 29858.75, 29887.50, 6750, 6343, 29878.00, 29882.00, 29879.25, 3246, 3504, 29853.75, 0.00
2026-7-9, 10:47:55.068000, 29887.50, 29905.25, 29878.50, 29896.25, 6750, 5566, 29891.88, 29893.33, 29891.88, 3057, 3693, 29873.50, 0.00
2026-7-9, 10:58:48.973002, 29896.25, 29924.25, 29883.50, 29904.00, 6750, 6309, 29902.00, 29903.92, 29903.88, 3266, 3484, 29878.50, 0.00
2026-7-9, 11:10:59.622004, 29904.00, 29917.00, 29892.50, 29898.00, 6750, 6365, 29902.88, 29902.50, 29904.75, 3564, 3186, 0.00, 29922.00
2026-7-9, 11:26:12.201002, 29898.00, 29912.50, 29864.00, 29873.25, 6750, 6124, 29886.94, 29883.25, 29888.25, 3364, 3386, 0.00, 29917.50
2026-7-9, 11:36:51.651001, 29873.25, 29916.50, 29868.75, 29899.50, 6750, 6161, 29889.50, 29894.92, 29892.63, 3276, 3474, 29863.75, 0.00
2026-7-9, 11:50:13.243004, 29899.50, 29937.25, 29885.25, 29937.25, 6750, 6174, 29914.81, 29919.92, 29911.25, 3011, 3739, 29880.25, 0.00
2026-7-9, 12:06:47.966116, 29937.25, 29969.50, 29932.75, 29964.75, 6750, 5078, 29951.06, 29955.67, 29951.13, 2397, 4353, 29927.75, 0.00
2026-7-9, 12:11:19.685001, 29964.75, 29989.25, 29951.00, 29981.50, 6750, 6135, 29971.63, 29973.92, 29970.13, 3287, 3463, 29946.00, 0.00
2026-7-9, 12:24:13.086000, 29981.75, 29993.50, 29962.00, 29973.50, 6750, 6339, 29977.69, 29976.33, 29977.75, 3406, 3344, 0.00, 0.00
2026-7-9, 12:38:37.321000, 29973.25, 29992.25, 29950.75, 29955.50, 6750, 6380, 29967.94, 29966.17, 29971.50, 3700, 3050, 0.00, 29997.25
2026-7-9, 12:58:31.746000, 29955.25, 29985.00, 29954.25, 29973.50, 6750, 6300, 29967.00, 29970.92, 29969.63, 3495, 3255, 0.00, 29990.00
2026-7-9, 13:13:54.778000, 29973.75, 29981.00, 29942.00, 29947.25, 6750, 6261, 29961.00, 29956.75, 29961.50, 3697, 3053, 0.00, 29986.00
2026-7-9, 13:29:04.688001, 29947.25, 29968.25, 29939.50, 29958.75, 6750, 6492, 29953.44, 29955.50, 29953.88, 3486, 3264, 0.00, 29973.25
2026-7-9, 13:45:28.368000, 29959.25, 29965.00, 29926.50, 29927.25, 6750, 6286, 29944.50, 29939.58, 29945.75, 3594, 3156, 0.00, 0.00
2026-7-9, 14:00:30.135000, 29927.25, 29936.75, 29905.25, 29919.75, 6750, 6274, 29922.25, 29920.58, 29921.00, 3630, 3120, 0.00, 0.00
2026-7-9, 14:11:13.937000, 29919.25, 29958.25, 29902.75, 29946.50, 6750, 6248, 29931.69, 29935.83, 29930.50, 3235, 3515, 29897.75, 0.00
2026-7-9, 14:23:05.618004, 29946.50, 29951.50, 29909.00, 29918.00, 6750, 5903, 29931.25, 29926.17, 29930.25, 3738, 3012, 0.00, 0.00
2026-7-9, 14:34:28.576000, 29918.00, 29952.25, 29913.75, 29943.00, 6750, 6148, 29931.75, 29936.33, 29933.00, 3351, 3399, 29908.75, 0.00
2026-7-9, 14:48:37.196001, 29943.00, 29948.00, 29902.75, 29902.75, 6750, 5929, 29924.13, 29917.83, 29925.38, 3641, 3109, 0.00, 0.00
2026-7-9, 14:54:50.016005, 29902.75, 29954.75, 29896.75, 29940.75, 6750, 6124, 29923.75, 29930.75, 29925.75, 3420, 3330, 0.00, 0.00
2026-7-9, 14:59:15.547002, 29941.00, 29944.00, 29926.75, 29938.75, 6750, 5773, 29937.63, 29936.50, 29935.38, 3436, 3314, 0.00, 0.00
2026-7-9, 14:59:58.604002, 29938.75, 29962.50, 29938.25, 29952.50, 6750, 6179, 29948.00, 29951.08, 29950.38, 3249, 3501, 0.00, 0.00
2026-7-9, 15:05:36.353000, 29952.25, 29973.75, 29932.00, 29934.75, 6750, 6334, 29948.19, 29946.83, 29952.88, 3395, 3355, 29927.00, 0.00
2026-7-9, 15:45:15.355000, 29935.25, 29961.00, 29904.00, 29918.00, 6750, 6101, 29929.56, 29927.67, 29932.50, 3444, 3306, 29899.00, 0.00
2026-7-9, 18:01:31.310004, 29918.00, 29964.25, 29868.00, 29874.50, 6750, 6362, 29906.19, 29902.25, 29916.13, 3417, 3333, 0.00, 29969.25
2026-7-9, 19:08:10.805001, 29874.50, 29903.50, 29804.25, 29822.00, 6750, 6276, 29851.06, 29843.25, 29853.88, 3422, 3328, 0.00, 0.00
2026-7-9, 19:42:11.364002, 29822.00, 29870.75, 29808.00, 29849.75, 6750, 5549, 29837.63, 29842.83, 29839.38, 2885, 3865, 29803.00, 0.00
2026-7-9, 20:17:01.984000, 29847.75, 29922.75, 29847.50, 29868.25, 6750, 6072, 29871.56, 29879.50, 29885.13, 3220, 3530, 0.00, 0.00
2026-7-9, 21:16:14.619000, 29869.00, 29963.50, 29854.25, 29929.00, 6750, 6071, 29903.94, 29915.58, 29908.88, 3172, 3578, 29849.25, 0.00
2026-7-9, 22:27:03.245002, 29929.00, 29948.75, 29865.75, 29868.25, 6750, 6006, 29902.94, 29894.25, 29907.25, 3460, 3290, 29860.75, 0.00
2026-7-10, 00:10:03.165000, 29867.75, 29897.00, 29820.00, 29821.00, 6750, 6082, 29851.44, 29846.00, 29858.50, 3525, 3225, 0.00, 29902.00
2026-7-10, 01:16:02.119014, 29821.00, 29832.50, 29775.25, 29824.50, 6750, 5898, 29813.31, 29810.75, 29803.88, 3399, 3351, 29770.25, 0.00
2026-7-10, 01:59:44.613001, 29824.50, 29827.75, 29743.75, 29790.50, 6750, 6396, 29796.63, 29787.33, 29785.75, 3516, 3234, 0.00, 0.00
2026-7-10, 03:11:10.951000, 29790.00, 29803.75, 29717.25, 29791.75, 6750, 5992, 29775.69, 29770.92, 29760.50, 3641, 3109, 29712.25, 0.00
2026-7-10, 04:12:46.741000, 29791.25, 29856.00, 29789.50, 29850.00, 6750, 6175, 29821.69, 29831.83, 29822.75, 3318, 3432, 29784.50, 0.00
2026-7-10, 05:40:22.099009, 29850.75, 29887.75, 29811.50, 29827.50, 6750, 6356, 29844.38, 29842.25, 29849.63, 3384, 3366, 29806.50, 0.00
2026-7-10, 06:45:25.840000, 29827.50, 29878.75, 29771.25, 29839.75, 6750, 5525, 29829.31, 29829.92, 29825.00, 2853, 3897, 0.00, 0.00
2026-7-10, 07:14:41.007000, 29838.00, 29860.75, 29816.50, 29821.00, 6750, 5777, 29834.06, 29832.75, 29838.63, 3549, 3201, 29811.50, 0.00
2026-7-10, 07:57:13.423005, 29821.00, 29851.00, 29790.50, 29832.75, 6750, 6195, 29823.81, 29824.75, 29820.75, 3298, 3452, 0.00, 0.00
2026-7-10, 08:27:11.889001, 29833.25, 29838.25, 29809.75, 29835.00, 1708, 1570, 29829.06, 29827.67, 29824.00, 878, 830, 0.00, 29843.25
2026-7-10, 08:30:00.002000, 29834.75, 29892.75, 29812.50, 29873.50, 6750, 6298, 29853.38, 29859.58, 29852.63, 3478, 3272, 0.00, 0.00
2026-7-10, 08:31:47.139000, 29873.75, 29926.00, 29867.50, 29897.25, 6750, 6410, 29891.13, 29896.92, 29896.75, 3227, 3523, 0.00, 0.00
2026-7-10, 08:35:58.348000, 29897.25, 29936.75, 29861.00, 29867.00, 6750, 6155, 29890.50, 29888.25, 29898.88, 3647, 3103, 0.00, 0.00
2026-7-10, 08:39:30.591000, 29866.25, 29875.50, 29798.00, 29848.50, 6750, 6089, 29847.06, 29840.67, 29836.75, 3499, 3251, 0.00, 0.00
2026-7-10, 08:42:44.114000, 29848.25, 29906.00, 29830.00, 29900.25, 6750, 6364, 29871.13, 29878.75, 29868.00, 3304, 3446, 0.00, 0.00
2026-7-10, 08:46:33.933000, 29899.75, 29949.75, 29893.75, 29925.50, 6750, 6206, 29917.19, 29923.00, 29921.75, 3105, 3645, 0.00, 0.00
2026-7-10, 08:50:51.213000, 29924.50, 29968.50, 29912.00, 29917.75, 6750, 5956, 29930.69, 29932.75, 29940.25, 3220, 3530, 0.00, 0.00
2026-7-10, 08:55:17.868000, 29917.25, 29955.00, 29903.50, 29915.75, 6750, 6351, 29922.88, 29924.75, 29929.25, 3321, 3429, 0.00, 0.00
2026-7-10, 09:00:31.386003, 29915.75, 29961.25, 29912.75, 29924.25, 6750, 6382, 29928.50, 29932.75, 29937.00, 3362, 3388, 0.00, 0.00
2026-7-10, 09:07:04.475001, 29924.25, 29964.50, 29906.50, 29955.50, 6750, 6169, 29937.69, 29942.17, 29935.50, 3169, 3581, 0.00, 0.00
2026-7-10, 09:12:44.659000, 29956.00, 29966.00, 29910.00, 29917.00, 6750, 6307, 29937.25, 29931.00, 29938.00, 3320, 3430, 0.00, 0.00
2026-7-10, 09:18:53.209000, 29917.50, 29921.25, 29844.75, 29874.25, 6750, 6214, 29889.44, 29880.08, 29883.00, 3565, 3185, 0.00, 0.00
2026-7-10, 09:23:32.712004, 29874.00, 29936.75, 29861.75, 29928.75, 6750, 6341, 29900.31, 29909.08, 29899.25, 3139, 3611, 0.00, 0.00
2026-7-10, 09:28:46.642000, 29928.50, 29957.25, 29735.50, 29744.00, 6750, 6049, 29841.31, 29812.25, 29846.38, 3903, 2847, 0.00, 0.00
2026-7-10, 09:33:01.203000, 29743.50, 29873.50, 29675.00, 29855.00, 6750, 6258, 29786.75, 29801.17, 29774.25, 3345, 3405, 0.00, 0.00
2026-7-10, 09:35:12.790000, 29854.50, 29895.00, 29818.25, 29879.25, 6750, 6128, 29861.75, 29864.17, 29856.63, 3439, 3311, 0.00, 0.00
2026-7-10, 09:40:57.923015, 29879.25, 29905.50, 29840.00, 29877.00, 6750, 6238, 29875.44, 29874.17, 29872.75, 3364, 3386, 0.00, 0.00
2026-7-10, 09:49:19.435005, 29876.75, 29913.00, 29814.50, 29819.75, 6750, 6128, 29856.00, 29849.08, 29863.75, 3729, 3021, 0.00, 0.00
2026-7-10, 09:56:30.500000, 29819.75, 29853.25, 29789.75, 29819.75, 6750, 6362, 29820.63, 29820.92, 29821.50, 3344, 3406, 0.00, 0.00
2026-7-10, 10:02:25.704000, 29821.25, 29860.00, 29780.00, 29847.75, 6750, 6176, 29827.25, 29829.25, 29820.00, 3419, 3331, 0.00, 0.00
2026-7-10, 10:08:37.670003, 29848.00, 29933.25, 29843.75, 29931.25, 6750, 6171, 29889.06, 29902.75, 29888.50, 3072, 3678, 0.00, 0.00
2026-7-10, 10:16:27.003000, 29931.00, 29957.00, 29901.25, 29946.50, 6750, 6307, 29933.94, 29934.92, 29929.13, 3332, 3418, 0.00, 0.00
2026-7-10, 10:23:58.830000, 29947.50, 29991.50, 29937.50, 29979.00, 6750, 6189, 29963.88, 29969.33, 29964.50, 3162, 3588, 0.00, 0.00
2026-7-10, 10:30:56.226009, 29978.75, 29991.50, 29946.50, 29961.25, 6750, 6429, 29969.50, 29966.42, 29969.00, 3342, 3408, 0.00, 0.00
2026-7-10, 10:38:35.024000, 29961.50, 29963.75, 29834.00, 29841.00, 6750, 6383, 29900.06, 29879.58, 29898.88, 3763, 2987, 0.00, 0.00
2026-7-10, 10:43:18.451000, 29840.00, 29901.25, 29840.00, 29896.50, 6750, 6254, 29869.44, 29879.25, 29870.63, 3165, 3585, 0.00, 0.00
2026-7-10, 10:47:58.560003, 29896.25, 29946.25, 29887.75, 29943.50, 6750, 6300, 29918.44, 29925.83, 29917.00, 3241, 3509, 0.00, 0.00
2026-7-10, 10:59:24.248001, 29943.50, 29990.00, 29939.25, 29968.00, 6750, 6359, 29960.19, 29965.75, 29964.63, 3117, 3633, 0.00, 0.00
2026-7-10, 11:09:07.876005, 29968.00, 30017.00, 29962.50, 30016.25, 6750, 5811, 29990.94, 29998.58, 29989.75, 2708, 4042, 0.00, 0.00
2026-7-10, 11:16:53.358000, 30016.25, 30023.00, 29998.75, 30014.00, 6750, 6226, 30013.00, 30011.92, 30010.88, 3527, 3223, 0.00, 0.00
2026-7-10, 11:26:42.423000, 30013.75, 30034.00, 30004.00, 30009.50, 6750, 6200, 30015.31, 30015.83, 30019.00, 3625, 3125, 0.00, 0.00
2026-7-10, 11:39:27.256001, 30009.50, 30043.25, 30008.25, 30017.25, 6750, 6431, 30019.56, 30022.92, 30025.75, 3463, 3287, 30003.25, 0.00
2026-7-10, 11:55:59.156001, 30017.50, 30035.00, 29997.00, 29997.00, 6750, 6370, 30011.63, 30009.67, 30016.00, 3539, 3211, 0.00, 0.00
2026-7-10, 12:14:12.663000, 29997.50, 30058.25, 29996.50, 30054.00, 6750, 6257, 30026.56, 30036.25, 30027.38, 2994, 3756, 29991.50, 0.00
2026-7-10, 12:31:31.607000, 30054.75, 30072.25, 30038.00, 30062.25, 6750, 6156, 30056.81, 30057.50, 30055.13, 3367, 3383, 0.00, 30077.25
2026-7-10, 12:48:16.282000, 30062.75, 30069.50, 30031.25, 30054.00, 6750, 6192, 30054.38, 30051.58, 30050.38, 3522, 3228, 0.00, 30074.50
2026-7-10, 13:05:11.393001, 30054.25, 30071.00, 30028.00, 30030.25, 6750, 6204, 30045.88, 30043.08, 30049.50, 3596, 3154, 0.00, 30076.00
2026-7-10, 13:18:57.748000, 30030.00, 30065.50, 30021.50, 30041.00, 6750, 6138, 30039.50, 30042.67, 30043.50, 3393, 3357, 0.00, 30070.50
2026-7-10, 13:32:49.686000, 30041.00, 30057.75, 30028.25, 30038.50, 6750, 6445, 30041.38, 30041.50, 30043.00, 3559, 3191, 30023.25, 0.00
2026-7-10, 13:55:36.355000, 30038.50, 30077.75, 30033.00, 30051.75, 6750, 6276, 30050.25, 30054.17, 30055.38, 3370, 3380, 30028.00, 0.00
2026-7-10, 14:10:31.407000, 30051.75, 30060.50, 30036.50, 30054.75, 6750, 6244, 30050.88, 30050.58, 30048.50, 3428, 3322, 30031.50, 0.00
2026-7-10, 14:30:14.022000, 30055.50, 30068.00, 30044.75, 30052.00, 6750, 6277, 30055.06, 30054.92, 30056.38, 3357, 3393, 0.00, 0.00
2026-7-10, 14:47:12.008001, 30052.00, 30066.50, 30035.25, 30042.25, 6750, 6358, 30049.00, 30048.00, 30050.88, 3634, 3116, 0.00, 0.00
2026-7-10, 14:55:20.470000, 30043.25, 30046.25, 30027.25, 30027.75, 6750, 6003, 30036.13, 30033.75, 30036.75, 3800, 2950, 0.00, 0.00
2026-7-10, 14:59:43.302013, 30027.75, 30052.75, 30024.75, 30052.75, 6750, 5933, 30039.50, 30043.42, 30038.75, 3168, 3582, 0.00, 0.00
2026-7-10, 15:01:36.548001, 30052.75, 30063.00, 30036.00, 30061.75, 6750, 6312, 30053.38, 30053.58, 30049.50, 3449, 3301, 30031.00, 0.00
2026-7-10, 15:50:05.161000, 30061.75, 30073.75, 30059.50, 30068.50, 1148, 960, 30065.88, 30067.25, 30066.63, 636, 512, 0.00, 0.00
2026-7-12, 17:00:00.000000, 29952.00, 29979.50, 29855.00, 29862.00, 6750, 6061, 29912.13, 29898.83, 29917.25, 3669, 3081, 0.00, 29984.50
2026-7-12, 17:14:38.273004, 29861.50, 29915.00, 29860.75, 29895.00, 6750, 6190, 29883.06, 29890.25, 29887.88, 3244, 3506, 0.00, 0.00
2026-7-12, 18:10:18.454000, 29894.00, 29958.00, 29845.00, 29954.00, 6750, 6178, 29912.75, 29919.00, 29901.50, 3256, 3494, 0.00, 0.00
2026-7-12, 19:03:08.971001, 29954.00, 30041.00, 29948.50, 29997.75, 6750, 6169, 29985.31, 29995.75, 29994.75, 3297, 3453, 29943.50, 0.00
2026-7-12, 19:24:25.648001, 29998.25, 30004.50, 29819.75, 29823.75, 6750, 6318, 29911.56, 29882.67, 29912.13, 3724, 3026, 0.00, 0.00
2026-7-12, 19:52:31.850001, 29823.50, 29851.25, 29788.75, 29820.25, 6750, 6213, 29820.94, 29820.08, 29820.00, 3276, 3474, 29783.75, 0.00
2026-7-12, 20:24:10.428015, 29820.25, 29843.25, 29737.25, 29743.00, 6750, 6235, 29785.94, 29774.50, 29790.25, 3544, 3206, 0.00, 29848.25
2026-7-12, 20:56:17.213002, 29743.25, 29808.75, 29727.00, 29800.00, 6750, 6123, 29769.75, 29778.58, 29767.88, 3186, 3564, 29722.00, 0.00
2026-7-12, 21:29:54.727000, 29801.00, 29802.00, 29682.00, 29704.75, 6750, 6124, 29747.44, 29729.58, 29742.00, 3656, 3094, 0.00, 0.00
2026-7-12, 22:20:07.279002, 29705.00, 29727.25, 29650.00, 29662.25, 6750, 6275, 29686.13, 29679.83, 29688.63, 3492, 3258, 0.00, 0.00
2026-7-12, 23:13:44.269000, 29661.50, 29677.75, 29606.50, 29669.25, 6750, 6035, 29653.75, 29651.17, 29642.13, 3446, 3304, 0.00, 0.00
2026-7-13, 00:10:03.385006, 29669.50, 29693.75, 29542.75, 29638.00, 6750, 6224, 29636.00, 29624.83, 29618.25, 3463, 3287, 0.00, 29698.75
2026-7-13, 00:43:47.361001, 29638.00, 29666.75, 29585.50, 29611.00, 6750, 6231, 29625.31, 29621.08, 29626.13, 3382, 3368, 29580.50, 0.00
2026-7-13, 01:37:07.739005, 29611.00, 29690.25, 29598.50, 29646.50, 6750, 6218, 29636.56, 29645.08, 29644.38, 3141, 3609, 29593.50, 0.00
2026-7-13, 02:35:09.479001, 29646.25, 29741.50, 29636.75, 29729.25, 6750, 6008, 29688.44, 29702.50, 29689.13, 3151, 3599, 29631.75, 0.00
2026-7-13, 03:32:47.250000, 29728.75, 29778.00, 29700.00, 29755.00, 6750, 6055, 29740.44, 29744.33, 29739.00, 3218, 3532, 29695.00, 0.00
2026-7-13, 05:06:27.089005, 29755.25, 29799.75, 29735.75, 29763.00, 6750, 6173, 29763.44, 29766.17, 29767.75, 3336, 3414, 0.00, 29804.75
2026-7-13, 06:25:05.346000, 29763.25, 29793.50, 29693.75, 29729.25, 6750, 5994, 29744.94, 29738.83, 29743.63, 3260, 3490, 0.00, 29798.50
2026-7-13, 07:14:40.613004, 29729.25, 29735.75, 29655.50, 29713.75, 6750, 5987, 29708.56, 29701.67, 29695.63, 3139, 3611, 29650.50, 0.00
2026-7-13, 07:50:28.661001, 29713.75, 29748.00, 29687.50, 29701.75, 6750, 6302, 29712.75, 29712.42, 29717.75, 3309, 3441, 0.00, 0.00
2026-7-13, 08:27:13.594002, 29701.75, 29721.25, 29683.25, 29710.75, 1542, 1375, 29704.25, 29705.08, 29702.25, 757, 785, 0.00, 0.00
2026-7-13, 08:30:00.000000, 29710.00, 29737.00, 29651.00, 29720.00, 6750, 6371, 29704.50, 29702.67, 29694.00, 3305, 3445, 0.00, 0.00
2026-7-13, 08:32:00.568000, 29719.50, 29737.25, 29631.75, 29641.50, 6750, 6417, 29682.50, 29670.17, 29684.50, 3715, 3035, 0.00, 0.00
2026-7-13, 08:34:55.413000, 29641.00, 29673.50, 29610.75, 29627.50, 6750, 6398, 29638.19, 29637.25, 29642.13, 3595, 3155, 0.00, 0.00
2026-7-13, 08:38:17.046000, 29628.00, 29666.75, 29562.25, 29572.50, 6750, 6319, 29607.38, 29600.50, 29614.50, 3579, 3171, 0.00, 0.00
2026-7-13, 08:41:30.947001, 29572.50, 29602.75, 29552.25, 29575.00, 6750, 6338, 29575.63, 29576.67, 29577.50, 3466, 3284, 0.00, 0.00
2026-7-13, 08:45:03.791001, 29575.25, 29598.00, 29535.75, 29590.25, 6750, 6214, 29574.81, 29574.67, 29566.88, 3487, 3263, 0.00, 0.00
2026-7-13, 08:47:16.813000, 29588.25, 29599.50, 29536.00, 29536.00, 6750, 6068, 29564.94, 29557.17, 29567.75, 3606, 3144, 0.00, 0.00
2026-7-13, 08:51:17.842004, 29535.75, 29569.00, 29518.00, 29549.25, 6750, 6062, 29543.00, 29545.42, 29543.50, 3409, 3341, 0.00, 0.00
2026-7-13, 08:54:49.257000, 29547.25, 29630.75, 29526.75, 29630.75, 6750, 6205, 29583.88, 29596.08, 29578.75, 3096, 3654, 0.00, 0.00
2026-7-13, 08:59:04.422002, 29630.75, 29662.50, 29617.75, 29625.50, 6750, 6199, 29634.13, 29635.25, 29640.13, 3464, 3286, 0.00, 0.00
2026-7-13, 09:02:09.015000, 29624.75, 29634.00, 29563.00, 29575.50, 6750, 6328, 29599.31, 29590.83, 29598.50, 3730, 3020, 0.00, 0.00
2026-7-13, 09:06:05.361001, 29575.50, 29655.75, 29560.75, 29633.00, 6750, 6260, 29606.25, 29616.50, 29608.25, 3053, 3697, 0.00, 0.00
2026-7-13, 09:11:33.359000, 29633.25, 29659.75, 29491.25, 29502.25, 6750, 6156, 29571.63, 29551.08, 29575.50, 3827, 2923, 0.00, 0.00
2026-7-13, 09:16:52.852010, 29502.00, 29590.25, 29488.50, 29575.75, 6750, 6161, 29539.13, 29551.50, 29539.38, 3320, 3430, 0.00, 0.00
2026-7-13, 09:19:17.542004, 29575.75, 29664.00, 29568.50, 29664.00, 6750, 6220, 29618.06, 29632.17, 29616.25, 3014, 3736, 0.00, 0.00
2026-7-13, 09:24:53.813019, 29664.00, 29719.50, 29650.00, 29714.75, 6750, 6286, 29687.06, 29694.75, 29684.75, 3048, 3702, 0.00, 0.00
2026-7-13, 09:30:07.018001, 29714.25, 29724.00, 29680.00, 29680.00, 6750, 6307, 29699.56, 29694.67, 29702.00, 3320, 3430, 0.00, 0.00
2026-7-13, 09:36:06.120001, 29680.00, 29694.00, 29635.25, 29646.50, 6750, 6421, 29663.94, 29658.58, 29664.63, 3363, 3387, 0.00, 0.00
2026-7-13, 09:42:59.528000, 29647.00, 29676.00, 29603.50, 29674.25, 6750, 6318, 29650.19, 29651.25, 29639.75, 3168, 3582, 0.00, 0.00
2026-7-13, 09:49:05.286000, 29673.50, 29700.50, 29627.75, 29654.75, 6750, 6247, 29664.13, 29661.00, 29664.13, 3363, 3387, 0.00, 0.00
2026-7-13, 09:55:51.520001, 29654.75, 29752.50, 29653.00, 29741.50, 6750, 6214, 29700.44, 29715.67, 29702.75, 2916, 3834, 0.00, 0.00
2026-7-13, 10:01:35.742000, 29740.75, 29747.00, 29682.25, 29688.75, 6750, 6266, 29714.69, 29706.00, 29714.63, 3523, 3227, 0.00, 0.00
2026-7-13, 10:10:07.683002, 29688.75, 29719.00, 29662.00, 29692.50, 6750, 6191, 29690.56, 29691.17, 29690.50, 3409, 3341, 0.00, 0.00
2026-7-13, 10:20:13.846000, 29692.25, 29729.50, 29681.25, 29715.50, 6750, 6195, 29704.63, 29708.75, 29705.38, 3321, 3429, 0.00, 0.00
2026-7-13, 10:32:38.482000, 29715.25, 29720.50, 29648.25, 29654.00, 6750, 6154, 29684.50, 29674.25, 29684.38, 3561, 3189, 0.00, 0.00
2026-7-13, 10:44:59.066001, 29654.25, 29656.50, 29599.75, 29627.25, 6750, 6306, 29634.44, 29627.83, 29628.13, 3621, 3129, 0.00, 0.00
2026-7-13, 10:55:29.964001, 29627.50, 29631.00, 29584.25, 29601.50, 6750, 6312, 29611.06, 29605.58, 29607.63, 3478, 3272, 0.00, 0.00
2026-7-13, 11:08:01.203001, 29601.25, 29638.50, 29577.00, 29581.25, 6750, 6289, 29599.50, 29598.92, 29607.75, 3518, 3232, 0.00, 0.00
2026-7-13, 11:16:38.257001, 29581.25, 29591.50, 29542.25, 29543.75, 6750, 6279, 29564.69, 29559.17, 29566.88, 3568, 3182, 0.00, 0.00
2026-7-13, 11:26:27.045000, 29544.00, 29568.25, 29513.00, 29527.75, 6750, 6117, 29538.25, 29536.33, 29540.63, 3410, 3340, 0.00, 0.00
2026-7-13, 11:32:15.335000, 29527.75, 29537.50, 29460.75, 29481.00, 6750, 6164, 29501.75, 29493.08, 29499.13, 3551, 3199, 0.00, 0.00
2026-7-13, 11:37:04.951000, 29482.25, 29549.00, 29468.25, 29545.25, 6750, 6203, 29511.19, 29520.83, 29508.63, 3028, 3722, 0.00, 0.00
2026-7-13, 11:43:20.066001, 29545.25, 29556.25, 29463.75, 29491.00, 6750, 6122, 29514.06, 29503.67, 29510.00, 3761, 2989, 0.00, 0.00
2026-7-13, 11:51:06.450001, 29491.00, 29554.25, 29486.50, 29549.75, 6750, 6351, 29520.38, 29530.17, 29520.38, 3150, 3600, 0.00, 0.00
2026-7-13, 12:01:42.682000, 29547.75, 29580.75, 29524.00, 29536.00, 6750, 6262, 29547.13, 29546.92, 29552.38, 3359, 3391, 0.00, 0.00
2026-7-13, 12:15:37.952000, 29535.50, 29551.50, 29498.25, 29518.00, 6750, 6233, 29525.81, 29522.58, 29524.88, 3502, 3248, 0.00, 0.00
2026-7-13, 12:30:00.119003, 29517.75, 29533.25, 29485.25, 29520.00, 6750, 6256, 29514.06, 29512.83, 29509.25, 3330, 3420, 0.00, 0.00
2026-7-13, 12:45:25.531000, 29520.00, 29526.25, 29468.00, 29483.00, 6750, 6106, 29499.31, 29492.42, 29497.13, 3486, 3264, 0.00, 29531.25
2026-7-13, 12:58:24.351000, 29483.50, 29539.50, 29476.00, 29480.00, 6750, 6116, 29494.75, 29498.50, 29507.75, 3349, 3401, 0.00, 0.00
2026-7-13, 13:11:06.884006, 29480.00, 29521.75, 29467.50, 29488.25, 6750, 6210, 29489.38, 29492.50, 29494.63, 3276, 3474, 0.00, 0.00
2026-7-13, 13:25:14.768001, 29488.25, 29509.00, 29454.50, 29502.00, 6750, 6155, 29488.44, 29488.50, 29481.75, 3378, 3372, 0.00, 29514.00
2026-7-13, 13:38:36.673000, 29503.00, 29521.50, 29486.50, 29508.25, 6750, 6126, 29504.81, 29505.42, 29504.00, 3299, 3451, 29481.50, 0.00
2026-7-13, 13:53:43.034000, 29509.00, 29525.75, 29475.25, 29491.00, 6750, 6299, 29500.25, 29497.33, 29500.50, 3431, 3319, 29470.25, 0.00
2026-7-13, 14:08:35.718000, 29491.00, 29495.25, 29440.00, 29442.00, 6750, 6130, 29467.06, 29459.08, 29467.63, 3664, 3086, 0.00, 0.00
2026-7-13, 14:20:28.240000, 29441.50, 29453.75, 29416.00, 29423.75, 6750, 5637, 29433.75, 29431.17, 29434.88, 4122, 2628, 0.00, 0.00
2026-7-13, 14:25:26.711001, 29423.50, 29436.50, 29405.50, 29410.50, 6750, 5077, 29419.00, 29417.50, 29421.00, 4445, 2305, 0.00, 0.00
2026-7-13, 14:29:33.212056, 29410.50, 29449.50, 29402.50, 29419.50, 6750, 5755, 29420.50, 29423.83, 29426.00, 3698, 3052, 0.00, 0.00
2026-7-13, 14:35:26.913002, 29419.50, 29436.75, 29393.25, 29435.25, 6750, 5900, 29421.19, 29421.75, 29415.00, 3768, 2982, 0.00, 0.00
2026-7-13, 14:42:58.881009, 29435.25, 29485.25, 29433.25, 29478.50, 6750, 5894, 29458.06, 29465.67, 29459.25, 3179, 3571, 0.00, 0.00
2026-7-13, 14:50:43.970001, 29478.25, 29500.25, 29459.00, 29470.00, 6750, 5768, 29476.88, 29476.42, 29479.63, 3601, 3149, 0.00, 0.00
2026-7-13, 14:54:59.888025, 29470.00, 29504.25, 29457.00, 29495.00, 6750, 6232, 29481.56, 29485.42, 29480.63, 3555, 3195, 0.00, 0.00
2026-7-13, 14:59:09.289006, 29495.25, 29495.25, 29468.25, 29479.75, 6750, 5930, 29484.63, 29481.08, 29481.75, 3505, 3245, 0.00, 0.00
2026-7-13, 14:59:57.044000, 29481.25, 29481.25, 29451.00, 29466.25, 6750, 6009, 29469.94, 29466.17, 29466.13, 3480, 3270, 29446.00, 0.00
2026-7-13, 15:06:45.792002, 29466.25, 29466.50, 29386.50, 29435.00, 6750, 5811, 29438.56, 29429.33, 29426.50, 3570, 3180, 0.00, 0.00
2026-7-13, 15:23:20.740005, 29435.00, 29479.50, 29420.00, 29436.25, 6750, 6155, 29442.69, 29445.25, 29449.75, 3388, 3362, 29415.00, 0.00
2026-7-13, 17:33:16.721002, 29436.25, 29458.75, 29348.00, 29353.00, 6750, 6107, 29399.00, 29386.58, 29403.38, 3412, 3338, 0.00, 0.00
2026-7-13, 18:40:12.464000, 29353.00, 29452.25, 29325.75, 29357.00, 6750, 6157, 29372.00, 29378.33, 29389.00, 3274, 3476, 0.00, 0.00
2026-7-13, 19:09:59.493000, 29358.50, 29475.75, 29357.75, 29455.00, 6750, 6356, 29411.75, 29429.50, 29416.75, 3247, 3503, 29352.75, 0.00
2026-7-13, 19:34:11.449000, 29458.75, 29541.25, 29399.50, 29513.50, 6750, 6216, 29478.25, 29484.75, 29470.38, 3277, 3473, 29394.50, 0.00
2026-7-13, 20:07:18.039002, 29513.50, 29535.75, 29441.00, 29501.50, 6750, 6148, 29497.94, 29492.75, 29488.38, 3556, 3194, 0.00, 29540.75
2026-7-13, 20:48:15.033017, 29501.50, 29504.75, 29365.25, 29384.75, 6750, 6255, 29439.06, 29418.25, 29435.00, 3520, 3230, 0.00, 0.00
2026-7-13, 21:36:19.375002, 29385.00, 29456.00, 29303.50, 29341.25, 6750, 6316, 29371.44, 29366.92, 29379.75, 3494, 3256, 0.00, 29461.00
2026-7-13, 22:23:53.885004, 29341.25, 29445.00, 29328.00, 29439.00, 6750, 6282, 29388.31, 29404.00, 29386.50, 3237, 3513, 29323.00, 0.00
2026-7-13, 23:05:22.265002, 29439.00, 29551.75, 29371.25, 29538.25, 6750, 6166, 29475.06, 29487.08, 29461.50, 3295, 3455, 29366.25, 0.00
2026-7-14, 00:18:40.352000, 29537.00, 29631.25, 29534.75, 29615.50, 6750, 6241, 29579.63, 29593.83, 29583.00, 3205, 3545, 0.00, 0.00
2026-7-14, 01:06:52.784000, 29616.00, 29649.75, 29545.50, 29594.00, 6750, 6265, 29601.31, 29596.42, 29597.63, 3292, 3458, 29540.50, 0.00
2026-7-14, 02:06:07.445002, 29594.00, 29621.25, 29547.75, 29602.00, 6750, 6276, 29591.25, 29590.33, 29584.50, 3345, 3405, 0.00, 29626.25
2026-7-14, 03:16:20.812000, 29601.00, 29636.25, 29557.75, 29605.75, 6750, 6105, 29600.19, 29599.92, 29597.00, 3451, 3299, 29552.75, 0.00
2026-7-14, 04:52:13.925001, 29605.75, 29633.00, 29555.00, 29601.00, 6750, 6038, 29598.69, 29596.33, 29594.00, 3444, 3306, 0.00, 0.00
2026-7-14, 06:14:38.169004, 29601.50, 29670.50, 29594.25, 29650.50, 6750, 6193, 29629.19, 29638.42, 29632.38, 3394, 3356, 0.00, 29675.50
2026-7-14, 06:54:13.019000, 29651.75, 29711.00, 29570.00, 29711.00, 6750, 5867, 29660.94, 29664.00, 29640.50, 3365, 3385, 0.00, 29716.00
2026-7-14, 07:30:01.183064, 29711.00, 29921.75, 29711.00, 29898.75, 6750, 5639, 29810.63, 29843.83, 29816.38, 2994, 3756, 0.00, 0.00
2026-7-14, 07:32:14.375001, 29898.75, 29917.75, 29818.00, 29838.00, 6750, 5898, 29868.13, 29857.92, 29867.88, 3591, 3159, 0.00, 29922.75
2026-7-14, 07:38:20.600002, 29838.25, 29849.50, 29780.25, 29781.00, 6750, 5973, 29812.25, 29803.58, 29814.88, 3570, 3180, 0.00, 29854.50
2026-7-14, 07:52:49.820000, 29781.00, 29809.00, 29754.00, 29788.75, 6750, 6053, 29783.19, 29783.92, 29781.50, 3391, 3359, 0.00, 29814.00
2026-7-14, 08:10:43.598000, 29788.75, 29832.00, 29742.50, 29812.00, 6750, 6214, 29793.81, 29795.50, 29787.25, 3312, 3438, 0.00, 0.00
2026-7-14, 08:28:39.378002, 29812.00, 29818.75, 29794.50, 29811.00, 1245, 1054, 29809.06, 29808.08, 29806.63, 683, 562, 0.00, 0.00
2026-7-14, 08:30:00.001000, 29811.00, 29815.75, 29724.25, 29751.75, 6750, 6477, 29775.69, 29763.92, 29770.00, 3311, 3439, 0.00, 0.00
2026-7-14, 08:32:19.334001, 29751.50, 29758.25, 29685.00, 29696.00, 6750, 6309, 29722.69, 29713.08, 29721.63, 3605, 3145, 0.00, 0.00
2026-7-14, 08:36:07.335001, 29695.25, 29798.00, 29694.75, 29771.25, 6750, 6152, 29739.81, 29754.67, 29746.38, 3024, 3726, 0.00, 0.00
2026-7-14, 08:40:00.579000, 29770.50, 29781.00, 29701.00, 29739.50, 6750, 6378, 29748.00, 29740.50, 29741.00, 3481, 3269, 0.00, 0.00
2026-7-14, 08:44:28.110000, 29739.50, 29808.50, 29720.75, 29774.00, 6750, 6340, 29760.69, 29767.75, 29764.63, 3262, 3488, 0.00, 0.00
2026-7-14, 08:48:07.142000, 29774.50, 29790.50, 29714.00, 29781.25, 6750, 6371, 29765.06, 29761.92, 29752.25, 3431, 3319, 0.00, 0.00
2026-7-14, 08:54:00.542000, 29781.00, 29804.75, 29738.50, 29766.50, 6750, 6354, 29772.69, 29769.92, 29771.63, 3367, 3383, 0.00, 0.00
2026-7-14, 09:01:04.273000, 29766.25, 29776.50, 29678.00, 29678.25, 6750, 6179, 29724.75, 29710.92, 29727.25, 3752, 2998, 0.00, 0.00
2026-7-14, 09:05:04.695000, 29678.00, 29704.25, 29637.00, 29648.50, 6750, 6274, 29666.94, 29663.25, 29670.63, 3419, 3331, 0.00, 0.00
2026-7-14, 09:09:34.022000, 29648.75, 29690.50, 29630.00, 29631.75, 6750, 6330, 29650.25, 29650.75, 29660.25, 3524, 3226, 0.00, 0.00
2026-7-14, 09:15:08.697000, 29632.75, 29635.00, 29567.50, 29606.75, 6750, 6214, 29610.50, 29603.08, 29601.25, 3529, 3221, 0.00, 0.00
2026-7-14, 09:18:08.499000, 29607.00, 29701.25, 29586.50, 29692.00, 6750, 6198, 29646.69, 29659.92, 29643.88, 3117, 3633, 0.00, 0.00
2026-7-14, 09:22:35.059000, 29692.25, 29733.00, 29646.50, 29671.75, 6750, 6246, 29685.88, 29683.75, 29689.75, 3472, 3278, 0.00, 0.00
2026-7-14, 09:28:10.750000, 29671.00, 29760.00, 29638.25, 29760.00, 6750, 6240, 29707.31, 29719.42, 29699.13, 3208, 3542, 0.00, 0.00
2026-7-14, 09:34:11.948147, 29760.00, 29839.75, 29727.25, 29793.00, 6750, 5879, 29780.00, 29786.67, 29783.50, 3268, 3482, 0.00, 0.00
2026-7-14, 09:36:04.585002, 29793.00, 29801.50, 29753.75, 29757.25, 6750, 6302, 29776.38, 29770.83, 29777.63, 3739, 3011, 0.00, 0.00
2026-7-14, 09:42:56.403000, 29757.50, 29758.75, 29671.00, 29671.00, 6750, 6302, 29714.56, 29700.25, 29714.88, 3816, 2934, 0.00, 0.00
2026-7-14, 09:50:06.292002, 29671.25, 29775.75, 29659.50, 29768.25, 6750, 6220, 29718.69, 29734.50, 29717.63, 3207, 3543, 0.00, 0.00
2026-7-14, 09:58:17.202003, 29768.50, 29810.00, 29753.75, 29797.00, 6750, 6294, 29782.31, 29786.92, 29781.88, 3280, 3470, 0.00, 0.00
2026-7-14, 10:04:25.490001, 29797.50, 29850.50, 29772.75, 29849.25, 6750, 6269, 29817.50, 29824.17, 29811.63, 3123, 3627, 0.00, 0.00
2026-7-14, 10:08:27.735002, 29849.25, 29867.25, 29839.00, 29856.25, 6750, 6195, 29852.94, 29854.17, 29853.13, 3625, 3125, 0.00, 29872.25
2026-7-14, 10:15:52.704000, 29856.50, 29873.75, 29825.25, 29870.25, 6750, 6146, 29856.44, 29856.42, 29849.50, 3314, 3436, 0.00, 0.00
2026-7-14, 10:24:04.111000, 29868.00, 29895.75, 29859.25, 29881.50, 6750, 6020, 29876.13, 29878.83, 29877.50, 3226, 3524, 0.00, 0.00
2026-7-14, 10:31:01.053000, 29881.50, 29882.00, 29825.75, 29856.50, 6750, 6186, 29861.44, 29854.75, 29853.88, 3560, 3190, 0.00, 0.00
2026-7-14, 10:38:32.379000, 29857.00, 29863.25, 29799.00, 29842.50, 6750, 6069, 29840.44, 29834.92, 29831.13, 3436, 3314, 0.00, 0.00
2026-7-14, 10:48:13.142000, 29842.00, 29852.00, 29768.00, 29781.00, 6750, 6157, 29810.75, 29800.33, 29810.00, 3650, 3100, 0.00, 0.00
2026-7-14, 10:57:33.232000, 29780.75, 29791.25, 29716.25, 29731.25, 6750, 6113, 29754.88, 29746.25, 29753.75, 3566, 3184, 0.00, 0.00
2026-7-14, 11:04:41.217001, 29731.00, 29762.25, 29711.00, 29746.75, 6750, 6197, 29737.75, 29740.00, 29736.63, 3363, 3387, 0.00, 0.00
2026-7-14, 11:13:40.846002, 29746.00, 29760.50, 29704.50, 29737.50, 6750, 6222, 29737.13, 29734.17, 29732.50, 3501, 3249, 0.00, 0.00
2026-7-14, 11:23:59.710000, 29737.50, 29793.00, 29733.50, 29784.25, 6750, 6094, 29762.06, 29770.25, 29763.25, 3202, 3548, 0.00, 0.00
2026-7-14, 11:35:51.439002, 29784.50, 29830.00, 29768.00, 29788.25, 6750, 6195, 29792.69, 29795.42, 29799.00, 3385, 3365, 0.00, 0.00
2026-7-14, 11:48:06.613000, 29789.50, 29838.00, 29783.50, 29832.50, 6750, 6074, 29810.88, 29818.00, 29810.75, 3060, 3690, 0.00, 0.00
2026-7-14, 12:03:53.276001, 29832.25, 29851.00, 29807.00, 29817.50, 6750, 6253, 29826.94, 29825.17, 29829.00, 3464, 3286, 0.00, 0.00
2026-7-14, 12:17:54.841000, 29817.25, 29867.00, 29814.00, 29836.75, 6750, 6062, 29833.75, 29839.25, 29840.50, 3278, 3472, 0.00, 0.00
2026-7-14, 12:33:04.403000, 29837.25, 29864.25, 29818.75, 29857.25, 6750, 6365, 29844.38, 29846.75, 29841.50, 3507, 3243, 0.00, 0.00
2026-7-14, 12:53:53.871000, 29856.75, 29870.00, 29842.50, 29869.25, 6750, 6300, 29859.63, 29860.58, 29856.25, 3316, 3434, 0.00, 0.00
2026-7-14, 13:13:51.093000, 29869.50, 29878.25, 29844.50, 29865.75, 6750, 6474, 29864.50, 29862.83, 29861.38, 3525, 3225, 0.00, 29883.25
2026-7-14, 13:36:25.580000, 29866.25, 29867.50, 29810.50, 29836.25, 6750, 6441, 29845.13, 29838.08, 29839.00, 3536, 3214, 0.00, 0.00
2026-7-14, 13:47:52.298001, 29836.25, 29843.50, 29794.25, 29797.50, 6750, 6417, 29817.88, 29811.75, 29818.88, 3358, 3392, 0.00, 0.00
2026-7-14, 14:04:18.438007, 29797.50, 29827.75, 29780.00, 29822.25, 6750, 5990, 29806.88, 29810.00, 29803.88, 3378, 3372, 29775.00, 0.00
2026-7-14, 14:17:49.649001, 29822.25, 29837.75, 29775.25, 29785.00, 6750, 6228, 29805.06, 29799.33, 29806.50, 3664, 3086, 0.00, 0.00
2026-7-14, 14:30:09.497002, 29784.75, 29810.25, 29771.00, 29810.00, 6750, 6309, 29794.00, 29797.08, 29790.63, 3390, 3360, 29766.00, 0.00
2026-7-14, 14:43:58.219000, 29809.75, 29836.00, 29798.25, 29813.00, 6750, 6371, 29814.25, 29815.75, 29817.13, 3651, 3099, 0.00, 0.00
2026-7-14, 14:54:05.888000, 29812.50, 29823.50, 29790.00, 29808.25, 6750, 6339, 29808.56, 29807.25, 29806.75, 3552, 3198, 0.00, 0.00
2026-7-14, 14:59:32.937002, 29808.25, 29809.50, 29777.75, 29779.50, 6750, 5915, 29793.75, 29788.92, 29793.63, 3679, 3071, 0.00, 0.00
2026-7-14, 15:00:25.720004, 29779.50, 29810.00, 29772.50, 29784.00, 6750, 5921, 29786.50, 29788.83, 29791.25, 3412, 3338, 29767.50, 0.00
2026-7-14, 15:11:14.235000, 29784.50, 29806.25, 29745.50, 29754.00, 6750, 6284, 29772.56, 29768.58, 29775.88, 3607, 3143, 29740.50, 0.00
2026-7-14, 17:16:09.875002, 29754.00, 29881.50, 29753.00, 29859.25, 6750, 6202, 29811.94, 29831.25, 29817.25, 3123, 3627, 0.00, 0.00
2026-7-14, 18:43:06.746000, 29858.00, 29938.00, 29837.50, 29907.50, 6750, 6230, 29885.25, 29894.33, 29887.75, 3135, 3615, 0.00, 0.00
2026-7-14, 19:33:22.085010, 29907.50, 29935.75, 29841.00, 29930.00, 6750, 6296, 29903.56, 29902.25, 29888.38, 3324, 3426, 29836.00, 0.00
2026-7-14, 20:27:45.332005, 29930.00, 29982.00, 29891.50, 29979.50, 6750, 6278, 29945.75, 29951.00, 29936.75, 3342, 3408, 0.00, 29987.00
2026-7-14, 21:38:05.618000, 29980.75, 30019.25, 29947.25, 29992.00, 6750, 6029, 29984.81, 29986.17, 29983.25, 3270, 3480, 0.00, 0.00
2026-7-14, 23:29:40.944003, 29992.00, 30058.25, 29981.50, 29987.00, 6750, 5927, 30004.69, 30008.92, 30019.88, 3327, 3423, 29976.50, 0.00
2026-7-15, 00:26:51.110000, 29986.25, 30050.00, 29967.75, 30021.25, 6750, 5928, 30006.31, 30013.00, 30008.88, 3244, 3506, 0.00, 0.00
2026-7-15, 01:42:01.077000, 30021.50, 30062.50, 29928.00, 29954.00, 6750, 6085, 29991.50, 29981.50, 29995.25, 3426, 3324, 29923.00, 0.00
2026-7-15, 02:32:04.731000, 29954.25, 30005.25, 29872.00, 29887.25, 6750, 6170, 29929.69, 29921.50, 29938.63, 3631, 3119, 0.00, 0.00
2026-7-15, 03:25:49.995000, 29889.50, 29963.50, 29884.00, 29911.25, 6750, 6094, 29912.06, 29919.58, 29923.75, 3387, 3363, 29879.00, 0.00
2026-7-15, 05:24:16.970002, 29911.25, 29953.00, 29876.50, 29880.50, 6750, 6285, 29905.31, 29903.33, 29914.75, 3492, 3258, 0.00, 29958.00
2026-7-15, 07:10:24.012002, 29880.75, 29960.50, 29856.25, 29931.75, 6750, 5925, 29907.31, 29916.17, 29908.38, 3514, 3236, 29851.25, 0.00
2026-7-15, 07:41:07.768000, 29933.25, 29999.75, 29927.25, 29988.00, 6750, 5831, 29962.06, 29971.67, 29963.50, 3361, 3389, 0.00, 30004.75
2026-7-15, 08:07:14.563000, 29988.00, 29991.25, 29936.25, 29955.25, 5762, 5200, 29967.69, 29960.92, 29963.75, 3115, 2647, 0.00, 0.00
2026-7-15, 08:30:00.001000, 29955.50, 29977.50, 29918.50, 29934.50, 6750, 6311, 29946.50, 29943.50, 29948.00, 3421, 3329, 0.00, 0.00
2026-7-15, 08:32:22.560000, 29934.75, 29966.50, 29910.50, 29928.75, 6750, 6374, 29935.13, 29935.25, 29938.50, 3511, 3239, 0.00, 0.00
2026-7-15, 08:36:53.641000, 29928.75, 29943.00, 29852.00, 29871.25, 6750, 6129, 29898.75, 29888.75, 29897.50, 3632, 3118, 0.00, 0.00
2026-7-15, 08:39:42.306000, 29871.25, 29885.75, 29840.00, 29859.00, 6750, 6226, 29864.00, 29861.58, 29862.88, 3313, 3437, 0.00, 0.00
2026-7-15, 08:44:31.860010, 29858.75, 29865.75, 29792.50, 29805.75, 6750, 6138, 29830.69, 29821.33, 29829.13, 3558, 3192, 0.00, 0.00
2026-7-15, 08:47:20.774003, 29805.75, 29819.75, 29758.00, 29758.00, 6750, 6158, 29785.38, 29778.58, 29788.88, 3725, 3025, 0.00, 0.00
2026-7-15, 08:50:53.713018, 29757.75, 29801.00, 29754.50, 29800.00, 6750, 6212, 29778.31, 29785.17, 29777.75, 3100, 3650, 0.00, 0.00
2026-7-15, 08:54:57.326001, 29800.00, 29820.00, 29779.50, 29800.25, 6750, 6420, 29799.94, 29799.92, 29799.75, 3523, 3227, 0.00, 0.00
2026-7-15, 08:58:45.119002, 29800.25, 29867.00, 29796.00, 29846.25, 6750, 6257, 29827.38, 29836.42, 29831.50, 3246, 3504, 0.00, 0.00
2026-7-15, 09:03:03.020001, 29846.00, 29892.50, 29826.25, 29882.25, 6750, 6358, 29861.75, 29867.00, 29859.38, 3244, 3506, 0.00, 0.00
2026-7-15, 09:08:57.087000, 29879.75, 29884.25, 29799.50, 29800.25, 6750, 6401, 29840.94, 29828.00, 29841.88, 3688, 3062, 0.00, 0.00
2026-7-15, 09:15:04.513000, 29801.25, 29830.75, 29767.00, 29769.25, 6750, 6322, 29792.06, 29789.00, 29798.88, 3563, 3187, 0.00, 0.00
2026-7-15, 09:20:14.106000, 29769.75, 29774.75, 29701.00, 29701.25, 6750, 6131, 29736.69, 29725.67, 29737.88, 3744, 3006, 0.00, 0.00
2026-7-15, 09:23:36.210000, 29701.50, 29710.75, 29646.50, 29664.75, 6750, 6153, 29680.88, 29674.00, 29678.63, 3409, 3341, 0.00, 0.00
2026-7-15, 09:25:57.233007, 29664.75, 29722.25, 29639.25, 29720.75, 6750, 6149, 29686.75, 29694.08, 29680.75, 3142, 3608, 0.00, 0.00
2026-7-15, 09:29:17.437003, 29720.75, 29736.75, 29646.00, 29667.75, 6750, 6199, 29692.81, 29683.50, 29691.38, 3651, 3099, 0.00, 0.00
2026-7-15, 09:32:55.272002, 29667.25, 29714.00, 29615.00, 29620.25, 6750, 6084, 29654.13, 29649.75, 29664.50, 3632, 3118, 0.00, 0.00
2026-7-15, 09:37:29.289000, 29620.25, 29633.75, 29584.00, 29590.50, 6750, 6203, 29607.13, 29602.75, 29608.88, 3394, 3356, 0.00, 0.00
2026-7-15, 09:41:04.164000, 29590.00, 29624.25, 29536.75, 29577.75, 6750, 6099, 29582.19, 29579.58, 29580.50, 3497, 3253, 0.00, 0.00
2026-7-15, 09:44:07.637000, 29579.25, 29621.75, 29562.50, 29617.25, 6750, 6092, 29595.19, 29600.50, 29592.13, 3239, 3511, 0.00, 0.00
2026-7-15, 09:48:33.817000, 29617.00, 29644.00, 29594.50, 29616.00, 6750, 6139, 29617.88, 29618.17, 29619.25, 3302, 3448, 0.00, 0.00
2026-7-15, 09:53:30.958001, 29616.25, 29642.75, 29578.00, 29615.00, 6750, 6265, 29613.00, 29611.92, 29610.38, 3251, 3499, 0.00, 0.00
2026-7-15, 10:00:37.259004, 29615.00, 29654.75, 29579.50, 29648.00, 6750, 6158, 29624.31, 29627.42, 29617.13, 3281, 3469, 0.00, 0.00
2026-7-15, 10:09:28.836000, 29647.75, 29661.75, 29553.25, 29556.75, 6750, 6097, 29604.88, 29590.58, 29607.50, 3765, 2985, 0.00, 0.00
2026-7-15, 10:16:37.764005, 29556.75, 29611.00, 29526.50, 29568.50, 6750, 6249, 29565.69, 29568.67, 29568.75, 3449, 3301, 0.00, 0.00
2026-7-15, 10:22:15.724000, 29568.75, 29631.50, 29540.00, 29630.50, 6750, 6158, 29592.69, 29600.67, 29585.75, 3048, 3702, 0.00, 0.00
2026-7-15, 10:28:30.012000, 29630.50, 29656.00, 29586.25, 29610.00, 6750, 6146, 29620.69, 29617.42, 29621.13, 3357, 3393, 0.00, 0.00
2026-7-15, 10:35:57.736000, 29609.00, 29656.25, 29595.00, 29602.75, 6750, 6222, 29615.75, 29618.00, 29625.63, 3526, 3224, 0.00, 0.00
2026-7-15, 10:45:31.040002, 29602.75, 29611.25, 29560.00, 29576.75, 6750, 6294, 29587.69, 29582.67, 29585.63, 3303, 3447, 0.00, 0.00
2026-7-15, 10:54:50.438000, 29576.25, 29599.50, 29516.00, 29523.25, 6750, 6438, 29553.75, 29546.25, 29557.75, 3578, 3172, 0.00, 0.00
2026-7-15, 11:04:07.178000, 29523.50, 29535.75, 29479.00, 29516.00, 6750, 6226, 29513.56, 29510.25, 29507.38, 3456, 3294, 0.00, 0.00
2026-7-15, 11:10:01.103003, 29516.25, 29523.00, 29465.00, 29481.50, 6750, 6341, 29496.44, 29489.83, 29494.00, 3496, 3254, 0.00, 0.00
2026-7-15, 11:18:48.411000, 29482.25, 29496.75, 29431.25, 29458.25, 6750, 6049, 29467.13, 29462.08, 29464.00, 3568, 3182, 0.00, 0.00
2026-7-15, 11:25:29.418000, 29458.25, 29483.25, 29432.25, 29445.00, 6750, 6265, 29454.69, 29453.50, 29457.75, 3359, 3391, 0.00, 0.00
2026-7-15, 11:34:14.544006, 29445.25, 29445.50, 29397.00, 29429.50, 6750, 6153, 29429.31, 29424.00, 29421.25, 3558, 3192, 0.00, 0.00
2026-7-15, 11:41:33.897002, 29429.50, 29540.25, 29418.00, 29487.00, 6750, 6031, 29468.69, 29481.75, 29479.13, 2948, 3802, 0.00, 0.00
2026-7-15, 11:47:08.232000, 29487.00, 29517.75, 29461.50, 29494.25, 6750, 6002, 29490.13, 29491.17, 29489.63, 3440, 3310, 0.00, 0.00
2026-7-15, 11:54:54.480000, 29493.25, 29540.00, 29460.75, 29540.00, 6750, 6104, 29508.50, 29513.58, 29500.38, 3175, 3575, 0.00, 0.00
2026-7-15, 12:04:41.525094, 29540.00, 29561.75, 29518.75, 29536.00, 6750, 6211, 29539.13, 29538.83, 29540.25, 3454, 3296, 0.00, 0.00
2026-7-15, 12:16:26.048001, 29536.25, 29596.75, 29534.50, 29590.00, 6750, 6246, 29564.38, 29573.75, 29565.63, 3152, 3598, 0.00, 0.00
2026-7-15, 12:27:59.682001, 29590.00, 29626.75, 29571.75, 29616.25, 6750, 5843, 29601.19, 29604.92, 29599.25, 3152, 3598, 0.00, 0.00
2026-7-15, 12:35:51.246000, 29615.50, 29664.50, 29609.25, 29664.50, 6750, 6148, 29638.44, 29646.08, 29636.88, 3108, 3642, 0.00, 0.00
2026-7-15, 12:47:06.481007, 29664.50, 29701.75, 29661.00, 29693.75, 6750, 5921, 29680.25, 29685.50, 29681.38, 2966, 3784, 0.00, 0.00
2026-7-15, 12:53:48.962006, 29693.75, 29711.50, 29679.00, 29709.00, 6750, 6154, 29698.31, 29699.83, 29695.25, 3309, 3441, 0.00, 0.00
2026-7-15, 13:01:51.532002, 29709.00, 29728.75, 29696.50, 29727.25, 6750, 5961, 29715.38, 29717.50, 29712.63, 3210, 3540, 0.00, 0.00
2026-7-15, 13:11:39.682001, 29727.25, 29730.00, 29684.75, 29711.50, 6750, 6111, 29713.38, 29708.75, 29707.38, 3460, 3290, 0.00, 0.00
2026-7-15, 13:20:40.353002, 29711.25, 29742.75, 29711.25, 29720.00, 6750, 5864, 29721.31, 29724.67, 29727.00, 3252, 3498, 0.00, 0.00
2026-7-15, 13:30:58.324003, 29720.00, 29735.00, 29673.50, 29675.00, 6750, 6165, 29700.88, 29694.50, 29704.25, 3649, 3101, 0.00, 0.00
2026-7-15, 13:43:07.087003, 29675.00, 29682.50, 29620.75, 29621.00, 6750, 6166, 29649.81, 29641.42, 29651.63, 3710, 3040, 0.00, 0.00
2026-7-15, 13:51:39.625000, 29621.75, 29636.00, 29595.00, 29608.00, 6750, 6261, 29615.19, 29613.00, 29615.50, 3398, 3352, 0.00, 0.00
2026-7-15, 14:00:18.707000, 29609.50, 29668.75, 29605.25, 29638.75, 6750, 6261, 29630.56, 29637.58, 29637.00, 3342, 3408, 0.00, 0.00
2026-7-15, 14:09:43.574000, 29640.00, 29655.25, 29591.75, 29599.25, 6750, 6144, 29621.56, 29615.42, 29623.50, 3620, 3130, 0.00, 0.00
2026-7-15, 14:20:40.275000, 29599.25, 29665.00, 29589.00, 29658.25, 6750, 6283, 29627.88, 29637.42, 29627.00, 3379, 3371, 0.00, 0.00
2026-7-15, 14:31:00.640001, 29658.00, 29668.00, 29608.50, 29650.00, 6750, 5975, 29646.13, 29642.17, 29638.25, 3582, 3168, 29603.50, 0.00
2026-7-15, 14:38:27.840000, 29649.25, 29695.50, 29644.00, 29661.25, 6750, 6241, 29662.50, 29666.92, 29669.75, 3434, 3316, 0.00, 0.00
2026-7-15, 14:48:02.519000, 29662.50, 29707.00, 29648.50, 29705.00, 6750, 6191, 29680.75, 29686.83, 29677.75, 3264, 3486, 0.00, 0.00
2026-7-15, 14:55:09.797000, 29705.00, 29706.75, 29686.00, 29688.75, 6750, 6134, 29696.63, 29693.83, 29696.38, 3516, 3234, 0.00, 0.00
2026-7-15, 14:59:53.297000, 29688.25, 29734.50, 29687.25, 29727.75, 6750, 5852, 29709.44, 29716.50, 29710.88, 3114, 3636, 0.00, 0.00
2026-7-15, 15:02:55.999001, 29728.00, 29737.00, 29664.00, 29714.75, 6750, 6195, 29710.94, 29705.25, 29700.50, 3305, 3445, 29659.00, 0.00
2026-7-15, 15:40:03.728003, 29715.00, 29749.00, 29677.00, 29712.75, 6750, 6193, 29713.44, 29712.92, 29713.00, 3385, 3365, 0.00, 0.00
2026-7-15, 18:08:51.424001, 29712.75, 29763.25, 29682.00, 29703.25, 6750, 6253, 29715.31, 29716.17, 29722.63, 3303, 3447, 0.00, 0.00
2026-7-15, 19:21:47.464000, 29704.00, 29705.50, 29622.25, 29647.25, 6750, 6347, 29669.75, 29658.33, 29663.88, 3527, 3223, 0.00, 0.00
2026-7-15, 20:10:44.977000, 29647.50, 29685.75, 29593.50, 29633.00, 6750, 6198, 29639.94, 29637.42, 29639.63, 3418, 3332, 0.00, 29690.75
2026-7-15, 21:12:39.438001, 29632.50, 29751.75, 29629.50, 29720.75, 6750, 6182, 29683.63, 29700.67, 29690.63, 3241, 3509, 29624.50, 0.00
2026-7-15, 22:19:54.077002, 29720.50, 29767.00, 29691.25, 29764.00, 6750, 6402, 29735.69, 29740.75, 29729.13, 3295, 3455, 29686.25, 0.00
2026-7-16, 00:23:27.858000, 29764.00, 29797.00, 29646.50, 29732.00, 6750, 6223, 29734.88, 29725.17, 29721.75, 3245, 3505, 0.00, 0.00
2026-7-16, 01:08:51.266001, 29732.25, 29749.75, 29625.00, 29625.25, 6750, 6002, 29683.06, 29666.67, 29687.38, 3411, 3339, 29620.00, 0.00
2026-7-16, 02:13:19.754000, 29625.00, 29649.50, 29499.25, 29507.00, 6750, 5952, 29570.19, 29551.92, 29574.38, 3487, 3263, 0.00, 29654.50
2026-7-16, 03:11:21.160000, 29507.00, 29635.00, 29478.75, 29630.00, 6750, 5992, 29562.69, 29581.25, 29556.88, 3232, 3518, 29473.75, 0.00
2026-7-16, 04:15:11.269000, 29630.00, 29645.25, 29512.25, 29534.75, 6750, 6067, 29580.56, 29564.08, 29578.75, 3508, 3242, 29507.25, 0.00
2026-7-16, 05:36:03.794003, 29534.75, 29537.75, 29436.50, 29459.00, 6750, 6118, 29492.00, 29477.75, 29487.13, 3450, 3300, 0.00, 0.00
2026-7-16, 06:36:04.950000, 29458.50, 29471.00, 29361.00, 29397.00, 6750, 6219, 29421.88, 29409.67, 29416.00, 3535, 3215, 0.00, 29476.00
2026-7-16, 07:06:15.303001, 29396.75, 29440.25, 29365.50, 29381.00, 6750, 6136, 29395.88, 29395.58, 29402.88, 3534, 3216, 29360.50, 0.00
2026-7-16, 07:38:29.668000, 29381.75, 29445.50, 29363.50, 29441.75, 6750, 6363, 29408.13, 29416.92, 29404.50, 3290, 3460, 0.00, 0.00
2026-7-16, 08:09:14.160002, 29441.75, 29488.50, 29431.75, 29465.75, 6537, 6083, 29456.94, 29462.00, 29460.13, 3223, 3314, 29426.75, 0.00
2026-7-16, 08:30:00.001000, 29466.00, 29532.00, 29460.25, 29518.75, 6750, 6240, 29494.25, 29503.67, 29496.13, 3363, 3387, 0.00, 0.00
2026-7-16, 08:32:13.926000, 29519.00, 29519.75, 29399.75, 29403.75, 6750, 6399, 29460.56, 29441.08, 29459.75, 3715, 3035, 0.00, 0.00
2026-7-16, 08:35:31.889003, 29403.75, 29471.00, 29395.00, 29397.50, 6750, 6356, 29416.81, 29421.17, 29433.00, 3434, 3316, 0.00, 0.00
2026-7-16, 08:39:31.203002, 29397.75, 29434.50, 29341.00, 29347.50, 6750, 6347, 29380.19, 29374.33, 29387.75, 3594, 3156, 0.00, 0.00
2026-7-16, 08:42:31.848000, 29348.25, 29375.00, 29305.00, 29326.00, 6750, 6221, 29338.56, 29335.33, 29340.00, 3482, 3268, 0.00, 0.00
2026-7-16, 08:45:40.034000, 29326.50, 29342.75, 29269.25, 29285.00, 6750, 6097, 29305.88, 29299.00, 29306.00, 3680, 3070, 0.00, 0.00
2026-7-16, 08:49:02.693001, 29285.00, 29345.50, 29264.25, 29338.00, 6750, 6092, 29308.19, 29315.92, 29304.88, 3049, 3701, 0.00, 0.00
2026-7-16, 08:52:26.540000, 29338.75, 29353.75, 29255.50, 29276.25, 6750, 6462, 29306.06, 29295.17, 29304.63, 3489, 3261, 0.00, 0.00
2026-7-16, 08:55:48.025003, 29276.00, 29373.00, 29275.00, 29367.00, 6750, 6185, 29322.75, 29338.33, 29324.00, 3137, 3613, 0.00, 0.00
2026-7-16, 09:00:05.686000, 29367.25, 29417.75, 29360.00, 29401.25, 6750, 6019, 29386.56, 29393.00, 29388.88, 3054, 3696, 0.00, 0.00
2026-7-16, 09:04:02.617001, 29401.25, 29481.00, 29380.00, 29479.50, 6750, 6336, 29435.44, 29446.83, 29430.50, 3211, 3539, 0.00, 0.00
2026-7-16, 09:08:29.502000, 29479.25, 29495.75, 29447.50, 29487.50, 6750, 6200, 29477.50, 29476.92, 29471.63, 3443, 3307, 0.00, 0.00
2026-7-16, 09:13:12.127000, 29487.50, 29501.00, 29441.25, 29463.75, 6750, 6262, 29473.38, 29468.67, 29471.13, 3425, 3325, 0.00, 0.00
2026-7-16, 09:19:14.186000, 29463.75, 29489.75, 29397.75, 29440.75, 6750, 6326, 29448.00, 29442.75, 29443.75, 3448, 3302, 0.00, 0.00
2026-7-16, 09:24:14.579000, 29440.75, 29488.00, 29406.00, 29482.75, 6750, 6201, 29454.38, 29458.92, 29447.00, 3276, 3474, 0.00, 0.00
2026-7-16, 09:29:59.624001, 29483.00, 29513.50, 29440.00, 29491.75, 6750, 6359, 29482.06, 29481.75, 29476.75, 3231, 3519, 0.00, 0.00
2026-7-16, 09:38:10.229000, 29492.25, 29494.25, 29426.50, 29474.75, 6750, 6314, 29471.94, 29465.17, 29460.38, 3424, 3326, 0.00, 0.00
2026-7-16, 09:47:33.787012, 29474.75, 29479.00, 29384.50, 29385.50, 6750, 6266, 29430.94, 29416.33, 29431.75, 3579, 3171, 0.00, 0.00
2026-7-16, 09:53:56.808003, 29385.50, 29437.50, 29362.00, 29417.00, 6750, 6070, 29400.50, 29405.50, 29399.75, 3247, 3503, 0.00, 0.00
2026-7-16, 09:59:35.267074, 29417.00, 29458.75, 29385.25, 29392.50, 6750, 6170, 29413.38, 29412.17, 29422.00, 3387, 3363, 0.00, 0.00
2026-7-16, 10:05:15.142000, 29393.50, 29409.00, 29349.25, 29351.50, 6750, 6245, 29375.81, 29369.92, 29379.13, 3423, 3327, 0.00, 0.00
2026-7-16, 10:13:25.106000, 29352.00, 29392.25, 29336.00, 29372.00, 6750, 6070, 29363.06, 29366.75, 29364.13, 3420, 3330, 0.00, 0.00
2026-7-16, 10:20:15.988000, 29371.25, 29450.75, 29348.50, 29445.25, 6750, 5921, 29403.94, 29414.83, 29399.63, 3174, 3576, 0.00, 0.00
2026-7-16, 10:26:51.271004, 29445.25, 29451.50, 29370.00, 29419.50, 6750, 6084, 29421.56, 29413.67, 29410.75, 3271, 3479, 0.00, 0.00
2026-7-16, 10:33:18.686000, 29418.50, 29468.00, 29381.75, 29390.25, 6750, 6072, 29414.63, 29413.33, 29424.88, 3269, 3481, 0.00, 0.00
2026-7-16, 10:42:18.028000, 29391.00, 29419.50, 29354.50, 29418.75, 6750, 6244, 29395.94, 29397.58, 29387.00, 3474, 3276, 0.00, 0.00
2026-7-16, 10:51:01.873000, 29418.75, 29435.00, 29365.25, 29365.50, 6750, 6209, 29396.13, 29388.58, 29400.13, 3546, 3204, 0.00, 0.00
2026-7-16, 11:01:11.027000, 29365.50, 29382.25, 29312.75, 29341.75, 6750, 6021, 29350.56, 29345.58, 29347.50, 3378, 3372, 0.00, 0.00
2026-7-16, 11:08:55.397000, 29342.00, 29352.25, 29279.00, 29289.25, 6750, 6254, 29315.63, 29306.83, 29315.63, 3585, 3165, 0.00, 0.00
2026-7-16, 11:18:02.609000, 29289.00, 29313.75, 29260.75, 29280.00, 6750, 5976, 29285.88, 29284.83, 29287.25, 3228, 3522, 0.00, 0.00
2026-7-16, 11:24:41.538000, 29280.25, 29339.50, 29268.50, 29327.50, 6750, 6122, 29303.94, 29311.83, 29304.00, 3141, 3609, 0.00, 0.00
2026-7-16, 11:33:21.077000, 29327.50, 29331.75, 29281.25, 29286.00, 6750, 6228, 29306.63, 29299.67, 29306.50, 3367, 3383, 0.00, 0.00
2026-7-16, 11:46:00.319000, 29285.50, 29352.50, 29270.75, 29340.50, 6750, 6095, 29312.31, 29321.25, 29311.63, 3235, 3515, 0.00, 0.00
2026-7-16, 11:56:34.640001, 29340.50, 29350.00, 29285.00, 29328.00, 6750, 6211, 29325.88, 29321.00, 29317.50, 3398, 3352, 0.00, 0.00
2026-7-16, 12:09:19.643000, 29328.50, 29334.25, 29277.50, 29287.00, 6750, 6108, 29306.81, 29299.58, 29305.88, 3456, 3294, 0.00, 0.00
2026-7-16, 12:24:54.246002, 29287.00, 29345.00, 29275.00, 29287.75, 6750, 6017, 29298.69, 29302.58, 29310.00, 3461, 3289, 0.00, 0.00
2026-7-16, 12:35:11.506000, 29287.50, 29297.25, 29230.00, 29234.50, 6750, 6121, 29262.31, 29253.92, 29263.63, 3553, 3197, 0.00, 29302.25
2026-7-16, 12:43:14.993001, 29234.50, 29268.00, 29219.00, 29257.25, 6750, 6080, 29244.69, 29248.08, 29243.50, 3192, 3558, 0.00, 0.00
2026-7-16, 12:53:12.159000, 29257.50, 29269.00, 29224.00, 29235.25, 6750, 6238, 29246.44, 29242.75, 29246.50, 3433, 3317, 0.00, 0.00
2026-7-16, 13:06:20.942000, 29235.00, 29279.50, 29220.25, 29221.00, 6750, 6242, 29238.94, 29240.25, 29249.88, 3459, 3291, 0.00, 0.00
2026-7-16, 13:15:20.668005, 29221.00, 29304.00, 29217.25, 29289.75, 6750, 5809, 29258.00, 29270.33, 29260.63, 3063, 3687, 0.00, 0.00
2026-7-16, 13:25:10.368000, 29290.50, 29303.25, 29221.75, 29237.50, 6750, 6154, 29263.25, 29254.17, 29262.50, 3470, 3280, 0.00, 29308.25
2026-7-16, 13:37:36.668000, 29238.50, 29253.25, 29198.50, 29244.25, 6750, 6049, 29233.63, 29232.00, 29225.88, 3337, 3413, 0.00, 0.00
2026-7-16, 13:49:08.161000, 29244.75, 29251.00, 29200.25, 29215.50, 6750, 5838, 29227.88, 29222.25, 29225.63, 3437, 3313, 0.00, 0.00
2026-7-16, 14:02:12.679000, 29217.25, 29242.00, 29176.25, 29189.00, 6750, 5715, 29206.13, 29202.42, 29209.13, 3784, 2966, 0.00, 0.00
2026-7-16, 14:10:19.448000, 29189.00, 29197.25, 29145.50, 29164.75, 6750, 5929, 29174.13, 29169.17, 29171.38, 3597, 3153, 0.00, 0.00
2026-7-16, 14:19:18.383000, 29164.25, 29182.25, 29119.00, 29130.50, 6750, 6074, 29149.00, 29143.92, 29150.63, 3382, 3368, 0.00, 0.00
2026-7-16, 14:27:57.790000, 29132.00, 29170.25, 29118.25, 29151.75, 6750, 6271, 29143.06, 29146.75, 29144.25, 3168, 3582, 0.00, 0.00
2026-7-16, 14:34:33.086001, 29151.75, 29162.75, 29117.25, 29146.50, 6750, 5891, 29144.56, 29142.17, 29140.00, 3255, 3495, 0.00, 0.00
2026-7-16, 14:42:34.322000, 29146.00, 29160.50, 29078.50, 29090.00, 6750, 6190, 29118.75, 29109.67, 29119.50, 3619, 3131, 0.00, 0.00
2026-7-16, 14:49:47.465000, 29090.00, 29170.00, 29089.00, 29164.50, 6750, 6158, 29128.38, 29141.17, 29129.50, 3191, 3559, 0.00, 0.00
2026-7-16, 14:53:29.524005, 29164.25, 29210.50, 29154.25, 29201.50, 6750, 5796, 29182.63, 29188.75, 29182.38, 3160, 3590, 0.00, 0.00
2026-7-16, 14:57:05.340000, 29203.00, 29230.25, 29192.00, 29228.50, 6750, 5826, 29213.44, 29216.92, 29211.13, 3352, 3398, 0.00, 0.00
2026-7-16, 14:59:40.354009, 29228.50, 29238.25, 29208.00, 29209.00, 6750, 5755, 29220.94, 29218.42, 29223.13, 3398, 3352, 0.00, 0.00
2026-7-16, 15:00:02.326002, 29208.75, 29231.25, 29197.25, 29201.50, 6750, 5830, 29209.69, 29210.00, 29214.25, 2996, 3754, 0.00, 0.00
2026-7-16, 15:04:08.686000, 29201.75, 29202.50, 29162.75, 29191.00, 6750, 5966, 29189.50, 29185.42, 29182.63, 3285, 3465, 0.00, 0.00
2026-7-16, 15:23:15.266001, 29191.00, 29220.00, 29143.75, 29150.00, 6750, 6237, 29176.19, 29171.25, 29181.88, 3442, 3308, 0.00, 0.00
2026-7-16, 17:26:14.951000, 29149.50, 29159.25, 29061.75, 29064.75, 6750, 6205, 29108.81, 29095.25, 29110.50, 3536, 3214, 0.00, 29164.25
2026-7-16, 18:36:47.124001, 29064.75, 29129.75, 29030.50, 29039.25, 6750, 6289, 29066.06, 29066.50, 29080.13, 3407, 3343, 0.00, 29134.75
2026-7-16, 19:25:48.989000, 29039.25, 29082.00, 28993.50, 29057.00, 6750, 5941, 29042.94, 29044.17, 29037.75, 3494, 3256, 0.00, 0.00
2026-7-16, 19:59:56.202001, 29057.00, 29105.50, 28980.00, 28987.50, 6750, 6171, 29032.50, 29024.33, 29042.75, 3479, 3271, 28975.00, 0.00
2026-7-16, 20:43:03.507009, 28987.50, 28993.25, 28917.25, 28932.50, 6750, 5819, 28957.63, 28947.67, 28955.25, 3716, 3034, 0.00, 0.00
2026-7-16, 21:29:08.219002, 28932.50, 29022.50, 28902.25, 29016.00, 6750, 6146, 28968.31, 28980.25, 28962.38, 3062, 3688, 28897.25, 0.00
2026-7-16, 22:22:59.595000, 29016.00, 29026.00, 28871.00, 28871.00, 6750, 6084, 28946.00, 28922.67, 28948.50, 3737, 3013, 0.00, 0.00
2026-7-16, 23:04:40.005001, 28871.00, 28879.50, 28781.50, 28783.25, 6750, 6264, 28828.81, 28814.75, 28830.50, 3451, 3299, 0.00, 0.00
2026-7-16, 23:38:13.243000, 28782.75, 28841.25, 28774.50, 28790.50, 6750, 6134, 28797.25, 28802.08, 28807.88, 3429, 3321, 28769.50, 0.00
2026-7-17, 00:24:21.044000, 28791.50, 28811.75, 28725.00, 28766.50, 6750, 6148, 28773.69, 28767.75, 28768.38, 3414, 3336, 0.00, 28816.75
2026-7-17, 01:04:35.090000, 28767.75, 28825.00, 28722.50, 28764.25, 6750, 6114, 28769.88, 28770.58, 28773.75, 3428, 3322, 0.00, 0.00
2026-7-17, 01:45:24.129000, 28765.00, 28771.25, 28713.50, 28750.50, 6750, 6062, 28750.06, 28745.08, 28742.38, 3245, 3505, 28708.50, 0.00
2026-7-17, 02:29:46.045002, 28750.50, 28759.50, 28667.50, 28672.50, 6750, 5931, 28712.50, 28699.83, 28713.50, 3381, 3369, 0.00, 28764.50
2026-7-17, 03:13:06.417001, 28672.25, 28683.75, 28577.25, 28614.75, 6750, 6021, 28637.00, 28625.25, 28630.50, 3287, 3463, 28572.25, 0.00
2026-7-17, 03:30:15.384000, 28614.75, 28662.00, 28550.00, 28633.25, 6750, 6100, 28615.00, 28615.08, 28606.00, 3381, 3369, 28545.00, 0.00
2026-7-17, 04:03:37.793001, 28633.50, 28720.00, 28624.25, 28709.00, 6750, 6119, 28671.69, 28684.42, 28672.13, 3189, 3561, 28619.25, 0.00
2026-7-17, 04:52:06.171001, 28709.00, 28787.25, 28691.50, 28757.50, 6750, 5860, 28736.31, 28745.42, 28739.38, 3304, 3446, 28686.50, 0.00
2026-7-17, 05:24:06.178000, 28757.50, 28825.50, 28724.25, 28774.50, 6750, 5749, 28770.44, 28774.75, 28774.88, 3211, 3539, 0.00, 28830.50
2026-7-17, 06:00:06.650001, 28774.25, 28808.25, 28728.25, 28748.50, 6750, 5951, 28764.81, 28761.67, 28768.25, 3367, 3383, 0.00, 28813.25
2026-7-17, 06:39:59.218002, 28748.50, 28764.25, 28670.75, 28680.25, 6750, 6038, 28715.94, 28705.08, 28717.50, 3537, 3213, 0.00, 28769.25
2026-7-17, 07:22:51.154001, 28680.00, 28696.75, 28645.50, 28672.75, 6750, 6212, 28673.75, 28671.67, 28671.13, 3506, 3244, 28640.50, 0.00
2026-7-17, 07:56:16.676000, 28673.25, 28686.50, 28611.50, 28614.25, 6750, 6403, 28646.38, 28637.42, 28649.00, 3439, 3311, 0.00, 0.00
2026-7-17, 08:20:30.435000, 28614.50, 28648.25, 28581.00, 28588.75, 6750, 6210, 28608.13, 28606.00, 28614.63, 3299, 3451, 28576.00, 0.00
2026-7-17, 08:29:36.772000, 28588.50, 28609.50, 28582.75, 28606.00, 1045, 863, 28596.69, 28599.42, 28596.13, 422, 623, 0.00, 0.00
2026-7-17, 08:30:00.000000, 28607.75, 28672.00, 28599.50, 28656.00, 6750, 6199, 28633.81, 28642.50, 28635.75, 3172, 3578, 0.00, 0.00
2026-7-17, 08:31:28.455000, 28655.75, 28686.00, 28569.75, 28571.75, 6750, 6257, 28620.81, 28609.17, 28627.88, 3656, 3094, 0.00, 0.00
2026-7-17, 08:34:01.492000, 28571.50, 28577.00, 28518.00, 28518.00, 6750, 6284, 28546.13, 28537.67, 28547.50, 3528, 3222, 0.00, 0.00
2026-7-17, 08:36:36.329001, 28517.75, 28539.50, 28463.00, 28470.50, 6750, 6018, 28497.69, 28491.00, 28501.25, 3766, 2984, 0.00, 0.00
2026-7-17, 08:39:22.012001, 28470.75, 28512.00, 28456.00, 28510.25, 6750, 6133, 28487.25, 28492.75, 28484.00, 3111, 3639, 0.00, 0.00
2026-7-17, 08:41:37.525000, 28508.50, 28511.25, 28408.25, 28433.50, 6750, 6345, 28465.38, 28451.00, 28459.75, 3601, 3149, 0.00, 0.00
2026-7-17, 08:44:27.531000, 28432.25, 28480.00, 28412.00, 28464.00, 6750, 6404, 28447.06, 28452.00, 28446.00, 3178, 3572, 0.00, 0.00
2026-7-17, 08:47:14.087008, 28464.00, 28535.00, 28461.25, 28528.00, 6750, 6333, 28497.06, 28508.08, 28498.13, 3254, 3496, 0.00, 0.00
2026-7-17, 08:50:45.008000, 28528.00, 28592.25, 28512.25, 28589.75, 6750, 6139, 28555.56, 28564.75, 28552.25, 3156, 3594, 0.00, 0.00
2026-7-17, 08:54:00.181001, 28589.75, 28640.00, 28578.25, 28639.00, 6750, 6235, 28611.75, 28619.08, 28609.13, 3229, 3521, 0.00, 0.00
2026-7-17, 08:56:51.508009, 28639.00, 28708.00, 28609.00, 28679.75, 6750, 6259, 28658.94, 28665.58, 28658.50, 3062, 3688, 0.00, 0.00
2026-7-17, 09:00:18.307000, 28680.50, 28759.75, 28676.00, 28752.00, 6750, 6083, 28717.06, 28729.25, 28717.88, 3266, 3484, 0.00, 0.00
2026-7-17, 09:02:30.528000, 28753.00, 28783.75, 28710.50, 28755.25, 6750, 6318, 28750.63, 28749.83, 28747.13, 3478, 3272, 0.00, 0.00
2026-7-17, 09:05:12.254010, 28757.25, 28814.00, 28751.50, 28790.25, 6750, 6258, 28778.25, 28785.25, 28782.75, 3171, 3579, 0.00, 0.00
2026-7-17, 09:08:18.465000, 28790.00, 28862.25, 28785.00, 28840.00, 6750, 6151, 28819.31, 28829.08, 28823.63, 2895, 3855, 0.00, 0.00
2026-7-17, 09:11:44.402001, 28839.75, 28850.25, 28783.00, 28801.50, 6750, 6125, 28818.63, 28811.58, 28816.63, 3457, 3293, 0.00, 0.00
2026-7-17, 09:15:09.178000, 28802.50, 28885.50, 28779.75, 28851.25, 6750, 6245, 28829.75, 28838.83, 28832.63, 3103, 3647, 0.00, 0.00
2026-7-17, 09:18:02.373005, 28851.25, 28870.75, 28815.50, 28854.75, 6750, 6227, 28848.06, 28847.00, 28843.13, 3290, 3460, 0.00, 0.00
2026-7-17, 09:22:10.937000, 28853.25, 28887.50, 28820.75, 28846.50, 6750, 6277, 28852.00, 28851.58, 28854.13, 3288, 3462, 0.00, 0.00
2026-7-17, 09:27:07.370000, 28844.75, 28882.00, 28807.50, 28842.00, 6750, 6285, 28844.06, 28843.83, 28844.75, 3488, 3262, 0.00, 0.00
2026-7-17, 09:31:18.228000, 28843.00, 28843.00, 28760.25, 28798.50, 6750, 6254, 28811.19, 28800.58, 28801.63, 3577, 3173, 0.00, 0.00
2026-7-17, 09:35:13.306000, 28798.75, 28886.25, 28791.00, 28860.00, 6750, 5919, 28834.00, 28845.75, 28838.63, 3399, 3351, 0.00, 0.00
2026-7-17, 09:38:58.016001, 28860.00, 28896.00, 28846.25, 28847.25, 6750, 5689, 28862.38, 28863.17, 28871.13, 3755, 2995, 0.00, 0.00
2026-7-17, 09:42:47.202000, 28847.25, 28855.50, 28768.25, 28848.00, 6750, 6139, 28829.75, 28823.92, 28811.88, 3767, 2983, 0.00, 0.00
2026-7-17, 09:47:34.830002, 28848.00, 28857.75, 28760.50, 28775.75, 6750, 6316, 28810.50, 28798.00, 28809.13, 3509, 3241, 0.00, 0.00
2026-7-17, 09:53:43.695000, 28775.50, 28808.75, 28723.00, 28733.25, 6750, 6215, 28760.13, 28755.00, 28765.88, 3547, 3203, 0.00, 0.00
2026-7-17, 09:59:01.447000, 28733.00, 28742.25, 28685.00, 28694.25, 6750, 6166, 28713.63, 28707.17, 28713.63, 3714, 3036, 0.00, 0.00
2026-7-17, 10:04:58.003000, 28692.75, 28755.75, 28676.75, 28703.75, 6750, 6325, 28707.25, 28712.08, 28716.25, 3424, 3326, 0.00, 0.00
2026-7-17, 10:10:42.362000, 28704.25, 28729.00, 28686.00, 28721.50, 6750, 6219, 28710.19, 28712.17, 28707.50, 3466, 3284, 0.00, 0.00
2026-7-17, 10:18:59.067000, 28720.25, 28747.25, 28672.25, 28694.25, 6750, 6200, 28708.50, 28704.58, 28709.75, 3577, 3173, 0.00, 0.00
2026-7-17, 10:24:58.913000, 28694.00, 28778.75, 28688.25, 28761.25, 6750, 6303, 28730.56, 28742.75, 28733.50, 3266, 3484, 0.00, 0.00
2026-7-17, 10:31:10.442000, 28760.75, 28790.75, 28718.00, 28775.00, 6750, 6316, 28761.13, 28761.25, 28754.38, 3486, 3264, 0.00, 0.00
2026-7-17, 10:36:28.486001, 28775.00, 28843.50, 28767.00, 28800.50, 6750, 6249, 28796.50, 28803.67, 28805.25, 3328, 3422, 0.00, 0.00
2026-7-17, 10:42:03.540000, 28800.00, 28832.50, 28766.25, 28820.25, 6750, 6356, 28804.75, 28806.33, 28799.38, 3523, 3227, 0.00, 0.00
2026-7-17, 10:50:38.585000, 28819.50, 28924.00, 28800.75, 28920.75, 6750, 5864, 28866.25, 28881.83, 28862.38, 3095, 3655, 0.00, 0.00
2026-7-17, 10:56:24.003002, 28921.00, 28955.75, 28907.75, 28939.50, 6750, 6216, 28931.00, 28934.33, 28931.75, 3219, 3531, 0.00, 0.00
2026-7-17, 11:01:12.648146, 28939.50, 28939.50, 28856.75, 28877.50, 6750, 6234, 28903.31, 28891.25, 28898.13, 3493, 3257, 0.00, 0.00
2026-7-17, 11:04:58.773000, 28878.50, 28944.50, 28846.00, 28901.75, 6750, 6098, 28892.69, 28897.42, 28895.25, 3451, 3299, 0.00, 0.00
2026-7-17, 11:12:00.892000, 28902.00, 28956.00, 28897.50, 28941.00, 6750, 5859, 28924.13, 28931.50, 28926.75, 3250, 3500, 0.00, 0.00
2026-7-17, 11:19:01.849000, 28940.50, 28953.75, 28858.00, 28876.75, 6750, 6036, 28907.25, 28896.17, 28905.88, 3452, 3298, 0.00, 0.00
2026-7-17, 11:26:13.311000, 28877.75, 28942.75, 28876.50, 28924.50, 6750, 6188, 28905.38, 28914.58, 28909.63, 3347, 3403, 0.00, 0.00
2026-7-17, 11:35:48.510009, 28924.50, 28973.00, 28902.00, 28973.00, 6750, 6238, 28943.13, 28949.33, 28937.50, 3242, 3508, 0.00, 0.00
2026-7-17, 11:45:01.037014, 28973.00, 29022.25, 28962.50, 29009.75, 6750, 5980, 28991.88, 28998.17, 28992.38, 3203, 3547, 0.00, 0.00
2026-7-17, 11:51:30.170000, 29008.50, 29028.00, 28960.50, 28976.75, 6750, 6223, 28993.44, 28988.42, 28994.25, 3544, 3206, 0.00, 0.00
2026-7-17, 11:59:04.020000, 28977.50, 29034.75, 28966.25, 29033.75, 6750, 6153, 29003.06, 29011.58, 29000.50, 3405, 3345, 0.00, 0.00
2026-7-17, 12:07:23.051000, 29034.25, 29050.25, 28987.00, 29034.75, 6750, 6239, 29026.56, 29024.00, 29018.63, 3339, 3411, 0.00, 0.00
2026-7-17, 12:16:39.170002, 29034.75, 29042.75, 28979.25, 29018.75, 6750, 6067, 29018.88, 29013.58, 29011.00, 3439, 3311, 0.00, 0.00
2026-7-17, 12:26:07.424002, 29018.50, 29042.25, 28980.75, 28984.25, 6750, 6057, 29006.44, 29002.42, 29011.50, 3320, 3430, 0.00, 0.00
2026-7-17, 12:35:59.399000, 28983.50, 28998.25, 28940.00, 28958.50, 6750, 6342, 28970.06, 28965.58, 28969.13, 3411, 3339, 0.00, 0.00
2026-7-17, 12:45:30.248002, 28958.75, 28969.75, 28890.50, 28901.75, 6750, 6198, 28930.19, 28920.67, 28930.13, 3528, 3222, 0.00, 0.00
2026-7-17, 12:57:35.024000, 28901.75, 28937.00, 28873.00, 28874.25, 6750, 6187, 28896.50, 28894.75, 28905.00, 3454, 3296, 0.00, 0.00
2026-7-17, 13:06:30.911005, 28875.25, 28896.50, 28839.00, 28851.50, 6750, 6154, 28865.56, 28862.33, 28867.75, 3492, 3258, 0.00, 0.00
2026-7-17, 13:17:03.340000, 28852.00, 28862.50, 28824.50, 28830.25, 6750, 6326, 28842.31, 28839.08, 28843.50, 3443, 3307, 0.00, 0.00
2026-7-17, 13:27:14.788000, 28830.00, 28891.75, 28822.50, 28852.25, 6750, 6323, 28849.13, 28855.50, 28857.13, 3181, 3569, 0.00, 0.00
2026-7-17, 13:36:39.604003, 28852.25, 28854.00, 28797.00, 28810.75, 6750, 5398, 28828.50, 28820.58, 28825.50, 3649, 3101, 0.00, 0.00
2026-7-17, 13:45:06.745001, 28811.00, 28872.00, 28797.00, 28858.75, 6750, 5904, 28834.69, 28842.58, 28834.50, 3334, 3416, 0.00, 0.00
2026-7-17, 13:54:15.567002, 28858.75, 28886.00, 28830.50, 28856.75, 6750, 6246, 28858.00, 28857.75, 28858.25, 3425, 3325, 0.00, 0.00
2026-7-17, 14:05:01.762000, 28856.00, 28858.25, 28756.00, 28757.75, 6750, 6198, 28807.00, 28790.67, 28807.13, 3665, 3085, 0.00, 0.00
2026-7-17, 14:15:14.281000, 28757.00, 28775.25, 28734.50, 28735.75, 6750, 6285, 28750.63, 28748.50, 28754.88, 3522, 3228, 0.00, 0.00
2026-7-17, 14:24:54.176000, 28735.50, 28846.50, 28718.50, 28840.75, 6750, 6322, 28785.31, 28801.92, 28782.50, 3008, 3742, 0.00, 0.00
2026-7-17, 14:30:31.342000, 28840.50, 28841.25, 28784.50, 28807.25, 6750, 6242, 28818.38, 28811.00, 28812.88, 3434, 3316, 0.00, 0.00
2026-7-17, 14:38:18.011003, 28807.50, 28819.25, 28753.75, 28800.75, 6750, 6456, 28795.31, 28791.25, 28786.50, 3281, 3469, 0.00, 0.00
2026-7-17, 14:46:26.684000, 28800.00, 28853.50, 28788.00, 28823.50, 6750, 6303, 28816.25, 28821.67, 28820.75, 3261, 3489, 0.00, 0.00
2026-7-17, 14:53:02.317007, 28823.25, 28848.50, 28806.75, 28813.00, 6750, 6130, 28822.88, 28822.75, 28827.63, 3446, 3304, 0.00, 0.00
2026-7-17, 14:58:19.087000, 28814.00, 28820.50, 28757.25, 28761.25, 6750, 5950, 28788.25, 28779.67, 28788.88, 3329, 3421, 0.00, 0.00
2026-7-17, 14:59:57.001006, 28761.25, 28771.75, 28737.75, 28752.75, 6750, 6064, 28755.88, 28754.08, 28754.75, 3494, 3256, 0.00, 0.00
2026-7-17, 15:02:06.545001, 28752.75, 28754.00, 28712.50, 28742.50, 6750, 6132, 28740.44, 28736.33, 28733.25, 3380, 3370, 0.00, 0.00
2026-7-17, 15:13:28.427000, 28742.75, 28771.25, 28733.50, 28761.00, 6750, 6170, 28752.13, 28755.25, 28752.38, 3410, 3340, 0.00, 0.00
2026-7-17, 15:51:57.947002, 28761.00, 28779.75, 28759.00, 28768.25, 1032, 870, 28767.00, 28769.00, 28769.38, 483, 549, 0.00, 0.00
2026-7-19, 17:00:00.000000, 28747.75, 28818.75, 28709.75, 28768.00, 6750, 5894, 28761.06, 28765.50, 28764.25, 3476, 3274, 0.00, 28823.75
2026-7-19, 17:26:30.397002, 28768.00, 28851.00, 28757.75, 28790.75, 6750, 6351, 28791.88, 28799.83, 28804.38, 3456, 3294, 0.00, 28856.00
2026-7-19, 18:28:59.806000, 28791.00, 28928.25, 28791.00, 28928.25, 6750, 5857, 28859.63, 28882.50, 28859.63, 3197, 3553, 0.00, 0.00
2026-7-19, 19:08:56.204007, 28928.75, 28963.50, 28873.00, 28874.25, 6750, 6014, 28909.88, 28903.58, 28918.25, 3398, 3352, 0.00, 0.00
2026-7-19, 19:45:11.901000, 28874.25, 28917.50, 28820.50, 28820.50, 6750, 6025, 28858.19, 28852.83, 28869.00, 3352, 3398, 28815.50, 0.00
2026-7-19, 20:29:25.370001, 28820.50, 28889.00, 28762.75, 28864.75, 6750, 6062, 28834.25, 28838.83, 28825.88, 3443, 3307, 0.00, 28894.00
2026-7-19, 21:10:16.629001, 28864.75, 28948.00, 28793.00, 28862.00, 6750, 6203, 28866.94, 28867.67, 28870.50, 3168, 3582, 28788.00, 0.00
2026-7-19, 22:06:37.272000, 28861.75, 28937.75, 28844.50, 28865.75, 6750, 6005, 28877.44, 28882.67, 28891.13, 3539, 3211, 0.00, 0.00
2026-7-19, 23:25:14.308000, 28868.50, 28942.00, 28812.75, 28833.00, 6750, 6094, 28864.06, 28862.58, 28877.38, 3396, 3354, 28807.75, 0.00
2026-7-20, 00:37:05.678003, 28831.75, 28833.75, 28766.00, 28809.00, 6750, 6220, 28810.13, 28802.92, 28799.88, 3497, 3253, 28761.00, 0.00
2026-7-20, 02:00:00.004000, 28806.00, 28926.00, 28797.75, 28915.00, 6750, 6326, 28861.19, 28879.58, 28861.88, 3101, 3649, 0.00, 0.00
2026-7-20, 02:57:03.477000, 28915.00, 28939.75, 28854.00, 28909.50, 6750, 6323, 28904.56, 28901.08, 28896.88, 3340, 3410, 28849.00, 0.00
2026-7-20, 04:26:50.662003, 28909.50, 28998.25, 28898.00, 28959.00, 6750, 6109, 28941.19, 28951.75, 28948.13, 3181, 3569, 28893.00, 0.00
2026-7-20, 05:29:01.980002, 28959.25, 29034.50, 28947.25, 29027.00, 6750, 6101, 28992.00, 29002.92, 28990.88, 3389, 3361, 0.00, 29039.50
2026-7-20, 06:30:12.521001, 29027.00, 29109.50, 29011.50, 29080.25, 6750, 5982, 29057.06, 29067.08, 29060.50, 3252, 3498, 0.00, 29114.50
2026-7-20, 06:47:29.565001, 29080.25, 29085.00, 28981.75, 28994.25, 6750, 6227, 29035.31, 29020.33, 29033.38, 3437, 3313, 0.00, 29090.00
2026-7-20, 07:13:40.971000, 28994.25, 29046.00, 28991.50, 29033.00, 6750, 6348, 29016.19, 29023.50, 29018.75, 3548, 3202, 28986.50, 0.00
2026-7-20, 08:00:00.644000, 29033.25, 29060.00, 29021.25, 29032.50, 6750, 6365, 29036.75, 29037.92, 29040.63, 3457, 3293, 0.00, 0.00
2026-7-20, 08:28:56.254000, 29031.50, 29045.75, 29021.25, 29045.00, 890, 856, 29035.88, 29037.33, 29033.50, 427, 463, 0.00, 0.00
2026-7-20, 08:30:00.000000, 29045.00, 29093.25, 29025.75, 29093.25, 6750, 6473, 29064.31, 29070.75, 29059.50, 3341, 3409, 0.00, 0.00
2026-7-20, 08:32:10.932000, 29093.50, 29143.50, 29092.00, 29138.75, 6750, 6264, 29116.94, 29124.75, 29117.75, 3222, 3528, 0.00, 0.00
2026-7-20, 08:35:26.773000, 29138.25, 29167.25, 29126.25, 29147.50, 6750, 6107, 29144.81, 29147.00, 29146.75, 3240, 3510, 0.00, 0.00
2026-7-20, 08:38:55.150004, 29147.75, 29164.75, 29119.50, 29160.50, 6750, 6322, 29148.13, 29148.25, 29142.13, 3286, 3464, 0.00, 0.00
2026-7-20, 08:43:11.836000, 29160.50, 29192.50, 29157.50, 29165.25, 6750, 5981, 29168.94, 29171.75, 29175.00, 3244, 3506, 0.00, 0.00
2026-7-20, 08:46:02.370000, 29165.00, 29179.25, 29115.75, 29123.50, 6750, 6324, 29145.88, 29139.50, 29147.50, 3632, 3118, 0.00, 0.00
2026-7-20, 08:50:17.135001, 29123.25, 29130.75, 29031.75, 29055.75, 6750, 6297, 29085.38, 29072.75, 29081.25, 3660, 3090, 0.00, 0.00
2026-7-20, 08:52:50.460001, 29055.50, 29072.75, 29023.00, 29027.00, 6750, 6431, 29044.56, 29040.92, 29047.88, 3356, 3394, 0.00, 0.00
2026-7-20, 08:56:28.124002, 29027.00, 29041.25, 28979.75, 28988.25, 6750, 6295, 29009.06, 29003.08, 29010.50, 3453, 3297, 0.00, 0.00
2026-7-20, 09:00:01.922000, 28988.50, 29021.00, 28961.00, 29004.25, 6750, 6354, 28993.69, 28995.42, 28991.00, 3427, 3323, 0.00, 0.00
2026-7-20, 09:02:55.334000, 29005.25, 29049.00, 28987.75, 28987.75, 6750, 6269, 29007.44, 29008.17, 29018.38, 3413, 3337, 0.00, 0.00
2026-7-20, 09:07:09.834000, 28987.50, 29023.50, 28941.00, 28946.50, 6750, 6439, 28974.63, 28970.33, 28982.25, 3544, 3206, 0.00, 0.00
2026-7-20, 09:12:07.535001, 28946.50, 29005.50, 28938.00, 28966.25, 6750, 6307, 28964.06, 28969.92, 28971.75, 3287, 3463, 0.00, 0.00
2026-7-20, 09:16:52.108001, 28966.25, 28977.75, 28910.25, 28930.50, 6750, 6355, 28946.19, 28939.50, 28944.00, 3453, 3297, 0.00, 0.00
2026-7-20, 09:21:52.960000, 28930.75, 29015.50, 28908.00, 29002.50, 6750, 6353, 28964.19, 28975.33, 28961.75, 3123, 3627, 0.00, 0.00
2026-7-20, 09:27:34.386000, 29002.50, 29053.75, 28976.50, 28996.25, 6750, 6278, 29007.25, 29008.83, 29015.13, 3390, 3360, 0.00, 0.00
2026-7-20, 09:33:21.453001, 28996.25, 29025.75, 28972.50, 29002.00, 6750, 6405, 28999.13, 29000.08, 28999.13, 3344, 3406, 0.00, 0.00
2026-7-20, 09:41:24.475003, 29002.00, 29004.25, 28932.00, 28971.25, 6750, 6360, 28977.38, 28969.17, 28968.13, 3620, 3130, 0.00, 0.00
2026-7-20, 09:47:35.837000, 28970.00, 28970.25, 28898.50, 28898.75, 6750, 6249, 28934.38, 28922.50, 28934.38, 3526, 3224, 0.00, 0.00
2026-7-20, 09:53:50.329000, 28899.50, 28929.00, 28876.00, 28879.25, 6750, 6226, 28895.94, 28894.75, 28902.50, 3496, 3254, 0.00, 0.00
2026-7-20, 09:59:17.416004, 28879.00, 28957.00, 28873.25, 28921.75, 6750, 6370, 28907.75, 28917.33, 28915.13, 3357, 3393, 0.00, 0.00
2026-7-20, 10:04:31.318000, 28922.50, 28985.25, 28883.50, 28965.25, 6750, 6157, 28939.13, 28944.67, 28934.38, 3202, 3548, 0.00, 0.00
2026-7-20, 10:09:20.645001, 28965.50, 28989.50, 28928.75, 28969.50, 6750, 6199, 28963.31, 28962.58, 28959.13, 3437, 3313, 0.00, 0.00
2026-7-20, 10:16:15.849001, 28969.50, 29024.50, 28957.75, 29000.00, 6750, 6365, 28987.94, 28994.08, 28991.13, 3236, 3514, 0.00, 0.00
2026-7-20, 10:25:10.085000, 29000.50, 29031.00, 28969.75, 29026.25, 6750, 6213, 29006.88, 29009.00, 29000.38, 3273, 3477, 0.00, 0.00
2026-7-20, 10:34:06.511002, 29026.25, 29034.75, 28986.25, 29018.00, 6750, 6258, 29016.31, 29013.00, 29010.50, 3491, 3259, 0.00, 0.00
2026-7-20, 10:44:13.901000, 29018.75, 29040.00, 28974.00, 29038.25, 6750, 6228, 29017.75, 29017.42, 29007.00, 3170, 3580, 0.00, 0.00
2026-7-20, 10:54:00.033005, 29038.25, 29069.00, 29028.75, 29032.00, 6750, 6146, 29042.00, 29043.25, 29048.88, 3464, 3286, 0.00, 0.00
2026-7-20, 11:02:51.135004, 29031.75, 29115.25, 29029.00, 29111.00, 6750, 6066, 29071.75, 29085.08, 29072.13, 3120, 3630, 0.00, 0.00
2026-7-20, 11:10:45.376000, 29111.25, 29119.00, 29084.00, 29109.50, 6750, 6378, 29105.94, 29104.17, 29101.50, 3525, 3225, 0.00, 0.00
2026-7-20, 11:21:04.616003, 29109.50, 29112.75, 29052.50, 29052.50, 6750, 6228, 29081.81, 29072.58, 29082.63, 3641, 3109, 0.00, 0.00
2026-7-20, 11:33:35.973027, 29052.50, 29083.25, 28962.00, 28985.00, 6750, 6171, 29020.69, 29010.08, 29022.63, 3681, 3069, 0.00, 0.00
2026-7-20, 11:41:31.053000, 28985.50, 29041.75, 28976.00, 29034.25, 6750, 6367, 29009.38, 29017.33, 29008.88, 3175, 3575, 0.00, 0.00
2026-7-20, 11:48:11.174000, 29034.75, 29051.75, 28966.50, 28979.50, 6750, 6025, 29008.13, 28999.25, 29009.13, 3859, 2891, 0.00, 0.00
2026-7-20, 11:56:02.173000, 28978.25, 28999.75, 28954.75, 28961.75, 6750, 6430, 28973.63, 28972.08, 28977.25, 3313, 3437, 0.00, 0.00
2026-7-20, 12:04:34.858001, 28961.75, 28970.50, 28910.25, 28920.00, 6750, 6349, 28940.63, 28933.58, 28940.38, 3329, 3421, 0.00, 0.00
2026-7-20, 12:16:19.537000, 28920.00, 28975.75, 28911.50, 28948.50, 6750, 6383, 28938.94, 28945.25, 28943.63, 3238, 3512, 0.00, 0.00
2026-7-20, 12:28:04.411001, 28948.50, 28973.25, 28915.00, 28921.00, 6750, 6251, 28939.44, 28936.42, 28944.13, 3411, 3339, 0.00, 0.00
2026-7-20, 12:43:01.647004, 28920.75, 28982.75, 28900.75, 28965.25, 6750, 6305, 28942.38, 28949.58, 28941.75, 3296, 3454, 0.00, 0.00
2026-7-20, 12:55:15.199001, 28965.25, 28992.25, 28941.00, 28983.00, 6750, 6317, 28970.38, 28972.08, 28966.63, 3374, 3376, 0.00, 0.00
2026-7-20, 13:10:04.999000, 28982.75, 29009.75, 28947.75, 28949.25, 6750, 6272, 28972.38, 28968.92, 28978.75, 3643, 3107, 0.00, 0.00
2026-7-20, 13:23:08.513000, 28949.75, 28971.75, 28895.00, 28907.50, 6750, 6287, 28931.00, 28924.75, 28933.38, 3467, 3283, 0.00, 0.00
2026-7-20, 13:35:00.520000, 28907.75, 28945.75, 28861.25, 28861.25, 6750, 6317, 28894.00, 28889.42, 28903.50, 3490, 3260, 0.00, 0.00
2026-7-20, 13:44:46.165005, 28861.25, 28892.25, 28855.75, 28888.75, 6750, 6158, 28874.50, 28878.92, 28874.00, 3368, 3382, 0.00, 0.00
2026-7-20, 13:53:54.797001, 28888.75, 28901.25, 28836.75, 28840.25, 6750, 6324, 28866.75, 28859.42, 28869.00, 3590, 3160, 0.00, 0.00
2026-7-20, 14:04:23.444000, 28840.75, 28878.00, 28823.75, 28824.75, 6750, 6182, 28841.81, 28842.17, 28850.88, 3509, 3241, 0.00, 0.00
2026-7-20, 14:13:07.953001, 28824.75, 28836.00, 28796.50, 28806.75, 6750, 6152, 28816.00, 28813.08, 28816.25, 3601, 3149, 0.00, 0.00
2026-7-20, 14:20:58.582000, 28806.50, 28871.50, 28797.25, 28871.50, 6750, 6350, 28836.69, 28846.75, 28834.38, 3154, 3596, 0.00, 0.00
2026-7-20, 14:30:03.432002, 28871.75, 28883.00, 28834.25, 28862.50, 6750, 6201, 28862.88, 28859.92, 28858.63, 3371, 3379, 0.00, 0.00
2026-7-20, 14:39:06.663000, 28863.00, 28894.25, 28841.75, 28847.50, 6750, 6076, 28861.63, 28861.17, 28868.00, 3599, 3151, 0.00, 0.00
2026-7-20, 14:47:23.542007, 28847.50, 28870.00, 28793.00, 28797.25, 6750, 6125, 28826.94, 28820.08, 28831.50, 3575, 3175, 0.00, 0.00
2026-7-20, 14:54:30.036000, 28798.00, 28809.00, 28768.25, 28785.50, 6750, 6103, 28790.19, 28787.58, 28788.63, 3455, 3295, 0.00, 0.00
2026-7-20, 14:58:59.000003, 28784.75, 28795.50, 28767.75, 28778.75, 6750, 6092, 28781.69, 28780.67, 28781.63, 3559, 3191, 0.00, 0.00
2026-7-20, 14:59:58.517001, 28778.75, 28831.50, 28778.75, 28793.25, 6750, 5887, 28795.56, 28801.17, 28805.13, 3529, 3221, 0.00, 0.00
2026-7-20, 15:05:01.798013, 28793.25, 28803.00, 28750.50, 28781.50, 6750, 6036, 28782.06, 28778.33, 28776.75, 3597, 3153, 0.00, 0.00
2026-7-20, 15:48:23.565000, 28781.75, 28803.50, 28701.00, 28773.50, 6750, 6168, 28764.94, 28759.33, 28752.25, 3309, 3441, 0.00, 0.00
2026-7-20, 18:10:31.336001, 28773.50, 28832.50, 28722.00, 28725.75, 6750, 6393, 28763.44, 28760.08, 28777.25, 3405, 3345, 0.00, 28837.50
2026-7-20, 19:02:44.283000, 28726.00, 28864.75, 28707.25, 28856.25, 6750, 6190, 28788.56, 28809.42, 28786.00, 3145, 3605, 28702.25, 0.00
2026-7-20, 19:33:46.184001, 28856.50, 28912.50, 28837.50, 28912.00, 6750, 6256, 28879.63, 28887.33, 28875.00, 3388, 3362, 28832.50, 0.00
2026-7-20, 20:15:25.307000, 28912.00, 28937.75, 28866.50, 28877.25, 6750, 6244, 28898.38, 28893.83, 28902.13, 3279, 3471, 0.00, 28942.75
2026-7-20, 21:18:59.909001, 28877.25, 29017.00, 28859.00, 29013.25, 6750, 6160, 28941.63, 28963.08, 28938.00, 3139, 3611, 0.00, 0.00
2026-7-20, 22:33:43.268000, 29013.75, 29089.50, 29011.75, 29071.00, 6750, 6067, 29046.50, 29057.42, 29050.63, 3595, 3155, 0.00, 0.00
2026-7-20, 23:18:47.545023, 29071.00, 29078.50, 29016.50, 29073.75, 6750, 6087, 29059.94, 29056.25, 29047.50, 3483, 3267, 0.00, 0.00
2026-7-21, 00:41:13.539003, 29073.75, 29143.50, 29071.50, 29127.00, 6750, 6200, 29103.94, 29114.00, 29107.50, 3032, 3718, 29066.50, 0.00
2026-7-21, 01:33:42.645000, 29127.50, 29162.00, 29088.00, 29114.00, 6750, 5936, 29122.88, 29121.33, 29125.00, 3299, 3451, 29083.00, 0.00
2026-7-21, 02:41:13.932001, 29114.25, 29176.75, 29091.00, 29158.25, 6750, 6124, 29135.06, 29142.00, 29133.88, 3385, 3365, 29086.00, 0.00
2026-7-21, 03:46:32.719000, 29158.00, 29195.25, 29149.75, 29161.00, 6750, 5945, 29166.00, 29168.67, 29172.50, 3329, 3421, 29144.75, 0.00
2026-7-21, 05:10:30.613017, 29161.00, 29207.00, 29133.25, 29157.00, 6750, 6057, 29164.56, 29165.75, 29170.13, 3348, 3402, 0.00, 29212.00
2026-7-21, 06:13:00.948003, 29157.00, 29182.00, 29119.50, 29147.50, 6750, 5892, 29151.50, 29149.67, 29150.75, 3732, 3018, 0.00, 29187.00
2026-7-21, 06:58:35.581003, 29147.50, 29195.25, 29118.50, 29119.50, 6750, 6235, 29145.19, 29144.42, 29156.88, 3472, 3278, 0.00, 29200.25
2026-7-21, 07:41:42.719007, 29119.50, 29186.75, 29111.50, 29159.75, 6750, 6125, 29144.38, 29152.67, 29149.13, 3392, 3358, 0.00, 0.00
2026-7-21, 08:11:01.098000, 29159.75, 29225.00, 29155.75, 29221.50, 5813, 5218, 29190.50, 29200.75, 29190.38, 2739, 3074, 0.00, 0.00
2026-7-21, 08:30:00.000000, 29222.50, 29246.25, 29188.50, 29188.50, 6750, 5744, 29211.44, 29207.75, 29217.38, 3621, 3129, 0.00, 0.00
2026-7-21, 08:30:58.676002, 29188.50, 29198.50, 29151.75, 29177.75, 6750, 6162, 29179.13, 29176.00, 29175.13, 3090, 3660, 0.00, 0.00
2026-7-21, 08:33:08.755000, 29177.00, 29217.25, 29133.00, 29216.00, 6750, 6389, 29185.81, 29188.75, 29175.13, 3197, 3553, 0.00, 0.00
2026-7-21, 08:36:06.827000, 29217.00, 29226.00, 29156.75, 29207.25, 6750, 6290, 29201.75, 29196.67, 29191.38, 3418, 3332, 0.00, 0.00
2026-7-21, 08:39:22.472000, 29207.75, 29208.50, 29133.25, 29153.25, 6750, 6047, 29175.69, 29165.00, 29170.88, 3641, 3109, 0.00, 0.00
2026-7-21, 08:43:01.640000, 29153.50, 29179.75, 29118.50, 29124.75, 6750, 6313, 29144.13, 29141.00, 29149.13, 3481, 3269, 0.00, 0.00
2026-7-21, 08:46:45.916004, 29124.75, 29171.50, 29095.50, 29161.00, 6750, 6307, 29138.19, 29142.67, 29133.50, 3324, 3426, 0.00, 0.00
2026-7-21, 08:50:24.398007, 29161.00, 29178.00, 29118.25, 29144.50, 6750, 6256, 29150.44, 29146.92, 29148.13, 3457, 3293, 0.00, 0.00
2026-7-21, 08:55:05.952001, 29144.50, 29163.75, 29092.50, 29153.25, 6750, 6267, 29138.50, 29136.50, 29128.13, 3384, 3366, 0.00, 0.00
2026-7-21, 09:00:05.003000, 29152.50, 29188.50, 29087.25, 29108.75, 6750, 6323, 29134.25, 29128.17, 29137.88, 3589, 3161, 0.00, 0.00
2026-7-21, 09:03:42.334001, 29108.50, 29138.50, 29082.50, 29092.75, 6750, 6400, 29105.56, 29104.58, 29110.50, 3405, 3345, 0.00, 0.00
2026-7-21, 09:08:31.935001, 29092.75, 29113.00, 29064.25, 29113.00, 6750, 6307, 29095.75, 29096.75, 29088.63, 3321, 3429, 0.00, 0.00
2026-7-21, 09:13:46.357002, 29113.25, 29137.25, 29067.00, 29127.75, 6750, 6314, 29111.31, 29110.67, 29102.13, 3303, 3447, 0.00, 0.00
2026-7-21, 09:18:28.033000, 29128.25, 29173.00, 29112.50, 29143.75, 6750, 6342, 29139.38, 29143.08, 29142.75, 3331, 3419, 0.00, 0.00
2026-7-21, 09:23:00.896000, 29143.75, 29218.25, 29131.50, 29205.00, 6750, 6277, 29174.63, 29184.92, 29174.88, 3146, 3604, 0.00, 0.00
2026-7-21, 09:28:30.971006, 29204.75, 29230.00, 29192.75, 29228.25, 6750, 6363, 29213.94, 29217.00, 29211.38, 3454, 3296, 0.00, 0.00
2026-7-21, 09:35:18.052000, 29228.50, 29236.00, 29175.00, 29175.75, 6750, 6314, 29203.81, 29195.58, 29205.50, 3709, 3041, 0.00, 0.00
2026-7-21, 09:41:56.526010, 29175.75, 29254.00, 29162.00, 29234.00, 6750, 6198, 29206.44, 29216.67, 29208.00, 3130, 3620, 0.00, 0.00
2026-7-21, 09:46:33.372001, 29234.50, 29256.50, 29209.75, 29222.50, 6750, 6350, 29230.81, 29229.58, 29233.13, 3471, 3279, 0.00, 0.00
2026-7-21, 09:53:26.410000, 29221.25, 29245.25, 29211.50, 29217.00, 6750, 6319, 29223.75, 29224.58, 29228.38, 3448, 3302, 0.00, 0.00
2026-7-21, 10:02:28.893056, 29216.75, 29261.00, 29181.00, 29261.00, 6750, 6093, 29229.94, 29234.33, 29221.00, 3405, 3345, 0.00, 0.00
2026-7-21, 10:08:07.930001, 29261.00, 29297.50, 29255.50, 29295.25, 6750, 6300, 29277.31, 29282.75, 29276.50, 3251, 3499, 0.00, 0.00
2026-7-21, 10:15:01.139000, 29295.00, 29310.25, 29271.75, 29290.50, 6750, 6256, 29291.88, 29290.83, 29291.00, 3455, 3295, 0.00, 0.00
2026-7-21, 10:22:33.493003, 29290.50, 29320.00, 29284.00, 29296.25, 6750, 6259, 29297.69, 29300.08, 29302.00, 3362, 3388, 0.00, 0.00
2026-7-21, 10:31:31.106000, 29295.25, 29306.25, 29268.25, 29292.50, 6750, 5951, 29290.56, 29289.00, 29287.25, 3783, 2967, 0.00, 0.00
2026-7-21, 10:37:15.927001, 29292.50, 29295.25, 29257.00, 29288.75, 6750, 6284, 29283.38, 29280.33, 29276.13, 3383, 3367, 0.00, 0.00
2026-7-21, 10:49:22.190001, 29288.75, 29301.25, 29254.25, 29279.25, 6750, 6408, 29280.88, 29278.25, 29277.75, 3524, 3226, 0.00, 0.00
2026-7-21, 11:01:47.180000, 29279.50, 29324.75, 29275.50, 29305.75, 6750, 6174, 29296.38, 29302.00, 29300.13, 3277, 3473, 0.00, 0.00
2026-7-21, 11:12:38.350000, 29305.50, 29337.75, 29296.00, 29332.75, 6750, 6042, 29318.00, 29322.17, 29316.88, 3348, 3402, 0.00, 0.00
2026-7-21, 11:23:44.790001, 29332.75, 29335.50, 29302.00, 29318.00, 6750, 6359, 29322.06, 29318.50, 29318.75, 3737, 3013, 0.00, 0.00
2026-7-21, 11:37:17.915000, 29318.00, 29343.00, 29311.25, 29342.00, 6750, 6250, 29328.56, 29332.08, 29327.13, 3333, 3417, 0.00, 0.00
2026-7-21, 11:51:40.337001, 29342.00, 29352.50, 29330.75, 29350.25, 6750, 6289, 29343.88, 29344.50, 29341.63, 3436, 3314, 0.00, 0.00
2026-7-21, 12:05:10.231001, 29350.25, 29355.50, 29328.00, 29328.75, 6750, 6224, 29340.63, 29337.42, 29341.75, 3590, 3160, 0.00, 0.00
2026-7-21, 12:20:55.942001, 29328.75, 29351.50, 29323.00, 29346.00, 6750, 6358, 29337.31, 29340.17, 29337.25, 3392, 3358, 0.00, 0.00
2026-7-21, 12:37:10.261001, 29346.00, 29364.75, 29333.25, 29343.00, 6750, 6189, 29346.75, 29347.00, 29349.00, 3347, 3403, 0.00, 0.00
2026-7-21, 12:54:38.915023, 29343.00, 29361.75, 29332.25, 29349.75, 6750, 6371, 29346.69, 29347.92, 29347.00, 3296, 3454, 0.00, 0.00
2026-7-21, 13:12:11.723000, 29350.00, 29353.00, 29318.50, 29324.00, 6750, 6306, 29336.38, 29331.83, 29335.75, 3674, 3076, 0.00, 0.00
2026-7-21, 13:30:57.085000, 29323.75, 29352.50, 29310.50, 29352.00, 6750, 6353, 29334.69, 29338.33, 29331.50, 3387, 3363, 0.00, 0.00
2026-7-21, 13:45:41.156000, 29352.25, 29355.75, 29316.00, 29316.00, 6750, 6399, 29335.00, 29329.25, 29335.88, 3672, 3078, 0.00, 0.00
2026-7-21, 14:01:25.189003, 29316.00, 29327.25, 29304.25, 29313.00, 6750, 6216, 29315.13, 29314.83, 29315.75, 3469, 3281, 0.00, 0.00
2026-7-21, 14:15:30.762000, 29313.25, 29320.50, 29294.00, 29295.50, 6750, 6351, 29305.81, 29303.33, 29307.25, 3418, 3332, 0.00, 0.00
2026-7-21, 14:29:52.464009, 29295.25, 29331.50, 29290.75, 29325.00, 6750, 6340, 29310.63, 29315.75, 29311.13, 3085, 3665, 0.00, 0.00
2026-7-21, 14:39:58.840000, 29324.25, 29348.00, 29314.75, 29344.25, 6750, 6408, 29332.81, 29335.67, 29331.38, 3325, 3425, 29309.75, 0.00
2026-7-21, 14:50:20.930001, 29344.00, 29352.00, 29328.50, 29336.25, 6750, 6351, 29340.19, 29338.92, 29340.25, 3514, 3236, 0.00, 0.00
2026-7-21, 14:55:49.173000, 29336.00, 29346.75, 29327.75, 29328.75, 6750, 6145, 29334.81, 29334.42, 29337.25, 3506, 3244, 0.00, 0.00
2026-7-21, 14:59:28.202001, 29328.75, 29329.25, 29302.00, 29310.50, 6750, 5752, 29317.63, 29313.92, 29315.63, 3805, 2945, 0.00, 0.00
2026-7-21, 14:59:54.213000, 29310.75, 29316.75, 29294.25, 29294.25, 6750, 5903, 29304.00, 29301.75, 29305.50, 3345, 3405, 29289.25, 0.00
2026-7-21, 15:00:39.109000, 29294.00, 29309.00, 29285.25, 29302.75, 6750, 6232, 29297.75, 29299.00, 29297.13, 3243, 3507, 0.00, 0.00
2026-7-21, 15:15:02.358000, 29302.25, 29310.75, 29279.00, 29284.50, 6750, 6097, 29294.13, 29291.42, 29294.88, 3498, 3252, 0.00, 0.00
2026-7-21, 17:12:29.101001, 29284.50, 29308.00, 29253.00, 29291.00, 6750, 6380, 29284.13, 29284.00, 29280.50, 3401, 3349, 0.00, 29313.00
2026-7-21, 19:00:34.433000, 29290.25, 29337.00, 29258.25, 29269.00, 6750, 6212, 29288.63, 29288.08, 29297.63, 3265, 3485, 0.00, 0.00
2026-7-21, 19:53:15.165001, 29269.00, 29307.00, 29232.00, 29301.25, 6750, 6188, 29277.31, 29280.08, 29269.50, 3285, 3465, 29227.00, 0.00
2026-7-21, 20:55:23.265000, 29302.00, 29302.50, 29210.00, 29215.00, 6750, 6300, 29257.38, 29242.50, 29256.25, 3628, 3122, 0.00, 0.00
2026-7-21, 22:13:28.640002, 29215.00, 29267.25, 29187.75, 29219.50, 6750, 6209, 29222.38, 29224.83, 29227.50, 3286, 3464, 29182.75, 0.00
2026-7-21, 23:30:47.791004, 29219.50, 29232.50, 29140.25, 29170.25, 6750, 6250, 29190.63, 29181.00, 29186.38, 3704, 3046, 0.00, 0.00
2026-7-22, 00:53:34.260000, 29170.25, 29173.00, 29060.00, 29110.25, 6750, 6215, 29128.38, 29114.42, 29116.50, 3648, 3102, 0.00, 0.00
2026-7-22, 01:38:01.323010, 29110.00, 29124.50, 29051.00, 29098.50, 6750, 6156, 29096.00, 29091.33, 29087.75, 3372, 3378, 29046.00, 0.00
2026-7-22, 02:30:26.931000, 29099.25, 29107.00, 29025.75, 29071.00, 6750, 6253, 29075.75, 29067.92, 29066.38, 3439, 3311, 0.00, 0.00
2026-7-22, 03:12:58.161002, 29071.00, 29150.00, 29061.50, 29098.50, 6750, 6119, 29095.25, 29103.33, 29105.75, 3357, 3393, 29056.50, 0.00
2026-7-22, 04:34:32.946000, 29098.50, 29169.75, 29089.25, 29152.75, 6750, 6326, 29127.56, 29137.25, 29129.50, 3119, 3631, 29084.25, 0.00
2026-7-22, 05:48:30.840001, 29152.75, 29173.00, 29049.00, 29054.75, 6750, 6164, 29107.38, 29092.25, 29111.00, 3795, 2955, 0.00, 0.00
2026-7-22, 06:41:19.882000, 29052.00, 29079.00, 29017.50, 29042.50, 6750, 6102, 29047.75, 29046.33, 29048.25, 3387, 3363, 0.00, 29084.00
2026-7-22, 07:11:35.502000, 29041.00, 29067.25, 28995.00, 29058.25, 6750, 5969, 29040.38, 29040.17, 29031.13, 3354, 3396, 28990.00, 0.00
2026-7-22, 07:35:34.888000, 29059.50, 29068.75, 28952.00, 29005.25, 6750, 6092, 29021.38, 29008.67, 29010.38, 3698, 3052, 0.00, 0.00
2026-7-22, 07:57:12.676058, 29005.25, 29082.50, 28991.25, 29073.00, 6750, 6072, 29038.00, 29048.92, 29036.88, 3157, 3593, 0.00, 0.00
2026-7-22, 08:22:05.027000, 29072.00, 29099.00, 29070.50, 29089.75, 3193, 2890, 29082.81, 29086.42, 29084.75, 1583, 1610, 0.00, 0.00
2026-7-22, 08:30:00.001000, 29090.50, 29134.25, 29090.00, 29126.00, 6750, 6473, 29110.19, 29116.75, 29112.13, 3265, 3485, 0.00, 0.00
2026-7-22, 08:31:46.368000, 29125.75, 29162.25, 29111.25, 29149.00, 6750, 6466, 29137.06, 29140.83, 29136.75, 3312, 3438, 0.00, 0.00
2026-7-22, 08:34:57.749001, 29148.75, 29164.75, 29121.50, 29130.75, 6750, 6388, 29141.44, 29139.00, 29143.13, 3452, 3298, 0.00, 0.00
2026-7-22, 08:38:43.974001, 29131.00, 29170.75, 29113.00, 29166.75, 6750, 6517, 29145.38, 29150.17, 29141.88, 3261, 3489, 0.00, 0.00
2026-7-22, 08:42:17.905000, 29166.00, 29218.25, 29160.75, 29211.75, 6750, 6260, 29189.19, 29196.92, 29189.50, 3080, 3670, 0.00, 0.00
2026-7-22, 08:45:35.500000, 29211.75, 29217.00, 29157.25, 29175.00, 6750, 6371, 29190.25, 29183.08, 29187.13, 3630, 3120, 0.00, 0.00
2026-7-22, 08:49:43.536000, 29174.00, 29227.25, 29153.00, 29217.00, 6750, 6331, 29192.81, 29199.08, 29190.13, 3104, 3646, 0.00, 0.00
2026-7-22, 08:53:28.951002, 29217.00, 29261.50, 29214.50, 29257.75, 6750, 6325, 29237.69, 29244.58, 29238.00, 3153, 3597, 0.00, 0.00
2026-7-22, 08:58:07.536000, 29257.50, 29283.75, 29245.00, 29254.00, 6750, 6321, 29260.06, 29260.92, 29264.38, 3460, 3290, 0.00, 0.00
2026-7-22, 09:02:43.821001, 29254.00, 29277.75, 29230.00, 29230.75, 6750, 6233, 29248.13, 29246.17, 29253.88, 3758, 2992, 0.00, 0.00
2026-7-22, 09:07:42.230000, 29231.25, 29263.50, 29216.75, 29237.50, 6750, 6314, 29237.25, 29239.25, 29240.13, 3464, 3286, 0.00, 0.00
2026-7-22, 09:13:09.363001, 29237.50, 29245.50, 29196.00, 29225.25, 6750, 6161, 29226.06, 29222.25, 29220.75, 3450, 3300, 0.00, 0.00
2026-7-22, 09:18:10.056001, 29225.25, 29273.75, 29208.25, 29232.25, 6750, 6400, 29234.88, 29238.08, 29241.00, 3324, 3426, 0.00, 0.00
2026-7-22, 09:23:15.651000, 29232.25, 29232.50, 29198.75, 29215.25, 6750, 6372, 29219.69, 29215.50, 29215.63, 3452, 3298, 0.00, 0.00
2026-7-22, 09:29:29.840000, 29214.25, 29260.25, 29207.25, 29219.25, 6750, 6336, 29225.25, 29228.92, 29233.75, 3339, 3411, 0.00, 0.00
2026-7-22, 09:35:47.125000, 29219.25, 29246.25, 29172.75, 29194.25, 6750, 6376, 29208.13, 29204.42, 29209.50, 3511, 3239, 0.00, 0.00
2026-7-22, 09:42:35.876001, 29194.25, 29228.00, 29173.50, 29223.00, 6750, 6370, 29204.69, 29208.17, 29200.75, 3297, 3453, 0.00, 0.00
2026-7-22, 09:48:28.163002, 29223.00, 29231.25, 29183.00, 29210.00, 6750, 6417, 29211.81, 29208.08, 29207.13, 3481, 3269, 0.00, 0.00
2026-7-22, 09:57:02.035001, 29210.00, 29272.75, 29209.50, 29269.75, 6750, 6314, 29240.50, 29250.67, 29241.13, 3092, 3658, 0.00, 0.00
2026-7-22, 10:03:30.608002, 29269.75, 29309.25, 29259.50, 29308.75, 6750, 6284, 29286.81, 29292.50, 29284.38, 3116, 3634, 0.00, 0.00
2026-7-22, 10:10:59.294001, 29308.75, 29318.00, 29291.50, 29318.00, 6750, 6255, 29309.06, 29309.17, 29304.75, 3368, 3382, 0.00, 29323.00
2026-7-22, 10:20:36.130005, 29318.00, 29342.25, 29297.00, 29331.75, 6750, 6158, 29322.25, 29323.67, 29319.63, 3163, 3587, 0.00, 0.00
2026-7-22, 10:28:05.529000, 29331.75, 29335.50, 29288.50, 29293.50, 6750, 6229, 29312.31, 29305.83, 29312.00, 3500, 3250, 0.00, 29340.50
2026-7-22, 10:37:11.591000, 29293.25, 29309.50, 29274.25, 29298.50, 6750, 6342, 29293.88, 29294.08, 29291.88, 3377, 3373, 0.00, 0.00
2026-7-22, 10:47:44.238000, 29298.75, 29333.50, 29294.50, 29332.50, 6750, 6218, 29314.81, 29320.17, 29314.00, 3312, 3438, 0.00, 0.00
2026-7-22, 11:00:02.072001, 29332.50, 29335.00, 29312.75, 29331.00, 6750, 6338, 29327.81, 29326.25, 29323.88, 3377, 3373, 0.00, 0.00
2026-7-22, 11:16:40.066000, 29330.75, 29333.25, 29300.25, 29322.25, 6750, 6298, 29321.63, 29318.58, 29316.75, 3437, 3313, 0.00, 0.00
2026-7-22, 11:33:27.315003, 29322.25, 29328.25, 29276.75, 29289.75, 6750, 6292, 29304.25, 29298.25, 29302.50, 3543, 3207, 0.00, 0.00
2026-7-22, 11:49:30.943000, 29289.50, 29326.75, 29280.25, 29304.75, 6750, 6409, 29300.31, 29303.92, 29303.50, 3197, 3553, 0.00, 0.00
2026-7-22, 12:03:30.052003, 29304.75, 29331.25, 29298.75, 29301.75, 6750, 6358, 29309.13, 29310.58, 29315.00, 3336, 3414, 0.00, 0.00
2026-7-22, 12:20:55.379001, 29301.75, 29320.00, 29280.75, 29292.00, 6750, 6429, 29298.63, 29297.58, 29300.38, 3340, 3410, 0.00, 0.00
2026-7-22, 12:35:40.437000, 29291.75, 29315.75, 29270.00, 29272.00, 6750, 6321, 29287.38, 29285.92, 29292.88, 3601, 3149, 0.00, 0.00
2026-7-22, 12:52:41.416000, 29272.25, 29275.00, 29234.25, 29242.50, 6750, 6375, 29256.00, 29250.58, 29254.63, 3487, 3263, 0.00, 0.00
2026-7-22, 13:01:31.798000, 29242.50, 29271.25, 29231.75, 29239.25, 6750, 6286, 29246.19, 29247.42, 29251.50, 3298, 3452, 0.00, 0.00
2026-7-22, 13:12:46.185000, 29239.25, 29255.75, 29222.25, 29229.00, 6750, 6276, 29236.56, 29235.67, 29239.00, 3379, 3371, 0.00, 0.00
2026-7-22, 13:24:45.995000, 29228.75, 29248.00, 29207.75, 29230.75, 6750, 6219, 29228.81, 29228.83, 29227.88, 3500, 3250, 0.00, 0.00
2026-7-22, 13:36:18.188001, 29230.75, 29250.00, 29222.25, 29234.00, 6750, 6337, 29234.25, 29235.42, 29236.13, 3523, 3227, 0.00, 0.00
2026-7-22, 13:53:25.783001, 29234.00, 29259.00, 29233.25, 29242.00, 6750, 6339, 29242.06, 29244.75, 29246.13, 3455, 3295, 0.00, 0.00
2026-7-22, 14:08:05.059001, 29242.00, 29251.75, 29215.50, 29237.25, 6750, 6188, 29236.63, 29234.83, 29233.63, 3571, 3179, 0.00, 0.00
2026-7-22, 14:22:39.711000, 29237.50, 29260.00, 29225.50, 29229.50, 6750, 6234, 29238.13, 29238.33, 29242.75, 3581, 3169, 0.00, 0.00
2026-7-22, 14:35:02.451001, 29229.50, 29235.75, 29192.50, 29213.75, 6750, 6258, 29217.88, 29214.00, 29214.13, 3525, 3225, 0.00, 0.00
2026-7-22, 14:46:02.393000, 29214.00, 29246.00, 29204.00, 29208.75, 6750, 6161, 29218.19, 29219.58, 29225.00, 3355, 3395, 0.00, 0.00
2026-7-22, 14:54:11.638017, 29208.75, 29212.50, 29174.75, 29194.00, 6750, 6303, 29197.50, 29193.75, 29193.63, 3544, 3206, 0.00, 0.00
2026-7-22, 14:59:00.612000, 29194.25, 29206.25, 29158.25, 29158.50, 6750, 5594, 29179.31, 29174.33, 29182.25, 3609, 3141, 0.00, 0.00
2026-7-22, 14:59:59.655003, 29158.25, 29235.50, 29140.00, 29147.00, 6750, 5753, 29170.19, 29174.17, 29187.75, 3329, 3421, 0.00, 0.00
2026-7-22, 15:02:23.524000, 29147.00, 29227.25, 29119.00, 29175.00, 6750, 5504, 29167.06, 29173.75, 29173.13, 3474, 3276, 0.00, 0.00
2026-7-22, 15:07:31.800002, 29175.00, 29258.00, 29141.25, 29257.00, 6750, 5844, 29207.81, 29218.75, 29199.63, 3443, 3307, 0.00, 0.00
2026-7-22, 15:18:45.147008, 29257.00, 29260.00, 29178.50, 29191.75, 6750, 5886, 29221.81, 29210.08, 29219.25, 3483, 3267, 0.00, 0.00
2026-7-22, 15:56:06.624000, 29192.00, 29196.00, 29060.50, 29062.75, 6750, 5959, 29127.81, 29106.42, 29128.25, 3579, 3171, 0.00, 29201.00
2026-7-22, 17:37:35.315001, 29062.50, 29098.25, 29021.75, 29097.75, 6750, 6232, 29070.06, 29072.58, 29060.00, 3364, 3386, 29016.75, 0.00
2026-7-22, 18:44:52.433001, 29097.75, 29215.00, 29089.75, 29214.00, 6750, 6057, 29154.13, 29172.92, 29152.38, 3193, 3557, 0.00, 0.00
2026-7-22, 19:20:51.881001, 29214.25, 29282.50, 29202.25, 29261.00, 6750, 6083, 29240.00, 29248.58, 29242.38, 3315, 3435, 0.00, 0.00
2026-7-22, 20:00:01.875000, 29261.00, 29273.50, 29180.50, 29192.00, 6750, 6160, 29226.75, 29215.33, 29227.00, 3416, 3334, 0.00, 29278.50
2026-7-22, 20:47:17.354000, 29191.75, 29218.00, 29092.00, 29107.00, 6750, 6129, 29152.19, 29139.00, 29155.00, 3451, 3299, 0.00, 0.00
2026-7-22, 21:35:42.218000, 29106.50, 29107.75, 29029.50, 29061.00, 6750, 6211, 29076.19, 29066.08, 29068.63, 3517, 3233, 0.00, 29112.75
2026-7-22, 22:21:50.292001, 29061.25, 29140.00, 29045.25, 29118.25, 6750, 6242, 29091.19, 29101.17, 29092.63, 3215, 3535, 29040.25, 0.00
2026-7-22, 23:20:34.389002, 29118.25, 29180.00, 29098.50, 29177.00, 6750, 6309, 29143.44, 29151.83, 29139.25, 3225, 3525, 29093.50, 0.00
2026-7-23, 00:31:31.962000, 29178.00, 29183.25, 29077.25, 29114.00, 6750, 6328, 29138.13, 29124.83, 29130.25, 3604, 3146, 29072.25, 0.00
2026-7-23, 01:46:53.753000, 29114.50, 29119.25, 28954.00, 29011.75, 6750, 6156, 29049.88, 29028.33, 29036.63, 3718, 3032, 0.00, 0.00
2026-7-23, 02:18:01.764006, 29012.00, 29038.75, 28922.25, 28983.75, 6750, 6287, 28989.19, 28981.58, 28980.50, 3130, 3620, 0.00, 0.00
2026-7-23, 02:57:47.140002, 28983.75, 29061.50, 28958.25, 29039.25, 6750, 6224, 29010.69, 29019.67, 29009.88, 3198, 3552, 28953.25, 0.00
2026-7-23, 03:44:58.296000, 29038.75, 29137.75, 29033.75, 29065.75, 6750, 6173, 29069.00, 29079.08, 29085.75, 3372, 3378, 29028.75, 0.00
2026-7-23, 04:52:19.548003, 29065.75, 29122.25, 29036.00, 29094.75, 6750, 6207, 29079.69, 29084.33, 29079.13, 3284, 3466, 29031.00, 0.00
2026-7-23, 05:59:23.048000, 29095.50, 29106.50, 28950.25, 28950.25, 6750, 6025, 29025.63, 29002.33, 29028.38, 3743, 3007, 0.00, 0.00
2026-7-23, 06:35:29.846042, 28950.25, 28985.00, 28913.00, 28969.00, 6750, 6171, 28954.31, 28955.67, 28949.00, 3139, 3611, 0.00, 28990.00
2026-7-23, 06:59:40.178000, 28969.00, 28970.00, 28861.00, 28862.75, 6750, 6060, 28915.69, 28897.92, 28915.50, 3825, 2925, 0.00, 0.00
2026-7-23, 07:24:37.211001, 28862.50, 28878.75, 28793.25, 28793.75, 6750, 6079, 28832.06, 28821.92, 28836.00, 3633, 3117, 0.00, 0.00
2026-7-23, 07:39:28.930002, 28793.75, 28807.50, 28754.75, 28791.75, 6750, 6235, 28786.94, 28784.67, 28781.13, 3304, 3446, 0.00, 0.00
2026-7-23, 07:51:11.161000, 28792.00, 28806.50, 28752.00, 28752.00, 6750, 6235, 28775.63, 28770.17, 28779.25, 3312, 3438, 0.00, 0.00
2026-7-23, 08:05:39.910017, 28752.00, 28774.00, 28715.75, 28729.00, 6750, 5730, 28742.69, 28739.58, 28744.88, 3548, 3202, 0.00, 0.00
2026-7-23, 08:13:12.509004, 28729.00, 28737.00, 28700.25, 28703.50, 6750, 6147, 28717.44, 28713.58, 28718.63, 3165, 3585, 0.00, 0.00
2026-7-23, 08:24:32.685001, 28703.75, 28725.00, 28697.00, 28719.25, 5095, 4478, 28711.25, 28713.75, 28711.00, 2621, 2474, 0.00, 0.00
2026-7-23, 08:30:00.000000, 28718.25, 28725.75, 28657.00, 28693.50, 6750, 6167, 28698.63, 28692.08, 28691.38, 3583, 3167, 0.00, 0.00
2026-7-23, 08:31:13.288000, 28694.00, 28748.00, 28693.00, 28732.25, 6750, 6172, 28716.81, 28724.42, 28720.50, 3302, 3448, 0.00, 0.00
2026-7-23, 08:33:18.627000, 28732.00, 28773.00, 28691.00, 28767.75, 6750, 6124, 28740.94, 28743.92, 28732.00, 3257, 3493, 0.00, 0.00
2026-7-23, 08:35:32.989000, 28767.00, 28812.25, 28736.75, 28812.25, 6750, 6265, 28782.06, 28787.08, 28774.50, 3206, 3544, 0.00, 0.00
2026-7-23, 08:38:05.884001, 28812.50, 28824.25, 28777.50, 28814.75, 6750, 6344, 28807.25, 28805.50, 28800.88, 3391, 3359, 0.00, 0.00
2026-7-23, 08:41:01.380000, 28814.50, 28883.00, 28808.25, 28876.00, 6750, 5978, 28845.44, 28855.75, 28845.63, 3143, 3607, 0.00, 0.00
2026-7-23, 08:43:40.074000, 28876.25, 28878.00, 28823.50, 28830.50, 6750, 6115, 28852.06, 28844.00, 28850.75, 3817, 2933, 0.00, 0.00
2026-7-23, 08:46:11.726000, 28830.25, 28852.25, 28767.00, 28769.25, 6750, 5706, 28804.69, 28796.17, 28809.63, 4027, 2723, 0.00, 0.00
2026-7-23, 08:49:21.894000, 28768.50, 28787.25, 28725.00, 28736.25, 6750, 5846, 28754.25, 28749.50, 28756.13, 3755, 2995, 0.00, 0.00
2026-7-23, 08:52:09.775004, 28736.25, 28815.00, 28717.50, 28810.00, 6750, 5909, 28769.69, 28780.83, 28766.25, 2963, 3787, 0.00, 0.00
2026-7-23, 08:54:51.487003, 28810.00, 28834.50, 28726.50, 28739.00, 6750, 5807, 28777.50, 28766.67, 28780.50, 3318, 3432, 0.00, 0.00
2026-7-23, 08:57:25.561000, 28739.25, 28762.75, 28696.00, 28753.50, 6750, 6394, 28737.88, 28737.42, 28729.38, 3435, 3315, 0.00, 0.00
2026-7-23, 09:00:45.327000, 28753.75, 28769.75, 28708.00, 28750.50, 6750, 6313, 28745.50, 28742.75, 28738.88, 3345, 3405, 0.00, 0.00
2026-7-23, 09:04:53.858000, 28750.25, 28801.25, 28735.50, 28749.00, 6750, 6320, 28759.00, 28761.92, 28768.38, 3367, 3383, 0.00, 0.00
2026-7-23, 09:08:29.894000, 28750.00, 28755.25, 28678.25, 28708.00, 6750, 6122, 28722.88, 28713.83, 28716.75, 3461, 3289, 0.00, 0.00
2026-7-23, 09:11:13.043000, 28708.00, 28770.75, 28695.50, 28720.00, 6750, 6336, 28723.56, 28728.75, 28733.13, 3353, 3397, 0.00, 0.00
2026-7-23, 09:14:44.531079, 28720.00, 28743.00, 28686.50, 28735.00, 6750, 6349, 28721.13, 28721.50, 28714.75, 3356, 3394, 0.00, 0.00
2026-7-23, 09:18:40.357000, 28735.00, 28780.25, 28696.00, 28739.25, 6750, 6263, 28737.63, 28738.50, 28738.13, 3296, 3454, 0.00, 0.00
2026-7-23, 09:23:16.811000, 28738.50, 28758.75, 28690.50, 28734.25, 6750, 6343, 28730.50, 28727.83, 28724.63, 3356, 3394, 0.00, 0.00
2026-7-23, 09:28:18.995000, 28733.50, 28751.50, 28675.00, 28683.50, 6750, 6333, 28710.88, 28703.33, 28713.25, 3584, 3166, 0.00, 0.00
2026-7-23, 09:33:16.008000, 28683.75, 28698.00, 28640.00, 28696.75, 6750, 6229, 28679.63, 28678.25, 28669.00, 3345, 3405, 0.00, 0.00
2026-7-23, 09:37:12.717000, 28696.75, 28772.50, 28689.00, 28767.75, 6750, 6219, 28731.50, 28743.08, 28730.75, 3159, 3591, 0.00, 0.00
2026-7-23, 09:40:27.905001, 28768.25, 28773.25, 28625.50, 28644.25, 6750, 6274, 28702.81, 28681.00, 28699.38, 3737, 3013, 0.00, 0.00
2026-7-23, 09:44:03.579003, 28644.25, 28670.50, 28626.50, 28641.75, 6750, 6328, 28645.75, 28646.25, 28648.50, 3331, 3419, 0.00, 0.00
2026-7-23, 09:48:51.719000, 28642.00, 28648.25, 28586.75, 28614.50, 6750, 6315, 28622.88, 28616.50, 28617.50, 3562, 3188, 0.00, 0.00
2026-7-23, 09:52:48.454000, 28614.25, 28618.50, 28577.25, 28612.50, 6750, 6429, 28605.63, 28602.75, 28597.88, 3257, 3493, 0.00, 0.00
2026-7-23, 09:57:46.139000, 28611.75, 28618.00, 28567.00, 28581.00, 6750, 6262, 28594.44, 28588.67, 28592.50, 3517, 3233, 0.00, 0.00
2026-7-23, 10:02:25.385001, 28581.00, 28588.25, 28533.50, 28541.50, 6750, 6404, 28561.06, 28554.42, 28560.88, 3612, 3138, 0.00, 0.00
2026-7-23, 10:07:03.350000, 28541.50, 28560.00, 28520.00, 28526.25, 6750, 6155, 28536.94, 28535.42, 28540.00, 3532, 3218, 0.00, 0.00
2026-7-23, 10:11:14.434000, 28525.50, 28527.75, 28483.00, 28489.00, 6750, 5904, 28506.31, 28499.92, 28505.38, 3700, 3050, 0.00, 0.00
2026-7-23, 10:14:44.861002, 28489.25, 28533.75, 28489.25, 28527.00, 6750, 6179, 28509.81, 28516.67, 28511.50, 3030, 3720, 0.00, 0.00
2026-7-23, 10:18:31.671000, 28526.75, 28569.00, 28512.25, 28532.50, 6750, 6135, 28535.13, 28537.92, 28540.63, 3400, 3350, 0.00, 0.00
2026-7-23, 10:22:25.754000, 28532.25, 28534.75, 28459.00, 28490.50, 6750, 6280, 28504.13, 28494.75, 28496.88, 3824, 2926, 0.00, 0.00
2026-7-23, 10:25:21.796001, 28490.50, 28490.75, 28447.75, 28459.75, 6750, 6318, 28472.19, 28466.08, 28469.25, 3387, 3363, 0.00, 0.00
2026-7-23, 10:30:27.894002, 28460.00, 28506.75, 28432.50, 28505.00, 6750, 6273, 28476.06, 28481.42, 28469.63, 3247, 3503, 0.00, 0.00
2026-7-23, 10:35:20.330000, 28505.00, 28551.00, 28491.25, 28542.00, 6750, 6319, 28522.31, 28528.08, 28521.13, 3204, 3546, 0.00, 0.00
2026-7-23, 10:40:35.690001, 28541.75, 28547.50, 28478.25, 28503.50, 6750, 6351, 28517.75, 28509.75, 28512.88, 3621, 3129, 0.00, 0.00
2026-7-23, 10:46:15.189000, 28503.00, 28556.25, 28488.50, 28554.00, 6750, 6385, 28525.44, 28532.92, 28522.38, 3129, 3621, 0.00, 0.00
2026-7-23, 10:54:35.766000, 28553.50, 28595.00, 28548.75, 28580.25, 6750, 6323, 28569.38, 28574.67, 28571.88, 3164, 3586, 0.00, 0.00
2026-7-23, 11:00:46.131001, 28580.25, 28628.75, 28573.25, 28582.50, 6750, 6121, 28591.19, 28594.83, 28601.00, 3398, 3352, 0.00, 0.00
2026-7-23, 11:05:55.834000, 28583.75, 28644.25, 28576.75, 28631.50, 6750, 6348, 28609.06, 28617.50, 28610.50, 3239, 3511, 0.00, 0.00
2026-7-23, 11:14:10.881000, 28630.75, 28672.75, 28609.50, 28670.50, 6750, 6239, 28645.88, 28650.92, 28641.13, 3314, 3436, 0.00, 0.00
2026-7-23, 11:23:00.714000, 28670.25, 28715.00, 28668.25, 28700.75, 6750, 6187, 28688.56, 28694.67, 28691.63, 3394, 3356, 0.00, 0.00
2026-7-23, 11:29:44.580000, 28700.50, 28713.75, 28682.25, 28703.75, 6750, 6240, 28700.06, 28699.92, 28698.00, 3462, 3288, 0.00, 0.00
2026-7-23, 11:37:55.684001, 28704.00, 28738.25, 28691.00, 28694.75, 6750, 6206, 28707.00, 28708.00, 28714.63, 3339, 3411, 0.00, 0.00
2026-7-23, 11:44:41.279000, 28695.75, 28698.75, 28623.75, 28636.25, 6750, 6290, 28663.63, 28652.92, 28661.25, 3572, 3178, 0.00, 0.00
2026-7-23, 11:50:32.722000, 28637.00, 28647.00, 28609.50, 28626.00, 6750, 6343, 28629.88, 28627.50, 28628.25, 3341, 3409, 0.00, 0.00
2026-7-23, 11:57:35.386002, 28625.75, 28663.25, 28604.75, 28606.75, 6750, 6370, 28625.13, 28624.92, 28634.00, 3338, 3412, 0.00, 0.00
2026-7-23, 12:05:13.091001, 28607.00, 28654.25, 28588.00, 28653.50, 6750, 6148, 28625.69, 28631.92, 28621.13, 3286, 3464, 0.00, 0.00
2026-7-23, 12:13:06.418000, 28652.75, 28674.25, 28614.75, 28653.25, 6750, 6199, 28648.75, 28647.42, 28644.50, 3351, 3399, 0.00, 0.00
2026-7-23, 12:21:37.375000, 28653.50, 28676.75, 28628.25, 28632.50, 6750, 6207, 28647.75, 28645.83, 28652.50, 3408, 3342, 0.00, 28681.75
2026-7-23, 12:31:36.995000, 28633.00, 28635.00, 28570.50, 28585.00, 6750, 6329, 28605.88, 28596.83, 28602.75, 3480, 3270, 0.00, 0.00
2026-7-23, 12:41:56.985001, 28584.75, 28629.25, 28580.00, 28603.50, 6750, 6415, 28599.38, 28604.25, 28604.63, 3307, 3443, 0.00, 0.00
2026-7-23, 12:53:19.411003, 28603.50, 28616.25, 28551.00, 28574.25, 6750, 6333, 28586.25, 28580.50, 28583.63, 3341, 3409, 0.00, 0.00
2026-7-23, 13:04:04.045001, 28574.25, 28578.25, 28542.50, 28569.25, 6750, 6397, 28566.06, 28563.33, 28560.38, 3361, 3389, 0.00, 0.00
2026-7-23, 13:15:51.871000, 28569.25, 28584.25, 28545.25, 28570.00, 6750, 6287, 28567.19, 28566.50, 28564.75, 3173, 3577, 0.00, 0.00
2026-7-23, 13:26:00.750000, 28571.50, 28603.50, 28555.00, 28560.00, 6750, 6267, 28572.50, 28572.83, 28579.25, 3238, 3512, 0.00, 0.00
2026-7-23, 13:37:24.151000, 28559.25, 28578.50, 28545.00, 28562.75, 6750, 6291, 28561.38, 28562.08, 28561.75, 3241, 3509, 0.00, 0.00
2026-7-23, 13:50:13.445001, 28562.75, 28569.25, 28525.25, 28563.75, 6750, 6212, 28555.25, 28552.75, 28547.25, 3436, 3314, 0.00, 0.00
2026-7-23, 14:00:29.359000, 28563.50, 28565.25, 28501.00, 28520.00, 6750, 6324, 28537.44, 28528.75, 28533.13, 3485, 3265, 0.00, 0.00
2026-7-23, 14:12:27.010001, 28520.00, 28561.50, 28504.50, 28556.75, 6750, 6342, 28535.69, 28540.92, 28533.00, 3113, 3637, 0.00, 0.00
2026-7-23, 14:22:31.026001, 28556.75, 28595.25, 28545.50, 28586.50, 6750, 6148, 28571.00, 28575.75, 28570.38, 3214, 3536, 0.00, 0.00
2026-7-23, 14:30:12.836000, 28585.75, 28595.50, 28530.75, 28555.25, 6750, 6286, 28566.81, 28560.50, 28563.13, 3422, 3328, 0.00, 0.00
2026-7-23, 14:38:28.665001, 28555.25, 28555.75, 28486.25, 28510.75, 6750, 6387, 28527.00, 28517.58, 28521.00, 3444, 3306, 0.00, 0.00
2026-7-23, 14:47:36.989000, 28510.75, 28546.00, 28486.25, 28511.50, 6750, 6269, 28513.63, 28514.58, 28516.13, 3379, 3371, 0.00, 0.00
2026-7-23, 14:52:40.249000, 28511.25, 28582.25, 28505.25, 28578.75, 6750, 6206, 28544.38, 28555.42, 28543.75, 3162, 3588, 0.00, 0.00
2026-7-23, 14:56:11.338000, 28579.25, 28633.50, 28576.75, 28627.75, 6750, 6294, 28604.31, 28612.67, 28605.13, 3507, 3243, 0.00, 0.00
2026-7-23, 14:59:13.220000, 28627.50, 28632.50, 28610.75, 28617.75, 6750, 5755, 28622.13, 28620.33, 28621.63, 3631, 3119, 0.00, 0.00
2026-7-23, 14:59:56.982041, 28617.75, 28680.75, 28605.50, 28679.25, 6750, 5788, 28645.81, 28655.17, 28643.13, 3109, 3641, 28600.50, 0.00
2026-7-23, 15:00:59.522001, 28679.50, 28726.75, 28651.50, 28722.75, 6750, 5581, 28695.13, 28700.33, 28689.13, 3303, 3447, 0.00, 0.00
2026-7-23, 15:04:10.916000, 28723.75, 28747.50, 28697.50, 28729.00, 6750, 5863, 28724.44, 28724.67, 28722.50, 3070, 3680, 0.00, 0.00
2026-7-23, 15:14:50.019000, 28729.00, 28782.00, 28718.50, 28752.50, 6750, 5898, 28745.50, 28751.00, 28750.25, 3112, 3638, 0.00, 0.00
2026-7-23, 15:41:50.691001, 28752.50, 28752.75, 28624.00, 28674.75, 6750, 5908, 28701.00, 28683.83, 28688.38, 3325, 3425, 28619.00, 0.00
2026-7-23, 17:24:36.270000, 28675.75, 28736.00, 28653.25, 28692.00, 6750, 6418, 28689.25, 28693.75, 28694.63, 3448, 3302, 0.00, 28741.00
2026-7-23, 18:35:53.441000, 28692.00, 28724.00, 28619.00, 28627.25, 6750, 6396, 28665.56, 28656.75, 28671.50, 3470, 3280, 0.00, 28729.00
2026-7-23, 19:11:48.735006, 28626.75, 28684.25, 28615.75, 28627.50, 6750, 6300, 28638.56, 28642.50, 28650.00, 3375, 3375, 0.00, 0.00
2026-7-23, 19:55:14.323000, 28628.25, 28701.50, 28628.00, 28636.25, 6750, 6430, 28648.50, 28655.25, 28664.75, 3226, 3524, 28623.00, 0.00
2026-7-23, 20:51:43.607000, 28635.25, 28651.00, 28537.50, 28542.25, 6750, 6087, 28591.50, 28576.92, 28594.25, 3719, 3031, 0.00, 0.00
2026-7-23, 21:48:12.642000, 28542.75, 28560.75, 28508.00, 28536.25, 6750, 6264, 28536.94, 28535.00, 28534.38, 3250, 3500, 28503.00, 0.00
2026-7-23, 22:39:25.121002, 28536.50, 28558.00, 28465.50, 28545.25, 6750, 6207, 28526.31, 28522.92, 28511.75, 3260, 3490, 28460.50, 0.00
2026-7-23, 23:32:57.321000, 28544.25, 28602.00, 28512.25, 28595.75, 6750, 6158, 28563.56, 28570.00, 28557.13, 3168, 3582, 28507.25, 0.00
2026-7-24, 00:47:28.310000, 28597.25, 28607.00, 28501.00, 28501.25, 6750, 6171, 28551.63, 28536.42, 28554.00, 3450, 3300, 28496.00, 0.00
2026-7-24, 01:45:13.394000, 28503.25, 28656.00, 28481.00, 28646.75, 6750, 6147, 28571.75, 28594.58, 28568.50, 3238, 3512, 28476.00, 0.00
2026-7-24, 02:19:59.344000, 28645.50, 28663.00, 28556.50, 28599.25, 6750, 6184, 28616.06, 28606.25, 28609.75, 3363, 3387, 0.00, 28668.00
2026-7-24, 03:23:04.679000, 28599.25, 28681.25, 28582.25, 28670.00, 6750, 6221, 28633.19, 28644.50, 28631.75, 3196, 3554, 28577.25, 0.00
2026-7-24, 04:30:15.507001, 28670.00, 28706.25, 28643.50, 28649.75, 6750, 6150, 28667.38, 28666.50, 28674.88, 3301, 3449, 28638.50, 0.00
2026-7-24, 05:38:45.725000, 28649.75, 28666.75, 28606.25, 28608.75, 6750, 6238, 28632.88, 28627.25, 28636.50, 3492, 3258, 0.00, 0.00
2026-7-24, 06:48:02.705000, 28609.25, 28700.00, 28601.50, 28672.00, 6750, 5772, 28645.69, 28657.83, 28650.75, 2928, 3822, 0.00, 0.00
2026-7-24, 07:12:37.106000, 28671.50, 28698.50, 28618.75, 28618.75, 6750, 6185, 28651.88, 28645.33, 28658.63, 3531, 3219, 28613.75, 0.00
2026-7-24, 07:47:12.296000, 28618.50, 28631.50, 28571.75, 28591.00, 6750, 5957, 28603.19, 28598.08, 28601.63, 3534, 3216, 0.00, 0.00
2026-7-24, 08:15:03.202001, 28591.25, 28616.00, 28538.00, 28540.25, 5985, 5626, 28571.38, 28564.75, 28577.00, 3266, 2719, 0.00, 0.00
2026-7-24, 08:30:00.000000, 28540.00, 28543.00, 28501.75, 28504.50, 6750, 6365, 28522.31, 28516.42, 28522.38, 3299, 3451, 0.00, 0.00
2026-7-24, 08:31:26.507000, 28504.00, 28588.25, 28499.50, 28586.50, 6750, 6294, 28544.56, 28558.08, 28543.88, 3207, 3543, 0.00, 0.00
2026-7-24, 08:34:22.769000, 28586.25, 28622.00, 28523.50, 28532.50, 6750, 6206, 28566.06, 28559.33, 28572.75, 3350, 3400, 0.00, 0.00
2026-7-24, 08:37:01.696000, 28532.00, 28564.50, 28501.00, 28509.50, 6750, 6243, 28526.75, 28525.00, 28532.75, 3411, 3339, 0.00, 0.00
2026-7-24, 08:40:16.554000, 28510.00, 28520.25, 28458.25, 28484.25, 6750, 6394, 28493.19, 28487.58, 28489.25, 3479, 3271, 0.00, 0.00
2026-7-24, 08:43:18.938000, 28481.75, 28500.00, 28445.00, 28469.75, 6750, 6337, 28474.13, 28471.58, 28472.50, 3444, 3306, 0.00, 0.00
2026-7-24, 08:47:19.824000, 28471.25, 28511.75, 28417.50, 28418.25, 6750, 6353, 28454.69, 28449.17, 28464.63, 3568, 3182, 0.00, 0.00
2026-7-24, 08:50:28.903000, 28424.25, 28437.75, 28356.25, 28365.75, 6750, 6285, 28396.00, 28386.58, 28397.00, 3535, 3215, 0.00, 0.00
2026-7-24, 08:52:40.375001, 28365.75, 28371.50, 28313.50, 28326.00, 6750, 6430, 28344.19, 28337.00, 28342.50, 3492, 3258, 0.00, 0.00
2026-7-24, 08:56:01.039000, 28326.00, 28368.50, 28316.25, 28339.00, 6750, 6197, 28337.44, 28341.25, 28342.38, 3391, 3359, 0.00, 0.00
2026-7-24, 08:59:20.257008, 28339.25, 28386.75, 28304.25, 28370.00, 6750, 6013, 28350.06, 28353.67, 28345.50, 3487, 3263, 0.00, 0.00
2026-7-24, 09:02:00.482000, 28370.75, 28394.75, 28328.50, 28375.75, 6750, 6296, 28367.44, 28366.33, 28361.63, 3298, 3452, 0.00, 0.00
2026-7-24, 09:05:27.051000, 28375.50, 28426.75, 28347.50, 28410.00, 6750, 6259, 28389.94, 28394.75, 28387.13, 3240, 3510, 0.00, 0.00
2026-7-24, 09:09:18.155000, 28410.50, 28440.25, 28391.00, 28391.00, 6750, 6414, 28408.19, 28407.42, 28415.63, 3445, 3305, 0.00, 0.00
2026-7-24, 09:13:04.625000, 28391.00, 28451.25, 28362.25, 28366.25, 6750, 6203, 28392.69, 28393.25, 28406.75, 3417, 3333, 0.00, 0.00
2026-7-24, 09:16:20.769015, 28366.25, 28378.25, 28299.00, 28321.75, 6750, 6258, 28341.31, 28333.00, 28338.63, 3553, 3197, 0.00, 0.00
2026-7-24, 09:19:32.174000, 28320.75, 28423.50, 28306.25, 28417.75, 6750, 6376, 28367.06, 28382.50, 28364.88, 3077, 3673, 0.00, 0.00
2026-7-24, 09:23:59.360001, 28418.00, 28422.50, 28363.50, 28397.25, 6750, 6485, 28400.31, 28394.42, 28393.00, 3385, 3365, 0.00, 0.00
2026-7-24, 09:29:01.439000, 28397.75, 28407.50, 28318.75, 28321.00, 6750, 6426, 28361.25, 28349.08, 28363.13, 3505, 3245, 0.00, 0.00
2026-7-24, 09:34:15.793001, 28321.00, 28344.25, 28274.75, 28280.00, 6750, 6000, 28305.00, 28299.67, 28309.50, 3769, 2981, 0.00, 0.00
2026-7-24, 09:39:30.544002, 28279.75, 28304.75, 28262.75, 28297.00, 6750, 6109, 28286.06, 28288.17, 28283.75, 3054, 3696, 28257.75, 0.00
2026-7-24, 09:44:12.351000, 28297.00, 28308.25, 28254.50, 28274.25, 6750, 5761, 28283.50, 28279.00, 28281.38, 3527, 3223, 0.00, 0.00
2026-7-24, 09:48:01.621000, 28274.25, 28363.00, 28272.75, 28331.00, 6750, 5801, 28310.25, 28322.25, 28317.88, 3221, 3529, 0.00, 0.00
2026-7-24, 09:52:48.678002, 28330.75, 28421.75, 28311.25, 28416.50, 6750, 6377, 28370.06, 28383.17, 28366.50, 3090, 3660, 0.00, 0.00
2026-7-24, 09:57:56.703001, 28416.50, 28477.75, 28400.75, 28476.75, 6750, 6240, 28442.94, 28451.75, 28439.25, 3093, 3657, 0.00, 0.00
2026-7-24, 10:01:01.338000, 28476.50, 28478.50, 28401.25, 28417.00, 6750, 6317, 28443.31, 28432.25, 28439.88, 3547, 3203, 0.00, 0.00
2026-7-24, 10:05:40.425000, 28415.50, 28423.75, 28355.00, 28378.50, 6750, 6372, 28393.19, 28385.75, 28389.38, 3501, 3249, 0.00, 0.00
2026-7-24, 10:10:44.485001, 28378.50, 28486.75, 28374.50, 28439.00, 6750, 6407, 28419.69, 28433.42, 28430.63, 3099, 3651, 0.00, 0.00
2026-7-24, 10:13:22.642008, 28439.00, 28556.00, 28427.75, 28545.00, 6750, 5844, 28491.94, 28509.58, 28491.88, 3064, 3686, 0.00, 0.00
2026-7-24, 10:16:02.955000, 28543.75, 28557.25, 28453.50, 28506.75, 6750, 6109, 28515.31, 28505.83, 28505.38, 3205, 3545, 0.00, 0.00
2026-7-24, 10:20:29.800000, 28507.00, 28538.00, 28494.00, 28525.75, 6750, 6119, 28516.19, 28519.25, 28516.00, 3344, 3406, 0.00, 0.00
2026-7-24, 10:26:48.867000, 28525.75, 28551.75, 28484.50, 28534.50, 6750, 6362, 28524.13, 28523.58, 28518.13, 3381, 3369, 0.00, 0.00
2026-7-24, 10:31:42.150001, 28534.50, 28542.25, 28485.00, 28511.75, 6750, 6077, 28518.38, 28513.00, 28513.63, 3431, 3319, 0.00, 0.00
2026-7-24, 10:37:39.446000, 28512.75, 28577.50, 28510.50, 28519.00, 6750, 6028, 28529.94, 28535.67, 28544.00, 3260, 3490, 0.00, 0.00
2026-7-24, 10:43:02.180004, 28519.00, 28536.25, 28490.00, 28535.75, 6750, 6274, 28520.25, 28520.67, 28513.13, 3143, 3607, 0.00, 0.00
2026-7-24, 10:50:46.069003, 28535.75, 28576.00, 28515.50, 28575.25, 6750, 6226, 28550.63, 28555.58, 28545.75, 3476, 3274, 0.00, 0.00
2026-7-24, 10:57:48.655042, 28575.00, 28599.00, 28549.50, 28590.50, 6750, 6323, 28578.50, 28579.67, 28574.25, 3288, 3462, 0.00, 0.00
2026-7-24, 11:06:00.906000, 28589.75, 28630.75, 28579.50, 28608.75, 6750, 5861, 28602.19, 28606.33, 28605.13, 3012, 3738, 0.00, 0.00
2026-7-24, 11:12:38.903000, 28608.25, 28608.25, 28552.50, 28573.25, 6750, 6009, 28585.56, 28578.00, 28580.38, 3439, 3311, 0.00, 0.00
2026-7-24, 11:20:17.980000, 28571.75, 28594.00, 28539.25, 28544.00, 6750, 6271, 28562.25, 28559.08, 28566.63, 3504, 3246, 0.00, 0.00
2026-7-24, 11:30:40.863004, 28544.00, 28555.75, 28527.00, 28530.75, 6750, 6195, 28539.38, 28537.83, 28541.38, 3250, 3500, 0.00, 0.00
2026-7-24, 11:38:21.017001, 28530.75, 28534.00, 28477.75, 28483.25, 6750, 6313, 28506.44, 28498.33, 28505.88, 3477, 3273, 0.00, 0.00
2026-7-24, 11:47:57.320000, 28482.75, 28503.50, 28460.25, 28501.25, 6750, 6310, 28486.94, 28488.33, 28481.88, 3189, 3561, 0.00, 0.00
2026-7-24, 11:58:15.274000, 28501.75, 28511.00, 28445.50, 28463.25, 6750, 5424, 28480.38, 28473.25, 28478.25, 3516, 3234, 0.00, 0.00
2026-7-24, 12:06:11.951001, 28463.25, 28476.25, 28427.00, 28465.00, 6750, 6266, 28457.88, 28456.08, 28451.63, 3274, 3476, 0.00, 0.00
2026-7-24, 12:14:19.121000, 28465.25, 28494.50, 28441.00, 28473.50, 6750, 5933, 28468.56, 28469.67, 28467.75, 3453, 3297, 0.00, 28499.50
2026-7-24, 12:24:33.694000, 28474.00, 28544.00, 28472.00, 28539.50, 6750, 5971, 28507.38, 28518.50, 28508.00, 3103, 3647, 0.00, 0.00
2026-7-24, 12:35:02.062000, 28539.50, 28541.50, 28453.50, 28455.25, 6750, 5970, 28497.44, 28483.42, 28497.50, 3670, 3080, 0.00, 0.00
2026-7-24, 12:45:44.212000, 28455.25, 28501.75, 28452.00, 28472.25, 6750, 6181, 28470.31, 28475.33, 28476.88, 3398, 3352, 0.00, 0.00
2026-7-24, 13:00:20.101000, 28470.75, 28486.00, 28420.25, 28430.75, 6750, 6317, 28451.94, 28445.67, 28453.13, 3527, 3223, 0.00, 0.00
2026-7-24, 13:14:33.943000, 28431.00, 28434.00, 28366.75, 28366.75, 6750, 6217, 28399.63, 28389.17, 28400.38, 3501, 3249, 0.00, 0.00
2026-7-24, 13:25:25.892016, 28366.50, 28368.75, 28311.50, 28326.00, 6750, 5984, 28343.19, 28335.42, 28340.13, 3167, 3583, 0.00, 0.00
2026-7-24, 13:32:14.754000, 28325.50, 28327.50, 28278.75, 28296.25, 6750, 6309, 28307.00, 28300.83, 28303.13, 3256, 3494, 0.00, 0.00
2026-7-24, 13:38:00.027000, 28296.75, 28314.25, 28259.00, 28289.50, 6750, 6253, 28289.88, 28287.58, 28286.63, 3407, 3343, 0.00, 0.00
2026-7-24, 13:43:44.927000, 28288.75, 28325.50, 28269.75, 28316.25, 6750, 6296, 28300.06, 28303.83, 28297.63, 3345, 3405, 0.00, 0.00
2026-7-24, 13:52:16.955000, 28316.75, 28328.50, 28289.00, 28289.00, 6750, 6313, 28305.81, 28302.17, 28308.75, 3490, 3260, 0.00, 0.00
2026-7-24, 14:02:43.022015, 28289.00, 28312.00, 28229.50, 28229.50, 6750, 6315, 28265.00, 28257.00, 28270.75, 3620, 3130, 0.00, 0.00
2026-7-24, 14:09:36.278001, 28229.00, 28259.50, 28212.50, 28236.50, 6750, 6318, 28234.38, 28236.17, 28236.00, 3263, 3487, 0.00, 0.00
2026-7-24, 14:17:33.820009, 28236.50, 28257.00, 28219.00, 28245.25, 6750, 6411, 28239.44, 28240.42, 28238.00, 3288, 3462, 0.00, 0.00
2026-7-24, 14:27:32.938000, 28245.25, 28298.25, 28240.25, 28287.75, 6750, 6189, 28267.88, 28275.42, 28269.25, 3354, 3396, 0.00, 0.00
2026-7-24, 14:34:57.044000, 28287.25, 28304.75, 28251.50, 28255.00, 6750, 5939, 28274.63, 28270.42, 28278.13, 3555, 3195, 0.00, 0.00
2026-7-24, 14:41:32.529015, 28255.00, 28283.25, 28238.75, 28257.75, 6750, 6193, 28258.69, 28259.92, 28261.00, 3464, 3286, 0.00, 0.00
2026-7-24, 14:49:34.008003, 28257.75, 28291.00, 28224.50, 28242.25, 6750, 6307, 28253.88, 28252.58, 28257.75, 3516, 3234, 0.00, 0.00
2026-7-24, 14:54:09.598000, 28242.50, 28280.00, 28241.75, 28270.00, 6750, 5778, 28258.56, 28263.92, 28260.88, 3236, 3514, 0.00, 0.00
2026-7-24, 14:58:08.017000, 28270.00, 28283.75, 28251.00, 28283.50, 6750, 5821, 28272.06, 28272.75, 28267.38, 3158, 3592, 0.00, 0.00
2026-7-24, 14:59:51.010002, 28283.00, 28303.25, 28266.75, 28296.75, 6750, 5889, 28287.44, 28288.92, 28285.00, 3245, 3505, 0.00, 0.00
2026-7-24, 15:01:58.350000, 28297.25, 28319.00, 28259.25, 28319.00, 6750, 6129, 28298.63, 28299.08, 28289.13, 3453, 3297, 0.00, 0.00
2026-7-24, 15:21:07.534000, 28316.25, 28329.50, 28283.75, 28306.50, 4670, 4337, 28309.00, 28306.58, 28306.63, 2389, 2281, 0.00, 0.00
2026-7-26, 17:00:00.000000, 28500.00, 28682.25, 28500.00, 28639.25, 6750, 5838, 28580.38, 28607.17, 28591.13, 3398, 3352, 0.00, 28687.25
2026-7-26, 17:20:20.780001, 28639.25, 28669.75, 28597.75, 28648.25, 6750, 6278, 28638.75, 28638.58, 28633.75, 3303, 3447, 0.00, 28674.75
2026-7-26, 18:45:16.065000, 28644.50, 28733.75, 28616.25, 28622.75, 6750, 6173, 28654.31, 28657.58, 28675.00, 3344, 3406, 0.00, 28738.75
2026-7-26, 19:08:19.717002, 28622.50, 28665.50, 28581.75, 28611.00, 6750, 6226, 28620.19, 28619.42, 28623.63, 3463, 3287, 0.00, 0.00
2026-7-26, 19:41:39.507004, 28611.25, 28655.25, 28539.25, 28555.50, 6750, 6316, 28590.31, 28583.33, 28597.25, 3526, 3224, 0.00, 0.00
2026-7-26, 20:23:32.863000, 28557.25, 28627.75, 28525.00, 28611.25, 6750, 6256, 28580.31, 28588.00, 28576.38, 3321, 3429, 0.00, 28632.75
2026-7-26, 21:11:12.945000, 28607.50, 28658.50, 28597.25, 28610.50, 6750, 6371, 28618.44, 28622.08, 28627.88, 3401, 3349, 0.00, 28663.50
2026-7-26, 22:32:14.766000, 28611.75, 28684.00, 28592.75, 28677.00, 6750, 6420, 28641.38, 28651.25, 28638.38, 3352, 3398, 28587.75, 0.00
2026-7-27, 00:27:11.375000, 28676.75, 28728.50, 28673.50, 28698.50, 6750, 6220, 28694.31, 28700.17, 28701.00, 3298, 3452, 0.00, 0.00
2026-7-27, 01:44:31.691000, 28698.50, 28732.00, 28672.00, 28678.75, 6750, 6161, 28695.31, 28694.25, 28702.00, 3475, 3275, 28667.00, 0.00
2026-7-27, 02:57:45.879001, 28678.75, 28749.50, 28658.50, 28732.00, 6750, 6158, 28704.69, 28713.33, 28704.00, 3146, 3604, 28653.50, 0.00
2026-7-27, 04:18:34.605000, 28732.50, 28763.25, 28718.25, 28743.00, 6750, 5958, 28739.25, 28741.50, 28740.75, 3275, 3475, 28713.25, 0.00
2026-7-27, 05:46:05.574000, 28743.50, 28758.00, 28645.50, 28676.00, 6750, 6176, 28705.75, 28693.17, 28701.75, 3604, 3146, 0.00, 0.00
2026-7-27, 06:38:10.500000, 28676.25, 28697.75, 28629.25, 28646.00, 6750, 6100, 28662.31, 28657.67, 28663.50, 3356, 3394, 0.00, 0.00
2026-7-27, 07:26:04.435000, 28646.00, 28700.00, 28631.75, 28684.00, 6750, 6255, 28665.44, 28671.92, 28665.88, 3274, 3476, 28626.75, 0.00
2026-7-27, 08:04:09.430002, 28683.75, 28685.50, 28595.00, 28598.75, 6750, 6209, 28640.75, 28626.42, 28640.25, 3728, 3022, 0.00, 0.00
2026-7-27, 08:28:19.769000, 28599.25, 28609.00, 28588.00, 28590.50, 1538, 1374, 28596.69, 28595.83, 28598.50, 839, 699, 0.00, 0.00
2026-7-27, 08:30:00.000000, 28590.50, 28615.75, 28552.50, 28567.50, 6750, 6431, 28581.56, 28578.58, 28584.13, 3321, 3429, 0.00, 0.00
2026-7-27, 08:31:37.846000, 28568.25, 28597.00, 28487.00, 28496.25, 6750, 6434, 28537.13, 28526.75, 28542.00, 3551, 3199, 0.00, 0.00
2026-7-27, 08:34:06.798003, 28496.00, 28613.75, 28495.75, 28598.50, 6750, 6312, 28551.00, 28569.33, 28554.75, 3069, 3681, 0.00, 0.00
2026-7-27, 08:36:34.290003, 28598.75, 28613.75, 28525.75, 28536.50, 6750, 6390, 28568.69, 28558.67, 28569.75, 3599, 3151, 0.00, 0.00
2026-7-27, 08:39:36.029000, 28536.75, 28557.75, 28489.25, 28491.50, 6750, 6251, 28518.81, 28512.83, 28523.50, 3433, 3317, 0.00, 0.00
2026-7-27, 08:42:30.836000, 28491.75, 28492.50, 28428.00, 28454.00, 6750, 6340, 28466.56, 28458.17, 28460.25, 3382, 3368, 0.00, 0.00
2026-7-27, 08:45:16.194000, 28456.25, 28484.75, 28422.75, 28445.75, 6750, 6385, 28452.38, 28451.08, 28453.75, 3271, 3479, 0.00, 0.00
2026-7-27, 08:48:44.148003, 28445.75, 28504.00, 28445.00, 28469.25, 6750, 6416, 28466.00, 28472.75, 28474.50, 3188, 3562, 0.00, 0.00
2026-7-27, 08:52:09.404000, 28468.25, 28494.75, 28416.00, 28416.00, 6750, 6457, 28448.75, 28442.25, 28455.38, 3568, 3182, 0.00, 0.00
2026-7-27, 08:56:14.890048, 28415.75, 28428.50, 28344.50, 28359.50, 6750, 6308, 28387.06, 28377.50, 28386.50, 3583, 3167, 0.00, 0.00
2026-7-27, 08:59:24.943000, 28359.00, 28372.75, 28312.50, 28323.25, 6750, 6395, 28341.88, 28336.17, 28342.63, 3479, 3271, 0.00, 0.00
2026-7-27, 09:01:50.811003, 28323.00, 28333.25, 28287.50, 28315.50, 6750, 6095, 28314.81, 28312.08, 28310.38, 3394, 3356, 0.00, 0.00
2026-7-27, 09:04:53.698002, 28315.50, 28341.50, 28277.00, 28321.00, 6750, 6389, 28313.75, 28313.17, 28309.25, 3304, 3446, 0.00, 0.00
2026-7-27, 09:08:16.276000, 28319.50, 28347.75, 28240.00, 28249.25, 6750, 6369, 28289.13, 28279.00, 28293.88, 3667, 3083, 0.00, 0.00
2026-7-27, 09:11:21.396001, 28249.25, 28287.00, 28230.75, 28247.50, 6750, 6434, 28253.63, 28255.08, 28258.88, 3347, 3403, 0.00, 0.00
2026-7-27, 09:14:44.040000, 28246.50, 28299.00, 28224.25, 28242.25, 6750, 6455, 28253.00, 28255.17, 28261.63, 3366, 3384, 0.00, 0.00
2026-7-27, 09:18:53.943004, 28241.75, 28281.75, 28205.75, 28222.25, 6750, 6353, 28237.88, 28236.58, 28243.75, 3622, 3128, 0.00, 0.00
2026-7-27, 09:23:03.404000, 28222.25, 28241.00, 28150.00, 28163.25, 6750, 6282, 28194.13, 28184.75, 28195.50, 3450, 3300, 0.00, 0.00
2026-7-27, 09:26:31.560000, 28164.25, 28177.50, 28106.00, 28106.00, 6750, 5919, 28138.44, 28129.83, 28141.75, 3890, 2860, 0.00, 0.00
2026-7-27, 09:29:49.185009, 28106.00, 28106.50, 28051.75, 28064.50, 6750, 6047, 28082.19, 28074.25, 28079.13, 3670, 3080, 0.00, 0.00
2026-7-27, 09:32:04.643001, 28065.00, 28090.00, 28020.75, 28022.25, 6750, 6264, 28049.50, 28044.33, 28055.38, 3536, 3214, 0.00, 0.00
2026-7-27, 09:35:31.634000, 28022.75, 28062.00, 27995.50, 28043.00, 6750, 6163, 28030.81, 28033.50, 28028.75, 3552, 3198, 0.00, 0.00
2026-7-27, 09:38:18.281005, 28043.25, 28058.00, 27975.00, 27977.75, 6750, 6182, 28013.50, 28003.58, 28016.50, 3522, 3228, 0.00, 0.00
2026-7-27, 09:41:13.623001, 27977.75, 27984.00, 27939.00, 27974.75, 6750, 6155, 27968.88, 27965.92, 27961.50, 3469, 3281, 0.00, 0.00
2026-7-27, 09:44:02.070000, 27973.75, 28031.25, 27945.50, 28029.50, 6750, 6248, 27995.00, 28002.08, 27988.38, 3192, 3558, 0.00, 0.00
2026-7-27, 09:47:01.916000, 28029.50, 28083.00, 28016.00, 28080.00, 6750, 6151, 28052.13, 28059.67, 28049.50, 3163, 3587, 0.00, 0.00
2026-7-27, 09:50:19.345000, 28079.50, 28123.75, 28063.50, 28115.50, 6750, 6141, 28095.56, 28100.92, 28093.63, 3346, 3404, 0.00, 0.00
2026-7-27, 09:52:48.415001, 28115.50, 28137.50, 28086.75, 28121.50, 6750, 5988, 28115.31, 28115.25, 28112.13, 3375, 3375, 0.00, 0.00
2026-7-27, 09:56:10.429000, 28121.25, 28180.25, 28114.50, 28163.25, 6750, 6104, 28144.81, 28152.67, 28147.38, 3255, 3495, 0.00, 0.00
2026-7-27, 10:00:01.980000, 28162.50, 28186.75, 28138.00, 28172.25, 6750, 6333, 28164.88, 28165.67, 28162.38, 3502, 3248, 0.00, 0.00
2026-7-27, 10:03:33.530005, 28172.25, 28198.50, 28140.00, 28177.75, 6750, 6321, 28172.13, 28172.08, 28169.25, 3436, 3314, 0.00, 0.00
2026-7-27, 10:08:09.320000, 28177.75, 28190.00, 28138.25, 28141.50, 6750, 6353, 28161.88, 28156.58, 28164.13, 3502, 3248, 0.00, 0.00
2026-7-27, 10:13:24.658001, 28141.75, 28164.00, 28073.50, 28078.00, 6750, 6344, 28114.31, 28105.17, 28118.75, 3549, 3201, 0.00, 0.00
2026-7-27, 10:18:00.243001, 28077.75, 28151.50, 28048.00, 28131.75, 6750, 6257, 28102.25, 28110.42, 28099.75, 3159, 3591, 0.00, 0.00
2026-7-27, 10:21:42.802000, 28130.75, 28143.25, 28062.25, 28072.25, 6750, 6456, 28102.13, 28092.58, 28102.75, 3404, 3346, 0.00, 0.00
2026-7-27, 10:27:12.240000, 28072.50, 28094.00, 28011.50, 28027.25, 6750, 6257, 28051.31, 28044.25, 28052.75, 3546, 3204, 0.00, 0.00
2026-7-27, 10:33:24.783000, 28026.50, 28039.75, 27980.25, 28017.50, 6750, 6190, 28016.00, 28012.50, 28010.00, 3367, 3383, 0.00, 0.00
2026-7-27, 10:39:21.634000, 28017.50, 28048.75, 27994.00, 28020.75, 6750, 6407, 28020.25, 28021.17, 28021.38, 3261, 3489, 0.00, 0.00
2026-7-27, 10:45:56.594000, 28021.50, 28039.75, 27995.25, 28019.00, 6750, 6380, 28018.88, 28018.00, 28017.50, 3368, 3382, 0.00, 0.00
2026-7-27, 10:54:24.634001, 28019.00, 28087.50, 28010.50, 28065.75, 6750, 6359, 28045.69, 28054.58, 28049.00, 3058, 3692, 0.00, 0.00
2026-7-27, 11:01:20.933000, 28065.50, 28134.25, 28059.75, 28111.25, 6750, 6401, 28092.69, 28101.75, 28097.00, 3208, 3542, 0.00, 0.00
2026-7-27, 11:09:05.324000, 28113.00, 28154.25, 28068.25, 28078.50, 6750, 6161, 28103.50, 28100.33, 28111.25, 3470, 3280, 0.00, 0.00
2026-7-27, 11:15:29.534000, 28078.50, 28089.50, 28043.50, 28069.75, 6750, 6442, 28070.31, 28067.58, 28066.50, 3288, 3462, 0.00, 0.00
2026-7-27, 11:23:14.900002, 28069.75, 28204.50, 28055.25, 28173.25, 6750, 6224, 28125.69, 28144.33, 28129.88, 2937, 3813, 0.00, 0.00
2026-7-27, 11:26:14.821000, 28173.00, 28199.75, 28142.25, 28188.25, 6750, 6285, 28175.81, 28176.75, 28171.00, 3364, 3386, 0.00, 28204.75
2026-7-27, 11:31:14.760000, 28188.25, 28196.75, 28112.50, 28157.50, 6750, 6259, 28163.75, 28155.58, 28154.63, 3373, 3377, 0.00, 0.00
2026-7-27, 11:38:22.317001, 28157.25, 28178.75, 28118.50, 28141.00, 6750, 6447, 28148.88, 28146.08, 28148.63, 3285, 3465, 0.00, 0.00
2026-7-27, 11:48:34.633000, 28142.50, 28142.50, 28028.00, 28030.75, 6750, 6297, 28085.94, 28067.08, 28085.25, 3446, 3304, 0.00, 0.00
2026-7-27, 11:55:35.533000, 28030.50, 28056.25, 27995.50, 27999.75, 6750, 6179, 28020.50, 28017.17, 28025.88, 3336, 3414, 0.00, 0.00
2026-7-27, 12:03:02.832000, 28000.25, 28030.00, 27993.75, 28007.50, 6750, 6304, 28007.88, 28010.42, 28011.88, 3257, 3493, 0.00, 0.00
2026-7-27, 12:12:02.448000, 28007.50, 28044.25, 27986.00, 28024.25, 6750, 6396, 28015.50, 28018.17, 28015.13, 3207, 3543, 0.00, 0.00
2026-7-27, 12:21:40.587000, 28024.75, 28056.00, 27993.50, 28051.75, 6750, 6449, 28031.50, 28033.75, 28024.75, 3093, 3657, 0.00, 0.00
2026-7-27, 12:34:13.111000, 28052.50, 28065.00, 28013.75, 28049.00, 6750, 6334, 28045.06, 28042.58, 28039.38, 3215, 3535, 0.00, 0.00
2026-7-27, 12:46:26.657001, 28048.75, 28102.00, 28026.25, 28089.00, 6750, 6430, 28066.50, 28072.42, 28064.13, 3123, 3627, 0.00, 0.00
2026-7-27, 12:58:22.490000, 28089.00, 28121.25, 28085.50, 28100.00, 6750, 6272, 28098.94, 28102.25, 28103.38, 3326, 3424, 0.00, 0.00
2026-7-27, 13:09:18.002002, 28100.00, 28112.75, 28049.75, 28065.25, 6750, 6349, 28081.94, 28075.92, 28081.25, 3344, 3406, 0.00, 0.00
2026-7-27, 13:21:38.878000, 28065.00, 28091.50, 28032.25, 28041.00, 6750, 6117, 28057.44, 28054.92, 28061.88, 3288, 3462, 0.00, 0.00
2026-7-27, 13:35:51.977000, 28041.50, 28079.00, 28019.25, 28049.00, 6750, 6189, 28047.19, 28049.08, 28049.13, 3268, 3482, 0.00, 0.00
2026-7-27, 13:43:19.512000, 28048.50, 28155.75, 28048.25, 28154.25, 6750, 6348, 28101.69, 28119.42, 28102.00, 3061, 3689, 0.00, 0.00
2026-7-27, 13:53:45.236001, 28154.25, 28193.25, 28146.25, 28190.75, 6750, 6179, 28171.13, 28176.75, 28169.75, 3544, 3206, 0.00, 0.00
2026-7-27, 14:00:02.363005, 28191.00, 28224.00, 28165.25, 28213.75, 6750, 6341, 28198.50, 28201.00, 28194.63, 3236, 3514, 0.00, 0.00
2026-7-27, 14:08:51.798000, 28213.75, 28232.25, 28192.75, 28207.00, 6750, 6087, 28211.44, 28210.67, 28212.50, 3343, 3407, 0.00, 0.00
2026-7-27, 14:19:10.957000, 28207.25, 28241.75, 28201.25, 28241.75, 6750, 6135, 28223.00, 28228.25, 28221.50, 3166, 3584, 0.00, 0.00
2026-7-27, 14:29:55.757003, 28241.75, 28255.75, 28192.00, 28194.50, 6750, 6261, 28221.00, 28214.08, 28223.88, 3620, 3130, 0.00, 0.00
2026-7-27, 14:38:52.061001, 28194.50, 28204.50, 28155.25, 28171.00, 6750, 6219, 28181.31, 28176.92, 28179.88, 3464, 3286, 0.00, 0.00
2026-7-27, 14:48:58.594001, 28171.00, 28200.00, 28159.25, 28177.00, 6750, 6439, 28176.81, 28178.75, 28179.63, 3318, 3432, 0.00, 0.00
2026-7-27, 14:55:06.863000, 28177.25, 28205.00, 28173.75, 28195.00, 6750, 6202, 28187.75, 28191.25, 28189.38, 3251, 3499, 0.00, 0.00
2026-7-27, 14:59:40.013001, 28195.00, 28211.00, 28177.75, 28208.75, 6750, 5695, 28198.13, 28199.17, 28194.38, 3354, 3396, 0.00, 0.00
2026-7-27, 15:00:08.170000, 28210.50, 28219.50, 28169.25, 28172.50, 6750, 6126, 28192.94, 28187.08, 28194.38, 3167, 3583, 0.00, 0.00
2026-7-27, 15:13:02.086001, 28172.25, 28230.00, 28170.00, 28170.00, 6750, 6037, 28185.56, 28190.00, 28200.00, 3017, 3733, 0.00, 0.00
2026-7-27, 17:13:06.586001, 28169.50, 28169.50, 28105.25, 28160.50, 6750, 6269, 28151.19, 28145.08, 28137.38, 3408, 3342, 0.00, 0.00
2026-7-27, 18:28:29.584000, 28160.25, 28195.00, 28094.75, 28125.75, 6750, 6392, 28143.94, 28138.50, 28144.88, 3422, 3328, 0.00, 28200.00
2026-7-27, 19:15:53.803000, 28125.75, 28139.75, 28052.75, 28053.00, 6750, 6376, 28092.81, 28081.83, 28096.25, 3527, 3223, 0.00, 0.00
2026-7-27, 20:00:24.577003, 28053.00, 28075.00, 27969.00, 28051.75, 6750, 6150, 28037.19, 28031.92, 28022.00, 3326, 3424, 0.00, 28080.00
2026-7-27, 20:28:08.030001, 28051.75, 28097.00, 27972.25, 27979.00, 6750, 6197, 28025.00, 28016.08, 28034.63, 3514, 3236, 0.00, 28102.00
2026-7-27, 21:16:28.198000, 27979.25, 28030.25, 27951.50, 27956.00, 6750, 6331, 27979.25, 27979.25, 27990.88, 3305, 3445, 0.00, 0.00
2026-7-27, 22:05:34.650000, 27956.75, 28047.25, 27932.50, 28043.25, 6750, 6296, 27994.94, 28007.67, 27989.88, 3395, 3355, 27927.50, 0.00
2026-7-27, 22:39:05.592002, 28043.25, 28070.50, 27960.00, 27996.50, 6750, 6242, 28017.56, 28009.00, 28015.25, 3315, 3435, 27955.00, 0.00
2026-7-27, 23:46:50.331003, 27996.50, 28003.00, 27876.00, 27890.25, 6750, 6210, 27941.44, 27923.08, 27939.50, 3625, 3125, 0.00, 0.00
2026-7-28, 00:42:58.500000, 27890.00, 27924.00, 27839.50, 27863.00, 6750, 6079, 27879.13, 27875.50, 27881.75, 3724, 3026, 0.00, 0.00
2026-7-28, 01:20:12.408001, 27862.75, 27964.50, 27849.75, 27955.50, 6750, 6222, 27908.13, 27923.25, 27907.13, 3179, 3571, 27844.75, 0.00
2026-7-28, 02:01:23.672001, 27955.75, 27989.00, 27908.00, 27910.50, 6750, 6068, 27940.81, 27935.83, 27948.50, 3592, 3158, 0.00, 27994.00
2026-7-28, 02:51:34.358000, 27911.00, 28007.25, 27880.00, 27996.50, 6750, 6141, 27948.69, 27961.25, 27943.63, 3260, 3490, 27875.00, 0.00
2026-7-28, 03:25:41.438000, 27997.25, 28052.00, 27975.00, 28004.50, 6750, 5934, 28007.19, 28010.50, 28013.50, 3337, 3413, 27970.00, 0.00
2026-7-28, 04:08:25.237001, 28004.50, 28016.50, 27938.00, 27941.50, 6750, 6205, 27975.13, 27965.33, 27977.25, 3515, 3235, 27933.00, 0.00
2026-7-28, 05:25:58.686000, 27940.00, 27980.50, 27898.00, 27901.75, 6750, 6222, 27930.06, 27926.75, 27939.25, 3421, 3329, 0.00, 27985.50
2026-7-28, 06:03:27.314018, 27901.50, 27958.00, 27864.75, 27885.75, 6750, 6373, 27902.50, 27902.83, 27911.38, 3411, 3339, 0.00, 27963.00
2026-7-28, 06:28:28.683004, 27885.75, 27939.75, 27848.25, 27939.75, 6750, 6271, 27903.38, 27909.25, 27894.00, 3293, 3457, 0.00, 27944.75
2026-7-28, 06:58:17.926001, 27940.00, 28018.50, 27938.50, 28000.25, 6750, 6115, 27974.31, 27985.75, 27978.50, 3324, 3426, 0.00, 0.00
2026-7-28, 07:28:58.353000, 28000.25, 28032.75, 27956.25, 28026.50, 6750, 5971, 28003.94, 28005.17, 27994.50, 3480, 3270, 0.00, 0.00
2026-7-28, 07:46:30.293004, 28026.50, 28027.75, 27974.00, 28015.00, 6750, 6301, 28010.81, 28005.58, 28000.88, 3241, 3509, 0.00, 0.00
2026-7-28, 08:11:06.263001, 28015.00, 28028.50, 27938.25, 27949.00, 6750, 6274, 27982.69, 27971.92, 27983.38, 3669, 3081, 0.00, 0.00
2026-7-28, 08:29:37.859000, 27948.00, 27954.00, 27938.00, 27950.00, 521, 501, 27947.50, 27947.33, 27946.00, 234, 287, 0.00, 0.00
2026-7-28, 08:30:00.000000, 27948.75, 27992.00, 27906.25, 27910.50, 6750, 6402, 27939.38, 27936.25, 27949.13, 3439, 3311, 0.00, 0.00
2026-7-28, 08:31:18.250001, 27910.25, 27938.75, 27871.25, 27910.25, 6750, 6487, 27907.63, 27906.75, 27905.00, 3253, 3497, 0.00, 0.00
2026-7-28, 08:33:15.147002, 27910.50, 27918.25, 27875.75, 27902.75, 6750, 6234, 27901.81, 27898.92, 27897.00, 3079, 3671, 0.00, 0.00
2026-7-28, 08:35:47.189000, 27903.50, 27926.25, 27825.50, 27825.50, 6750, 6006, 27870.19, 27859.08, 27875.88, 3655, 3095, 0.00, 0.00
2026-7-28, 08:37:49.448013, 27825.50, 27847.25, 27787.50, 27794.25, 6750, 6286, 27813.63, 27809.67, 27817.38, 3406, 3344, 0.00, 0.00
2026-7-28, 08:40:14.582000, 27794.00, 27841.50, 27780.00, 27785.00, 6750, 6339, 27800.13, 27802.17, 27810.75, 3403, 3347, 0.00, 0.00
2026-7-28, 08:42:33.721001, 27785.00, 27785.75, 27728.50, 27749.75, 6750, 6149, 27762.25, 27754.67, 27757.13, 3382, 3368, 0.00, 0.00
2026-7-28, 08:44:46.527001, 27750.25, 27764.50, 27673.00, 27685.50, 6750, 6181, 27718.31, 27707.67, 27718.75, 3649, 3101, 0.00, 0.00
2026-7-28, 08:46:35.919052, 27685.50, 27728.00, 27658.75, 27723.25, 6750, 6164, 27698.88, 27703.33, 27693.38, 3112, 3638, 0.00, 0.00
2026-7-28, 08:48:45.258001, 27723.00, 27799.00, 27716.50, 27776.25, 6750, 6063, 27753.69, 27763.92, 27757.75, 3223, 3527, 0.00, 0.00
2026-7-28, 08:50:27.306000, 27777.25, 27786.25, 27702.75, 27770.50, 6750, 6425, 27759.19, 27753.17, 27744.50, 3136, 3614, 0.00, 0.00
2026-7-28, 08:52:51.907002, 27770.50, 27770.50, 27677.50, 27682.00, 6750, 6597, 27725.13, 27710.00, 27724.00, 3517, 3233, 0.00, 0.00
2026-7-28, 08:55:23.450001, 27682.00, 27720.50, 27662.25, 27681.00, 6750, 6139, 27686.44, 27687.92, 27691.38, 3381, 3369, 0.00, 0.00
2026-7-28, 08:57:54.744001, 27680.75, 27731.75, 27641.75, 27730.00, 6750, 6138, 27696.06, 27701.17, 27686.75, 3414, 3336, 0.00, 0.00
2026-7-28, 09:00:47.936000, 27731.00, 27749.50, 27692.00, 27728.00, 6750, 6198, 27725.13, 27723.17, 27720.75, 3378, 3372, 27687.00, 0.00
2026-7-28, 09:04:14.061006, 27728.00, 27793.50, 27695.75, 27764.75, 6750, 6345, 27745.50, 27751.33, 27744.63, 3212, 3538, 0.00, 0.00
2026-7-28, 09:07:21.340000, 27765.00, 27765.75, 27665.50, 27699.25, 6750, 6444, 27723.88, 27710.17, 27715.63, 3517, 3233, 0.00, 0.00
2026-7-28, 09:10:29.855000, 27698.25, 27731.00, 27647.25, 27662.25, 6750, 6514, 27684.69, 27680.17, 27689.13, 3463, 3287, 0.00, 0.00
2026-7-28, 09:13:49.147001, 27662.50, 27664.75, 27608.75, 27618.75, 6750, 6090, 27638.69, 27630.75, 27636.75, 3481, 3269, 0.00, 0.00
2026-7-28, 09:15:51.956000, 27619.50, 27652.00, 27603.50, 27640.75, 6750, 6304, 27628.94, 27632.08, 27627.75, 3286, 3464, 0.00, 0.00
2026-7-28, 09:18:48.925062, 27640.75, 27684.75, 27606.00, 27677.50, 6750, 6141, 27652.25, 27656.08, 27645.38, 3268, 3482, 0.00, 0.00
2026-7-28, 09:22:01.604001, 27677.50, 27717.50, 27618.75, 27708.50, 6750, 6435, 27680.56, 27681.58, 27668.13, 3152, 3598, 0.00, 0.00
2026-7-28, 09:24:19.685000, 27709.00, 27713.75, 27660.00, 27679.25, 6750, 6375, 27690.50, 27684.33, 27686.88, 3309, 3441, 0.00, 0.00
2026-7-28, 09:29:01.462002, 27679.00, 27728.50, 27669.00, 27703.25, 6750, 6429, 27694.94, 27700.25, 27698.75, 3239, 3511, 0.00, 0.00
2026-7-28, 09:33:31.913000, 27705.00, 27761.75, 27672.25, 27751.00, 6750, 6428, 27722.50, 27728.33, 27717.00, 3145, 3605, 0.00, 0.00
2026-7-28, 09:37:23.163000, 27750.75, 27773.50, 27695.25, 27773.50, 6750, 6357, 27748.25, 27747.42, 27734.38, 3386, 3364, 0.00, 0.00
2026-7-28, 09:41:31.278000, 27773.75, 27793.00, 27753.75, 27763.25, 6750, 6249, 27770.94, 27770.00, 27773.38, 3375, 3375, 0.00, 0.00
2026-7-28, 09:45:41.965001, 27763.25, 27844.75, 27745.50, 27839.00, 6750, 6067, 27798.13, 27809.75, 27795.13, 3026, 3724, 0.00, 0.00
2026-7-28, 09:48:55.344001, 27839.00, 27888.50, 27834.50, 27873.25, 6750, 6227, 27858.81, 27865.42, 27861.50, 3220, 3530, 0.00, 0.00
2026-7-28, 09:52:14.142002, 27873.25, 27890.00, 27843.25, 27843.25, 6750, 6243, 27862.44, 27858.83, 27866.63, 3471, 3279, 0.00, 0.00
2026-7-28, 09:55:33.403001, 27843.25, 27876.00, 27802.25, 27804.50, 6750, 6364, 27831.50, 27827.58, 27839.13, 3376, 3374, 0.00, 0.00
2026-7-28, 09:59:39.721000, 27804.75, 27838.00, 27793.50, 27801.50, 6750, 6365, 27809.44, 27811.00, 27815.75, 3288, 3462, 0.00, 0.00
2026-7-28, 10:04:10.292002, 27801.25, 27837.25, 27768.00, 27801.00, 6750, 6519, 27801.88, 27802.08, 27802.63, 3392, 3358, 0.00, 0.00
2026-7-28, 10:08:43.926000, 27800.00, 27882.00, 27791.25, 27837.00, 6750, 6514, 27827.56, 27836.75, 27836.63, 3126, 3624, 0.00, 0.00
2026-7-28, 10:12:16.595000, 27836.50, 27882.00, 27830.75, 27863.00, 6750, 6376, 27853.06, 27858.58, 27856.38, 3348, 3402, 0.00, 0.00
2026-7-28, 10:17:13.220000, 27862.50, 27963.25, 27849.50, 27945.75, 6750, 5971, 27905.25, 27919.50, 27906.38, 3244, 3506, 0.00, 0.00
2026-7-28, 10:21:00.584004, 27945.75, 27979.75, 27944.00, 27979.00, 6750, 6156, 27962.13, 27967.58, 27961.88, 3159, 3591, 0.00, 0.00
2026-7-28, 10:25:14.542001, 27979.00, 28010.00, 27963.50, 27968.00, 6750, 5930, 27980.13, 27980.50, 27986.75, 3465, 3285, 0.00, 28015.00
2026-7-28, 10:28:37.765000, 27968.50, 27986.50, 27948.75, 27984.00, 6750, 6112, 27971.94, 27973.08, 27967.63, 3456, 3294, 0.00, 0.00
2026-7-28, 10:33:56.006001, 27984.00, 28019.25, 27976.50, 28011.50, 6750, 6113, 27997.81, 28002.42, 27997.88, 3142, 3608, 0.00, 0.00
2026-7-28, 10:39:49.213001, 28011.50, 28046.75, 27989.25, 28045.75, 6750, 6412, 28023.31, 28027.25, 28018.00, 3208, 3542, 0.00, 0.00
2026-7-28, 10:46:45.396000, 28046.00, 28062.50, 28010.50, 28022.75, 6750, 6291, 28035.44, 28031.92, 28036.50, 3359, 3391, 0.00, 0.00
2026-7-28, 10:52:52.485000, 28023.25, 28062.50, 28015.50, 28044.25, 6750, 6378, 28036.38, 28040.75, 28039.00, 3361, 3389, 0.00, 0.00
2026-7-28, 10:59:17.987000, 28043.50, 28068.75, 28033.50, 28058.50, 6750, 6139, 28051.06, 28053.58, 28051.13, 3356, 3394, 0.00, 0.00
2026-7-28, 11:05:38.854001, 28058.75, 28065.00, 28005.50, 28025.25, 6750, 6249, 28038.63, 28031.92, 28035.25, 3349, 3401, 0.00, 0.00
2026-7-28, 11:11:31.169000, 28025.00, 28032.00, 27992.25, 28031.00, 6750, 6372, 28020.06, 28018.42, 28012.13, 3397, 3353, 0.00, 0.00
2026-7-28, 11:19:57.015001, 28031.00, 28045.25, 27984.75, 28004.50, 6750, 6125, 28016.38, 28011.50, 28015.00, 3684, 3066, 0.00, 0.00
2026-7-28, 11:28:07.132001, 28004.50, 28007.25, 27953.50, 27970.00, 6750, 6257, 27983.81, 27976.92, 27980.38, 3425, 3325, 0.00, 0.00
2026-7-28, 11:36:18.619000, 27970.00, 28043.75, 27967.50, 28024.00, 6750, 6215, 28001.31, 28011.75, 28005.63, 3242, 3508, 0.00, 0.00
2026-7-28, 11:44:32.687002, 28024.00, 28070.75, 27993.00, 28066.75, 6750, 5996, 28038.63, 28043.50, 28031.88, 3249, 3501, 0.00, 0.00
2026-7-28, 11:51:52.611000, 28067.00, 28080.00, 28044.75, 28053.25, 6750, 6270, 28061.25, 28059.33, 28062.38, 3467, 3283, 0.00, 0.00
2026-7-28, 12:02:19.106001, 28053.25, 28053.50, 27991.00, 27992.75, 6750, 6155, 28022.63, 28012.42, 28022.25, 3492, 3258, 0.00, 0.00
2026-7-28, 12:09:20.359004, 27992.75, 28008.50, 27969.00, 27991.50, 6750, 6116, 27990.44, 27989.67, 27988.75, 3282, 3468, 0.00, 0.00
2026-7-28, 12:16:39.610002, 27991.50, 28045.75, 27973.50, 27985.25, 6750, 6208, 27999.00, 28001.50, 28009.63, 3073, 3677, 0.00, 0.00
2026-7-28, 12:25:05.180000, 27983.75, 28042.50, 27975.00, 28041.75, 6750, 6096, 28010.75, 28019.75, 28008.75, 3131, 3619, 0.00, 0.00
2026-7-28, 12:35:19.875014, 28041.75, 28043.50, 27943.25, 27951.75, 6750, 5954, 27995.06, 27979.50, 27993.38, 3432, 3318, 0.00, 0.00
2026-7-28, 12:45:53.607000, 27951.75, 27987.00, 27931.75, 27933.00, 6750, 5971, 27950.88, 27950.58, 27959.38, 3350, 3400, 0.00, 0.00
2026-7-28, 12:55:26.420000, 27932.50, 27999.50, 27925.00, 27971.50, 6750, 6207, 27957.13, 27965.33, 27962.25, 3173, 3577, 0.00, 0.00
2026-7-28, 13:05:07.353002, 27971.50, 27974.00, 27914.00, 27924.75, 6750, 6091, 27946.06, 27937.58, 27944.00, 3568, 3182, 0.00, 0.00
2026-7-28, 13:15:17.940000, 27925.25, 27947.75, 27912.50, 27921.75, 6750, 6273, 27926.81, 27927.33, 27930.13, 3351, 3399, 0.00, 0.00
2026-7-28, 13:27:28.396000, 27921.25, 27963.75, 27914.75, 27933.50, 6750, 6336, 27933.31, 27937.33, 27939.25, 3418, 3332, 0.00, 0.00
2026-7-28, 13:39:13.153001, 27933.50, 27978.00, 27921.50, 27960.75, 6750, 6239, 27948.44, 27953.42, 27949.75, 3383, 3367, 0.00, 0.00
2026-7-28, 13:52:10.527000, 27961.00, 28013.25, 27938.75, 28012.00, 6750, 6267, 27981.25, 27988.00, 27976.00, 3417, 3333, 0.00, 0.00
2026-7-28, 14:03:39.015000, 28011.75, 28021.75, 27972.00, 27978.25, 6750, 6343, 27995.94, 27990.67, 27996.88, 3675, 3075, 0.00, 0.00
2026-7-28, 14:13:34.183000, 27978.00, 28018.50, 27965.25, 28016.25, 6750, 6230, 27994.50, 28000.00, 27991.88, 3591, 3159, 0.00, 0.00
2026-7-28, 14:25:03.597000, 28016.50, 28023.75, 27985.00, 28005.50, 6750, 6170, 28007.69, 28004.75, 28004.38, 3615, 3135, 0.00, 0.00
2026-7-28, 14:33:28.118000, 28006.50, 28009.75, 27941.50, 27959.00, 6750, 6306, 27979.19, 27970.08, 27975.63, 3754, 2996, 0.00, 0.00
2026-7-28, 14:42:11.722000, 27959.25, 27962.00, 27929.00, 27940.50, 6750, 6351, 27947.69, 27943.83, 27945.50, 3773, 2977, 0.00, 0.00
2026-7-28, 14:50:54.202002, 27940.00, 27988.25, 27931.75, 27949.75, 6750, 6317, 27952.44, 27956.58, 27960.00, 3362, 3388, 0.00, 0.00
2026-7-28, 14:55:52.463000, 27950.00, 27958.75, 27927.75, 27929.75, 6750, 5978, 27941.56, 27938.75, 27943.25, 3558, 3192, 0.00, 0.00
2026-7-28, 14:59:33.490000, 27929.75, 27944.75, 27911.00, 27943.50, 6750, 5951, 27932.25, 27933.08, 27927.88, 3415, 3335, 0.00, 0.00
2026-7-28, 15:00:29.821000, 27944.25, 27967.75, 27884.25, 27928.50, 6750, 5836, 27931.19, 27926.83, 27926.00, 3491, 3259, 0.00, 0.00
2026-7-28, 15:07:13.548002, 27929.00, 27987.00, 27894.75, 27979.75, 6750, 6150, 27947.63, 27953.83, 27940.88, 3288, 3462, 0.00, 0.00
2026-7-28, 15:27:39.576000, 27979.75, 28011.50, 27935.75, 28001.00, 6750, 6011, 27982.00, 27982.75, 27973.63, 3204, 3546, 0.00, 0.00
2026-7-28, 17:06:06.143000, 28003.25, 28013.25, 27832.50, 27842.25, 6750, 6110, 27922.81, 27896.00, 27922.88, 3761, 2989, 0.00, 0.00
2026-7-28, 17:46:19.618005, 27841.75, 27844.50, 27728.50, 27778.00, 6750, 6123, 27798.19, 27783.67, 27786.50, 3471, 3279, 0.00, 0.00
2026-7-28, 18:05:43.573001, 27779.25, 27910.00, 27740.00, 27903.00, 6750, 6200, 27833.06, 27851.00, 27825.00, 3203, 3547, 0.00, 0.00
2026-7-28, 18:32:00.779016, 27903.00, 28096.50, 27889.75, 28074.50, 6750, 6033, 27990.94, 28020.25, 27993.13, 2964, 3786, 0.00, 0.00
2026-7-28, 18:51:48.916000, 28074.25, 28178.25, 28046.00, 28162.75, 6750, 6229, 28115.31, 28129.00, 28112.13, 3164, 3586, 0.00, 0.00
2026-7-28, 19:08:37.507002, 28164.25, 28167.25, 28018.00, 28036.75, 6750, 6332, 28096.56, 28074.00, 28092.63, 3550, 3200, 0.00, 0.00
2026-7-28, 19:35:00.232001, 28036.75, 28085.00, 27912.50, 27916.75, 6750, 6344, 27987.75, 27971.42, 27998.75, 3515, 3235, 0.00, 0.00
2026-7-28, 20:14:35.685011, 27916.75, 28007.00, 27880.00, 27880.00, 6750, 6138, 27920.94, 27922.33, 27943.50, 3453, 3297, 0.00, 0.00
2026-7-28, 20:44:57.496000, 27879.25, 27892.00, 27770.25, 27836.00, 6750, 5858, 27844.38, 27832.75, 27831.13, 3445, 3305, 0.00, 0.00
2026-7-28, 21:07:14.309018, 27835.75, 27912.75, 27796.00, 27895.00, 6750, 5975, 27859.88, 27867.92, 27854.38, 3300, 3450, 0.00, 0.00
2026-7-28, 21:41:13.006000, 27895.25, 27905.75, 27770.00, 27770.00, 6750, 6013, 27835.25, 27815.25, 27837.88, 3461, 3289, 0.00, 27910.75
2026-7-28, 22:30:02.883003, 27770.00, 27792.50, 27679.75, 27710.25, 6750, 5980, 27738.13, 27727.50, 27736.13, 3568, 3182, 0.00, 0.00
2026-7-28, 23:09:42.020002, 27710.50, 27720.00, 27640.00, 27690.00, 6750, 6207, 27690.13, 27683.33, 27680.00, 3407, 3343, 0.00, 0.00
2026-7-28, 23:50:16.091003, 27690.00, 27834.75, 27685.00, 27822.25, 6750, 6138, 27758.00, 27780.67, 27759.88, 3146, 3604, 27680.00, 0.00
2026-7-29, 00:25:10.321000, 27821.00, 27852.75, 27736.25, 27740.00, 6750, 6169, 27787.50, 27776.33, 27794.50, 3488, 3262, 0.00, 27857.75
2026-7-29, 01:11:43.928000, 27740.00, 27935.00, 27738.25, 27919.50, 6750, 6184, 27833.19, 27864.25, 27836.63, 3137, 3613, 27733.25, 0.00
2026-7-29, 01:51:14.788000, 27918.25, 27962.00, 27895.75, 27948.50, 6750, 6069, 27931.13, 27935.42, 27928.88, 3415, 3335, 27890.75, 0.00
2026-7-29, 02:35:21.404000, 27947.25, 27962.75, 27820.00, 27837.00, 6750, 6079, 27891.75, 27873.25, 27891.38, 3626, 3124, 0.00, 0.00
2026-7-29, 03:27:59.388000, 27837.50, 27979.50, 27824.00, 27976.00, 6750, 6080, 27904.25, 27926.50, 27901.75, 3281, 3469, 27819.00, 0.00
2026-7-29, 04:22:33.446001, 27976.00, 28060.00, 27957.75, 28018.00, 6750, 6153, 28002.94, 28011.92, 28008.88, 3132, 3618, 27952.75, 0.00
2026-7-29, 05:08:29.468002, 28018.00, 28030.00, 27931.50, 27952.25, 6750, 6281, 27982.94, 27971.25, 27980.75, 3592, 3158, 0.00, 28035.00
2026-7-29, 06:00:32.248007, 27952.25, 28023.75, 27934.50, 27990.25, 6750, 6310, 27975.19, 27982.83, 27979.13, 3162, 3588, 0.00, 28028.75
2026-7-29, 06:48:43.957007, 27990.25, 28007.75, 27868.25, 27887.50, 6750, 6378, 27938.44, 27921.17, 27938.00, 3560, 3190, 0.00, 0.00
2026-7-29, 07:19:47.560001, 27887.50, 27929.25, 27844.25, 27921.25, 6750, 6354, 27895.56, 27898.25, 27886.75, 3221, 3529, 0.00, 0.00
2026-7-29, 07:51:57.794002, 27921.25, 27933.25, 27856.00, 27861.00, 6750, 6172, 27892.88, 27883.42, 27894.63, 3426, 3324, 0.00, 0.00
2026-7-29, 08:20:54.523045, 27862.75, 27942.50, 27861.00, 27914.00, 4777, 4208, 27895.06, 27905.83, 27901.75, 2230, 2547, 0.00, 0.00
2026-7-29, 08:30:00.000000, 27914.50, 27950.00, 27848.25, 27855.75, 6750, 6524, 27892.13, 27884.67, 27899.13, 3569, 3181, 0.00, 0.00
2026-7-29, 08:31:39.492000, 27855.50, 27955.00, 27836.50, 27953.50, 6750, 6368, 27900.13, 27915.00, 27895.75, 3309, 3441, 0.00, 0.00
2026-7-29, 08:33:57.058000, 27951.75, 27996.00, 27935.50, 27935.50, 6750, 6231, 27954.69, 27955.67, 27965.75, 3391, 3359, 0.00, 0.00
2026-7-29, 08:36:29.247009, 27935.50, 27945.50, 27863.00, 27883.50, 6750, 6309, 27906.88, 27897.33, 27904.25, 3619, 3131, 0.00, 0.00
2026-7-29, 08:39:41.327000, 27882.25, 27907.75, 27858.00, 27870.50, 6750, 6435, 27879.63, 27878.75, 27882.88, 3387, 3363, 0.00, 0.00
2026-7-29, 08:43:51.822000, 27868.50, 27948.00, 27828.75, 27828.75, 6750, 6300, 27868.50, 27868.50, 27888.38, 3431, 3319, 0.00, 0.00
2026-7-29, 08:47:20.367000, 27828.25, 27862.25, 27785.75, 27789.75, 6750, 6457, 27816.50, 27812.58, 27824.00, 3631, 3119, 0.00, 0.00
2026-7-29, 08:51:02.071000, 27790.25, 27791.50, 27721.75, 27773.75, 6750, 6452, 27769.31, 27762.33, 27756.63, 3283, 3467, 0.00, 0.00
2026-7-29, 08:54:04.050000, 27773.50, 27777.75, 27674.00, 27674.00, 6750, 6383, 27724.81, 27708.58, 27725.88, 3594, 3156, 0.00, 0.00
2026-7-29, 08:57:16.395001, 27674.00, 27770.00, 27667.75, 27766.75, 6750, 6380, 27719.63, 27734.83, 27718.88, 3144, 3606, 0.00, 0.00
2026-7-29, 09:00:09.685001, 27767.00, 27790.00, 27734.00, 27772.00, 6750, 6292, 27765.75, 27765.33, 27762.00, 3192, 3558, 0.00, 0.00
2026-7-29, 09:02:51.047001, 27771.75, 27826.50, 27751.00, 27791.00, 6750, 6519, 27785.06, 27789.50, 27788.75, 3262, 3488, 0.00, 0.00
2026-7-29, 09:06:04.258000, 27790.75, 27806.25, 27717.25, 27739.00, 6750, 6460, 27763.31, 27754.17, 27761.75, 3416, 3334, 0.00, 0.00
2026-7-29, 09:09:45.474002, 27738.75, 27747.50, 27659.00, 27663.50, 6750, 6449, 27702.19, 27690.00, 27703.25, 3611, 3139, 0.00, 0.00
2026-7-29, 09:13:03.264000, 27663.25, 27680.75, 27635.75, 27677.75, 6750, 6418, 27664.38, 27664.75, 27658.25, 3331, 3419, 0.00, 0.00
2026-7-29, 09:16:06.081001, 27677.75, 27690.00, 27643.50, 27656.00, 6750, 6365, 27666.81, 27663.17, 27666.75, 3318, 3432, 0.00, 0.00
2026-7-29, 09:19:57.251002, 27656.00, 27695.75, 27611.50, 27614.25, 6750, 6244, 27644.38, 27640.50, 27653.63, 3623, 3127, 0.00, 0.00
2026-7-29, 09:24:25.262000, 27614.25, 27624.00, 27538.75, 27559.00, 6750, 6214, 27584.00, 27573.92, 27581.38, 3610, 3140, 0.00, 0.00
2026-7-29, 09:26:54.673002, 27559.00, 27594.25, 27539.50, 27593.25, 6750, 6287, 27571.50, 27575.67, 27566.88, 3210, 3540, 0.00, 0.00
2026-7-29, 09:30:37.012000, 27594.00, 27652.25, 27588.50, 27606.50, 6750, 6254, 27610.31, 27615.75, 27620.38, 3326, 3424, 0.00, 0.00
2026-7-29, 09:34:29.586002, 27606.50, 27636.25, 27575.00, 27592.50, 6750, 6334, 27602.56, 27601.25, 27605.63, 3392, 3358, 0.00, 0.00
2026-7-29, 09:39:09.173000, 27595.00, 27603.25, 27521.75, 27529.25, 6750, 6183, 27562.31, 27551.42, 27562.50, 3600, 3150, 0.00, 0.00
2026-7-29, 09:42:49.325000, 27530.00, 27559.50, 27510.00, 27550.50, 6750, 6376, 27537.50, 27540.00, 27534.75, 3377, 3373, 0.00, 0.00
2026-7-29, 09:47:04.885000, 27551.25, 27590.75, 27520.75, 27581.50, 6750, 6401, 27561.06, 27564.33, 27555.75, 3301, 3449, 0.00, 0.00
2026-7-29, 09:51:25.290001, 27581.25, 27615.75, 27554.25, 27558.25, 6750, 6230, 27577.38, 27576.08, 27585.00, 3399, 3351, 0.00, 0.00
2026-7-29, 09:56:08.936006, 27558.25, 27626.75, 27551.25, 27605.00, 6750, 6365, 27585.31, 27594.33, 27589.00, 3252, 3498, 0.00, 0.00
2026-7-29, 10:00:45.145002, 27604.75, 27647.25, 27581.00, 27637.75, 6750, 6452, 27617.69, 27622.00, 27614.13, 3255, 3495, 0.00, 0.00
2026-7-29, 10:05:00.503000, 27638.00, 27657.50, 27590.50, 27632.75, 6750, 6433, 27629.69, 27626.92, 27624.00, 3347, 3403, 0.00, 0.00
2026-7-29, 10:08:56.188000, 27634.50, 27650.25, 27565.75, 27590.25, 6750, 6333, 27610.19, 27602.08, 27608.00, 3555, 3195, 0.00, 0.00
2026-7-29, 10:13:52.475000, 27589.50, 27625.00, 27564.00, 27570.75, 6750, 6522, 27587.31, 27586.58, 27594.50, 3386, 3364, 0.00, 0.00
2026-7-29, 10:19:38.768000, 27570.25, 27605.50, 27547.00, 27585.25, 6750, 6436, 27577.00, 27579.25, 27576.25, 3281, 3469, 0.00, 0.00
2026-7-29, 10:25:37.933000, 27585.25, 27617.50, 27540.00, 27560.75, 6750, 6404, 27575.88, 27572.75, 27578.75, 3329, 3421, 0.00, 0.00
2026-7-29, 10:32:39.047000, 27560.75, 27596.75, 27532.00, 27537.25, 6750, 6341, 27556.69, 27555.33, 27564.38, 3395, 3355, 0.00, 0.00
2026-7-29, 10:40:10.798000, 27537.50, 27565.75, 27518.00, 27549.75, 6750, 6319, 27542.75, 27544.50, 27541.88, 3227, 3523, 0.00, 0.00
2026-7-29, 10:48:55.683004, 27549.75, 27566.50, 27481.00, 27481.00, 6750, 6170, 27519.56, 27509.50, 27523.75, 3812, 2938, 0.00, 0.00
2026-7-29, 10:55:13.331000, 27480.75, 27542.00, 27464.50, 27514.25, 6750, 6310, 27500.38, 27506.92, 27503.25, 3228, 3522, 0.00, 0.00
2026-7-29, 11:00:40.948000, 27515.00, 27515.50, 27426.00, 27448.50, 6750, 6154, 27476.25, 27463.33, 27470.75, 3642, 3108, 0.00, 0.00
2026-7-29, 11:06:01.508001, 27448.25, 27466.75, 27425.50, 27429.50, 6750, 6253, 27442.50, 27440.58, 27446.13, 3272, 3478, 0.00, 0.00
2026-7-29, 11:14:44.131000, 27429.75, 27475.25, 27409.25, 27468.00, 6750, 6196, 27445.56, 27450.83, 27442.25, 3316, 3434, 0.00, 0.00
2026-7-29, 11:21:32.389000, 27468.75, 27542.25, 27460.25, 27536.25, 6750, 6173, 27501.88, 27512.92, 27501.25, 3360, 3390, 0.00, 0.00
2026-7-29, 11:28:00.047002, 27536.50, 27586.00, 27527.50, 27539.00, 6750, 5985, 27547.25, 27550.83, 27556.75, 3532, 3218, 0.00, 0.00
2026-7-29, 11:34:25.864012, 27539.00, 27539.25, 27495.50, 27519.75, 6750, 6227, 27523.38, 27518.17, 27517.38, 3497, 3253, 0.00, 0.00
2026-7-29, 11:42:02.101000, 27520.00, 27560.50, 27485.25, 27554.50, 6750, 6309, 27530.06, 27533.42, 27522.88, 3287, 3463, 0.00, 0.00
2026-7-29, 11:50:11.733000, 27553.75, 27593.00, 27533.50, 27577.50, 6750, 6357, 27564.44, 27568.00, 27563.25, 3391, 3359, 0.00, 0.00
2026-7-29, 11:58:52.412001, 27577.50, 27665.00, 27575.50, 27658.25, 6750, 5971, 27619.06, 27632.92, 27620.25, 3315, 3435, 0.00, 0.00
2026-7-29, 12:04:55.853001, 27658.00, 27691.25, 27634.25, 27678.25, 6750, 5942, 27665.44, 27667.92, 27662.75, 3549, 3201, 0.00, 0.00
2026-7-29, 12:12:14.857000, 27679.00, 27739.75, 27673.00, 27720.00, 6750, 6148, 27702.94, 27710.92, 27706.38, 3457, 3293, 0.00, 0.00
2026-7-29, 12:18:21.051001, 27720.00, 27750.00, 27689.25, 27692.50, 6750, 6010, 27712.94, 27710.58, 27719.63, 3822, 2928, 0.00, 0.00
2026-7-29, 12:25:16.607000, 27692.50, 27702.50, 27629.50, 27678.50, 6750, 6345, 27675.75, 27670.17, 27666.00, 3562, 3188, 0.00, 0.00
2026-7-29, 12:33:08.637001, 27678.75, 27695.00, 27638.50, 27663.25, 6750, 6492, 27668.88, 27665.58, 27666.75, 3400, 3350, 0.00, 0.00
2026-7-29, 12:43:13.427000, 27663.25, 27727.75, 27656.00, 27694.50, 6750, 6186, 27685.38, 27692.75, 27691.88, 3480, 3270, 0.00, 0.00
2026-7-29, 12:56:14.010002, 27694.00, 27849.00, 27677.75, 27849.00, 6750, 5426, 27767.44, 27791.92, 27763.38, 3004, 3746, 0.00, 0.00
2026-7-29, 13:00:43.538001, 27849.00, 27888.50, 27810.00, 27856.00, 6750, 5884, 27850.88, 27851.50, 27849.25, 2863, 3887, 0.00, 0.00
2026-7-29, 13:02:57.431001, 27856.25, 27874.50, 27778.75, 27874.50, 6750, 6240, 27846.00, 27842.58, 27826.63, 3529, 3221, 0.00, 27879.50
2026-7-29, 13:06:10.609000, 27875.00, 27886.25, 27824.50, 27844.00, 6750, 6369, 27857.44, 27851.58, 27855.38, 3440, 3310, 0.00, 0.00
2026-7-29, 13:09:55.968001, 27844.25, 27872.25, 27783.75, 27792.75, 6750, 6536, 27823.25, 27816.25, 27828.00, 3420, 3330, 0.00, 0.00
2026-7-29, 13:14:39.464000, 27790.50, 27843.50, 27748.75, 27766.75, 6750, 6312, 27787.38, 27786.33, 27796.13, 3332, 3418, 0.00, 0.00
2026-7-29, 13:19:32.333003, 27766.75, 27775.00, 27728.50, 27748.50, 6750, 6303, 27754.69, 27750.67, 27751.75, 3276, 3474, 0.00, 0.00
2026-7-29, 13:25:15.724000, 27749.00, 27820.00, 27727.50, 27766.25, 6750, 6321, 27765.69, 27771.25, 27773.75, 3283, 3467, 0.00, 0.00
2026-7-29, 13:31:35.422007, 27766.00, 27791.00, 27709.00, 27746.00, 6750, 6233, 27753.00, 27748.67, 27750.00, 3510, 3240, 0.00, 0.00
2026-7-29, 13:36:28.862000, 27745.50, 27888.50, 27731.00, 27881.50, 6750, 6137, 27811.63, 27833.67, 27809.75, 3122, 3628, 0.00, 0.00
2026-7-29, 13:40:11.057000, 27881.75, 27953.00, 27881.00, 27926.00, 6750, 6106, 27910.44, 27920.00, 27917.00, 2981, 3769, 0.00, 0.00
2026-7-29, 13:43:00.245002, 27926.00, 28003.00, 27914.75, 28003.00, 6750, 6254, 27961.69, 27973.58, 27958.88, 3294, 3456, 0.00, 0.00
2026-7-29, 13:46:32.271000, 28004.00, 28053.25, 27982.75, 28038.00, 6750, 6057, 28019.50, 28024.67, 28018.00, 3484, 3266, 0.00, 0.00
2026-7-29, 13:50:17.348003, 28038.00, 28088.75, 28000.50, 28071.75, 6750, 6268, 28049.75, 28053.67, 28044.63, 3347, 3403, 0.00, 0.00
2026-7-29, 13:55:08.662000, 28072.00, 28096.75, 28021.00, 28043.00, 6750, 6298, 28058.19, 28053.58, 28058.88, 3428, 3322, 0.00, 0.00
2026-7-29, 13:59:26.735000, 28042.75, 28099.50, 28023.25, 28051.25, 6750, 6358, 28054.19, 28058.00, 28061.38, 3408, 3342, 0.00, 0.00
2026-7-29, 14:03:12.934000, 28051.25, 28054.00, 27948.50, 27958.50, 6750, 6423, 28003.06, 27987.00, 28001.25, 3564, 3186, 0.00, 0.00
2026-7-29, 14:06:55.859000, 27958.75, 27963.25, 27861.25, 27861.25, 6750, 6294, 27911.13, 27895.25, 27912.25, 3720, 3030, 0.00, 0.00
2026-7-29, 14:10:20.869007, 27861.00, 27928.50, 27839.50, 27918.50, 6750, 6266, 27886.88, 27895.50, 27884.00, 3184, 3566, 0.00, 0.00
2026-7-29, 14:13:25.971000, 27918.25, 27938.00, 27826.00, 27831.00, 6750, 6354, 27878.31, 27865.00, 27882.00, 3597, 3153, 0.00, 0.00
2026-7-29, 14:18:01.238000, 27830.50, 27840.00, 27725.25, 27742.75, 6750, 6379, 27784.63, 27769.33, 27782.63, 3664, 3086, 0.00, 0.00
2026-7-29, 14:21:12.754004, 27742.75, 27749.00, 27680.00, 27737.00, 6750, 6306, 27727.19, 27722.00, 27714.50, 3551, 3199, 0.00, 0.00
2026-7-29, 14:24:11.816000, 27736.75, 27741.75, 27640.75, 27689.00, 6750, 6314, 27702.06, 27690.50, 27691.25, 3385, 3365, 0.00, 0.00
2026-7-29, 14:27:36.568000, 27688.25, 27744.00, 27668.75, 27742.75, 6750, 6341, 27710.94, 27718.50, 27706.38, 3244, 3506, 0.00, 0.00
2026-7-29, 14:31:09.683005, 27742.75, 27743.75, 27572.00, 27585.25, 6750, 6434, 27660.94, 27633.67, 27657.88, 3634, 3116, 0.00, 0.00
2026-7-29, 14:34:32.951001, 27585.25, 27630.75, 27564.00, 27566.25, 6750, 6334, 27586.56, 27587.00, 27597.38, 3414, 3336, 0.00, 0.00
2026-7-29, 14:38:04.871000, 27565.50, 27567.25, 27472.00, 27499.75, 6750, 6054, 27526.13, 27513.00, 27519.63, 3412, 3338, 0.00, 0.00
2026-7-29, 14:40:47.909000, 27500.25, 27542.00, 27468.00, 27497.00, 6750, 6451, 27501.81, 27502.33, 27505.00, 3456, 3294, 0.00, 0.00
2026-7-29, 14:43:56.052000, 27497.25, 27503.50, 27442.50, 27449.50, 6750, 6380, 27473.19, 27465.17, 27473.00, 3398, 3352, 0.00, 0.00
2026-7-29, 14:46:54.177002, 27449.50, 27512.25, 27421.00, 27476.75, 6750, 6304, 27464.88, 27470.00, 27466.63, 3249, 3501, 0.00, 0.00
2026-7-29, 14:50:01.458001, 27477.00, 27489.75, 27394.00, 27401.50, 6750, 6245, 27440.56, 27428.42, 27441.88, 3674, 3076, 0.00, 0.00
2026-7-29, 14:52:45.473000, 27401.00, 27449.00, 27364.75, 27383.50, 6750, 6433, 27399.56, 27399.08, 27406.88, 3563, 3187, 0.00, 0.00
2026-7-29, 14:55:27.028004, 27383.50, 27392.00, 27335.25, 27337.25, 6750, 6260, 27362.00, 27354.83, 27363.63, 3423, 3327, 27330.25, 0.00
2026-7-29, 14:58:17.842000, 27337.50, 27346.75, 27317.50, 27339.00, 6750, 6033, 27335.19, 27334.42, 27332.13, 3373, 3377, 0.00, 0.00
2026-7-29, 14:59:42.938023, 27339.00, 27370.75, 27328.25, 27345.25, 6750, 5983, 27345.81, 27348.08, 27349.50, 3366, 3384, 0.00, 0.00
2026-7-29, 15:00:01.642001, 27345.25, 27362.25, 27270.00, 27329.75, 6750, 5877, 27326.81, 27320.67, 27316.13, 3479, 3271, 0.00, 0.00
2026-7-29, 15:01:31.629001, 27330.00, 27343.50, 27213.75, 27219.25, 6750, 5903, 27276.63, 27258.83, 27278.63, 3620, 3130, 0.00, 0.00
2026-7-29, 15:04:10.196002, 27219.50, 27364.00, 27201.50, 27291.50, 6750, 5857, 27269.13, 27285.67, 27282.75, 3030, 3720, 27196.50, 0.00
2026-7-29, 15:08:03.953000, 27291.50, 27331.75, 27231.75, 27291.75, 6750, 5907, 27286.69, 27285.08, 27281.75, 3441, 3309, 0.00, 0.00
2026-7-29, 15:15:01.222002, 27292.00, 27338.75, 27207.00, 27217.75, 6750, 5926, 27263.88, 27254.50, 27272.88, 3241, 3509, 0.00, 0.00
2026-7-29, 15:31:03.092000, 27218.50, 27331.25, 27214.50, 27291.00, 6750, 5851, 27263.81, 27278.92, 27272.88, 3339, 3411, 27209.50, 0.00
2026-7-29, 15:55:56.404000, 27292.00, 27471.50, 27202.00, 27468.50, 6750, 5773, 27358.50, 27380.67, 27336.75, 3088, 3662, 0.00, 0.00
2026-7-29, 17:10:59.211000, 27470.00, 27489.50, 27395.50, 27424.25, 6750, 6046, 27444.81, 27436.42, 27442.50, 3768, 2982, 0.00, 0.00
2026-7-29, 17:31:00.169001, 27424.25, 27524.25, 27414.50, 27508.00, 6750, 6202, 27467.75, 27482.25, 27469.38, 3109, 3641, 27409.50, 0.00
2026-7-29, 18:09:51.424000, 27506.50, 27559.25, 27456.50, 27523.75, 6750, 6269, 27511.50, 27513.17, 27507.88, 3402, 3348, 0.00, 27564.25
2026-7-29, 18:44:56.071000, 27523.50, 27579.00, 27472.25, 27573.50, 6750, 6354, 27537.06, 27541.58, 27525.63, 3288, 3462, 0.00, 0.00
2026-7-29, 19:06:59.672000, 27573.50, 27611.00, 27550.50, 27572.75, 6750, 6296, 27576.94, 27578.08, 27580.75, 3320, 3430, 27545.50, 0.00
2026-7-29, 19:32:44.755000, 27572.50, 27577.00, 27489.75, 27553.50, 6750, 6306, 27548.19, 27540.08, 27533.38, 3569, 3181, 0.00, 0.00
2026-7-29, 20:00:43.783002, 27553.25, 27664.25, 27535.25, 27626.75, 6750, 6219, 27594.88, 27608.75, 27599.75, 3288, 3462, 0.00, 0.00
2026-7-29, 20:26:59.218000, 27628.00, 27696.75, 27623.50, 27667.00, 6750, 6053, 27653.81, 27662.42, 27660.13, 3137, 3613, 0.00, 0.00
2026-7-29, 21:02:11.530000, 27666.00, 27674.25, 27559.50, 27602.75, 6750, 6115, 27625.63, 27612.17, 27616.88, 3542, 3208, 0.00, 27679.25
2026-7-29, 21:44:12.496007, 27602.75, 27631.00, 27471.25, 27490.00, 6750, 6377, 27548.75, 27530.75, 27551.13, 3600, 3150, 0.00, 0.00
2026-7-29, 22:26:13.893000, 27490.25, 27563.50, 27467.75, 27471.50, 6750, 6237, 27498.25, 27500.92, 27515.63, 3355, 3395, 27462.75, 0.00
2026-7-29, 23:17:09.074000, 27470.00, 27543.75, 27421.00, 27454.25, 6750, 6320, 27472.25, 27473.00, 27482.38, 3540, 3210, 0.00, 0.00
2026-7-30, 00:16:20.928000, 27455.25, 27546.25, 27453.25, 27456.25, 6750, 6258, 27477.75, 27485.25, 27499.75, 3418, 3332, 0.00, 27551.25
2026-7-30, 01:15:28.056000, 27456.25, 27521.75, 27415.00, 27513.00, 6750, 6167, 27476.50, 27483.25, 27468.38, 3331, 3419, 27410.00, 0.00
2026-7-30, 02:04:26.767003, 27513.00, 27521.00, 27351.25, 27399.50, 6750, 6306, 27446.19, 27423.92, 27436.13, 3489, 3261, 0.00, 27526.00
2026-7-30, 02:39:11.378000, 27399.25, 27456.00, 27337.50, 27439.00, 6750, 6196, 27407.94, 27410.83, 27396.75, 3492, 3258, 0.00, 0.00
2026-7-30, 03:14:58.781000, 27439.00, 27527.25, 27425.75, 27511.00, 6750, 6249, 27475.75, 27488.00, 27476.50, 3425, 3325, 0.00, 0.00
2026-7-30, 04:13:12.395000, 27511.25, 27586.00, 27488.25, 27505.00, 6750, 6220, 27522.63, 27526.42, 27537.13, 3572, 3178, 27483.25, 0.00
2026-7-30, 05:00:42.486000, 27504.25, 27643.00, 27501.00, 27623.75, 6750, 5833, 27568.00, 27589.25, 27572.00, 3468, 3282, 0.00, 27648.00
2026-7-30, 05:41:30.057000, 27623.75, 27702.50, 27611.00, 27697.25, 6750, 6129, 27658.63, 27670.25, 27656.75, 3362, 3388, 27606.00, 0.00
2026-7-30, 06:18:52.305001, 27697.00, 27735.00, 27671.75, 27731.50, 6750, 6110, 27708.81, 27712.75, 27703.38, 3482, 3268, 0.00, 27740.00
2026-7-30, 06:50:16.291000, 27731.50, 27766.25, 27695.75, 27745.00, 6750, 6039, 27734.63, 27735.67, 27731.00, 3294, 3456, 0.00, 0.00
2026-7-30, 07:19:53.702000, 27745.50, 27787.75, 27714.00, 27775.25, 6750, 5973, 27755.63, 27759.00, 27750.88, 3265, 3485, 0.00, 0.00
2026-7-30, 07:36:59.141000, 27775.25, 27808.75, 27755.00, 27805.00, 6750, 6045, 27786.00, 27789.58, 27781.88, 3324, 3426, 0.00, 0.00
2026-7-30, 07:57:41.642001, 27804.75, 27857.00, 27793.00, 27853.75, 6750, 5332, 27827.13, 27834.58, 27825.00, 3680, 3070, 0.00, 0.00
2026-7-30, 08:04:02.391000, 27854.50, 27876.25, 27827.25, 27860.50, 6750, 5477, 27854.63, 27854.67, 27851.75, 3953, 2797, 0.00, 0.00
2026-7-30, 08:13:47.874000, 27860.50, 27877.75, 27831.25, 27868.00, 6750, 5889, 27859.38, 27859.00, 27854.50, 3438, 3312, 0.00, 0.00
2026-7-30, 08:29:21.116004, 27868.00, 27883.25, 27862.00, 27876.25, 1465, 1153, 27872.38, 27873.83, 27872.63, 615, 850, 0.00, 0.00
2026-7-30, 08:30:00.000000, 27877.25, 27891.50, 27835.50, 27869.00, 6750, 6172, 27868.31, 27865.33, 27863.50, 3294, 3456, 0.00, 0.00
2026-7-30, 08:31:04.395000, 27870.25, 27892.00, 27842.25, 27844.25, 6750, 6272, 27862.19, 27859.50, 27867.13, 3343, 3407, 0.00, 0.00
2026-7-30, 08:33:09.894006, 27844.50, 27883.25, 27813.25, 27881.25, 6750, 6477, 27855.56, 27859.25, 27848.25, 3487, 3263, 0.00, 0.00
2026-7-30, 08:35:36.375000, 27882.25, 27919.50, 27864.75, 27874.25, 6750, 6318, 27885.19, 27886.17, 27892.13, 3327, 3423, 0.00, 0.00
2026-7-30, 08:37:26.467000, 27875.00, 27908.25, 27847.50, 27890.00, 6750, 6112, 27880.19, 27881.92, 27877.88, 3673, 3077, 0.00, 0.00
2026-7-30, 08:39:55.198005, 27890.00, 27941.25, 27849.75, 27926.00, 6750, 6294, 27901.75, 27905.67, 27895.50, 3334, 3416, 0.00, 0.00
2026-7-30, 08:42:47.871000, 27926.25, 27996.50, 27923.50, 27988.00, 6750, 6388, 27958.56, 27969.33, 27960.00, 3257, 3493, 0.00, 0.00
2026-7-30, 08:45:01.959004, 27987.75, 28037.25, 27986.50, 28021.25, 6750, 6285, 28008.19, 28015.00, 28011.88, 3379, 3371, 0.00, 0.00
2026-7-30, 08:47:23.465000, 28021.50, 28067.50, 28008.50, 28045.50, 6750, 6011, 28035.75, 28040.50, 28038.00, 3486, 3264, 0.00, 0.00
2026-7-30, 08:50:25.577001, 28045.50, 28125.50, 28043.25, 28098.00, 6750, 5359, 28078.06, 28088.92, 28084.38, 2445, 4305, 0.00, 0.00
2026-7-30, 08:51:46.439000, 28097.75, 28109.25, 28049.00, 28096.00, 6750, 6349, 28088.00, 28084.75, 28079.13, 3447, 3303, 0.00, 28114.25
2026-7-30, 08:54:31.175000, 28095.50, 28137.75, 28082.25, 28100.50, 6750, 6272, 28104.00, 28106.83, 28110.00, 3392, 3358, 0.00, 28142.75
2026-7-30, 08:57:22.541000, 28099.75, 28162.25, 28091.50, 28134.00, 6750, 6088, 28121.88, 28129.25, 28126.88, 3019, 3731, 0.00, 0.00
2026-7-30, 09:00:16.458003, 28134.00, 28183.75, 28130.25, 28168.25, 6750, 6044, 28154.06, 28160.75, 28157.00, 2963, 3787, 0.00, 0.00
2026-7-30, 09:02:28.662000, 28167.50, 28177.50, 28137.75, 28144.00, 6750, 6476, 28156.69, 28153.08, 28157.63, 3459, 3291, 0.00, 0.00
2026-7-30, 09:05:32.196000, 28144.00, 28151.50, 28101.00, 28101.00, 6750, 6234, 28124.38, 28117.83, 28126.25, 3762, 2988, 0.00, 0.00
2026-7-30, 09:08:03.613000, 28100.75, 28111.50, 28072.00, 28072.00, 6750, 6194, 28089.06, 28085.17, 28091.75, 3475, 3275, 0.00, 0.00
2026-7-30, 09:10:35.124001, 28072.00, 28116.75, 28066.75, 28090.75, 6750, 6369, 28086.56, 28091.42, 28091.75, 3333, 3417, 0.00, 0.00
2026-7-30, 09:13:45.793002, 28091.00, 28140.00, 28083.50, 28128.25, 6750, 6435, 28110.69, 28117.25, 28111.75, 3247, 3503, 0.00, 0.00
2026-7-30, 09:17:30.232000, 28129.75, 28136.00, 28080.25, 28132.25, 6750, 6344, 28119.56, 28116.17, 28108.13, 3526, 3224, 0.00, 0.00
2026-7-30, 09:21:04.941001, 28132.25, 28174.00, 28129.75, 28162.50, 6750, 6156, 28149.63, 28155.42, 28151.88, 3263, 3487, 0.00, 0.00
2026-7-30, 09:24:41.543000, 28163.25, 28201.00, 28149.75, 28201.00, 6750, 5573, 28178.75, 28183.92, 28175.38, 2717, 4033, 0.00, 0.00
2026-7-30, 09:27:43.123000, 28199.75, 28240.00, 28188.50, 28190.25, 6750, 6332, 28204.63, 28206.25, 28214.25, 3251, 3499, 0.00, 0.00
2026-7-30, 09:30:37.525001, 28190.25, 28246.50, 28190.00, 28227.50, 6750, 6394, 28213.56, 28221.33, 28218.25, 3430, 3320, 0.00, 0.00
2026-7-30, 09:34:36.799003, 28227.50, 28244.50, 28202.50, 28215.25, 6750, 6241, 28222.44, 28220.75, 28223.50, 3485, 3265, 0.00, 0.00
2026-7-30, 09:38:50.536001, 28215.25, 28241.00, 28171.25, 28178.00, 6750, 6340, 28201.38, 28196.75, 28206.13, 3544, 3206, 0.00, 0.00
2026-7-30, 09:44:13.553000, 28177.25, 28196.00, 28151.00, 28158.00, 6750, 6261, 28170.56, 28168.33, 28173.50, 3497, 3253, 0.00, 0.00
2026-7-30, 09:48:04.643000, 28157.00, 28176.25, 28117.00, 28124.00, 6750, 6199, 28143.56, 28139.08, 28146.63, 3615, 3135, 0.00, 0.00
2026-7-30, 09:51:33.168002, 28124.25, 28129.00, 28046.00, 28055.75, 6750, 6172, 28088.75, 28076.92, 28087.50, 3590, 3160, 0.00, 0.00
2026-7-30, 09:55:29.875009, 28055.75, 28072.50, 28022.50, 28070.25, 6750, 6361, 28055.25, 28055.08, 28047.50, 3290, 3460, 28017.50, 0.00
2026-7-30, 09:58:57.278002, 28070.25, 28094.75, 28012.75, 28022.00, 6750, 6300, 28049.94, 28043.17, 28053.75, 3536, 3214, 0.00, 0.00
2026-7-30, 10:01:59.318000, 28022.00, 28113.50, 28016.00, 28090.75, 6750, 5579, 28060.56, 28073.42, 28064.75, 2631, 4119, 0.00, 0.00
2026-7-30, 10:04:53.032003, 28090.75, 28126.00, 28054.75, 28122.25, 6750, 6388, 28098.44, 28101.00, 28090.38, 3298, 3452, 0.00, 0.00
2026-7-30, 10:09:10.379002, 28122.25, 28137.75, 28020.25, 28032.00, 6750, 6071, 28078.06, 28063.33, 28079.00, 3709, 3041, 0.00, 28142.75
2026-7-30, 10:13:19.279000, 28033.50, 28076.25, 28006.25, 28028.25, 6750, 5782, 28036.06, 28036.92, 28041.25, 3776, 2974, 0.00, 0.00
2026-7-30, 10:17:41.565000, 28028.75, 28099.50, 28022.25, 28065.50, 6750, 6339, 28054.00, 28062.42, 28060.88, 3285, 3465, 0.00, 0.00
2026-7-30, 10:23:10.792000, 28065.00, 28078.75, 27996.25, 28009.25, 6750, 6236, 28037.31, 28028.08, 28037.50, 3580, 3170, 0.00, 0.00
2026-7-30, 10:28:19.308008, 28009.25, 28059.75, 28001.00, 28038.25, 6750, 6186, 28027.06, 28033.00, 28030.38, 3463, 3287, 0.00, 0.00
2026-7-30, 10:34:20.054000, 28038.75, 28089.25, 28036.50, 28085.00, 6750, 6419, 28062.38, 28070.25, 28062.88, 3381, 3369, 0.00, 0.00
2026-7-30, 10:40:20.480002, 28084.50, 28122.25, 28055.00, 28119.00, 6750, 6244, 28095.19, 28098.75, 28088.63, 3371, 3379, 0.00, 0.00
2026-7-30, 10:46:31.904003, 28119.00, 28133.75, 28065.25, 28067.00, 6750, 6400, 28096.25, 28088.67, 28099.50, 3430, 3320, 0.00, 0.00
2026-7-30, 10:52:32.475000, 28065.75, 28131.25, 28049.25, 28084.00, 6750, 6326, 28082.56, 28088.17, 28090.25, 3317, 3433, 0.00, 0.00
2026-7-30, 10:59:09.776000, 28084.75, 28132.25, 28059.00, 28132.25, 6750, 5908, 28102.06, 28107.83, 28095.63, 3066, 3684, 0.00, 0.00
2026-7-30, 11:04:13.520104, 28132.25, 28165.75, 28130.25, 28158.00, 6750, 6092, 28146.56, 28151.33, 28148.00, 3196, 3554, 0.00, 0.00
2026-7-30, 11:11:26.566000, 28157.25, 28192.75, 28153.50, 28189.75, 6750, 6254, 28173.31, 28178.67, 28173.13, 3423, 3327, 0.00, 0.00
2026-7-30, 11:19:10.166000, 28189.25, 28191.50, 28144.00, 28152.00, 6750, 6393, 28169.19, 28162.50, 28167.75, 3450, 3300, 0.00, 0.00
2026-7-30, 11:28:33.859000, 28151.50, 28152.75, 28111.75, 28121.75, 6750, 6415, 28134.44, 28128.75, 28132.25, 3477, 3273, 0.00, 0.00
2026-7-30, 11:38:00.091006, 28121.50, 28127.75, 28054.50, 28078.25, 6750, 6209, 28095.50, 28086.83, 28091.13, 3411, 3339, 0.00, 0.00
2026-7-30, 11:45:10.486000, 28078.50, 28128.00, 28077.25, 28126.25, 6750, 5973, 28102.50, 28110.50, 28102.63, 2903, 3847, 0.00, 0.00
2026-7-30, 11:52:30.537000, 28126.75, 28170.50, 28109.50, 28158.00, 6750, 6268, 28141.19, 28146.00, 28140.00, 3184, 3566, 0.00, 0.00
2026-7-30, 12:01:01.536000, 28159.00, 28183.75, 28148.00, 28169.50, 6750, 6270, 28165.06, 28167.08, 28165.88, 3293, 3457, 0.00, 0.00
2026-7-30, 12:10:39.767000, 28169.50, 28207.25, 28153.25, 28196.75, 6750, 6246, 28181.69, 28185.75, 28180.25, 3394, 3356, 0.00, 0.00
2026-7-30, 12:21:14.012001, 28197.00, 28207.75, 28159.00, 28164.75, 6750, 6241, 28182.13, 28177.17, 28183.38, 3631, 3119, 0.00, 0.00
2026-7-30, 12:34:05.114000, 28164.75, 28197.75, 28139.50, 28197.00, 6750, 6408, 28174.75, 28178.08, 28168.63, 3307, 3443, 0.00, 0.00
2026-7-30, 12:43:26.747001, 28196.50, 28208.50, 28174.00, 28178.00, 6750, 6125, 28189.25, 28186.83, 28191.25, 3654, 3096, 0.00, 0.00
2026-7-30, 12:54:56.707002, 28178.00, 28202.25, 28165.50, 28189.50, 6750, 6456, 28183.81, 28185.75, 28183.88, 3510, 3240, 0.00, 0.00
2026-7-30, 13:10:53.652001, 28189.50, 28205.00, 28162.25, 28185.75, 6750, 6256, 28185.63, 28184.33, 28183.63, 3562, 3188, 0.00, 0.00
2026-7-30, 13:23:53.566000, 28184.00, 28199.00, 28158.00, 28165.00, 6750, 6239, 28176.50, 28174.00, 28178.50, 3640, 3110, 0.00, 0.00
2026-7-30, 13:38:48.314000, 28165.25, 28189.50, 28148.50, 28169.00, 6750, 6177, 28168.06, 28169.00, 28169.00, 3409, 3341, 0.00, 0.00
2026-7-30, 13:51:27.269000, 28169.25, 28200.25, 28154.75, 28195.75, 6750, 5972, 28180.00, 28183.58, 28177.50, 3121, 3629, 0.00, 0.00
2026-7-30, 14:02:06.004000, 28196.00, 28249.00, 28191.25, 28249.00, 6750, 6134, 28221.31, 28229.75, 28220.13, 3056, 3694, 0.00, 0.00
2026-7-30, 14:09:07.812001, 28249.00, 28296.50, 28242.25, 28288.50, 6750, 5721, 28269.06, 28275.75, 28269.38, 2781, 3969, 0.00, 0.00
2026-7-30, 14:13:05.120003, 28288.50, 28297.75, 28262.00, 28284.75, 6750, 6295, 28283.25, 28281.50, 28279.88, 3423, 3327, 0.00, 0.00
2026-7-30, 14:19:58.966000, 28284.50, 28287.75, 28249.25, 28249.25, 6750, 6220, 28267.69, 28262.08, 28268.50, 3657, 3093, 0.00, 0.00
2026-7-30, 14:29:14.089001, 28249.25, 28257.25, 28219.75, 28223.75, 6750, 6266, 28237.50, 28233.58, 28238.50, 3642, 3108, 0.00, 0.00
2026-7-30, 14:36:49.094000, 28224.25, 28247.50, 28220.00, 28244.25, 6750, 6346, 28234.00, 28237.25, 28233.75, 3613, 3137, 0.00, 0.00
2026-7-30, 14:45:40.347003, 28244.25, 28244.75, 28207.00, 28222.25, 6750, 6192, 28229.56, 28224.67, 28225.88, 3716, 3034, 0.00, 0.00
2026-7-30, 14:51:35.143001, 28222.25, 28241.00, 28202.50, 28205.50, 6750, 6399, 28217.81, 28216.33, 28221.75, 3527, 3223, 0.00, 0.00
2026-7-30, 14:55:14.600000, 28205.25, 28245.25, 28205.25, 28242.75, 6750, 6176, 28224.63, 28231.08, 28225.25, 3165, 3585, 0.00, 0.00
2026-7-30, 14:58:33.765002, 28242.75, 28262.50, 28237.75, 28254.25, 6750, 5830, 28249.31, 28251.50, 28250.13, 3232, 3518, 0.00, 0.00
2026-7-30, 14:59:33.667001, 28254.25, 28255.50, 28212.75, 28213.50, 6750, 5676, 28234.00, 28227.25, 28234.13, 3562, 3188, 0.00, 0.00
2026-7-30, 14:59:58.136000, 28214.25, 28330.00, 28205.50, 28321.25, 6750, 5518, 28267.75, 28285.58, 28267.75, 3081, 3669, 28200.50, 0.00
2026-7-30, 15:01:05.480001, 28316.75, 28367.00, 28293.00, 28315.00, 6750, 5773, 28322.94, 28325.00, 28330.00, 3173, 3577, 0.00, 0.00
2026-7-30, 15:06:02.360000, 28315.00, 28351.00, 28284.00, 28327.75, 6750, 5652, 28319.44, 28320.92, 28317.50, 2981, 3769, 0.00, 0.00
2026-7-30, 15:18:14.618011, 28327.75, 28414.50, 28311.00, 28330.75, 6750, 5393, 28346.00, 28352.08, 28362.75, 3237, 3513, 0.00, 0.00
2026-7-30, 15:32:09.612000, 28331.00, 28369.25, 28300.00, 28327.50, 6750, 5665, 28331.94, 28332.25, 28334.63, 3610, 3140, 0.00, 28374.25
2026-7-30, 17:00:07.318002, 28327.50, 28413.75, 28308.50, 28385.00, 6750, 6218, 28358.69, 28369.08, 28361.13, 3402, 3348, 0.00, 0.00
2026-7-30, 17:38:01.638000, 28385.00, 28426.50, 28362.25, 28419.75, 6750, 6160, 28398.38, 28402.83, 28394.38, 3371, 3379, 28357.25, 0.00
2026-7-30, 18:46:51.703000, 28417.75, 28478.25, 28391.50, 28453.50, 6750, 6057, 28435.25, 28441.08, 28434.88, 3307, 3443, 0.00, 28483.25
2026-7-30, 19:17:09.725001, 28453.50, 28538.00, 28447.25, 28538.00, 6750, 6163, 28494.19, 28507.75, 28492.63, 3096, 3654, 0.00, 0.00
2026-7-30, 20:01:05.709001, 28538.00, 28572.00, 28490.75, 28504.25, 6750, 6215, 28526.25, 28522.33, 28531.38, 3498, 3252, 0.00, 0.00
2026-7-30, 20:42:27.426000, 28504.25, 28508.75, 28401.00, 28425.50, 6750, 6011, 28459.88, 28445.08, 28454.88, 3790, 2960, 0.00, 0.00
2026-7-30, 21:21:40.327000, 28426.25, 28472.00, 28389.50, 28472.00, 6750, 6264, 28439.94, 28444.50, 28430.75, 3051, 3699, 0.00, 0.00
2026-7-30, 22:22:19.334000, 28469.25, 28537.00, 28423.00, 28532.25, 6750, 6302, 28490.38, 28497.42, 28480.00, 3216, 3534, 0.00, 0.00
2026-7-30, 23:39:13.216000, 28532.00, 28585.75, 28532.00, 28575.00, 6750, 6219, 28556.19, 28564.25, 28558.88, 3182, 3568, 28527.00, 0.00
2026-7-31, 00:51:47.543000, 28575.25, 28611.75, 28485.50, 28498.50, 6750, 5971, 28542.75, 28531.92, 28548.63, 3396, 3354, 28480.50, 0.00
2026-7-31, 01:36:59.718001, 28498.75, 28514.00, 28450.00, 28481.00, 6750, 5817, 28485.94, 28481.67, 28482.00, 3358, 3392, 28445.00, 0.00
2026-7-31, 02:05:07.076000, 28480.50, 28584.25, 28480.50, 28558.50, 6750, 6176, 28525.94, 28541.08, 28532.38, 3320, 3430, 0.00, 28589.25
2026-7-31, 02:52:21.139001, 28559.00, 28611.00, 28524.75, 28584.75, 6750, 6207, 28569.88, 28573.50, 28567.88, 3333, 3417, 0.00, 0.00
2026-7-31, 03:39:45.804000, 28583.25, 28640.75, 28561.50, 28579.75, 6750, 6003, 28591.31, 28594.00, 28601.13, 3283, 3467, 28556.50, 0.00
2026-7-31, 04:33:47.591001, 28579.75, 28579.75, 28519.50, 28575.25, 6750, 5797, 28563.56, 28558.17, 28549.63, 3254, 3496, 28514.50, 0.00
2026-7-31, 05:30:10.501000, 28574.25, 28626.00, 28550.25, 28550.25, 6750, 6300, 28575.19, 28575.50, 28588.13, 3387, 3363, 28545.25, 0.00
2026-7-31, 06:29:32.738007, 28550.25, 28560.75, 28480.25, 28486.50, 6750, 6253, 28519.44, 28509.17, 28520.50, 3482, 3268, 0.00, 28565.75
2026-7-31, 07:14:08.693001, 28486.50, 28506.00, 28448.00, 28469.75, 6750, 5874, 28477.56, 28474.58, 28477.00, 3393, 3357, 0.00, 0.00
2026-7-31, 07:36:11.666000, 28470.50, 28490.50, 28432.25, 28473.25, 6750, 6184, 28466.63, 28465.33, 28461.38, 3432, 3318, 0.00, 0.00
2026-7-31, 08:02:20.797000, 28473.75, 28546.00, 28469.75, 28545.00, 6750, 6201, 28508.63, 28520.25, 28507.88, 3386, 3364, 0.00, 28551.00
2026-7-31, 08:22:49.534008, 28545.00, 28584.00, 28536.50, 28576.00, 4443, 4063, 28560.38, 28565.50, 28560.25, 2156, 2287, 0.00, 0.00
2026-7-31, 08:30:00.000000, 28576.75, 28613.00, 28542.50, 28609.50, 6750, 6312, 28585.44, 28588.33, 28577.75, 3372, 3378, 0.00, 0.00
2026-7-31, 08:31:18.209002, 28609.50, 28670.50, 28597.50, 28670.50, 6750, 6219, 28637.00, 28646.17, 28634.00, 3130, 3620, 0.00, 0.00
2026-7-31, 08:33:03.317000, 28671.00, 28714.25, 28670.00, 28711.50, 6750, 6211, 28691.69, 28698.58, 28692.13, 3299, 3451, 0.00, 0.00
2026-7-31, 08:35:11.340001, 28711.50, 28725.75, 28653.25, 28656.75, 6750, 6455, 28686.81, 28678.58, 28689.50, 3458, 3292, 0.00, 0.00
2026-7-31, 08:37:37.469000, 28657.25, 28666.50, 28572.50, 28576.25, 6750, 6298, 28618.13, 28605.08, 28619.50, 3549, 3201, 0.00, 0.00
2026-7-31, 08:39:14.503000, 28577.00, 28595.00, 28516.50, 28558.50, 6750, 6226, 28561.75, 28556.67, 28555.75, 3421, 3329, 0.00, 0.00
2026-7-31, 08:41:11.973000, 28556.75, 28578.25, 28447.00, 28447.00, 6750, 6400, 28507.25, 28490.75, 28512.63, 3484, 3266, 0.00, 0.00
2026-7-31, 08:43:28.546006, 28446.75, 28483.00, 28415.00, 28457.25, 6750, 6423, 28450.50, 28451.75, 28449.00, 3438, 3312, 0.00, 0.00
2026-7-31, 08:45:27.523001, 28457.25, 28459.75, 28383.50, 28396.00, 6750, 6463, 28424.13, 28413.08, 28421.63, 3506, 3244, 0.00, 0.00
2026-7-31, 08:47:32.041003, 28395.00, 28404.75, 28325.50, 28332.25, 6750, 6246, 28364.38, 28354.17, 28365.13, 3786, 2964, 0.00, 0.00
2026-7-31, 08:49:12.109001, 28332.25, 28387.25, 28318.00, 28365.75, 6750, 6286, 28350.81, 28357.00, 28352.63, 3324, 3426, 0.00, 0.00
2026-7-31, 08:51:06.561001, 28366.00, 28407.50, 28311.50, 28311.50, 6750, 6350, 28349.13, 28343.50, 28359.50, 3416, 3334, 0.00, 0.00
2026-7-31, 08:53:20.240002, 28311.25, 28364.00, 28295.50, 28332.75, 6750, 6148, 28325.88, 28330.75, 28329.75, 3321, 3429, 0.00, 0.00
2026-7-31, 08:55:30.095000, 28332.25, 28414.50, 28311.25, 28400.75, 6750, 6430, 28364.69, 28375.50, 28362.88, 3153, 3597, 0.00, 0.00
2026-7-31, 08:57:27.883000, 28400.00, 28407.25, 28321.25, 28339.75, 6750, 6144, 28367.06, 28356.08, 28364.25, 3613, 3137, 0.00, 0.00
2026-7-31, 09:01:05.427000, 28337.50, 28345.00, 28264.25, 28284.25, 6750, 6347, 28307.75, 28297.83, 28304.63, 3682, 3068, 0.00, 0.00
2026-7-31, 09:03:39.715006, 28284.25, 28292.00, 28222.00, 28252.25, 6750, 6423, 28262.63, 28255.42, 28257.00, 3584, 3166, 0.00, 0.00
2026-7-31, 09:05:58.690002, 28252.50, 28272.00, 28159.50, 28182.25, 6750, 6427, 28216.56, 28204.58, 28215.75, 3634, 3116, 0.00, 0.00
2026-7-31, 09:08:05.829000, 28182.50, 28193.25, 28122.75, 28170.75, 6750, 6227, 28167.31, 28162.25, 28158.00, 3417, 3333, 0.00, 0.00
2026-7-31, 09:10:05.452000, 28171.50, 28179.50, 28102.00, 28176.50, 6750, 6374, 28157.38, 28152.67, 28140.75, 3441, 3309, 0.00, 0.00
2026-7-31, 09:12:08.019003, 28176.50, 28192.00, 28100.50, 28133.25, 6750, 6347, 28150.56, 28141.92, 28146.25, 3354, 3396, 0.00, 0.00
2026-7-31, 09:14:23.448000, 28133.25, 28163.75, 28079.75, 28083.25, 6750, 6051, 28115.00, 28108.92, 28121.75, 3710, 3040, 0.00, 0.00
2026-7-31, 09:16:25.950000, 28084.75, 28214.50, 28080.50, 28212.25, 6750, 6290, 28148.00, 28169.08, 28147.50, 3085, 3665, 0.00, 0.00
2026-7-31, 09:19:07.429000, 28213.00, 28236.25, 28157.00, 28217.75, 6750, 6211, 28206.00, 28203.67, 28196.63, 3446, 3304, 0.00, 0.00
2026-7-31, 09:21:10.294001, 28218.00, 28248.00, 28176.00, 28229.50, 6750, 6375, 28217.88, 28217.83, 28212.00, 3306, 3444, 0.00, 0.00
2026-7-31, 09:24:01.001000, 28228.50, 28231.00, 28162.50, 28181.25, 6750, 6436, 28200.81, 28191.58, 28196.75, 3600, 3150, 0.00, 0.00
2026-7-31, 09:27:21.531000, 28181.50, 28261.25, 28177.50, 28256.25, 6750, 5953, 28219.13, 28231.67, 28219.38, 2938, 3812, 0.00, 0.00
2026-7-31, 09:30:45.889001, 28256.25, 28281.75, 28211.75, 28217.00, 6750, 6453, 28241.69, 28236.83, 28246.75, 3480, 3270, 0.00, 0.00
2026-7-31, 09:34:09.577002, 28217.00, 28292.75, 28212.75, 28278.00, 6750, 6518, 28250.13, 28261.17, 28252.75, 3307, 3443, 0.00, 0.00
2026-7-31, 09:39:06.884000, 28280.25, 28296.00, 28211.75, 28260.25, 6750, 6319, 28262.06, 28256.00, 28253.88, 3426, 3324, 0.00, 0.00
2026-7-31, 09:43:57.526005, 28260.25, 28305.75, 28237.00, 28270.00, 6750, 5989, 28268.25, 28270.92, 28271.38, 3502, 3248, 0.00, 0.00
2026-7-31, 09:47:16.009003, 28270.00, 28342.75, 28251.00, 28327.25, 6750, 6370, 28297.75, 28307.00, 28296.88, 3228, 3522, 0.00, 0.00
2026-7-31, 09:51:22.386000, 28328.00, 28345.50, 28255.25, 28294.00, 6750, 6470, 28305.69, 28298.25, 28300.38, 3508, 3242, 0.00, 0.00
2026-7-31, 09:56:24.498000, 28294.75, 28333.75, 28285.25, 28297.25, 6750, 6021, 28302.75, 28305.42, 28309.50, 3784, 2966, 0.00, 0.00
2026-7-31, 10:00:48.369001, 28297.25, 28342.25, 28273.75, 28317.75, 6750, 6381, 28307.75, 28311.25, 28308.00, 3311, 3439, 0.00, 0.00
2026-7-31, 10:06:14.147000, 28317.75, 28324.75, 28233.00, 28233.00, 6750, 6451, 28277.13, 28263.58, 28278.88, 3539, 3211, 0.00, 0.00
2026-7-31, 10:11:38.526000, 28234.00, 28339.25, 28214.75, 28320.25, 6750, 6524, 28277.06, 28291.42, 28277.00, 3177, 3573, 0.00, 0.00
2026-7-31, 10:15:37.285004, 28320.00, 28338.50, 28223.00, 28226.50, 6750, 6370, 28277.00, 28262.67, 28280.75, 3460, 3290, 0.00, 0.00
2026-7-31, 10:21:44.488001, 28226.50, 28236.50, 28158.25, 28158.25, 6750, 6164, 28194.88, 28184.33, 28197.38, 3648, 3102, 0.00, 0.00
2026-7-31, 10:26:19.755000, 28159.50, 28167.50, 28122.25, 28160.00, 6750, 6453, 28152.31, 28149.92, 28144.88, 3363, 3387, 0.00, 0.00
2026-7-31, 10:30:16.045000, 28160.00, 28179.25, 28115.50, 28151.75, 6750, 6458, 28151.63, 28148.83, 28147.38, 3343, 3407, 0.00, 0.00
2026-7-31, 10:34:36.855000, 28152.25, 28261.00, 28152.25, 28258.00, 6750, 6331, 28205.88, 28223.75, 28206.63, 3138, 3612, 0.00, 0.00
2026-7-31, 10:38:50.702004, 28258.00, 28260.50, 28164.00, 28191.00, 6750, 6434, 28218.38, 28205.17, 28212.25, 3526, 3224, 0.00, 0.00
2026-7-31, 10:43:51.839000, 28190.25, 28225.75, 28164.00, 28201.75, 6750, 6564, 28195.44, 28197.17, 28194.88, 3439, 3311, 0.00, 0.00
2026-7-31, 10:50:14.862000, 28203.25, 28291.00, 28195.75, 28277.25, 6750, 6339, 28241.81, 28254.67, 28243.38, 3067, 3683, 0.00, 0.00
2026-7-31, 10:55:39.215000, 28275.75, 28299.00, 28251.25, 28288.25, 6750, 6096, 28278.56, 28279.50, 28275.13, 3376, 3374, 0.00, 0.00
2026-7-31, 11:01:22.437002, 28288.25, 28308.50, 28243.75, 28263.00, 6750, 6082, 28275.88, 28271.75, 28276.13, 3543, 3207, 0.00, 0.00
2026-7-31, 11:08:02.535000, 28263.00, 28310.25, 28254.75, 28263.25, 6750, 6384, 28272.81, 28276.08, 28282.50, 3235, 3515, 0.00, 0.00
2026-7-31, 11:16:05.226000, 28263.75, 28342.50, 28256.00, 28336.25, 6750, 6376, 28299.63, 28311.58, 28299.25, 3132, 3618, 0.00, 0.00
2026-7-31, 11:24:47.177002, 28336.25, 28381.50, 28305.25, 28365.00, 6750, 6211, 28347.00, 28350.58, 28343.38, 3200, 3550, 0.00, 0.00
2026-7-31, 11:31:38.480002, 28365.25, 28388.75, 28355.50, 28357.25, 6750, 6338, 28366.69, 28367.17, 28372.13, 3398, 3352, 0.00, 0.00
2026-7-31, 11:40:50.347010, 28356.75, 28364.25, 28308.50, 28338.00, 6750, 6406, 28341.88, 28336.92, 28336.38, 3503, 3247, 0.00, 0.00
2026-7-31, 11:49:06.775000, 28337.75, 28390.00, 28330.00, 28380.50, 6750, 6304, 28359.56, 28366.83, 28360.00, 3117, 3633, 0.00, 0.00
2026-7-31, 11:58:37.492002, 28380.50, 28409.50, 28360.00, 28372.25, 6750, 6330, 28380.56, 28380.58, 28384.75, 3372, 3378, 0.00, 0.00
2026-7-31, 12:08:17.739000, 28372.50, 28423.00, 28366.75, 28421.25, 6750, 6261, 28395.88, 28403.67, 28394.88, 3075, 3675, 0.00, 0.00
2026-7-31, 12:20:58.072000, 28421.25, 28477.50, 28397.00, 28464.75, 6750, 6234, 28440.13, 28446.42, 28437.25, 3240, 3510, 0.00, 0.00
2026-7-31, 12:28:23.935000, 28464.25, 28493.75, 28449.00, 28491.50, 6750, 5937, 28474.63, 28478.08, 28471.38, 3079, 3671, 0.00, 0.00
2026-7-31, 12:36:35.951000, 28492.00, 28503.00, 28443.25, 28460.25, 6750, 6256, 28474.63, 28468.83, 28473.13, 3527, 3223, 0.00, 0.00
2026-7-31, 12:44:31.515000, 28459.00, 28475.75, 28415.75, 28462.75, 6750, 6247, 28453.31, 28451.42, 28445.75, 3349, 3401, 0.00, 0.00
2026-7-31, 12:52:31.046003, 28462.75, 28466.25, 28418.25, 28431.00, 6750, 6351, 28444.56, 28438.50, 28442.25, 3483, 3267, 0.00, 0.00
2026-7-31, 13:04:06.828003, 28431.00, 28452.25, 28395.25, 28405.50, 6750, 6324, 28421.00, 28417.67, 28423.75, 3554, 3196, 0.00, 0.00
2026-7-31, 13:14:19.220009, 28405.50, 28446.00, 28396.25, 28418.75, 6750, 6459, 28416.63, 28420.33, 28421.13, 3436, 3314, 0.00, 0.00
2026-7-31, 13:25:49.900000, 28418.75, 28448.00, 28413.00, 28429.00, 6750, 6477, 28427.19, 28430.00, 28430.50, 3284, 3466, 0.00, 0.00
2026-7-31, 13:42:16.757000, 28429.00, 28462.00, 28416.50, 28421.50, 6750, 6311, 28432.25, 28433.33, 28439.25, 3527, 3223, 0.00, 0.00
2026-7-31, 13:57:42.025001, 28421.50, 28458.75, 28405.50, 28427.75, 6750, 6331, 28428.38, 28430.67, 28432.13, 3446, 3304, 0.00, 0.00
2026-7-31, 14:09:59.382000, 28428.25, 28492.00, 28419.00, 28486.25, 6750, 6123, 28456.38, 28465.75, 28455.50, 3160, 3590, 0.00, 0.00
2026-7-31, 14:20:13.885003, 28486.25, 28498.00, 28453.75, 28460.75, 6750, 6330, 28474.69, 28470.83, 28475.88, 3610, 3140, 0.00, 0.00
2026-7-31, 14:30:11.871000, 28460.75, 28473.50, 28441.75, 28458.00, 6750, 6128, 28458.50, 28457.75, 28457.63, 3647, 3103, 0.00, 0.00
2026-7-31, 14:40:10.818001, 28458.00, 28505.75, 28434.50, 28498.50, 6750, 6411, 28474.19, 28479.58, 28470.13, 3243, 3507, 0.00, 0.00
2026-7-31, 14:47:14.163001, 28498.50, 28518.50, 28473.75, 28499.00, 6750, 6435, 28497.44, 28497.08, 28496.13, 3546, 3204, 0.00, 0.00
2026-7-31, 14:52:40.143001, 28499.00, 28524.00, 28461.75, 28471.00, 6750, 6228, 28488.94, 28485.58, 28492.88, 3530, 3220, 0.00, 0.00
2026-7-31, 14:55:58.252000, 28471.50, 28481.50, 28435.00, 28443.25, 6750, 6259, 28457.81, 28453.25, 28458.25, 3323, 3427, 0.00, 0.00
2026-7-31, 14:59:25.051001, 28443.25, 28445.00, 28393.50, 28397.25, 6750, 5858, 28419.75, 28411.92, 28419.25, 3764, 2986, 0.00, 0.00
2026-7-31, 14:59:56.191003, 28397.25, 28434.25, 28380.00, 28408.50, 6750, 6143, 28405.00, 28407.58, 28407.13, 3580, 3170, 0.00, 0.00
2026-7-31, 15:00:28.995000, 28408.50, 28421.50, 28340.50, 28365.00, 6750, 6030, 28383.88, 28375.67, 28381.00, 3362, 3388, 0.00, 0.00
2026-7-31, 15:04:36.637000, 28364.25, 28404.00, 28347.50, 28381.00, 6750, 5977, 28374.19, 28377.50, 28375.75, 3524, 3226, 0.00, 0.00
2026-7-31, 15:19:20.075000, 28381.00, 28395.50, 28317.00, 28333.50, 6750, 5913, 28356.75, 28348.67, 28356.25, 3719, 3031, 0.00, 0.00
2026-7-31, 15:54:12.480000, 28331.75, 28344.25, 28258.25, 28287.00, 2564, 2005, 28305.31, 28296.50, 28301.25, 1316, 1248, 0.00, 0.00
2026-8-2, 17:00:00.000000, 28565.00, 28641.25, 28549.25, 28629.50, 6750, 5700, 28596.25, 28606.67, 28595.25, 3477, 3273, 0.00, 0.00
2026-8-2, 17:21:50.384000, 28627.75, 28632.50, 28545.00, 28593.25, 6750, 6205, 28599.63, 28590.25, 28588.75, 3478, 3272, 0.00, 0.00
2026-8-2, 18:23:10.161015, 28593.75, 28637.50, 28567.25, 28582.50, 6750, 6442, 28595.25, 28595.75, 28602.38, 3223, 3527, 0.00, 0.00
2026-8-2, 19:03:07.531000, 28583.50, 28630.50, 28537.50, 28574.75, 6750, 6360, 28581.56, 28580.92, 28584.00, 3452, 3298, 0.00, 0.00
2026-8-2, 19:33:38.166000, 28575.00, 28635.00, 28565.25, 28619.25, 6750, 5945, 28598.63, 28606.50, 28600.13, 3096, 3654, 0.00, 0.00
2026-8-2, 20:09:40.913007, 28619.00, 28650.00, 28564.25, 28636.25, 6750, 6169, 28617.38, 28616.83, 28607.13, 3298, 3452, 0.00, 0.00
2026-8-2, 21:00:58.712004, 28636.00, 28681.50, 28633.75, 28663.00, 6750, 6149, 28653.56, 28659.42, 28657.63, 3304, 3446, 0.00, 0.00
2026-8-2, 22:13:16.802002, 28663.00, 28698.25, 28636.00, 28639.75, 6750, 6275, 28659.25, 28658.00, 28667.13, 3383, 3367, 0.00, 0.00
2026-8-3, 00:06:50.602000, 28640.00, 28661.00, 28617.00, 28636.00, 6750, 6322, 28638.50, 28638.00, 28639.00, 3388, 3362, 0.00, 28666.00
2026-8-3, 01:35:12.063000, 28638.00, 28641.75, 28563.75, 28591.50, 6750, 6023, 28608.75, 28599.00, 28602.75, 3454, 3296, 0.00, 0.00
2026-8-3, 02:21:32.311000, 28591.00, 28615.50, 28513.50, 28516.00, 6750, 6110, 28559.00, 28548.33, 28564.50, 3604, 3146, 0.00, 0.00
2026-8-3, 03:19:25.809000, 28515.25, 28601.00, 28471.75, 28575.50, 6750, 5830, 28540.88, 28549.42, 28536.38, 3171, 3579, 0.00, 0.00
2026-8-3, 04:02:26.142007, 28575.50, 28595.25, 28521.00, 28529.00, 6750, 6133, 28555.19, 28548.42, 28558.13, 3584, 3166, 28516.00, 0.00
2026-8-3, 05:17:51.722000, 28527.75, 28547.00, 28465.25, 28487.75, 6750, 6216, 28506.94, 28500.00, 28506.13, 3590, 3160, 0.00, 28552.00
2026-8-3, 06:16:03.470000, 28486.75, 28513.00, 28403.50, 28404.25, 6750, 6001, 28451.88, 28440.25, 28458.25, 3529, 3221, 0.00, 0.00
2026-8-3, 06:56:04.931001, 28404.25, 28458.75, 28383.50, 28454.25, 6750, 6264, 28425.19, 28432.17, 28421.13, 3349, 3401, 0.00, 0.00
2026-8-3, 07:22:26.310000, 28454.00, 28491.50, 28421.75, 28463.25, 6750, 6131, 28457.63, 28458.83, 28456.63, 3299, 3451, 0.00, 0.00
2026-8-3, 07:53:10.201000, 28462.75, 28494.25, 28440.00, 28472.50, 6750, 6275, 28467.38, 28468.92, 28467.13, 3464, 3286, 0.00, 0.00
2026-8-3, 08:22:41.517025, 28472.50, 28479.75, 28396.50, 28417.75, 5089, 4678, 28441.63, 28431.33, 28438.13, 2650, 2439, 0.00, 0.00
2026-8-3, 08:30:00.001000, 28419.00, 28435.25, 28356.00, 28361.75, 6750, 6340, 28393.00, 28384.33, 28395.63, 3550, 3200, 0.00, 0.00
2026-8-3, 08:30:59.052000, 28361.50, 28382.25, 28313.50, 28357.50, 6750, 6245, 28353.69, 28351.08, 28347.88, 3397, 3353, 0.00, 0.00
2026-8-3, 08:32:43.193000, 28357.25, 28406.00, 28324.75, 28389.50, 6750, 6302, 28369.38, 28373.42, 28365.38, 3134, 3616, 0.00, 0.00
2026-8-3, 08:35:06.854001, 28389.25, 28504.00, 28386.50, 28504.00, 6750, 6350, 28445.94, 28464.83, 28445.25, 3076, 3674, 0.00, 0.00
2026-8-3, 08:37:00.050004, 28504.25, 28540.00, 28464.00, 28508.25, 6750, 6395, 28504.13, 28504.08, 28502.00, 3311, 3439, 0.00, 0.00
2026-8-3, 08:39:02.563002, 28508.25, 28522.50, 28440.25, 28459.50, 6750, 6467, 28482.63, 28474.08, 28481.38, 3441, 3309, 0.00, 0.00
2026-8-3, 08:41:42.171000, 28458.75, 28500.00, 28416.75, 28493.00, 6750, 6290, 28467.13, 28469.92, 28458.38, 3316, 3434, 0.00, 0.00
2026-8-3, 08:44:56.387000, 28495.00, 28525.50, 28443.25, 28511.00, 6750, 6339, 28493.69, 28493.25, 28484.38, 3305, 3445, 0.00, 0.00
2026-8-3, 08:48:03.514005, 28511.00, 28539.00, 28456.50, 28483.25, 6750, 6062, 28497.44, 28492.92, 28497.75, 3406, 3344, 0.00, 0.00
2026-8-3, 08:50:54.557002, 28483.25, 28542.00, 28466.75, 28541.25, 6750, 6410, 28508.31, 28516.67, 28504.38, 3297, 3453, 0.00, 0.00
2026-8-3, 08:55:27.125002, 28541.25, 28596.75, 28539.50, 28596.00, 6750, 6276, 28568.38, 28577.42, 28568.13, 3061, 3689, 0.00, 0.00
2026-8-3, 08:58:34.475001, 28596.00, 28628.00, 28573.75, 28575.75, 6750, 6178, 28593.38, 28592.50, 28600.88, 3468, 3282, 0.00, 0.00
2026-8-3, 09:01:40.695000, 28576.25, 28611.00, 28534.50, 28558.25, 6750, 6509, 28570.00, 28567.92, 28572.75, 3650, 3100, 0.00, 0.00
2026-8-3, 09:04:49.106004, 28558.00, 28597.50, 28529.50, 28581.25, 6750, 6541, 28566.56, 28569.42, 28563.50, 3330, 3420, 0.00, 0.00
2026-8-3, 09:09:11.145000, 28581.00, 28616.25, 28562.00, 28598.75, 6750, 6524, 28589.50, 28592.33, 28589.13, 3392, 3358, 0.00, 0.00
2026-8-3, 09:13:09.462002, 28598.75, 28622.00, 28557.50, 28613.25, 6750, 6516, 28597.88, 28597.58, 28589.75, 3352, 3398, 0.00, 0.00
2026-8-3, 09:17:48.104000, 28613.50, 28657.50, 28605.75, 28653.50, 6750, 6365, 28632.56, 28638.92, 28631.63, 3106, 3644, 0.00, 0.00
2026-8-3, 09:22:25.659000, 28654.75, 28680.50, 28641.75, 28653.25, 6750, 6348, 28657.56, 28658.50, 28661.13, 3332, 3418, 0.00, 0.00
2026-8-3, 09:27:20.582000, 28652.00, 28684.25, 28638.75, 28673.00, 6750, 6285, 28662.00, 28665.33, 28661.50, 3415, 3335, 0.00, 0.00
2026-8-3, 09:31:35.661000, 28673.25, 28711.00, 28670.25, 28707.50, 6750, 6121, 28690.50, 28696.25, 28690.63, 3088, 3662, 0.00, 0.00
2026-8-3, 09:37:01.128007, 28707.50, 28735.00, 28704.00, 28707.25, 6750, 6392, 28713.44, 28715.42, 28719.50, 3350, 3400, 0.00, 0.00
2026-8-3, 09:42:27.030000, 28707.50, 28742.00, 28699.75, 28740.50, 6750, 6393, 28722.44, 28727.42, 28720.88, 3307, 3443, 0.00, 0.00
2026-8-3, 09:48:32.113001, 28740.50, 28783.50, 28726.00, 28779.25, 6750, 6194, 28757.31, 28762.92, 28754.75, 3029, 3721, 0.00, 0.00
2026-8-3, 09:52:55.741001, 28779.25, 28801.75, 28777.25, 28789.00, 6750, 6205, 28786.81, 28789.33, 28789.50, 3174, 3576, 0.00, 0.00
2026-8-3, 09:56:15.179000, 28789.25, 28803.75, 28781.25, 28789.00, 6750, 6366, 28790.81, 28791.33, 28792.50, 3413, 3337, 0.00, 0.00
2026-8-3, 10:02:37.785000, 28788.75, 28796.00, 28760.25, 28760.25, 6750, 6244, 28776.31, 28772.17, 28778.13, 3580, 3170, 0.00, 0.00
2026-8-3, 10:09:48.706024, 28760.25, 28787.25, 28747.50, 28784.00, 6750, 6350, 28769.75, 28772.92, 28767.38, 3409, 3341, 0.00, 0.00
2026-8-3, 10:16:50.673003, 28784.00, 28798.75, 28765.25, 28785.25, 6750, 6411, 28783.31, 28783.08, 28782.00, 3369, 3381, 0.00, 0.00
2026-8-3, 10:25:55.460016, 28785.25, 28785.25, 28722.00, 28741.00, 6750, 6356, 28758.38, 28749.42, 28753.63, 3802, 2948, 0.00, 0.00
2026-8-3, 10:30:16.153017, 28741.00, 28780.00, 28740.50, 28763.75, 6750, 6349, 28756.31, 28761.42, 28760.25, 3313, 3437, 0.00, 0.00
2026-8-3, 10:37:15.233000, 28762.75, 28793.50, 28746.25, 28786.50, 6750, 6312, 28772.25, 28775.42, 28769.88, 3166, 3584, 0.00, 0.00
2026-8-3, 10:46:50.888000, 28786.50, 28814.50, 28775.00, 28799.75, 6750, 6354, 28793.94, 28796.42, 28794.75, 3287, 3463, 0.00, 0.00
2026-8-3, 10:56:16.801000, 28799.50, 28815.75, 28779.50, 28811.00, 6750, 6368, 28801.44, 28802.08, 28797.63, 3386, 3364, 0.00, 0.00
2026-8-3, 11:05:22.078000, 28811.00, 28826.50, 28799.50, 28825.75, 6750, 6292, 28815.69, 28817.25, 28813.00, 3377, 3373, 0.00, 0.00
2026-8-3, 11:16:16.698002, 28825.75, 28847.25, 28824.00, 28836.25, 6750, 6043, 28833.31, 28835.83, 28835.63, 3394, 3356, 0.00, 0.00
2026-8-3, 11:26:03.728000, 28836.25, 28844.75, 28821.75, 28823.25, 6750, 6305, 28831.50, 28829.92, 28833.25, 3387, 3363, 0.00, 0.00
2026-8-3, 11:38:03.537004, 28823.50, 28843.75, 28811.75, 28836.00, 6750, 6099, 28828.75, 28830.50, 28827.75, 3219, 3531, 0.00, 0.00
2026-8-3, 11:51:09.430003, 28836.00, 28836.50, 28813.00, 28828.25, 6750, 6413, 28828.44, 28825.92, 28824.75, 3499, 3251, 0.00, 0.00
2026-8-3, 12:06:32.409005, 28828.25, 28868.00, 28823.75, 28867.00, 6750, 6335, 28846.75, 28852.92, 28845.88, 3261, 3489, 0.00, 0.00
2026-8-3, 12:18:42.320000, 28867.00, 28890.50, 28860.25, 28882.00, 6750, 5983, 28874.94, 28877.58, 28875.38, 3366, 3384, 0.00, 0.00
2026-8-3, 12:29:38.928004, 28882.00, 28894.00, 28874.50, 28884.50, 6750, 6198, 28883.75, 28884.33, 28884.25, 3436, 3314, 0.00, 0.00
2026-8-3, 12:42:58.347000, 28884.25, 28910.00, 28880.25, 28910.00, 6750, 6150, 28896.13, 28900.08, 28895.13, 3124, 3626, 0.00, 0.00
2026-8-3, 12:55:38.370004, 28910.00, 28934.75, 28909.50, 28932.00, 6750, 6226, 28921.56, 28925.42, 28922.13, 3062, 3688, 0.00, 0.00
2026-8-3, 13:02:59.024001, 28932.25, 28958.00, 28930.00, 28957.25, 6750, 6108, 28944.38, 28948.42, 28944.00, 3177, 3573, 0.00, 0.00
2026-8-3, 13:10:33.949000, 28957.25, 28964.25, 28931.50, 28931.50, 6750, 6237, 28946.13, 28942.42, 28947.88, 3529, 3221, 0.00, 0.00
2026-8-3, 13:19:17.809000, 28931.75, 28934.75, 28894.25, 28894.25, 6750, 6253, 28913.75, 28907.75, 28914.50, 3681, 3069, 0.00, 0.00
2026-8-3, 13:28:38.935008, 28894.25, 28907.00, 28882.75, 28892.25, 6750, 6294, 28894.06, 28894.00, 28894.88, 3412, 3338, 0.00, 0.00
2026-8-3, 13:38:54.287001, 28892.25, 28924.00, 28886.00, 28919.25, 6750, 6419, 28905.38, 28909.75, 28905.00, 3222, 3528, 0.00, 0.00
2026-8-3, 13:50:08.306001, 28919.25, 28943.25, 28904.25, 28938.75, 6750, 6404, 28926.38, 28928.75, 28923.75, 3319, 3431, 0.00, 0.00
2026-8-3, 14:01:40.938002, 28938.75, 28943.75, 28902.25, 28902.25, 6750, 6421, 28921.75, 28916.08, 28923.00, 3569, 3181, 0.00, 0.00
2026-8-3, 14:13:41.117002, 28902.25, 28926.50, 28895.00, 28918.00, 6750, 6371, 28910.44, 28913.17, 28910.75, 3362, 3388, 0.00, 0.00
2026-8-3, 14:24:31.163002, 28917.75, 28926.00, 28904.00, 28913.00, 6750, 6242, 28915.19, 28914.33, 28915.00, 3579, 3171, 0.00, 0.00
2026-8-3, 14:36:06.857000, 28913.00, 28923.50, 28899.50, 28908.25, 6750, 6333, 28911.06, 28910.42, 28911.50, 3426, 3324, 28894.50, 0.00
2026-8-3, 14:46:21.650001, 28908.25, 28935.50, 28902.00, 28928.25, 6750, 6348, 28918.50, 28921.92, 28918.75, 3323, 3427, 0.00, 0.00
2026-8-3, 14:53:00.255001, 28928.50, 28931.25, 28865.25, 28867.50, 6750, 6404, 28898.13, 28888.00, 28898.25, 3894, 2856, 0.00, 0.00
2026-8-3, 14:56:27.456000, 28868.00, 28904.75, 28867.25, 28890.00, 6750, 6150, 28882.50, 28887.33, 28886.00, 3396, 3354, 0.00, 0.00
2026-8-3, 14:59:30.051001, 28890.00, 28902.00, 28881.25, 28901.25, 6750, 5763, 28893.63, 28894.83, 28891.63, 3144, 3606, 0.00, 0.00
2026-8-3, 14:59:59.561000, 28900.25, 28908.75, 28878.25, 28903.50, 6750, 6112, 28897.69, 28896.83, 28893.50, 3265, 3485, 0.00, 0.00
2026-8-3, 15:08:42.582001, 28903.50, 28945.00, 28903.25, 28921.25, 6750, 6237, 28918.25, 28923.17, 28924.13, 3245, 3505, 0.00, 0.00
2026-8-3, 15:51:20.128000, 28921.25, 28962.25, 28914.50, 28948.25, 6750, 6220, 28936.56, 28941.67, 28938.38, 3446, 3304, 0.00, 0.00
2026-8-3, 18:19:05.762000, 28947.50, 28976.25, 28908.50, 28910.75, 6750, 6133, 28935.75, 28931.83, 28942.38, 3545, 3205, 0.00, 0.00
2026-8-3, 19:16:48.353000, 28910.50, 28926.50, 28864.25, 28895.75, 6750, 6304, 28899.25, 28895.50, 28895.38, 3420, 3330, 0.00, 0.00
2026-8-3, 19:54:55.281006, 28895.50, 28899.75, 28831.75, 28896.75, 6750, 6316, 28880.94, 28876.08, 28865.75, 3312, 3438, 0.00, 0.00
2026-8-3, 20:29:00.402000, 28898.25, 29048.00, 28894.00, 29040.00, 6750, 6144, 28970.06, 28994.00, 28971.00, 2897, 3853, 0.00, 0.00
2026-8-3, 20:55:00.373000, 29040.00, 29045.00, 28942.50, 28969.75, 6750, 6266, 28999.31, 28985.75, 28993.75, 3657, 3093, 0.00, 0.00
2026-8-3, 21:30:53.754001, 28969.75, 28994.50, 28931.75, 28971.50, 6750, 6286, 28966.88, 28965.92, 28963.13, 3497, 3253, 0.00, 0.00
2026-8-3, 22:25:23.805001, 28971.50, 29023.25, 28957.75, 28997.00, 6750, 6253, 28987.38, 28992.67, 28990.50, 3419, 3331, 0.00, 0.00
2026-8-4, 00:06:56.159000, 28999.00, 29092.75, 28978.25, 29092.50, 6750, 6337, 29040.63, 29054.50, 29035.50, 3129, 3621, 0.00, 0.00
2026-8-4, 01:15:09.061000, 29092.50, 29100.25, 29036.50, 29047.25, 6750, 6113, 29069.13, 29061.33, 29068.38, 3447, 3303, 0.00, 0.00
2026-8-4, 02:12:44.056001, 29047.25, 29119.25, 29046.75, 29099.25, 6750, 6151, 29078.13, 29088.42, 29083.00, 3378, 3372, 0.00, 0.00
2026-8-4, 03:03:01.615001, 29099.25, 29131.50, 29039.00, 29071.50, 6750, 6125, 29085.31, 29080.67, 29085.25, 3402, 3348, 0.00, 0.00
2026-8-4, 03:55:54.563000, 29071.75, 29089.25, 29007.50, 29073.50, 6750, 6171, 29060.50, 29056.75, 29048.38, 3445, 3305, 29002.50, 0.00
2026-8-4, 04:58:47.782000, 29073.50, 29143.00, 29067.25, 29141.25, 6750, 6104, 29106.25, 29117.17, 29105.13, 3161, 3589, 29062.25, 0.00
2026-8-4, 05:47:33.723000, 29141.75, 29174.50, 29103.25, 29170.25, 6750, 6101, 29147.44, 29149.33, 29138.88, 3202, 3548, 29098.25, 0.00
2026-8-4, 06:32:55.085001, 29170.25, 29245.75, 29150.25, 29239.50, 6750, 5966, 29201.44, 29211.83, 29198.00, 3283, 3467, 0.00, 0.00
2026-8-4, 06:54:01.753000, 29239.25, 29243.25, 29202.50, 29217.25, 6750, 5939, 29225.56, 29221.00, 29222.88, 3612, 3138, 0.00, 0.00
2026-8-4, 07:30:35.856000, 29216.75, 29226.75, 29188.00, 29222.50, 6750, 6169, 29213.50, 29212.42, 29207.38, 3513, 3237, 0.00, 0.00
2026-8-4, 08:06:33.517000, 29222.00, 29282.25, 29218.00, 29240.50, 6750, 6324, 29240.69, 29246.92, 29250.13, 3128, 3622, 0.00, 0.00
2026-8-4, 08:24:56.074000, 29239.75, 29254.25, 29218.50, 29233.75, 3322, 3048, 29236.56, 29235.50, 29236.38, 1570, 1752, 0.00, 0.00
2026-8-4, 08:30:00.000000, 29234.75, 29309.00, 29208.25, 29305.00, 6750, 6210, 29264.25, 29274.08, 29258.63, 3117, 3633, 0.00, 0.00
2026-8-4, 08:31:02.874000, 29305.75, 29339.00, 29293.50, 29334.00, 6750, 6448, 29318.06, 29322.17, 29316.25, 3208, 3542, 0.00, 0.00
2026-8-4, 08:33:06.031004, 29334.00, 29396.50, 29330.75, 29394.75, 6750, 6233, 29364.00, 29374.00, 29363.63, 3008, 3742, 0.00, 0.00
2026-8-4, 08:35:10.275001, 29395.25, 29413.00, 29375.25, 29375.25, 6750, 6070, 29389.69, 29387.83, 29394.13, 3328, 3422, 0.00, 0.00
2026-8-4, 08:37:10.835009, 29375.25, 29409.75, 29353.50, 29372.25, 6750, 6335, 29377.69, 29378.50, 29381.63, 3494, 3256, 0.00, 0.00
2026-8-4, 08:39:28.617000, 29371.50, 29430.00, 29371.50, 29428.75, 6750, 6205, 29400.44, 29410.08, 29400.75, 3210, 3540, 0.00, 0.00
2026-8-4, 08:41:59.410004, 29428.75, 29452.75, 29405.00, 29405.00, 6750, 6086, 29422.88, 29420.92, 29428.88, 3328, 3422, 0.00, 0.00
2026-8-4, 08:44:41.436001, 29405.00, 29459.75, 29394.25, 29441.25, 6750, 6435, 29425.06, 29431.75, 29427.00, 3192, 3558, 0.00, 0.00
2026-8-4, 08:47:00.131003, 29441.25, 29487.00, 29427.25, 29482.75, 6750, 6408, 29459.56, 29465.67, 29457.13, 3082, 3668, 0.00, 0.00
2026-8-4, 08:50:05.352000, 29485.00, 29501.25, 29479.50, 29485.75, 6750, 6424, 29487.88, 29488.83, 29490.38, 3421, 3329, 0.00, 0.00
2026-8-4, 08:53:25.993002, 29485.75, 29503.75, 29425.00, 29428.75, 6750, 6232, 29460.81, 29452.50, 29464.38, 3589, 3161, 0.00, 0.00
2026-8-4, 08:56:41.073001, 29428.75, 29470.50, 29426.75, 29448.75, 6750, 6152, 29443.69, 29448.67, 29448.63, 3325, 3425, 0.00, 0.00
2026-8-4, 09:00:45.027002, 29449.00, 29497.75, 29435.75, 29482.75, 6750, 6153, 29466.31, 29472.08, 29466.75, 3389, 3361, 0.00, 0.00
2026-8-4, 09:03:34.860000, 29483.25, 29523.25, 29482.25, 29520.00, 6750, 6281, 29502.19, 29508.50, 29502.75, 3230, 3520, 0.00, 0.00
2026-8-4, 09:07:15.818001, 29520.25, 29533.00, 29503.25, 29522.75, 6750, 6303, 29519.81, 29519.67, 29518.13, 3406, 3344, 0.00, 0.00
2026-8-4, 09:11:25.318004, 29522.50, 29548.25, 29515.00, 29541.25, 6750, 6243, 29531.75, 29534.83, 29531.63, 3221, 3529, 0.00, 0.00
2026-8-4, 09:16:05.133000, 29541.75, 29543.50, 29501.75, 29521.50, 6750, 6421, 29527.13, 29522.25, 29522.63, 3543, 3207, 0.00, 0.00
2026-8-4, 09:20:03.763001, 29521.50, 29523.25, 29484.00, 29516.75, 6750, 6280, 29511.38, 29508.00, 29503.63, 3413, 3337, 0.00, 0.00
2026-8-4, 09:24:03.009000, 29516.25, 29558.00, 29489.75, 29555.75, 6750, 6335, 29529.94, 29534.50, 29523.88, 3073, 3677, 0.00, 0.00
2026-8-4, 09:28:17.578000, 29555.75, 29568.50, 29524.75, 29536.50, 6750, 6326, 29546.38, 29543.25, 29546.63, 3358, 3392, 0.00, 0.00
2026-8-4, 09:32:06.070001, 29536.50, 29567.25, 29530.25, 29534.75, 6750, 6394, 29542.19, 29544.08, 29548.75, 3462, 3288, 0.00, 0.00
2026-8-4, 09:37:03.202001, 29534.75, 29572.75, 29517.25, 29527.00, 6750, 6324, 29537.94, 29539.00, 29545.00, 3474, 3276, 0.00, 0.00
2026-8-4, 09:40:27.044000, 29526.25, 29561.50, 29522.00, 29555.25, 6750, 6276, 29541.25, 29546.25, 29541.75, 3121, 3629, 0.00, 0.00
2026-8-4, 09:46:56.126000, 29555.25, 29558.00, 29528.25, 29533.50, 6750, 6380, 29543.75, 29539.92, 29543.13, 3605, 3145, 0.00, 0.00
2026-8-4, 09:55:15.143000, 29533.75, 29565.75, 29523.50, 29564.00, 6750, 6139, 29546.75, 29551.08, 29544.63, 3418, 3332, 0.00, 0.00
2026-8-4, 10:01:26.163001, 29564.00, 29589.50, 29561.50, 29578.25, 6750, 6171, 29573.31, 29576.42, 29575.50, 3301, 3449, 0.00, 0.00
2026-8-4, 10:06:58.650000, 29578.25, 29617.00, 29571.75, 29617.00, 6750, 6140, 29596.00, 29601.92, 29594.38, 2969, 3781, 0.00, 0.00
2026-8-4, 10:13:08.833000, 29617.00, 29629.25, 29613.25, 29619.00, 6750, 6072, 29619.63, 29620.50, 29621.25, 3449, 3301, 0.00, 0.00
2026-8-4, 10:18:13.090036, 29618.75, 29660.50, 29618.25, 29655.75, 6750, 6371, 29638.31, 29644.83, 29639.38, 3099, 3651, 0.00, 0.00
2026-8-4, 10:23:30.572001, 29655.75, 29663.50, 29634.00, 29634.00, 6750, 6309, 29646.81, 29643.83, 29648.75, 3660, 3090, 0.00, 0.00
2026-8-4, 10:30:07.807000, 29635.00, 29653.50, 29622.00, 29652.75, 6750, 6271, 29640.81, 29642.75, 29637.75, 3332, 3418, 0.00, 0.00
2026-8-4, 10:38:27.033002, 29652.75, 29682.50, 29642.25, 29672.50, 6750, 6310, 29662.50, 29665.75, 29662.38, 3346, 3404, 0.00, 0.00
2026-8-4, 10:43:11.603000, 29672.50, 29691.50, 29666.50, 29688.50, 6750, 6344, 29679.75, 29682.17, 29679.00, 3359, 3391, 0.00, 0.00
2026-8-4, 10:50:51.920001, 29688.50, 29696.75, 29667.50, 29670.25, 6750, 6266, 29680.75, 29678.17, 29682.13, 3612, 3138, 0.00, 0.00
2026-8-4, 11:00:00.142000, 29670.50, 29700.00, 29669.50, 29678.25, 6750, 6268, 29679.56, 29682.58, 29684.75, 3403, 3347, 0.00, 0.00
2026-8-4, 11:09:19.783003, 29678.50, 29707.25, 29661.25, 29707.25, 6750, 6391, 29688.56, 29691.92, 29684.25, 3368, 3382, 0.00, 0.00
2026-8-4, 11:19:39.606041, 29707.25, 29719.75, 29701.75, 29705.50, 6750, 6391, 29708.56, 29709.00, 29710.75, 3382, 3368, 0.00, 0.00
2026-8-4, 11:29:56.857001, 29705.50, 29731.75, 29695.00, 29715.75, 6750, 6317, 29712.00, 29714.17, 29713.38, 3482, 3268, 0.00, 0.00
2026-8-4, 11:39:15.189001, 29715.75, 29737.75, 29705.25, 29736.50, 6750, 6299, 29723.81, 29726.50, 29721.50, 3237, 3513, 0.00, 0.00
2026-8-4, 11:47:50.727000, 29736.25, 29744.50, 29732.00, 29739.50, 6750, 6167, 29738.06, 29738.67, 29738.25, 3556, 3194, 0.00, 0.00
2026-8-4, 11:58:55.405000, 29739.25, 29782.75, 29736.75, 29781.25, 6750, 5918, 29760.00, 29766.92, 29759.75, 2988, 3762, 0.00, 0.00
2026-8-4, 12:04:57.013001, 29781.25, 29799.75, 29770.00, 29789.00, 6750, 6148, 29785.00, 29786.25, 29784.88, 3460, 3290, 0.00, 0.00
2026-8-4, 12:13:24.756002, 29789.00, 29805.25, 29780.50, 29792.75, 6750, 6204, 29791.88, 29792.83, 29792.88, 3282, 3468, 0.00, 0.00
2026-8-4, 12:23:28.709000, 29793.25, 29825.75, 29793.25, 29814.50, 6750, 6229, 29806.69, 29811.17, 29809.50, 3186, 3564, 0.00, 0.00
2026-8-4, 12:30:59.900002, 29814.50, 29850.25, 29803.50, 29849.75, 6750, 6071, 29829.50, 29834.50, 29826.88, 3072, 3678, 0.00, 0.00
2026-8-4, 12:40:11.540007, 29849.75, 29890.00, 29848.00, 29886.50, 6750, 6223, 29868.56, 29874.83, 29869.00, 3119, 3631, 0.00, 0.00
2026-8-4, 12:47:36.825001, 29886.50, 29898.75, 29840.75, 29845.75, 6750, 6300, 29867.94, 29861.75, 29869.75, 3625, 3125, 0.00, 29903.75
2026-8-4, 12:52:50.042000, 29845.50, 29865.00, 29815.25, 29817.00, 6750, 6384, 29835.69, 29832.42, 29840.13, 3571, 3179, 0.00, 0.00
2026-8-4, 13:00:40.498000, 29818.25, 29854.75, 29808.00, 29820.25, 6750, 6385, 29825.31, 29827.67, 29831.38, 3472, 3278, 0.00, 0.00
2026-8-4, 13:06:29.219004, 29820.25, 29867.75, 29817.25, 29855.25, 6750, 6375, 29840.13, 29846.75, 29842.50, 3236, 3514, 0.00, 0.00
2026-8-4, 13:16:38.074007, 29855.25, 29884.25, 29855.00, 29862.00, 6750, 6186, 29864.13, 29867.08, 29869.63, 3315, 3435, 0.00, 0.00
2026-8-4, 13:27:53.102000, 29861.25, 29893.00, 29844.75, 29846.00, 6750, 6340, 29861.25, 29861.25, 29868.88, 3623, 3127, 0.00, 0.00
2026-8-4, 13:40:26.994001, 29846.00, 29895.50, 29839.75, 29885.25, 6750, 6338, 29866.63, 29873.50, 29867.63, 3333, 3417, 0.00, 0.00
2026-8-4, 13:50:10.521000, 29886.00, 29910.75, 29874.75, 29910.75, 6750, 6289, 29895.56, 29898.75, 29892.75, 3363, 3387, 0.00, 0.00
2026-8-4, 14:01:02.734008, 29910.75, 29925.75, 29903.50, 29917.25, 6750, 6193, 29914.31, 29915.50, 29914.63, 3460, 3290, 0.00, 0.00
2026-8-4, 14:08:22.757000, 29917.50, 29944.00, 29911.75, 29942.75, 6750, 6235, 29929.00, 29932.83, 29927.88, 3136, 3614, 0.00, 0.00
2026-8-4, 14:16:49.873002, 29942.75, 29945.25, 29904.25, 29906.75, 6750, 6219, 29924.75, 29918.75, 29924.75, 3484, 3266, 0.00, 0.00
2026-8-4, 14:26:16.434003, 29907.00, 29916.50, 29888.75, 29915.25, 6750, 6035, 29906.88, 29906.83, 29902.63, 3362, 3388, 0.00, 0.00
2026-8-4, 14:33:30.762000, 29914.75, 29942.00, 29902.50, 29930.75, 6750, 6358, 29922.50, 29925.08, 29922.25, 3344, 3406, 0.00, 0.00
2026-8-4, 14:43:24.968000, 29930.50, 29956.50, 29919.75, 29922.00, 6750, 6184, 29932.19, 29932.75, 29938.13, 3372, 3378, 0.00, 0.00
2026-8-4, 14:49:33.395003, 29922.00, 29932.50, 29885.00, 29895.25, 6750, 6212, 29908.69, 29904.25, 29908.75, 3482, 3268, 0.00, 0.00
2026-8-4, 14:52:32.531002, 29895.25, 29906.00, 29869.25, 29871.00, 6750, 6341, 29885.38, 29882.08, 29887.63, 3669, 3081, 0.00, 0.00
2026-8-4, 14:55:15.877000, 29870.25, 29880.75, 29851.25, 29860.25, 6750, 6399, 29865.63, 29864.08, 29866.00, 3678, 3072, 0.00, 0.00
2026-8-4, 14:58:24.364000, 29860.00, 29894.50, 29858.75, 29870.25, 6750, 6204, 29870.88, 29874.50, 29876.63, 3303, 3447, 0.00, 0.00
2026-8-4, 14:59:39.151000, 29869.75, 29870.25, 29847.50, 29857.75, 6750, 5798, 29861.31, 29858.50, 29858.88, 3019, 3731, 0.00, 0.00
2026-8-4, 14:59:58.263000, 29858.50, 29902.25, 29851.50, 29879.25, 6750, 6058, 29872.88, 29877.67, 29876.88, 3367, 3383, 0.00, 0.00
2026-8-4, 15:01:03.008006, 29879.25, 29949.75, 29860.75, 29923.75, 6750, 5950, 29903.38, 29911.42, 29905.25, 3366, 3384, 0.00, 0.00
2026-8-4, 15:08:04.295001, 29923.75, 29925.25, 29767.75, 29783.00, 6750, 5701, 29849.94, 29825.33, 29846.50, 3908, 2842, 0.00, 0.00
2026-8-4, 15:16:42.248001, 29783.25, 29836.00, 29761.25, 29808.50, 6750, 6223, 29797.25, 29801.92, 29798.63, 3607, 3143, 0.00, 0.00
2026-8-4, 15:27:33.671017, 29808.25, 29823.25, 29764.50, 29798.50, 6750, 6270, 29798.63, 29795.42, 29793.88, 3823, 2927, 0.00, 0.00
2026-8-4, 15:54:00.184000, 29798.25, 29844.25, 29776.50, 29802.25, 6750, 6218, 29805.31, 29807.67, 29810.38, 3491, 3259, 0.00, 0.00
2026-8-4, 17:45:18.435001, 29802.00, 29857.25, 29792.25, 29850.50, 6750, 6329, 29825.50, 29833.33, 29824.75, 3225, 3525, 29787.25, 0.00
2026-8-4, 18:56:20.168001, 29850.50, 29877.00, 29818.75, 29846.75, 6750, 6282, 29848.25, 29847.50, 29847.88, 3363, 3387, 0.00, 29882.00
2026-8-4, 19:41:43.218000, 29845.75, 29862.50, 29797.00, 29802.25, 6750, 6250, 29826.88, 29820.58, 29829.75, 3520, 3230, 0.00, 0.00
2026-8-4, 20:27:23.335001, 29802.25, 29889.25, 29802.00, 29870.50, 6750, 6112, 29841.00, 29853.92, 29845.63, 3082, 3668, 0.00, 0.00
2026-8-4, 21:15:54.517000, 29873.00, 29892.00, 29842.25, 29868.50, 6750, 6345, 29868.94, 29867.58, 29867.13, 3480, 3270, 0.00, 0.00
2026-8-4, 22:49:08.121000, 29869.00, 29938.50, 29859.75, 29935.25, 6750, 6200, 29900.63, 29911.17, 29899.13, 3137, 3613, 29854.75, 0.00
2026-8-5, 00:14:04.787000, 29935.75, 29985.25, 29919.75, 29982.25, 6750, 6022, 29955.75, 29962.42, 29952.50, 3298, 3452, 0.00, 0.00
2026-8-5, 01:10:14.798000, 29981.50, 29990.00, 29925.50, 29944.75, 6750, 6290, 29960.44, 29953.42, 29957.75, 3584, 3166, 0.00, 0.00
2026-8-5, 02:11:07.758000, 29945.50, 29954.00, 29885.00, 29899.00, 6750, 6025, 29920.88, 29912.67, 29919.50, 3534, 3216, 0.00, 0.00
2026-8-5, 03:09:09.375003, 29899.25, 29899.75, 29798.75, 29806.25, 6750, 6093, 29851.00, 29834.92, 29849.25, 3766, 2984, 0.00, 0.00
2026-8-5, 03:44:04.576002, 29806.25, 29876.50, 29797.75, 29875.00, 6750, 5770, 29838.88, 29849.75, 29837.13, 3353, 3397, 29792.75, 0.00
2026-8-5, 04:35:32.148000, 29875.00, 29893.50, 29833.75, 29869.25, 6750, 6125, 29867.88, 29865.50, 29863.63, 3331, 3419, 29828.75, 0.00
2026-8-5, 05:45:00.749000, 29867.75, 29923.00, 29834.50, 29910.50, 6750, 6039, 29883.94, 29889.33, 29878.75, 3138, 3612, 29829.50, 0.00
2026-8-5, 06:32:09.282001, 29910.75, 29943.50, 29891.25, 29905.25, 6750, 5937, 29912.69, 29913.33, 29917.38, 3266, 3484, 0.00, 0.00
2026-8-5, 07:12:10.846000, 29906.25, 29950.00, 29892.75, 29936.50, 6750, 5775, 29921.38, 29926.42, 29921.38, 3284, 3466, 0.00, 0.00
2026-8-5, 07:41:36.352002, 29936.25, 29949.50, 29908.25, 29909.25, 6750, 6132, 29925.81, 29922.33, 29928.88, 3473, 3277, 0.00, 0.00
2026-8-5, 08:21:15.519001, 29909.00, 29978.50, 29894.75, 29975.25, 5294, 4838, 29939.38, 29949.50, 29936.63, 2432, 2862, 0.00, 0.00
2026-8-5, 08:30:00.000000, 29975.00, 29996.75, 29947.25, 29955.75, 6750, 5678, 29968.69, 29966.58, 29972.00, 3309, 3441, 0.00, 0.00
2026-8-5, 08:30:53.906000, 29955.25, 29991.25, 29935.50, 29944.50, 6750, 6402, 29956.63, 29957.08, 29963.38, 3396, 3354, 0.00, 0.00
2026-8-5, 08:32:47.612000, 29945.25, 30015.50, 29945.00, 29995.25, 6750, 6352, 29975.25, 29985.25, 29980.25, 3170, 3580, 0.00, 0.00
2026-8-5, 08:35:10.585001, 29995.50, 30023.50, 29910.25, 29933.50, 6750, 6244, 29965.69, 29955.75, 29966.88, 3621, 3129, 0.00, 0.00
2026-8-5, 08:37:07.097001, 29933.25, 30000.00, 29921.00, 29986.75, 6750, 6408, 29960.25, 29969.25, 29960.50, 3362, 3388, 0.00, 0.00
2026-8-5, 08:39:44.726001, 29986.75, 30038.25, 29970.00, 30013.50, 6750, 6232, 30002.13, 30007.25, 30004.13, 3122, 3628, 0.00, 0.00
2026-8-5, 08:42:00.532005, 30013.50, 30068.75, 30007.00, 30067.75, 6750, 6251, 30039.25, 30047.83, 30037.88, 3228, 3522, 0.00, 0.00
2026-8-5, 08:45:10.922007, 30068.00, 30074.00, 30017.25, 30064.25, 6750, 6177, 30055.88, 30051.83, 30045.63, 3302, 3448, 0.00, 0.00
2026-8-5, 08:48:10.330000, 30063.75, 30070.25, 29993.25, 30012.50, 6750, 6233, 30034.94, 30025.33, 30031.75, 3824, 2926, 0.00, 0.00
2026-8-5, 08:51:13.030000, 30012.50, 30037.00, 29967.75, 29973.25, 6750, 6381, 29997.63, 29992.67, 30002.38, 3612, 3138, 0.00, 0.00
2026-8-5, 08:54:30.385000, 29972.50, 30042.25, 29971.00, 30040.25, 6750, 6313, 30006.50, 30017.83, 30006.63, 3236, 3514, 0.00, 0.00
2026-8-5, 08:58:29.271000, 30040.00, 30058.50, 29948.25, 29948.50, 6750, 6285, 29998.81, 29985.08, 30003.38, 3614, 3136, 0.00, 0.00
2026-8-5, 09:02:06.886000, 29949.50, 29972.50, 29918.50, 29943.00, 6750, 6486, 29945.88, 29944.67, 29945.50, 3427, 3323, 0.00, 0.00
2026-8-5, 09:04:37.876009, 29943.00, 30015.25, 29941.75, 30001.50, 6750, 6465, 29975.38, 29986.17, 29978.50, 3403, 3347, 0.00, 0.00
2026-8-5, 09:07:49.976001, 30001.50, 30029.50, 29969.00, 29987.25, 6750, 6427, 29996.81, 29995.25, 29999.25, 3379, 3371, 0.00, 0.00
2026-8-5, 09:12:53.151001, 29987.25, 30026.00, 29981.50, 29998.75, 6750, 6377, 29998.38, 30002.08, 30003.75, 3396, 3354, 0.00, 0.00
2026-8-5, 09:19:39.031024, 29999.00, 30002.00, 29901.25, 29907.00, 6750, 6360, 29952.31, 29936.75, 29951.63, 3744, 3006, 0.00, 0.00
2026-8-5, 09:23:23.808000, 29907.00, 29989.25, 29902.25, 29963.75, 6750, 6549, 29940.56, 29951.75, 29945.75, 3275, 3475, 0.00, 0.00
2026-8-5, 09:26:35.292001, 29963.75, 29975.75, 29888.00, 29888.00, 6750, 6372, 29928.88, 29917.25, 29931.88, 3683, 3067, 0.00, 0.00
2026-8-5, 09:30:22.535006, 29888.00, 29902.50, 29853.25, 29892.50, 6750, 6500, 29884.06, 29882.75, 29877.88, 3451, 3299, 0.00, 0.00
2026-8-5, 09:33:21.275000, 29892.25, 29914.00, 29863.00, 29864.00, 6750, 6306, 29883.31, 29880.33, 29888.50, 3440, 3310, 0.00, 0.00
2026-8-5, 09:37:16.190003, 29864.00, 29878.25, 29831.00, 29838.00, 6750, 6379, 29852.81, 29849.08, 29854.63, 3622, 3128, 0.00, 0.00
2026-8-5, 09:40:30.997000, 29837.75, 29873.00, 29824.75, 29862.00, 6750, 6304, 29849.38, 29853.25, 29848.88, 3274, 3476, 29819.75, 0.00
2026-8-5, 09:44:07.300000, 29861.50, 29886.25, 29838.25, 29876.00, 6750, 6224, 29865.50, 29866.83, 29862.25, 3281, 3469, 0.00, 0.00
2026-8-5, 09:48:37.267000, 29874.75, 29905.50, 29828.00, 29828.25, 6750, 6101, 29859.13, 29853.92, 29866.75, 3541, 3209, 0.00, 0.00
2026-8-5, 09:52:25.512001, 29828.25, 29842.75, 29788.00, 29818.00, 6750, 5893, 29819.25, 29816.25, 29815.38, 3397, 3353, 0.00, 0.00
2026-8-5, 09:54:48.839003, 29817.75, 29863.25, 29801.75, 29836.75, 6750, 6061, 29829.88, 29833.92, 29832.50, 3405, 3345, 0.00, 0.00
2026-8-5, 09:59:04.075002, 29836.75, 29881.25, 29830.00, 29835.25, 6750, 6391, 29845.81, 29848.83, 29855.63, 3431, 3319, 0.00, 0.00
2026-8-5, 10:04:28.461000, 29836.50, 29886.25, 29826.00, 29872.75, 6750, 6391, 29855.38, 29861.67, 29856.13, 3185, 3565, 0.00, 0.00
2026-8-5, 10:10:04.916000, 29872.00, 29890.75, 29826.75, 29828.00, 6750, 6368, 29854.38, 29848.50, 29858.75, 3460, 3290, 0.00, 0.00
2026-8-5, 10:15:47.591000, 29828.25, 29828.25, 29763.50, 29785.50, 6750, 6193, 29801.38, 29792.42, 29795.88, 3629, 3121, 0.00, 0.00
2026-8-5, 10:18:45.528002, 29785.25, 29847.50, 29785.00, 29818.25, 6750, 6237, 29809.00, 29816.92, 29816.25, 3338, 3412, 0.00, 0.00
2026-8-5, 10:24:11.294000, 29817.50, 29845.75, 29794.25, 29806.25, 6750, 6274, 29815.94, 29815.42, 29820.00, 3406, 3344, 0.00, 0.00
2026-8-5, 10:29:39.766000, 29805.75, 29860.75, 29801.75, 29850.75, 6750, 6399, 29829.75, 29837.75, 29831.25, 3195, 3555, 0.00, 0.00
2026-8-5, 10:37:51.739012, 29851.50, 29855.75, 29788.50, 29805.25, 6750, 6498, 29825.25, 29816.50, 29822.13, 3434, 3316, 0.00, 0.00
2026-8-5, 10:47:03.576001, 29805.50, 29818.50, 29771.75, 29775.50, 6750, 6033, 29792.81, 29788.58, 29795.13, 3316, 3434, 0.00, 0.00
2026-8-5, 10:54:40.935000, 29775.75, 29779.50, 29713.25, 29755.75, 6750, 5834, 29756.06, 29749.50, 29746.38, 3411, 3339, 0.00, 0.00
2026-8-5, 10:58:56.025003, 29755.75, 29764.75, 29711.00, 29758.25, 6750, 6117, 29747.44, 29744.67, 29737.88, 3434, 3316, 0.00, 0.00
2026-8-5, 11:04:28.133000, 29758.75, 29766.00, 29703.25, 29721.25, 6750, 6319, 29737.31, 29730.17, 29734.63, 3459, 3291, 0.00, 0.00
2026-8-5, 11:12:06.551000, 29722.25, 29766.00, 29702.00, 29764.50, 6750, 6273, 29738.69, 29744.17, 29734.00, 3215, 3535, 0.00, 0.00
2026-8-5, 11:20:36.568000, 29764.25, 29795.25, 29753.75, 29787.75, 6750, 6186, 29775.25, 29778.92, 29774.50, 3225, 3525, 0.00, 0.00
2026-8-5, 11:25:39.996001, 29788.00, 29839.75, 29786.00, 29803.50, 6750, 6263, 29804.31, 29809.75, 29812.88, 3252, 3498, 0.00, 0.00
2026-8-5, 11:31:35.405000, 29801.25, 29821.00, 29770.00, 29810.25, 6750, 6277, 29800.63, 29800.42, 29795.50, 3430, 3320, 0.00, 0.00
2026-8-5, 11:41:53.375002, 29810.25, 29826.25, 29778.50, 29820.50, 6750, 6315, 29808.88, 29808.42, 29802.38, 3328, 3422, 0.00, 0.00
2026-8-5, 11:54:03.569000, 29820.25, 29823.00, 29755.00, 29755.75, 6750, 6242, 29788.50, 29777.92, 29789.00, 3527, 3223, 0.00, 0.00
2026-8-5, 12:06:26.522000, 29756.25, 29784.25, 29744.25, 29759.00, 6750, 6422, 29760.94, 29762.50, 29764.25, 3309, 3441, 0.00, 0.00
2026-8-5, 12:18:35.392001, 29759.25, 29782.00, 29738.75, 29751.50, 6750, 6228, 29757.88, 29757.42, 29760.38, 3397, 3353, 0.00, 0.00
2026-8-5, 12:32:23.635001, 29751.75, 29779.25, 29734.25, 29745.00, 6750, 6100, 29752.56, 29752.83, 29756.75, 3339, 3411, 0.00, 0.00
2026-8-5, 12:47:08.712020, 29745.00, 29775.75, 29743.75, 29774.00, 6750, 6190, 29759.63, 29764.50, 29759.75, 3119, 3631, 0.00, 0.00
2026-8-5, 13:04:18.093000, 29774.00, 29788.50, 29754.50, 29771.75, 6750, 6278, 29772.19, 29771.58, 29771.50, 3234, 3516, 0.00, 0.00
2026-8-5, 13:17:34.281001, 29771.75, 29780.50, 29727.25, 29732.25, 6750, 6293, 29752.94, 29746.67, 29753.88, 3319, 3431, 0.00, 0.00
2026-8-5, 13:33:11.608000, 29733.50, 29765.00, 29729.00, 29763.00, 6750, 6498, 29747.63, 29752.33, 29747.00, 3169, 3581, 0.00, 0.00
2026-8-5, 13:48:23.768002, 29763.25, 29764.00, 29718.50, 29749.75, 6750, 6297, 29748.88, 29744.08, 29741.25, 3428, 3322, 0.00, 0.00
2026-8-5, 14:02:57.250000, 29748.75, 29778.25, 29747.75, 29775.75, 6750, 6283, 29762.63, 29767.25, 29763.00, 3202, 3548, 0.00, 0.00
2026-8-5, 14:15:44.726000, 29775.75, 29779.25, 29748.25, 29759.50, 6750, 6426, 29765.69, 29762.33, 29763.75, 3533, 3217, 0.00, 0.00
2026-8-5, 14:30:20.056006, 29759.75, 29763.25, 29710.25, 29727.50, 6750, 6008, 29740.19, 29733.67, 29736.75, 3552, 3198, 0.00, 0.00
2026-8-5, 14:40:57.794000, 29727.00, 29734.25, 29689.75, 29711.50, 6750, 6261, 29715.63, 29711.83, 29712.00, 3614, 3136, 0.00, 0.00
2026-8-5, 14:49:52.015000, 29711.75, 29735.00, 29695.75, 29699.00, 6750, 6556, 29710.38, 29709.92, 29715.38, 3458, 3292, 0.00, 0.00
2026-8-5, 14:55:40.133002, 29699.00, 29699.50, 29657.75, 29658.50, 6750, 6069, 29678.69, 29671.92, 29678.63, 3677, 3073, 0.00, 0.00
2026-8-5, 14:59:05.456000, 29657.75, 29666.50, 29597.00, 29598.50, 6750, 5937, 29629.94, 29620.67, 29631.75, 3464, 3286, 0.00, 0.00
2026-8-5, 14:59:53.083001, 29598.50, 29612.50, 29575.75, 29588.50, 6750, 5895, 29593.81, 29592.25, 29594.13, 3631, 3119, 0.00, 0.00
2026-8-5, 15:00:52.862003, 29589.00, 29615.50, 29547.75, 29607.00, 6750, 5886, 29589.81, 29590.08, 29581.63, 3583, 3167, 0.00, 0.00
2026-8-5, 15:04:28.949000, 29607.25, 29609.00, 29530.75, 29568.25, 6750, 5591, 29578.81, 29569.33, 29569.88, 3885, 2865, 0.00, 0.00
2026-8-5, 15:10:09.745003, 29568.25, 29618.25, 29563.00, 29581.25, 6750, 5331, 29582.69, 29587.50, 29590.63, 3071, 3679, 29558.00, 0.00
2026-8-5, 15:22:28.197003, 29581.50, 29607.75, 29561.75, 29573.50, 6750, 6039, 29581.13, 29581.00, 29584.75, 3429, 3321, 0.00, 0.00
2026-8-5, 17:04:50.596000, 29573.50, 29679.50, 29566.50, 29625.50, 6750, 6040, 29611.25, 29623.83, 29623.00, 3275, 3475, 0.00, 0.00
2026-8-5, 17:53:54.777000, 29626.50, 29649.50, 29566.00, 29567.25, 6750, 6230, 29602.31, 29594.25, 29607.75, 3460, 3290, 0.00, 0.00
2026-8-5, 19:00:17.150000, 29567.25, 29608.00, 29546.75, 29555.00, 6750, 6333, 29569.25, 29569.92, 29577.38, 3380, 3370, 0.00, 0.00
2026-8-5, 19:38:51.928000, 29554.25, 29588.00, 29473.00, 29479.25, 6750, 6245, 29523.63, 29513.42, 29530.50, 3542, 3208, 0.00, 0.00
2026-8-5, 20:21:39.845000, 29480.25, 29519.00, 29454.25, 29504.00, 6750, 6190, 29489.38, 29492.42, 29486.63, 3158, 3592, 0.00, 0.00
2026-8-5, 21:03:16.105008, 29503.75, 29621.00, 29490.75, 29609.25, 6750, 6333, 29556.19, 29573.67, 29555.88, 2985, 3765, 0.00, 0.00
2026-8-5, 21:46:02.536000, 29609.50, 29612.75, 29525.00, 29565.25, 6750, 6352, 29578.13, 29567.67, 29568.88, 3336, 3414, 29520.00, 0.00
2026-8-5, 22:51:08.128000, 29563.25, 29600.00, 29535.50, 29584.50, 6750, 6283, 29570.81, 29573.33, 29567.75, 3391, 3359, 29530.50, 0.00
2026-8-6, 00:20:48.697001, 29584.50, 29589.50, 29485.00, 29530.00, 6750, 6244, 29547.25, 29534.83, 29537.25, 3469, 3281, 0.00, 0.00
2026-8-6, 01:25:30.164000, 29529.50, 29563.00, 29486.25, 29532.25, 6750, 6328, 29527.75, 29527.17, 29524.63, 3150, 3600, 0.00, 0.00
2026-8-6, 02:32:05.993000, 29532.75, 29538.25, 29443.75, 29489.00, 6750, 6240, 29500.94, 29490.33, 29491.00, 3557, 3193, 0.00, 0.00
2026-8-6, 03:25:26.761000, 29488.25, 29532.50, 29437.50, 29475.75, 6750, 6228, 29483.50, 29481.92, 29485.00, 3252, 3498, 0.00, 0.00
2026-8-6, 04:34:00.859000, 29476.00, 29533.75, 29468.00, 29471.50, 6750, 5989, 29487.31, 29491.08, 29500.88, 3237, 3513, 29463.00, 0.00
2026-8-6, 06:00:07.043000, 29471.50, 29471.75, 29364.75, 29457.75, 6750, 6074, 29441.44, 29431.42, 29418.25, 3512, 3238, 0.00, 0.00
2026-8-6, 06:20:25.312000, 29459.75, 29516.50, 29444.00, 29454.50, 6750, 5817, 29468.69, 29471.67, 29480.25, 3114, 3636, 0.00, 0.00
2026-8-6, 06:50:02.111000, 29455.50, 29476.50, 29387.50, 29390.50, 6750, 5903, 29427.50, 29418.17, 29432.00, 3219, 3531, 0.00, 0.00
2026-8-6, 07:18:47.921000, 29389.75, 29463.50, 29388.50, 29422.00, 6750, 6191, 29415.94, 29424.67, 29426.00, 3297, 3453, 0.00, 0.00
2026-8-6, 07:51:20.636003, 29422.25, 29428.50, 29351.00, 29354.50, 6750, 6213, 29389.06, 29378.00, 29389.75, 3465, 3285, 0.00, 0.00
2026-8-6, 08:13:57.847000, 29354.00, 29367.00, 29326.25, 29340.00, 6750, 6212, 29346.81, 29344.42, 29346.63, 3588, 3162, 0.00, 0.00
2026-8-6, 08:27:46.450000, 29340.75, 29355.00, 29328.50, 29334.50, 1780, 1614, 29339.69, 29339.33, 29341.75, 935, 845, 0.00, 0.00
2026-8-6, 08:30:00.001000, 29335.00, 29373.75, 29308.00, 29308.00, 6750, 6303, 29331.19, 29329.92, 29340.88, 3482, 3268, 0.00, 0.00
2026-8-6, 08:31:31.499003, 29308.50, 29320.50, 29241.25, 29256.25, 6750, 6100, 29281.63, 29272.67, 29280.88, 3684, 3066, 0.00, 0.00
2026-8-6, 08:33:12.489018, 29256.25, 29370.00, 29248.50, 29360.25, 6750, 6221, 29308.75, 29326.25, 29309.25, 3085, 3665, 0.00, 0.00
2026-8-6, 08:35:05.728001, 29360.50, 29421.00, 29323.25, 29417.75, 6750, 6084, 29380.63, 29387.33, 29372.13, 3009, 3741, 0.00, 0.00
2026-8-6, 08:36:47.840000, 29416.75, 29448.50, 29397.25, 29400.00, 6750, 6145, 29415.63, 29415.25, 29422.88, 3360, 3390, 0.00, 0.00
2026-8-6, 08:39:00.047000, 29401.50, 29459.00, 29376.00, 29451.50, 6750, 6078, 29422.00, 29428.83, 29417.50, 2998, 3752, 0.00, 0.00
2026-8-6, 08:41:06.672001, 29451.50, 29463.75, 29412.25, 29463.00, 6750, 6464, 29447.63, 29446.33, 29438.00, 3270, 3480, 0.00, 0.00
2026-8-6, 08:44:11.036012, 29463.00, 29496.75, 29446.00, 29493.75, 6750, 6454, 29474.88, 29478.83, 29471.38, 3202, 3548, 0.00, 0.00
2026-8-6, 08:47:01.780001, 29494.00, 29534.50, 29489.00, 29526.75, 6750, 6311, 29511.06, 29516.75, 29511.75, 3229, 3521, 0.00, 0.00
2026-8-6, 08:50:00.703008, 29526.75, 29551.00, 29505.25, 29532.50, 6750, 6428, 29528.88, 29529.58, 29528.13, 3428, 3322, 0.00, 0.00
2026-8-6, 08:53:28.904002, 29532.50, 29540.00, 29486.50, 29491.25, 6750, 6457, 29512.56, 29505.92, 29513.25, 3433, 3317, 0.00, 0.00
2026-8-6, 08:56:40.513000, 29492.50, 29558.50, 29488.50, 29537.00, 6750, 6324, 29519.13, 29528.00, 29523.50, 3192, 3558, 0.00, 0.00
2026-8-6, 09:00:07.910000, 29537.00, 29550.25, 29497.50, 29506.75, 6750, 6507, 29522.88, 29518.17, 29523.88, 3435, 3315, 0.00, 0.00
2026-8-6, 09:03:46.295001, 29506.25, 29578.25, 29488.00, 29575.00, 6750, 6245, 29536.88, 29547.08, 29533.13, 3290, 3460, 0.00, 0.00
2026-8-6, 09:07:20.179000, 29575.25, 29612.50, 29555.00, 29607.75, 6750, 6436, 29587.63, 29591.75, 29583.75, 3137, 3613, 0.00, 0.00
2026-8-6, 09:11:25.578000, 29607.75, 29620.25, 29586.75, 29616.25, 6750, 6375, 29607.75, 29607.75, 29603.50, 3411, 3339, 0.00, 0.00
2026-8-6, 09:15:55.111000, 29616.00, 29652.50, 29606.25, 29641.75, 6750, 6248, 29629.13, 29633.50, 29629.38, 3313, 3437, 0.00, 0.00
2026-8-6, 09:20:09.953006, 29641.75, 29667.00, 29614.00, 29618.50, 6750, 6354, 29635.31, 29633.17, 29640.50, 3371, 3379, 0.00, 0.00
2026-8-6, 09:25:19.952000, 29619.25, 29623.00, 29573.75, 29604.00, 6750, 6338, 29605.00, 29600.25, 29598.38, 3422, 3328, 0.00, 0.00
2026-8-6, 09:28:41.672000, 29603.25, 29616.50, 29564.75, 29610.50, 6750, 6488, 29598.75, 29597.25, 29590.63, 3327, 3423, 0.00, 0.00
2026-8-6, 09:32:53.663003, 29610.50, 29650.75, 29590.25, 29590.25, 6750, 6252, 29610.44, 29610.42, 29620.50, 3268, 3482, 0.00, 0.00
2026-8-6, 09:37:31.159000, 29590.00, 29610.75, 29545.25, 29580.75, 6750, 6283, 29581.69, 29578.92, 29578.00, 3544, 3206, 0.00, 0.00
2026-8-6, 09:41:13.078001, 29580.75, 29622.25, 29543.75, 29552.00, 6750, 6411, 29574.69, 29572.67, 29583.00, 3445, 3305, 0.00, 0.00
2026-8-6, 09:46:22.745002, 29552.00, 29597.50, 29533.75, 29578.25, 6750, 6339, 29565.38, 29569.83, 29565.63, 3362, 3388, 0.00, 0.00
2026-8-6, 09:51:37.963000, 29578.50, 29647.00, 29559.50, 29644.50, 6750, 6354, 29607.38, 29617.00, 29603.25, 3115, 3635, 0.00, 0.00
2026-8-6, 09:57:42.562000, 29645.50, 29677.50, 29629.75, 29634.00, 6750, 6355, 29646.69, 29647.08, 29653.63, 3352, 3398, 0.00, 0.00
2026-8-6, 10:03:03.664000, 29633.75, 29674.75, 29598.75, 29669.25, 6750, 6164, 29644.13, 29647.58, 29636.75, 3290, 3460, 0.00, 0.00
2026-8-6, 10:08:27.368000, 29669.50, 29686.25, 29640.75, 29649.00, 6750, 6238, 29661.38, 29658.67, 29663.50, 3378, 3372, 0.00, 0.00
2026-8-6, 10:14:13.680000, 29649.75, 29663.25, 29581.25, 29584.00, 6750, 6342, 29619.56, 29609.50, 29622.25, 3478, 3272, 0.00, 0.00
2026-8-6, 10:19:55.719007, 29584.00, 29605.75, 29564.25, 29581.25, 6750, 6310, 29583.81, 29583.75, 29585.00, 3282, 3468, 0.00, 0.00
2026-8-6, 10:25:43.797003, 29581.75, 29628.00, 29578.00, 29588.50, 6750, 6264, 29594.06, 29598.17, 29603.00, 3264, 3486, 0.00, 0.00
2026-8-6, 10:32:43.553002, 29588.50, 29588.50, 29540.25, 29564.50, 6750, 6339, 29570.44, 29564.42, 29564.38, 3473, 3277, 0.00, 0.00
2026-8-6, 10:39:02.438001, 29564.25, 29585.00, 29530.75, 29556.50, 6750, 6438, 29559.13, 29557.42, 29557.88, 3268, 3482, 29525.75, 0.00
2026-8-6, 10:46:27.944001, 29556.50, 29624.50, 29555.75, 29574.00, 6750, 6208, 29577.69, 29584.75, 29590.13, 3407, 3343, 0.00, 0.00
2026-8-6, 10:51:55.538000, 29574.00, 29592.00, 29515.75, 29536.00, 6750, 6335, 29554.44, 29547.92, 29553.88, 3630, 3120, 0.00, 0.00
2026-8-6, 10:55:57.984006, 29536.00, 29556.00, 29486.00, 29487.25, 6750, 6420, 29516.31, 29509.75, 29521.00, 3381, 3369, 29481.00, 0.00
2026-8-6, 11:01:13.736000, 29487.75, 29522.00, 29478.25, 29505.25, 6750, 6443, 29498.31, 29501.83, 29500.13, 3188, 3562, 0.00, 0.00
2026-8-6, 11:06:28.680001, 29505.50, 29542.75, 29483.50, 29485.75, 6750, 6427, 29504.38, 29504.00, 29513.13, 3469, 3281, 0.00, 0.00
2026-8-6, 11:14:32.393000, 29486.00, 29504.50, 29452.75, 29473.00, 6750, 6357, 29479.06, 29476.75, 29478.63, 3295, 3455, 0.00, 0.00
2026-8-6, 11:20:44.426000, 29473.50, 29493.50, 29448.50, 29481.25, 6750, 6398, 29474.19, 29474.42, 29471.00, 3303, 3447, 0.00, 0.00
2026-8-6, 11:28:10.125001, 29481.50, 29507.00, 29462.25, 29492.75, 6750, 6410, 29485.88, 29487.33, 29484.63, 3205, 3545, 0.00, 0.00
2026-8-6, 11:37:16.741000, 29492.50, 29527.25, 29471.75, 29477.50, 6750, 6398, 29492.25, 29492.17, 29499.50, 3411, 3339, 0.00, 0.00
2026-8-6, 11:46:40.724000, 29477.50, 29533.50, 29468.50, 29529.75, 6750, 6489, 29502.31, 29510.58, 29501.00, 3201, 3549, 0.00, 0.00
2026-8-6, 11:57:29.330000, 29529.25, 29574.25, 29520.25, 29568.75, 6750, 6387, 29548.13, 29554.42, 29547.25, 3147, 3603, 0.00, 0.00
2026-8-6, 12:06:23.976000, 29569.00, 29574.25, 29512.25, 29530.25, 6750, 6401, 29546.44, 29538.92, 29543.25, 3397, 3353, 0.00, 0.00
2026-8-6, 12:18:09.497000, 29529.75, 29551.50, 29518.75, 29527.50, 6750, 6388, 29531.88, 29532.58, 29535.13, 3268, 3482, 0.00, 0.00
2026-8-6, 12:33:30.504000, 29528.50, 29542.50, 29493.75, 29506.75, 6750, 6388, 29517.88, 29514.33, 29518.13, 3371, 3379, 0.00, 0.00
2026-8-6, 12:47:50.298000, 29506.25, 29538.00, 29494.25, 29527.25, 6750, 6157, 29516.44, 29519.83, 29516.13, 3137, 3613, 0.00, 0.00
2026-8-6, 13:01:27.567025, 29527.25, 29550.25, 29507.25, 29514.00, 6750, 6428, 29524.69, 29523.83, 29528.75, 3392, 3358, 0.00, 0.00
2026-8-6, 13:16:06.687000, 29512.75, 29575.50, 29498.50, 29563.00, 6750, 6403, 29537.44, 29545.67, 29537.00, 3237, 3513, 0.00, 0.00
2026-8-6, 13:24:28.829000, 29564.25, 29572.50, 29514.25, 29517.25, 6750, 6292, 29542.06, 29534.67, 29543.38, 3438, 3312, 0.00, 0.00
2026-8-6, 13:39:55.391001, 29517.25, 29537.00, 29500.50, 29520.75, 6750, 6385, 29518.88, 29519.42, 29518.75, 3138, 3612, 0.00, 0.00
2026-8-6, 13:56:13.005002, 29520.75, 29565.25, 29510.25, 29554.00, 6750, 6448, 29537.56, 29543.17, 29537.75, 3217, 3533, 0.00, 0.00
2026-8-6, 14:08:06.399001, 29554.00, 29570.25, 29524.25, 29537.25, 6750, 6426, 29546.44, 29543.92, 29547.25, 3249, 3501, 0.00, 0.00
2026-8-6, 14:22:28.570001, 29537.25, 29540.00, 29489.25, 29528.00, 6750, 6445, 29523.63, 29519.08, 29514.63, 3413, 3337, 0.00, 0.00
2026-8-6, 14:31:50.659001, 29528.00, 29545.50, 29492.50, 29504.25, 6750, 6425, 29517.56, 29514.08, 29519.00, 3391, 3359, 0.00, 0.00
2026-8-6, 14:45:26.636003, 29504.25, 29511.50, 29475.00, 29497.00, 6750, 6327, 29496.94, 29494.50, 29493.25, 3292, 3458, 0.00, 0.00
2026-8-6, 14:53:30.094000, 29497.00, 29536.25, 29493.00, 29519.50, 6750, 6513, 29511.44, 29516.25, 29514.63, 3126, 3624, 0.00, 0.00
2026-8-6, 14:58:34.004000, 29519.25, 29521.00, 29478.00, 29489.25, 6750, 6087, 29501.88, 29496.08, 29499.50, 3328, 3422, 0.00, 0.00
2026-8-6, 14:59:55.224003, 29489.25, 29540.25, 29487.50, 29527.25, 6750, 6082, 29511.06, 29518.33, 29513.88, 3309, 3441, 0.00, 0.00
2026-8-6, 15:03:20.243015, 29526.75, 29552.00, 29498.00, 29505.75, 6750, 5825, 29520.63, 29518.58, 29525.00, 3416, 3334, 0.00, 0.00
2026-8-6, 15:24:40.179005, 29505.50, 29581.75, 29480.25, 29566.00, 6750, 6330, 29533.38, 29542.67, 29531.00, 3303, 3447, 0.00, 0.00
2026-8-6, 17:25:49.716000, 29568.25, 29609.25, 29529.25, 29606.25, 6750, 6446, 29578.25, 29581.58, 29569.25, 3231, 3519, 0.00, 0.00
2026-8-6, 19:03:15.216000, 29605.75, 29618.75, 29497.25, 29545.00, 6750, 6399, 29566.69, 29553.67, 29558.00, 3488, 3262, 0.00, 0.00
2026-8-6, 19:36:21.309000, 29546.00, 29582.00, 29503.75, 29519.25, 6750, 6365, 29537.75, 29535.00, 29542.88, 3361, 3389, 0.00, 0.00
2026-8-6, 20:16:04.373000, 29520.00, 29581.25, 29482.50, 29525.00, 6750, 6200, 29527.19, 29529.58, 29531.88, 3292, 3458, 0.00, 0.00
2026-8-6, 20:55:07.004000, 29524.00, 29548.00, 29475.50, 29527.75, 6750, 5841, 29518.81, 29517.08, 29511.75, 3150, 3600, 0.00, 0.00
2026-8-6, 21:55:50.091000, 29527.50, 29548.00, 29453.50, 29510.75, 6750, 5938, 29509.94, 29504.08, 29500.75, 3349, 3401, 29448.50, 0.00
2026-8-6, 23:21:56.091000, 29510.50, 29556.75, 29489.25, 29526.50, 6750, 5507, 29520.75, 29524.17, 29523.00, 3063, 3687, 29484.25, 0.00
2026-8-7, 00:46:42.866001, 29526.00, 29583.50, 29520.00, 29547.00, 6750, 5548, 29544.13, 29550.17, 29551.75, 2797, 3953, 29515.00, 0.00
2026-8-7, 02:00:02.242000, 29548.50, 29614.25, 29533.00, 29609.75, 6750, 5917, 29576.38, 29585.67, 29573.63, 3018, 3732, 0.00, 0.00
2026-8-7, 03:11:47.705000, 29610.00, 29649.00, 29599.25, 29642.00, 6750, 6022, 29625.06, 29630.08, 29624.13, 3218, 3532, 0.00, 0.00
2026-8-7, 04:12:01.282000, 29642.25, 29649.00, 29591.25, 29643.75, 6750, 6363, 29631.56, 29628.00, 29620.13, 3356, 3394, 0.00, 0.00
2026-8-7, 06:07:31.678000, 29644.00, 29673.25, 29604.25, 29625.75, 6750, 6212, 29636.81, 29634.42, 29638.75, 3511, 3239, 0.00, 0.00
2026-8-7, 07:00:45.516002, 29625.75, 29772.25, 29618.50, 29743.75, 6750, 6054, 29690.06, 29711.50, 29695.38, 3170, 3580, 0.00, 0.00
2026-8-7, 07:30:23.345011, 29744.00, 29782.50, 29705.25, 29780.00, 6750, 6053, 29752.94, 29755.92, 29743.88, 3232, 3518, 0.00, 0.00
2026-8-7, 07:38:43.107006, 29780.25, 29837.75, 29772.75, 29829.25, 6750, 6004, 29805.00, 29813.25, 29805.25, 3338, 3412, 0.00, 0.00
2026-8-7, 07:47:56.436000, 29828.75, 29867.75, 29820.25, 29835.25, 6750, 5902, 29838.00, 29841.08, 29844.00, 3502, 3248, 0.00, 0.00
2026-8-7, 07:58:01.920001, 29835.00, 29850.50, 29763.25, 29774.25, 6750, 6247, 29805.75, 29796.00, 29806.88, 3617, 3133, 0.00, 0.00
2026-8-7, 08:09:11.035022, 29774.25, 29783.25, 29714.50, 29728.00, 6750, 6213, 29750.00, 29741.92, 29748.88, 3493, 3257, 0.00, 0.00
2026-8-7, 08:21:05.797000, 29728.50, 29740.50, 29685.00, 29714.00, 5820, 5320, 29717.00, 29713.17, 29712.75, 3017, 2803, 0.00, 0.00
2026-8-7, 08:30:00.000000, 29714.75, 29742.00, 29681.00, 29702.00, 6750, 6320, 29709.94, 29708.33, 29711.50, 3404, 3346, 0.00, 0.00
2026-8-7, 08:31:15.967000, 29701.75, 29795.75, 29695.75, 29795.25, 6750, 6386, 29747.13, 29762.25, 29745.75, 2939, 3811, 0.00, 0.00
2026-8-7, 08:33:06.678009, 29795.25, 29813.25, 29771.50, 29778.50, 6750, 6488, 29789.63, 29787.75, 29792.38, 3500, 3250, 0.00, 0.00
2026-8-7, 08:35:29.115000, 29778.75, 29796.50, 29696.50, 29739.50, 6750, 6440, 29752.81, 29744.17, 29746.50, 3585, 3165, 0.00, 0.00
2026-8-7, 08:37:36.107000, 29738.75, 29777.25, 29707.25, 29747.00, 6750, 6471, 29742.56, 29743.83, 29742.25, 3401, 3349, 0.00, 0.00
2026-8-7, 08:40:21.330002, 29746.75, 29754.50, 29704.25, 29749.75, 6750, 6294, 29738.81, 29736.17, 29729.38, 3328, 3422, 0.00, 0.00
2026-8-7, 08:43:17.278000, 29750.00, 29820.00, 29747.25, 29776.25, 6750, 6445, 29773.38, 29781.17, 29783.63, 3187, 3563, 0.00, 0.00
2026-8-7, 08:45:49.331000, 29777.00, 29778.25, 29709.00, 29747.00, 6750, 6519, 29752.81, 29744.75, 29743.63, 3466, 3284, 0.00, 0.00
2026-8-7, 08:49:17.582003, 29747.00, 29800.00, 29742.00, 29772.00, 6750, 6474, 29765.25, 29771.33, 29771.00, 3491, 3259, 0.00, 0.00
2026-8-7, 08:53:37.257000, 29771.25, 29774.75, 29668.75, 29668.75, 6750, 6420, 29720.88, 29704.08, 29721.75, 3748, 3002, 0.00, 0.00
2026-8-7, 08:57:04.663018, 29668.50, 29689.00, 29643.75, 29680.00, 6750, 6376, 29670.31, 29670.92, 29666.38, 3408, 3342, 0.00, 0.00
2026-8-7, 09:00:00.016000, 29680.00, 29713.25, 29639.25, 29651.25, 6750, 6516, 29670.94, 29667.92, 29676.25, 3402, 3348, 0.00, 0.00
2026-8-7, 09:02:20.309000, 29650.75, 29679.25, 29613.50, 29640.00, 6750, 6437, 29645.88, 29644.25, 29646.38, 3451, 3299, 0.00, 0.00
2026-8-7, 09:05:37.932000, 29640.50, 29684.75, 29627.50, 29636.25, 6750, 6477, 29647.25, 29649.50, 29656.13, 3261, 3489, 0.00, 0.00
2026-8-7, 09:09:39.242001, 29636.25, 29649.00, 29564.50, 29570.00, 6750, 6357, 29604.94, 29594.50, 29606.75, 3580, 3170, 0.00, 0.00
2026-8-7, 09:12:35.134001, 29570.00, 29617.50, 29565.00, 29600.75, 6750, 6420, 29588.31, 29594.42, 29591.25, 3290, 3460, 0.00, 0.00
2026-8-7, 09:15:18.440001, 29600.75, 29675.75, 29571.00, 29663.50, 6750, 6322, 29627.75, 29636.75, 29623.38, 3245, 3505, 0.00, 0.00
2026-8-7, 09:17:48.697001, 29663.75, 29731.00, 29638.75, 29717.50, 6750, 6342, 29687.75, 29695.75, 29684.88, 3162, 3588, 0.00, 0.00
2026-8-7, 09:20:51.403000, 29717.25, 29744.75, 29687.00, 29704.00, 6750, 6453, 29713.25, 29711.92, 29715.88, 3285, 3465, 0.00, 0.00
2026-8-7, 09:24:53.724000, 29704.75, 29779.50, 29699.75, 29761.25, 6750, 6419, 29736.31, 29746.83, 29739.63, 3179, 3571, 0.00, 0.00
2026-8-7, 09:29:32.712000, 29761.25, 29775.00, 29715.75, 29730.75, 6750, 6478, 29745.69, 29740.50, 29745.38, 3505, 3245, 0.00, 0.00
2026-8-7, 09:33:55.875000, 29730.75, 29743.75, 29683.25, 29711.50, 6750, 6407, 29717.31, 29712.83, 29713.50, 3487, 3263, 0.00, 0.00
2026-8-7, 09:38:08.940000, 29711.50, 29736.00, 29669.50, 29707.25, 6750, 6197, 29706.06, 29704.25, 29702.75, 3333, 3417, 0.00, 0.00
2026-8-7, 09:42:07.046002, 29707.25, 29720.50, 29660.00, 29704.00, 6750, 6545, 29697.94, 29694.83, 29690.25, 3344, 3406, 0.00, 0.00
2026-8-7, 09:46:40.510000, 29704.00, 29732.00, 29683.25, 29688.00, 6750, 6414, 29701.81, 29701.08, 29707.63, 3372, 3378, 0.00, 0.00
2026-8-7, 09:52:06.783000, 29688.50, 29721.25, 29667.75, 29709.75, 6750, 6500, 29696.81, 29699.58, 29694.50, 3344, 3406, 0.00, 0.00
2026-8-7, 09:58:10.492000, 29711.50, 29748.00, 29700.50, 29741.00, 6750, 6432, 29725.25, 29729.83, 29724.25, 3203, 3547, 0.00, 0.00
2026-8-7, 10:04:51.252000, 29741.75, 29782.50, 29740.50, 29765.50, 6750, 6183, 29757.56, 29762.83, 29761.50, 3143, 3607, 0.00, 0.00
2026-8-7, 10:12:15.338000, 29765.75, 29773.00, 29738.25, 29771.50, 6750, 6409, 29762.13, 29760.92, 29755.63, 3311, 3439, 0.00, 0.00
2026-8-7, 10:20:50.339000, 29771.75, 29823.75, 29752.75, 29820.00, 6750, 5979, 29792.06, 29798.83, 29788.25, 2737, 4013, 0.00, 0.00
2026-8-7, 10:26:22.837000, 29819.75, 29850.25, 29813.00, 29845.50, 6750, 6375, 29832.13, 29836.25, 29831.63, 3092, 3658, 0.00, 0.00
2026-8-7, 10:32:15.206000, 29846.50, 29855.25, 29818.75, 29825.75, 6750, 6429, 29836.56, 29833.25, 29837.00, 3390, 3360, 0.00, 0.00
2026-8-7, 10:40:00.188000, 29825.50, 29837.50, 29794.25, 29816.50, 6750, 6330, 29818.44, 29816.08, 29815.88, 3194, 3556, 0.00, 0.00
2026-8-7, 10:49:17.624000, 29817.00, 29843.25, 29796.50, 29800.75, 6750, 6321, 29814.38, 29813.50, 29819.88, 3351, 3399, 0.00, 0.00
2026-8-7, 10:58:40.286000, 29800.75, 29830.00, 29795.00, 29822.25, 6750, 6459, 29812.00, 29815.75, 29812.50, 3213, 3537, 0.00, 0.00
2026-8-7, 11:10:40.426000, 29822.00, 29827.75, 29784.75, 29795.00, 6750, 6352, 29807.38, 29802.50, 29806.25, 3444, 3306, 0.00, 0.00
2026-8-7, 11:21:08.101000, 29795.75, 29797.50, 29692.50, 29695.00, 6750, 6259, 29745.19, 29728.33, 29745.00, 3751, 2999, 0.00, 0.00
2026-8-7, 11:26:48.519000, 29695.00, 29721.00, 29670.50, 29675.75, 6750, 6335, 29690.56, 29689.08, 29695.75, 3417, 3333, 0.00, 0.00
2026-8-7, 11:31:52.421000, 29675.00, 29743.00, 29668.75, 29728.75, 6750, 6375, 29703.88, 29713.50, 29705.88, 3062, 3688, 0.00, 0.00
2026-8-7, 11:37:46.937000, 29729.25, 29771.50, 29724.00, 29763.25, 6750, 6231, 29747.00, 29752.92, 29747.75, 3225, 3525, 0.00, 0.00
2026-8-7, 11:47:02.562000, 29764.25, 29780.75, 29740.00, 29755.75, 6750, 6058, 29760.19, 29758.83, 29760.38, 3214, 3536, 0.00, 0.00
2026-8-7, 11:57:19.778002, 29755.75, 29768.00, 29726.75, 29761.75, 6750, 6289, 29753.06, 29752.17, 29747.38, 3203, 3547, 0.00, 0.00
2026-8-7, 12:10:17.999004, 29761.75, 29767.00, 29726.25, 29734.25, 6750, 6184, 29747.31, 29742.50, 29746.63, 3361, 3389, 0.00, 0.00
2026-8-7, 12:25:40.675000, 29734.50, 29764.25, 29727.00, 29746.75, 6750, 6151, 29743.13, 29746.00, 29745.63, 3146, 3604, 0.00, 0.00
2026-8-7, 12:43:43.100001, 29747.00, 29759.25, 29735.50, 29741.50, 6750, 6255, 29745.81, 29745.42, 29747.38, 3367, 3383, 0.00, 0.00
2026-8-7, 13:06:16.521000, 29741.00, 29753.25, 29712.25, 29712.25, 6750, 6294, 29729.69, 29725.92, 29732.75, 3548, 3202, 0.00, 0.00
2026-8-7, 13:24:19.056000, 29712.25, 29724.25, 29691.00, 29697.25, 6750, 6201, 29706.19, 29704.17, 29707.63, 3445, 3305, 0.00, 0.00
2026-8-7, 13:40:35.676001, 29697.25, 29715.00, 29676.50, 29709.00, 6750, 6432, 29699.44, 29700.17, 29695.75, 3375, 3375, 0.00, 0.00
2026-8-7, 13:58:45.128000, 29708.25, 29771.75, 29707.50, 29768.50, 6750, 6222, 29739.00, 29749.25, 29739.63, 3006, 3744, 0.00, 0.00
2026-8-7, 14:06:09.681000, 29768.50, 29810.75, 29767.50, 29808.00, 6750, 6244, 29788.69, 29795.42, 29789.13, 3062, 3688, 0.00, 0.00
2026-8-7, 14:15:27.950001, 29808.00, 29823.00, 29791.75, 29806.00, 6750, 6419, 29807.19, 29806.92, 29807.38, 3364, 3386, 0.00, 0.00
2026-8-7, 14:26:40.945002, 29805.75, 29812.00, 29773.00, 29795.75, 6750, 6418, 29796.63, 29793.58, 29792.50, 3384, 3366, 0.00, 0.00
2026-8-7, 14:38:58.072001, 29795.75, 29804.25, 29772.25, 29803.50, 6750, 6380, 29793.94, 29793.33, 29788.25, 3228, 3522, 0.00, 0.00
2026-8-7, 14:50:08.262002, 29803.25, 29848.75, 29799.00, 29827.50, 6750, 6176, 29819.63, 29825.08, 29823.88, 3132, 3618, 0.00, 0.00
2026-8-7, 14:55:39.975000, 29828.00, 29860.00, 29817.75, 29856.50, 6750, 6106, 29840.56, 29844.75, 29838.88, 3030, 3720, 0.00, 0.00
2026-8-7, 14:59:14.812000, 29856.25, 29860.25, 29826.75, 29827.25, 6750, 6103, 29842.63, 29838.08, 29843.50, 3770, 2980, 0.00, 0.00
2026-8-7, 14:59:57.952000, 29827.75, 29850.75, 29814.50, 29815.00, 6750, 6241, 29827.00, 29826.75, 29832.63, 3109, 3641, 29809.50, 0.00
2026-8-7, 15:04:31.086000, 29814.75, 29829.00, 29802.50, 29817.50, 6750, 6191, 29815.94, 29816.33, 29815.75, 3242, 3508, 0.00, 0.00
2026-8-7, 15:47:11.204000, 29817.25, 29845.00, 29814.25, 29839.50, 1555, 1240, 29829.00, 29832.92, 29829.63, 689, 866, 0.00, 0.00
2026-8-9, 17:00:00.000000, 29851.25, 29896.75, 29805.25, 29837.50, 6750, 6332, 29847.69, 29846.50, 29851.00, 3495, 3255, 0.00, 0.00
2026-8-9, 17:40:16.724000, 29836.75, 29882.25, 29796.25, 29823.00, 6750, 6407, 29834.56, 29833.83, 29839.25, 3373, 3377, 29791.25, 0.00
2026-8-9, 19:02:40.377001, 29822.75, 29906.50, 29799.75, 29812.50, 6750, 6287, 29835.38, 29839.58, 29853.13, 3390, 3360, 0.00, 0.00
2026-8-9, 19:45:41.749000, 29812.75, 29882.50, 29788.50, 29877.75, 6750, 6318, 29840.38, 29849.58, 29835.50, 3181, 3569, 0.00, 0.00
2026-8-9, 20:39:58.548007, 29877.75, 29899.50, 29848.25, 29896.00, 6750, 6418, 29880.38, 29881.25, 29873.88, 3341, 3409, 0.00, 0.00
2026-8-9, 22:45:41.901000, 29895.50, 29924.50, 29863.00, 29917.75, 6750, 6310, 29900.19, 29901.75, 29893.75, 3296, 3454, 29858.00, 0.00
2026-8-10, 00:52:52.233000, 29918.00, 29962.75, 29902.50, 29908.75, 6750, 6247, 29923.00, 29924.67, 29932.63, 3170, 3580, 29897.50, 0.00
2026-8-10, 02:07:00.961001, 29908.75, 29984.00, 29886.25, 29946.50, 6750, 6380, 29931.38, 29938.92, 29935.13, 3311, 3439, 0.00, 0.00
2026-8-10, 03:21:41.158002, 29946.50, 29983.75, 29916.00, 29944.75, 6750, 6255, 29947.75, 29948.17, 29949.88, 3344, 3406, 0.00, 0.00
2026-8-10, 05:25:19.130013, 29944.75, 29949.25, 29851.50, 29913.25, 6750, 6296, 29914.69, 29904.67, 29900.38, 3418, 3332, 0.00, 0.00
2026-8-10, 06:32:46.892000, 29911.75, 29913.25, 29810.25, 29824.75, 6750, 6002, 29865.00, 29849.42, 29861.75, 3514, 3236, 0.00, 0.00
2026-8-10, 07:25:27.838010, 29824.75, 29827.50, 29771.75, 29793.00, 6750, 6352, 29804.25, 29797.42, 29799.63, 3580, 3170, 0.00, 0.00
2026-8-10, 08:00:37.776000, 29793.00, 29823.75, 29772.25, 29799.75, 6750, 6412, 29797.19, 29798.58, 29798.00, 3432, 3318, 0.00, 0.00
2026-8-10, 08:28:29.300000, 29800.25, 29807.75, 29794.75, 29805.50, 731, 664, 29802.06, 29802.67, 29801.25, 317, 414, 0.00, 0.00
2026-8-10, 08:30:00.003000, 29805.50, 29836.50, 29788.00, 29806.00, 6750, 6445, 29809.00, 29810.17, 29812.25, 3302, 3448, 0.00, 0.00
2026-8-10, 08:32:27.152000, 29805.25, 29841.75, 29737.00, 29741.75, 6750, 6020, 29781.44, 29773.50, 29789.38, 3433, 3317, 0.00, 0.00
2026-8-10, 08:34:51.672000, 29743.25, 29811.25, 29727.75, 29767.00, 6750, 6400, 29762.31, 29768.67, 29769.50, 3471, 3279, 0.00, 0.00
2026-8-10, 08:37:00.890001, 29766.75, 29787.00, 29735.00, 29758.25, 6750, 5869, 29761.75, 29760.08, 29761.00, 3779, 2971, 0.00, 0.00
2026-8-10, 08:39:57.597002, 29758.25, 29778.00, 29718.75, 29757.50, 6750, 6010, 29753.13, 29751.42, 29748.38, 3163, 3587, 0.00, 0.00
2026-8-10, 08:42:35.382000, 29757.75, 29804.25, 29750.00, 29780.75, 6750, 6485, 29773.19, 29778.33, 29777.13, 3275, 3475, 0.00, 0.00
2026-8-10, 08:46:35.554000, 29781.50, 29832.75, 29773.75, 29808.00, 6750, 6404, 29799.00, 29804.83, 29803.25, 3345, 3405, 0.00, 0.00
2026-8-10, 08:50:49.245002, 29807.75, 29816.00, 29754.50, 29784.25, 6750, 6437, 29790.63, 29784.92, 29785.25, 3521, 3229, 0.00, 0.00
2026-8-10, 08:54:19.783000, 29784.25, 29809.75, 29756.25, 29799.00, 6750, 6524, 29787.31, 29788.33, 29783.00, 3413, 3337, 0.00, 0.00
2026-8-10, 08:59:29.033000, 29799.25, 29831.50, 29788.25, 29820.25, 6750, 6467, 29809.81, 29813.33, 29809.88, 3303, 3447, 0.00, 0.00
2026-8-10, 09:04:27.172000, 29821.00, 29870.00, 29812.75, 29865.00, 6750, 6378, 29842.19, 29849.25, 29841.38, 3094, 3656, 0.00, 0.00
2026-8-10, 09:09:38.873003, 29865.25, 29898.25, 29865.25, 29895.75, 6750, 6085, 29881.13, 29886.42, 29881.75, 3410, 3340, 0.00, 0.00
2026-8-10, 09:15:04.163052, 29895.50, 29900.00, 29855.25, 29874.00, 6750, 6352, 29881.19, 29876.42, 29877.63, 3578, 3172, 0.00, 0.00
2026-8-10, 09:21:05.049004, 29874.00, 29878.00, 29814.75, 29856.25, 6750, 6396, 29855.75, 29849.67, 29846.38, 3596, 3154, 0.00, 0.00
2026-8-10, 09:26:05.174001, 29856.25, 29881.00, 29838.25, 29881.00, 6750, 6382, 29864.13, 29866.75, 29859.63, 3133, 3617, 0.00, 0.00
2026-8-10, 09:32:56.200003, 29881.00, 29892.25, 29846.75, 29859.25, 6750, 6422, 29869.81, 29866.08, 29869.50, 3286, 3464, 0.00, 0.00
2026-8-10, 09:39:35.942000, 29858.75, 29886.00, 29855.00, 29872.00, 6750, 6348, 29867.94, 29871.00, 29870.50, 3299, 3451, 0.00, 0.00
2026-8-10, 09:50:00.172001, 29872.25, 29877.25, 29787.00, 29797.00, 6750, 6371, 29833.38, 29820.42, 29832.13, 3611, 3139, 0.00, 0.00
2026-8-10, 09:55:38.626001, 29797.00, 29816.00, 29771.25, 29788.75, 6750, 6409, 29793.25, 29792.00, 29793.63, 3450, 3300, 0.00, 0.00
2026-8-10, 10:01:23.681000, 29788.25, 29822.50, 29787.50, 29818.00, 6750, 6299, 29804.06, 29809.33, 29805.00, 3099, 3651, 0.00, 0.00
2026-8-10, 10:08:16.585000, 29818.75, 29821.00, 29766.00, 29814.00, 6750, 6383, 29804.94, 29800.33, 29793.50, 3298, 3452, 0.00, 0.00
2026-8-10, 10:16:03.513001, 29814.25, 29817.25, 29760.50, 29762.25, 6750, 6287, 29788.56, 29780.00, 29788.88, 3562, 3188, 0.00, 0.00
2026-8-10, 10:25:57.701000, 29762.00, 29787.75, 29746.25, 29747.00, 6750, 6392, 29760.75, 29760.33, 29767.00, 3418, 3332, 0.00, 0.00
2026-8-10, 10:35:24.014001, 29746.75, 29813.75, 29740.75, 29813.25, 6750, 6248, 29778.63, 29789.25, 29777.25, 3028, 3722, 0.00, 0.00
2026-8-10, 10:45:13.693001, 29813.25, 29845.00, 29786.25, 29845.00, 6750, 6261, 29822.38, 29825.42, 29815.63, 2967, 3783, 0.00, 0.00
2026-8-10, 10:54:33.836001, 29845.00, 29858.75, 29831.75, 29836.00, 6750, 6402, 29842.88, 29842.17, 29845.25, 3250, 3500, 0.00, 0.00
2026-8-10, 11:07:13.291000, 29837.00, 29839.50, 29804.75, 29829.50, 6750, 6418, 29827.69, 29824.58, 29822.13, 3361, 3389, 0.00, 0.00
2026-8-10, 11:20:47.814001, 29829.50, 29843.50, 29744.00, 29777.75, 6750, 6231, 29798.69, 29788.42, 29793.75, 3850, 2900, 0.00, 0.00
2026-8-10, 11:32:10.187000, 29776.50, 29796.00, 29758.50, 29759.25, 6750, 6460, 29772.56, 29771.25, 29777.25, 3488, 3262, 0.00, 0.00
2026-8-10, 11:41:28.240000, 29759.00, 29765.00, 29729.50, 29759.75, 6750, 6139, 29753.31, 29751.42, 29747.25, 3261, 3489, 0.00, 0.00
2026-8-10, 11:49:27.311000, 29760.25, 29783.75, 29741.75, 29771.00, 6750, 6290, 29764.19, 29765.50, 29762.75, 3226, 3524, 0.00, 0.00
2026-8-10, 12:02:56.123000, 29771.25, 29811.25, 29760.75, 29810.50, 6750, 5907, 29788.44, 29794.17, 29786.00, 2849, 3901, 0.00, 0.00
2026-8-10, 12:16:41.579000, 29810.00, 29811.25, 29774.75, 29775.00, 6750, 6331, 29792.75, 29787.00, 29793.00, 3458, 3292, 0.00, 29816.25
2026-8-10, 12:37:12.082000, 29775.00, 29778.50, 29744.25, 29749.75, 6750, 6144, 29761.88, 29757.50, 29761.38, 3533, 3217, 0.00, 0.00
2026-8-10, 12:54:00.399001, 29750.00, 29772.75, 29745.75, 29747.50, 6750, 6352, 29754.00, 29755.33, 29759.25, 3303, 3447, 0.00, 0.00
2026-8-10, 13:15:49.278001, 29747.50, 29771.00, 29741.50, 29750.25, 6750, 6236, 29752.56, 29754.25, 29756.25, 3317, 3433, 0.00, 0.00
2026-8-10, 13:37:21.129001, 29750.25, 29784.50, 29746.25, 29784.00, 6750, 6255, 29766.25, 29771.58, 29765.38, 3049, 3701, 0.00, 0.00
2026-8-10, 13:59:11.474001, 29784.00, 29796.00, 29775.50, 29789.00, 6750, 6445, 29786.13, 29786.83, 29785.75, 3320, 3430, 0.00, 0.00
2026-8-10, 14:18:52.613003, 29788.75, 29796.00, 29773.00, 29787.75, 6750, 6409, 29786.38, 29785.58, 29784.50, 3308, 3442, 0.00, 0.00
2026-8-10, 14:39:06.939000, 29787.50, 29793.00, 29753.50, 29754.75, 6750, 6255, 29772.19, 29767.08, 29773.25, 3253, 3497, 29748.50, 0.00
2026-8-10, 14:50:34.430000, 29755.50, 29757.50, 29732.50, 29741.50, 6750, 6409, 29746.75, 29743.83, 29745.00, 3299, 3451, 0.00, 0.00
2026-8-10, 14:56:10.014000, 29741.50, 29742.75, 29722.50, 29731.00, 6750, 6259, 29734.44, 29732.08, 29732.63, 3278, 3472, 0.00, 0.00
2026-8-10, 14:59:41.605000, 29731.00, 29752.00, 29728.25, 29751.50, 6750, 6183, 29740.69, 29743.92, 29740.13, 2746, 4004, 0.00, 0.00
2026-8-10, 15:00:07.400000, 29751.00, 29754.75, 29737.00, 29747.00, 6750, 6302, 29747.44, 29746.25, 29745.88, 3019, 3731, 0.00, 0.00
2026-8-10, 15:27:09.738005, 29747.00, 29788.50, 29720.75, 29727.75, 6750, 6237, 29746.00, 29745.67, 29754.63, 3345, 3405, 0.00, 0.00
2026-8-10, 18:02:00.672005, 29727.75, 29733.00, 29666.00, 29716.00, 6750, 6292, 29710.69, 29705.00, 29699.50, 3589, 3161, 0.00, 0.00
2026-8-10, 19:10:37.305005, 29715.75, 29793.75, 29711.50, 29787.50, 6750, 6299, 29752.13, 29764.25, 29752.63, 3193, 3557, 0.00, 0.00
2026-8-10, 19:55:24.002000, 29788.50, 29842.50, 29764.50, 29840.25, 6750, 6364, 29808.94, 29815.75, 29803.50, 3173, 3577, 0.00, 0.00
2026-8-10, 20:50:01.425001, 29840.50, 29847.50, 29812.00, 29834.75, 6750, 6384, 29833.69, 29831.42, 29829.75, 3364, 3386, 0.00, 0.00
2026-8-10, 23:04:08.880000, 29834.25, 29861.75, 29786.75, 29796.75, 6750, 6205, 29819.88, 29815.08, 29824.25, 3326, 3424, 0.00, 0.00
2026-8-11, 01:01:06.708001, 29796.75, 29827.75, 29732.50, 29743.00, 6750, 6289, 29775.00, 29767.75, 29780.13, 3424, 3326, 0.00, 0.00
2026-8-11, 01:54:42.242008, 29743.00, 29804.25, 29728.00, 29753.75, 6750, 6107, 29757.25, 29762.00, 29766.13, 3397, 3353, 0.00, 0.00
2026-8-11, 03:09:47.294016, 29753.75, 29774.25, 29717.75, 29766.50, 6750, 6270, 29753.06, 29752.83, 29746.00, 3474, 3276, 0.00, 0.00
2026-8-11, 04:32:49.872014, 29766.50, 29870.00, 29750.25, 29867.25, 6750, 5973, 29813.50, 29829.17, 29810.13, 3157, 3593, 29745.25, 0.00
2026-8-11, 06:01:11.726000, 29867.75, 29886.75, 29811.00, 29815.50, 6750, 6024, 29845.25, 29837.75, 29848.88, 3355, 3395, 0.00, 0.00
2026-8-11, 06:39:27.406000, 29815.50, 29871.50, 29812.75, 29823.25, 6750, 6154, 29830.75, 29835.83, 29842.13, 3399, 3351, 0.00, 0.00
2026-8-11, 07:30:40.873000, 29824.00, 29857.25, 29813.00, 29828.50, 6750, 6203, 29830.69, 29832.92, 29835.13, 3391, 3359, 0.00, 0.00
2026-8-11, 08:19:33.872000, 29828.25, 29845.75, 29816.00, 29839.00, 3832, 3397, 29832.25, 29833.58, 29830.88, 1867, 1965, 0.00, 0.00
2026-8-11, 08:30:00.000000, 29839.25, 29842.50, 29763.00, 29763.00, 6750, 6405, 29801.94, 29789.50, 29802.75, 3548, 3202, 0.00, 0.00
2026-8-11, 08:31:16.195002, 29763.00, 29779.00, 29737.75, 29738.50, 6750, 6424, 29754.56, 29751.75, 29758.38, 3442, 3308, 0.00, 0.00
2026-8-11, 08:33:49.264000, 29739.50, 29746.00, 29686.50, 29691.25, 6750, 6241, 29715.81, 29707.92, 29716.25, 3676, 3074, 0.00, 0.00
2026-8-11, 08:36:11.723000, 29691.50, 29737.75, 29679.00, 29696.25, 6750, 6429, 29701.13, 29704.33, 29708.38, 3292, 3458, 0.00, 0.00
2026-8-11, 08:39:07.467001, 29696.25, 29756.25, 29682.00, 29752.50, 6750, 6378, 29721.75, 29730.25, 29719.13, 3177, 3573, 0.00, 0.00
2026-8-11, 08:42:04.500001, 29752.75, 29756.00, 29697.75, 29698.50, 6750, 6534, 29726.25, 29717.42, 29726.88, 3565, 3185, 0.00, 0.00
2026-8-11, 08:45:38.138000, 29699.25, 29707.00, 29636.75, 29656.75, 6750, 5975, 29674.94, 29666.83, 29671.88, 3579, 3171, 0.00, 0.00
2026-8-11, 08:47:21.739001, 29656.75, 29683.25, 29631.75, 29661.50, 6750, 6447, 29658.31, 29658.83, 29657.50, 3527, 3223, 0.00, 0.00
2026-8-11, 08:50:48.172000, 29662.75, 29696.00, 29643.50, 29658.00, 6750, 6454, 29665.06, 29665.83, 29669.75, 3283, 3467, 0.00, 0.00
2026-8-11, 08:54:45.575001, 29658.00, 29710.50, 29656.25, 29706.75, 6750, 6339, 29682.88, 29691.17, 29683.38, 3224, 3526, 0.00, 0.00
2026-8-11, 08:59:21.646006, 29706.75, 29761.75, 29706.50, 29748.25, 6750, 6153, 29730.81, 29738.83, 29734.13, 3019, 3731, 0.00, 0.00
2026-8-11, 09:02:42.290001, 29748.50, 29784.75, 29744.50, 29784.00, 6750, 6260, 29765.44, 29771.08, 29764.63, 3211, 3539, 0.00, 0.00
2026-8-11, 09:07:53.446000, 29784.00, 29792.50, 29765.00, 29776.50, 6750, 6155, 29779.50, 29778.00, 29778.75, 3407, 3343, 0.00, 0.00
2026-8-11, 09:13:33.281000, 29776.50, 29791.75, 29746.25, 29762.00, 6750, 6307, 29769.13, 29766.67, 29769.00, 3612, 3138, 0.00, 0.00
2026-8-11, 09:18:09.644000, 29761.50, 29773.50, 29737.50, 29756.75, 6750, 6399, 29757.31, 29755.92, 29755.50, 3353, 3397, 0.00, 0.00
2026-8-11, 09:22:54.573008, 29756.75, 29784.00, 29742.25, 29784.00, 6750, 6354, 29766.75, 29770.08, 29763.13, 3247, 3503, 0.00, 0.00
2026-8-11, 09:30:02.452002, 29783.50, 29785.25, 29732.50, 29775.00, 6750, 6319, 29769.06, 29764.25, 29758.88, 3384, 3366, 0.00, 0.00
2026-8-11, 09:35:55.553000, 29774.50, 29777.50, 29740.25, 29748.25, 6750, 6368, 29760.13, 29755.33, 29758.88, 3286, 3464, 0.00, 0.00
2026-8-11, 09:43:16.349004, 29748.25, 29783.25, 29728.25, 29770.50, 6750, 6348, 29757.56, 29760.67, 29755.75, 3244, 3506, 0.00, 0.00
2026-8-11, 09:50:26.399000, 29770.50, 29804.75, 29765.25, 29791.75, 6750, 6467, 29783.06, 29787.25, 29785.00, 3203, 3547, 0.00, 0.00
2026-8-11, 09:56:58.756001, 29791.50, 29797.25, 29760.50, 29762.50, 6750, 6304, 29777.94, 29773.42, 29778.88, 3494, 3256, 0.00, 0.00
2026-8-11, 10:05:42.239007, 29762.50, 29764.25, 29708.00, 29711.25, 6750, 6410, 29736.50, 29727.83, 29736.13, 3617, 3133, 0.00, 0.00
2026-8-11, 10:10:46.758001, 29711.00, 29728.00, 29700.50, 29709.00, 6750, 6279, 29712.13, 29712.50, 29714.25, 3398, 3352, 0.00, 0.00
2026-8-11, 10:18:15.041000, 29709.50, 29735.25, 29697.50, 29719.00, 6750, 6248, 29715.31, 29717.25, 29716.38, 3097, 3653, 0.00, 0.00
2026-8-11, 10:26:00.718000, 29719.50, 29722.25, 29673.75, 29687.00, 6750, 6422, 29700.63, 29694.33, 29698.00, 3558, 3192, 0.00, 0.00
2026-8-11, 10:34:35.909000, 29687.00, 29693.00, 29663.75, 29679.75, 6750, 6361, 29680.88, 29678.83, 29678.38, 3308, 3442, 0.00, 0.00
2026-8-11, 10:42:40.912000, 29680.00, 29695.50, 29666.50, 29670.50, 6750, 6284, 29678.13, 29677.50, 29681.00, 3442, 3308, 0.00, 0.00
2026-8-11, 10:52:25.575000, 29670.50, 29676.00, 29653.25, 29654.00, 6750, 6448, 29663.44, 29661.08, 29664.63, 3584, 3166, 0.00, 0.00
2026-8-11, 11:02:36.461000, 29653.75, 29681.75, 29647.75, 29658.25, 6750, 6460, 29660.38, 29662.58, 29664.75, 3248, 3502, 0.00, 0.00
2026-8-11, 11:14:33.400000, 29658.25, 29669.75, 29634.75, 29635.00, 6750, 6304, 29649.44, 29646.50, 29652.25, 3493, 3257, 0.00, 0.00
2026-8-11, 11:25:26.072001, 29634.75, 29650.50, 29622.00, 29649.00, 6750, 6210, 29639.06, 29640.50, 29636.25, 3255, 3495, 0.00, 0.00
2026-8-11, 11:36:03.864000, 29649.00, 29666.75, 29614.75, 29621.75, 6750, 6354, 29638.06, 29634.42, 29640.75, 3371, 3379, 0.00, 0.00
2026-8-11, 11:47:01.783003, 29621.75, 29643.00, 29617.75, 29627.00, 6750, 6406, 29627.38, 29629.25, 29630.38, 3338, 3412, 0.00, 0.00
2026-8-11, 11:58:12.275007, 29627.00, 29634.75, 29602.75, 29613.00, 6750, 6254, 29619.38, 29616.83, 29618.75, 3300, 3450, 0.00, 0.00
2026-8-11, 12:09:35.746000, 29613.25, 29615.50, 29573.00, 29605.25, 6750, 6423, 29601.75, 29597.92, 29594.25, 3399, 3351, 0.00, 0.00
2026-8-11, 12:19:22.801003, 29605.00, 29618.00, 29592.25, 29614.25, 6750, 6215, 29607.38, 29608.17, 29605.13, 3447, 3303, 0.00, 0.00
2026-8-11, 12:29:42.333001, 29614.25, 29637.75, 29598.75, 29635.25, 6750, 6245, 29621.50, 29623.92, 29618.25, 3249, 3501, 0.00, 0.00
2026-8-11, 12:42:32.155001, 29635.25, 29640.75, 29622.00, 29622.50, 6750, 6283, 29630.13, 29628.42, 29631.38, 3433, 3317, 0.00, 0.00
2026-8-11, 13:00:18.639001, 29622.25, 29635.75, 29602.00, 29606.75, 6750, 6260, 29616.69, 29614.83, 29618.88, 3536, 3214, 0.00, 0.00
2026-8-11, 13:12:58.038000, 29607.25, 29614.75, 29574.00, 29581.25, 6750, 6369, 29594.31, 29590.00, 29594.38, 3581, 3169, 0.00, 0.00
2026-8-11, 13:27:11.154000, 29581.50, 29581.50, 29533.50, 29561.00, 6750, 6080, 29564.38, 29558.67, 29557.50, 3529, 3221, 0.00, 0.00
2026-8-11, 13:32:11.634001, 29560.75, 29576.75, 29543.50, 29559.00, 6750, 6259, 29560.00, 29559.75, 29560.13, 3427, 3323, 0.00, 0.00
2026-8-11, 13:46:18.249001, 29559.25, 29599.50, 29556.50, 29587.50, 6750, 6416, 29575.69, 29581.17, 29578.00, 3312, 3438, 0.00, 0.00
2026-8-11, 14:00:05.066001, 29587.50, 29605.75, 29571.50, 29605.75, 6750, 6274, 29592.63, 29594.33, 29588.63, 3220, 3530, 0.00, 0.00
2026-8-11, 14:13:33.686000, 29605.50, 29626.00, 29602.00, 29626.00, 6750, 6304, 29614.88, 29618.00, 29614.00, 3044, 3706, 0.00, 0.00
2026-8-11, 14:29:01.589013, 29626.00, 29658.25, 29620.00, 29656.75, 6750, 6227, 29640.25, 29645.00, 29639.13, 2877, 3873, 0.00, 0.00
2026-8-11, 14:39:04.957000, 29656.50, 29660.25, 29620.00, 29624.25, 6750, 6336, 29640.25, 29634.83, 29640.13, 3255, 3495, 0.00, 0.00
2026-8-11, 14:47:31.977001, 29624.25, 29634.75, 29607.00, 29628.25, 6750, 6371, 29623.56, 29623.33, 29620.88, 2984, 3766, 0.00, 0.00
2026-8-11, 14:54:30.010042, 29628.50, 29650.00, 29626.00, 29631.25, 6750, 6208, 29633.94, 29635.75, 29638.00, 3004, 3746, 0.00, 0.00
2026-8-11, 14:59:12.097001, 29631.25, 29647.25, 29612.50, 29644.75, 6750, 5921, 29633.94, 29634.83, 29629.88, 3215, 3535, 0.00, 0.00
2026-8-11, 15:00:01.562000, 29645.00, 29651.75, 29617.75, 29620.00, 6750, 5881, 29633.63, 29629.83, 29634.75, 3288, 3462, 0.00, 0.00
2026-8-11, 15:10:29.919000, 29620.00, 29676.50, 29614.75, 29648.75, 6750, 6031, 29640.00, 29646.67, 29645.63, 3163, 3587, 0.00, 0.00
2026-8-11, 17:00:29.100000, 29648.75, 29669.75, 29624.50, 29627.25, 6750, 6289, 29642.56, 29640.50, 29647.13, 3526, 3224, 0.00, 0.00
2026-8-11, 19:09:27.867000, 29627.75, 29681.00, 29626.50, 29653.50, 6750, 6349, 29647.19, 29653.67, 29653.75, 3360, 3390, 0.00, 0.00
2026-8-11, 20:41:30.131000, 29653.00, 29710.00, 29646.75, 29696.50, 6750, 6314, 29676.56, 29684.42, 29678.38, 3166, 3584, 0.00, 0.00
2026-8-11, 22:52:08.318000, 29697.25, 29724.25, 29668.25, 29701.75, 6750, 6277, 29697.88, 29698.08, 29696.25, 3340, 3410, 29663.25, 0.00
2026-8-12, 01:23:44.717000, 29700.50, 29772.00, 29698.25, 29769.50, 6750, 5698, 29735.06, 29746.58, 29735.13, 2886, 3864, 0.00, 0.00
2026-8-12, 03:03:27.139000, 29770.00, 29848.25, 29762.75, 29823.75, 6750, 6024, 29801.19, 29811.58, 29805.50, 3076, 3674, 0.00, 0.00
2026-8-12, 04:29:16.887001, 29823.75, 29845.25, 29785.00, 29822.00, 6750, 5921, 29819.00, 29817.42, 29815.13, 3461, 3289, 0.00, 0.00
2026-8-12, 05:50:11.752000, 29822.00, 29858.25, 29802.75, 29847.75, 6750, 6185, 29832.69, 29836.25, 29830.50, 3497, 3253, 0.00, 0.00
2026-8-12, 07:04:41.345000, 29847.75, 29960.00, 29750.25, 29811.50, 6750, 5801, 29842.38, 29840.58, 29855.13, 3382, 3368, 0.00, 0.00
2026-8-12, 07:30:16.332000, 29814.00, 29907.00, 29798.75, 29882.50, 6750, 5947, 29850.56, 29862.75, 29852.88, 3319, 3431, 0.00, 0.00
2026-8-12, 07:37:51.132000, 29883.25, 29935.00, 29878.00, 29916.25, 6750, 6037, 29903.13, 29909.75, 29906.50, 3433, 3317, 0.00, 0.00
2026-8-12, 07:59:33.624000, 29916.75, 29981.75, 29915.75, 29980.25, 6750, 6022, 29948.63, 29959.25, 29948.75, 3138, 3612, 0.00, 0.00
2026-8-12, 08:22:22.323000, 29980.25, 29992.75, 29959.75, 29991.75, 5545, 4600, 29981.13, 29981.42, 29976.25, 2268, 3277, 0.00, 0.00
2026-8-12, 08:30:00.000000, 29991.25, 30001.75, 29927.00, 29933.25, 6750, 6183, 29963.31, 29954.00, 29964.38, 3467, 3283, 0.00, 0.00
2026-8-12, 08:31:25.231001, 29933.75, 29937.00, 29888.00, 29903.00, 6750, 6031, 29915.44, 29909.33, 29912.50, 3376, 3374, 0.00, 0.00
2026-8-12, 08:33:10.760043, 29903.00, 29920.00, 29870.75, 29889.75, 6750, 5947, 29895.88, 29893.50, 29895.38, 3384, 3366, 0.00, 0.00
2026-8-12, 08:35:29.293001, 29889.50, 29946.25, 29880.50, 29909.50, 6750, 5721, 29906.44, 29912.08, 29913.38, 2676, 4074, 0.00, 0.00
2026-8-12, 08:37:59.396001, 29909.75, 29924.00, 29853.25, 29880.25, 6750, 6250, 29891.81, 29885.83, 29888.63, 3714, 3036, 0.00, 29929.00
2026-8-12, 08:40:57.715002, 29880.25, 29910.75, 29865.50, 29900.00, 6750, 6433, 29889.13, 29892.08, 29888.13, 3308, 3442, 0.00, 0.00
2026-8-12, 08:45:40.989008, 29900.00, 29970.75, 29871.00, 29966.25, 6750, 6228, 29927.00, 29936.00, 29920.88, 2961, 3789, 0.00, 0.00
2026-8-12, 08:49:01.279006, 29966.25, 29970.50, 29898.75, 29910.75, 6750, 6358, 29936.56, 29926.67, 29934.63, 3710, 3040, 0.00, 0.00
2026-8-12, 08:52:21.024000, 29910.75, 29931.50, 29873.50, 29876.00, 6750, 6286, 29897.94, 29893.67, 29902.50, 3587, 3163, 0.00, 0.00
2026-8-12, 08:56:20.641000, 29875.50, 29921.50, 29860.75, 29888.50, 6750, 6158, 29886.56, 29890.25, 29891.13, 3394, 3356, 0.00, 0.00
2026-8-12, 09:00:10.338003, 29888.50, 29913.75, 29858.00, 29864.25, 6750, 5938, 29881.13, 29878.67, 29885.88, 3602, 3148, 0.00, 0.00
2026-8-12, 09:04:38.339000, 29863.50, 29919.00, 29847.75, 29916.00, 6750, 6426, 29886.56, 29894.25, 29883.38, 3230, 3520, 29842.75, 0.00
2026-8-12, 09:09:11.374002, 29916.00, 29936.00, 29905.25, 29906.50, 6750, 5624, 29915.94, 29915.92, 29920.63, 3050, 3700, 0.00, 0.00
2026-8-12, 09:12:56.957000, 29905.00, 29918.50, 29884.25, 29909.75, 6750, 6380, 29904.38, 29904.17, 29901.38, 3412, 3338, 0.00, 0.00
2026-8-12, 09:19:19.058000, 29909.50, 29924.50, 29864.00, 29921.75, 6750, 5923, 29904.94, 29903.42, 29894.25, 3349, 3401, 0.00, 0.00
2026-8-12, 09:24:59.921001, 29921.75, 29945.75, 29904.75, 29920.25, 6750, 6225, 29923.13, 29923.58, 29925.25, 3401, 3349, 0.00, 0.00
2026-8-12, 09:30:20.586002, 29920.50, 29922.50, 29828.25, 29902.00, 6750, 6142, 29893.31, 29884.25, 29875.38, 3667, 3083, 0.00, 0.00
2026-8-12, 09:33:16.829000, 29901.25, 29929.00, 29862.00, 29912.25, 6750, 6288, 29901.13, 29901.08, 29895.50, 3374, 3376, 29857.00, 0.00
2026-8-12, 09:39:24.241000, 29910.50, 29931.50, 29894.25, 29903.75, 6750, 6209, 29910.00, 29909.83, 29912.88, 3303, 3447, 29889.25, 0.00
2026-8-12, 09:47:35.005000, 29903.50, 29906.25, 29863.00, 29875.50, 6750, 6424, 29887.06, 29881.58, 29884.63, 3429, 3321, 0.00, 0.00
2026-8-12, 09:54:13.767000, 29874.75, 29882.00, 29848.50, 29867.00, 6750, 6374, 29868.06, 29865.83, 29865.25, 3371, 3379, 0.00, 0.00
2026-8-12, 10:01:11.979001, 29867.25, 29879.00, 29839.00, 29876.50, 6750, 6299, 29865.44, 29864.83, 29859.00, 3346, 3404, 0.00, 0.00
2026-8-12, 10:09:26.741000, 29876.00, 29892.00, 29848.75, 29867.00, 6750, 6368, 29870.94, 29869.25, 29870.38, 3366, 3384, 0.00, 0.00
2026-8-12, 10:19:10.007003, 29867.00, 29879.00, 29843.50, 29868.00, 6750, 6407, 29864.38, 29863.50, 29861.25, 3471, 3279, 0.00, 0.00
2026-8-12, 10:30:17.070000, 29866.75, 29870.50, 29819.00, 29848.25, 6750, 6281, 29851.13, 29845.92, 29844.75, 3509, 3241, 0.00, 0.00
2026-8-12, 10:39:01.276000, 29848.25, 29849.50, 29818.50, 29839.50, 6750, 6291, 29838.94, 29835.83, 29834.00, 3392, 3358, 0.00, 0.00
2026-8-12, 10:51:43.596002, 29839.75, 29861.25, 29829.00, 29850.75, 6750, 6280, 29845.19, 29847.00, 29845.13, 3383, 3367, 0.00, 0.00
2026-8-12, 11:05:36.932000, 29851.00, 29877.75, 29844.75, 29866.75, 6750, 5873, 29860.06, 29863.08, 29861.25, 3371, 3379, 0.00, 0.00
2026-8-12, 11:18:00.714002, 29867.00, 29887.75, 29855.25, 29858.50, 6750, 6282, 29867.13, 29867.17, 29871.50, 3325, 3425, 0.00, 0.00
2026-8-12, 11:32:12.883001, 29858.50, 29894.75, 29851.00, 29886.50, 6750, 6104, 29872.69, 29877.42, 29872.88, 3360, 3390, 0.00, 0.00
2026-8-12, 11:44:05.097000, 29886.75, 29918.00, 29879.00, 29910.75, 6750, 6224, 29898.63, 29902.58, 29898.50, 3300, 3450, 0.00, 0.00
2026-8-12, 11:57:14.046000, 29910.50, 29924.50, 29898.00, 29901.50, 6750, 6342, 29908.63, 29908.00, 29911.25, 3498, 3252, 0.00, 0.00
2026-8-12, 12:12:40.674000, 29901.00, 29918.75, 29889.25, 29918.50, 6750, 6065, 29906.88, 29908.83, 29904.00, 3236, 3514, 0.00, 0.00
2026-8-12, 12:26:57.994001, 29918.50, 29922.25, 29901.25, 29917.75, 6750, 6344, 29914.94, 29913.75, 29911.75, 3428, 3322, 0.00, 0.00
2026-8-12, 12:44:56.255002, 29917.75, 29924.00, 29891.00, 29891.50, 6750, 6332, 29906.06, 29902.17, 29907.50, 3681, 3069, 0.00, 0.00
2026-8-12, 13:06:31.555003, 29891.25, 29918.50, 29890.25, 29909.25, 6750, 6364, 29902.31, 29906.00, 29904.38, 3589, 3161, 0.00, 0.00
2026-8-12, 13:25:36.926003, 29909.25, 29932.00, 29892.25, 29918.75, 6750, 6264, 29913.06, 29914.33, 29912.13, 3295, 3455, 0.00, 0.00
2026-8-12, 13:45:17.193001, 29918.75, 29923.25, 29885.00, 29893.50, 6750, 6284, 29905.13, 29900.58, 29904.13, 3401, 3349, 0.00, 0.00
2026-8-12, 14:03:09.401002, 29893.50, 29905.00, 29868.00, 29868.75, 6750, 6135, 29883.81, 29880.58, 29886.50, 3555, 3195, 0.00, 0.00
2026-8-12, 14:21:32.180001, 29868.75, 29874.00, 29852.50, 29856.00, 6750, 6218, 29862.81, 29860.83, 29863.25, 3495, 3255, 0.00, 0.00
2026-8-12, 14:36:52.224002, 29856.00, 29858.25, 29831.75, 29844.25, 6750, 6114, 29847.56, 29844.75, 29845.00, 3269, 3481, 0.00, 0.00
2026-8-12, 14:46:17.462000, 29844.50, 29870.00, 29839.50, 29859.25, 6750, 6143, 29853.31, 29856.25, 29854.75, 3301, 3449, 0.00, 0.00
2026-8-12, 14:54:10.448004, 29859.25, 29866.25, 29825.75, 29842.75, 6750, 6216, 29848.50, 29844.92, 29846.00, 3244, 3506, 0.00, 0.00
2026-8-12, 14:58:48.415001, 29842.75, 29859.00, 29835.50, 29856.25, 6750, 6004, 29848.38, 29850.25, 29847.25, 3115, 3635, 0.00, 0.00
2026-8-12, 14:59:58.307009, 29856.25, 29906.00, 29846.50, 29891.00, 6750, 5923, 29874.94, 29881.17, 29876.25, 3346, 3404, 0.00, 0.00
2026-8-12, 15:05:52.431000, 29891.00, 29896.75, 29813.25, 29817.25, 6750, 6277, 29854.56, 29842.42, 29855.00, 3598, 3152, 0.00, 0.00
2026-8-12, 15:31:23.897001, 29817.25, 29831.75, 29780.50, 29802.50, 6750, 6192, 29808.00, 29804.92, 29806.13, 3287, 3463, 0.00, 0.00
2026-8-12, 17:46:53.574002, 29802.75, 29863.50, 29791.75, 29849.00, 6750, 6291, 29826.75, 29834.75, 29827.63, 3234, 3516, 29786.75, 0.00
2026-8-12, 19:18:47.371000, 29851.50, 29866.75, 29808.25, 29821.75, 6750, 6353, 29837.06, 29832.25, 29837.50, 3395, 3355, 0.00, 0.00
2026-8-12, 20:30:57.866000, 29821.00, 29877.75, 29814.50, 29870.25, 6750, 6320, 29845.88, 29854.17, 29846.13, 3195, 3555, 0.00, 0.00
2026-8-12, 21:50:36.323000, 29870.50, 29907.00, 29853.75, 29907.00, 6750, 6247, 29884.56, 29889.25, 29880.38, 3213, 3537, 29848.75, 0.00
2026-8-13, 00:13:04.790000, 29907.00, 29924.00, 29868.25, 29870.75, 6750, 6197, 29892.50, 29887.67, 29896.13, 3434, 3316, 0.00, 0.00
2026-8-13, 01:42:00.700000, 29870.75, 29893.25, 29842.25, 29846.00, 6750, 6220, 29863.06, 29860.50, 29867.75, 3655, 3095, 0.00, 0.00
2026-8-13, 03:03:28.711003, 29846.00, 29875.75, 29821.00, 29859.50, 6750, 6169, 29850.56, 29852.08, 29848.38, 3325, 3425, 0.00, 0.00
2026-8-13, 04:43:20.673001, 29859.50, 29895.00, 29855.50, 29889.00, 6750, 6159, 29874.75, 29879.83, 29875.25, 3277, 3473, 29850.50, 0.00
2026-8-13, 06:48:16.823000, 29888.75, 29891.50, 29812.25, 29828.00, 6750, 6123, 29855.13, 29843.92, 29851.88, 3621, 3129, 0.00, 0.00
2026-8-13, 07:32:27.039000, 29828.25, 29886.00, 29826.25, 29885.00, 6750, 5830, 29856.38, 29865.75, 29856.13, 3353, 3397, 0.00, 0.00
2026-8-13, 08:00:11.299002, 29884.75, 29921.00, 29883.00, 29907.75, 6750, 6337, 29899.13, 29903.92, 29902.00, 3393, 3357, 0.00, 0.00
2026-8-13, 08:25:04.603000, 29907.50, 29920.00, 29906.00, 29911.00, 2513, 2226, 29911.13, 29912.33, 29913.00, 1390, 1123, 0.00, 0.00
2026-8-13, 08:30:00.001000, 29910.25, 29912.75, 29872.50, 29872.75, 6750, 6329, 29892.06, 29886.00, 29892.63, 3645, 3105, 0.00, 0.00
2026-8-13, 08:31:45.880000, 29873.25, 29940.75, 29863.50, 29939.50, 6750, 6367, 29904.25, 29914.58, 29902.13, 3077, 3673, 0.00, 0.00
2026-8-13, 08:34:33.440000, 29940.00, 30000.00, 29932.25, 30000.00, 6750, 6233, 29968.06, 29977.42, 29966.13, 2924, 3826, 0.00, 0.00
2026-8-13, 08:36:43.478013, 30000.00, 30037.25, 30000.00, 30031.50, 6750, 6368, 30017.19, 30022.92, 30018.63, 3331, 3419, 0.00, 0.00
2026-8-13, 08:39:32.096000, 30031.75, 30053.50, 30009.25, 30033.50, 6750, 6290, 30032.00, 30032.08, 30031.38, 3441, 3309, 0.00, 30058.50
2026-8-13, 08:42:28.315002, 30033.50, 30062.00, 29995.50, 30060.50, 6750, 6512, 30037.88, 30039.33, 30028.75, 3367, 3383, 0.00, 0.00
2026-8-13, 08:45:48.896000, 30061.25, 30122.50, 30059.50, 30121.25, 6750, 6340, 30091.13, 30101.08, 30091.00, 2923, 3827, 0.00, 0.00
2026-8-13, 08:48:32.427000, 30121.25, 30155.00, 30112.00, 30150.25, 6750, 6276, 30134.63, 30139.08, 30133.50, 3170, 3580, 0.00, 0.00
2026-8-13, 08:51:20.890003, 30150.25, 30153.75, 30123.00, 30148.00, 6750, 6214, 30143.75, 30141.58, 30138.38, 3650, 3100, 0.00, 0.00
2026-8-13, 08:54:45.251004, 30148.00, 30173.75, 30122.75, 30173.00, 6750, 6324, 30154.38, 30156.50, 30148.25, 3110, 3640, 0.00, 0.00
2026-8-13, 08:58:48.374000, 30173.00, 30184.50, 30155.75, 30172.25, 6750, 6132, 30171.38, 30170.83, 30170.13, 3349, 3401, 0.00, 0.00
2026-8-13, 09:01:35.483001, 30172.25, 30189.75, 30159.25, 30171.75, 6750, 6235, 30173.25, 30173.58, 30174.50, 3410, 3340, 0.00, 0.00
2026-8-13, 09:06:11.344001, 30171.75, 30198.25, 30160.75, 30193.50, 6750, 5978, 30181.06, 30184.17, 30179.50, 3220, 3530, 0.00, 0.00
2026-8-13, 09:11:10.208000, 30193.50, 30214.75, 30192.50, 30205.00, 6750, 6056, 30201.44, 30204.08, 30203.63, 3263, 3487, 0.00, 0.00
2026-8-13, 09:16:26.561000, 30205.00, 30217.50, 30185.25, 30199.00, 6750, 6083, 30201.69, 30200.58, 30201.38, 3253, 3497, 0.00, 0.00
2026-8-13, 09:21:19.059001, 30199.00, 30216.75, 30198.00, 30207.00, 6750, 5884, 30205.19, 30207.25, 30207.38, 3294, 3456, 0.00, 0.00
2026-8-13, 09:27:28.672000, 30206.25, 30249.00, 30204.00, 30246.50, 6750, 5994, 30226.44, 30233.17, 30226.50, 2925, 3825, 0.00, 0.00
2026-8-13, 09:31:55.118001, 30246.50, 30267.50, 30246.50, 30258.75, 6750, 5962, 30254.81, 30257.58, 30257.00, 3150, 3600, 0.00, 0.00
2026-8-13, 09:37:30.579001, 30258.75, 30263.75, 30234.50, 30236.50, 6750, 6075, 30248.38, 30244.92, 30249.13, 3645, 3105, 0.00, 0.00
2026-8-13, 09:43:29.671001, 30236.75, 30248.50, 30216.00, 30222.50, 6750, 6252, 30230.94, 30229.00, 30232.25, 3563, 3187, 0.00, 0.00
2026-8-13, 09:49:07.421000, 30222.25, 30228.50, 30208.00, 30223.25, 6750, 6312, 30220.50, 30219.92, 30218.25, 3334, 3416, 0.00, 0.00
2026-8-13, 09:55:04.409000, 30224.50, 30226.75, 30193.75, 30206.00, 6750, 6233, 30212.75, 30208.83, 30210.25, 3431, 3319, 0.00, 0.00
2026-8-13, 10:00:21.964001, 30206.00, 30231.50, 30195.50, 30217.25, 6750, 6324, 30212.56, 30214.75, 30213.50, 3331, 3419, 0.00, 0.00
2026-8-13, 10:06:00.388001, 30217.25, 30227.75, 30198.75, 30222.75, 6750, 6364, 30216.63, 30216.42, 30213.25, 3432, 3318, 0.00, 0.00
2026-8-13, 10:13:37.776001, 30222.75, 30236.25, 30202.00, 30231.75, 6750, 6320, 30223.19, 30223.33, 30219.13, 3259, 3491, 0.00, 0.00
2026-8-13, 10:21:51.497000, 30232.00, 30238.75, 30191.50, 30205.50, 6750, 6317, 30216.94, 30211.92, 30215.13, 3675, 3075, 0.00, 0.00
2026-8-13, 10:28:09.563004, 30205.50, 30211.25, 30167.00, 30174.50, 6750, 6225, 30189.56, 30184.25, 30189.13, 3587, 3163, 0.00, 0.00
2026-8-13, 10:33:23.794002, 30174.50, 30180.50, 30129.00, 30130.25, 6750, 6165, 30153.56, 30146.58, 30154.75, 3742, 3008, 0.00, 0.00
2026-8-13, 10:37:24.412002, 30130.25, 30176.75, 30128.25, 30167.75, 6750, 6357, 30150.75, 30157.58, 30152.50, 3288, 3462, 30123.25, 0.00
2026-8-13, 10:43:57.466000, 30167.75, 30169.75, 30112.50, 30113.75, 6750, 6296, 30140.94, 30132.00, 30141.13, 3751, 2999, 0.00, 0.00
2026-8-13, 10:52:15.931009, 30113.75, 30137.00, 30104.00, 30104.00, 6750, 6087, 30114.69, 30115.00, 30120.50, 3423, 3327, 0.00, 0.00
2026-8-13, 10:59:22.396011, 30104.00, 30172.50, 30104.00, 30164.25, 6750, 6244, 30136.19, 30146.92, 30138.25, 3020, 3730, 0.00, 0.00
2026-8-13, 11:07:22.100004, 30164.25, 30172.50, 30133.75, 30147.25, 6750, 6288, 30154.44, 30151.17, 30153.13, 3597, 3153, 0.00, 0.00
2026-8-13, 11:20:54.382002, 30147.25, 30200.00, 30144.00, 30188.75, 6750, 6170, 30170.00, 30177.58, 30172.00, 3254, 3496, 0.00, 0.00
2026-8-13, 11:31:31.497001, 30188.75, 30198.25, 30168.00, 30186.75, 6750, 6205, 30185.44, 30184.33, 30183.13, 3501, 3249, 0.00, 0.00
2026-8-13, 11:45:48.009000, 30186.50, 30208.25, 30176.50, 30208.25, 6750, 6176, 30194.88, 30197.67, 30192.38, 3293, 3457, 0.00, 0.00
2026-8-13, 12:00:34.404002, 30208.25, 30232.50, 30205.75, 30232.25, 6750, 6123, 30219.69, 30223.50, 30219.13, 3280, 3470, 0.00, 0.00
2026-8-13, 12:11:52.128000, 30231.50, 30250.00, 30224.25, 30240.00, 6750, 6208, 30236.44, 30238.08, 30237.13, 3376, 3374, 0.00, 0.00
2026-8-13, 12:23:49.056000, 30240.25, 30245.75, 30222.50, 30222.50, 6750, 6212, 30232.75, 30230.25, 30234.13, 3512, 3238, 0.00, 0.00
2026-8-13, 12:39:06.174000, 30222.50, 30231.25, 30204.50, 30204.50, 6750, 6377, 30215.69, 30213.42, 30217.88, 3503, 3247, 0.00, 0.00
2026-8-13, 12:56:59.077000, 30204.50, 30219.50, 30189.50, 30198.25, 6750, 6176, 30202.94, 30202.42, 30204.50, 3616, 3134, 0.00, 0.00
2026-8-13, 13:10:30.873007, 30198.25, 30207.75, 30181.00, 30187.25, 6750, 6324, 30193.56, 30192.00, 30194.38, 3637, 3113, 0.00, 0.00
2026-8-13, 13:25:23.044000, 30187.25, 30222.75, 30184.25, 30219.25, 6750, 6379, 30203.38, 30208.75, 30203.50, 3299, 3451, 0.00, 0.00
2026-8-13, 13:37:56.030000, 30219.25, 30242.75, 30215.25, 30238.00, 6750, 6286, 30228.81, 30232.00, 30229.00, 3359, 3391, 0.00, 0.00
2026-8-13, 13:50:43.247000, 30237.50, 30255.00, 30232.25, 30251.25, 6750, 6382, 30244.00, 30246.17, 30243.63, 3476, 3274, 0.00, 0.00
2026-8-13, 14:05:26.218000, 30251.50, 30272.75, 30238.75, 30242.25, 6750, 6019, 30251.31, 30251.25, 30255.75, 3414, 3336, 0.00, 0.00
2026-8-13, 14:13:39.826000, 30242.00, 30246.00, 30221.75, 30235.75, 6750, 6216, 30236.38, 30234.50, 30233.88, 3465, 3285, 0.00, 0.00
2026-8-13, 14:24:22.126003, 30235.50, 30236.75, 30211.00, 30219.25, 6750, 6271, 30225.63, 30222.33, 30223.88, 3543, 3207, 0.00, 0.00
2026-8-13, 14:35:09.318000, 30219.25, 30223.75, 30197.50, 30202.50, 6750, 6380, 30210.75, 30207.92, 30210.63, 3470, 3280, 0.00, 0.00
2026-8-13, 14:47:40.944003, 30202.50, 30204.75, 30183.25, 30199.25, 6750, 6020, 30197.44, 30195.75, 30194.00, 3468, 3282, 0.00, 0.00
2026-8-13, 14:54:19.798000, 30199.75, 30206.00, 30173.00, 30185.00, 6750, 6281, 30190.94, 30188.00, 30189.50, 3498, 3252, 0.00, 0.00
2026-8-13, 14:59:00.953003, 30185.00, 30193.75, 30182.00, 30189.50, 6750, 5646, 30187.56, 30188.42, 30187.88, 3470, 3280, 0.00, 0.00
2026-8-13, 14:59:56.455000, 30189.50, 30206.50, 30144.50, 30165.00, 6750, 5369, 30176.38, 30172.00, 30175.50, 3953, 2797, 0.00, 0.00
2026-8-13, 15:01:13.592003, 30165.25, 30220.00, 30161.25, 30206.00, 6750, 5726, 30188.13, 30195.75, 30190.63, 3171, 3579, 0.00, 0.00
2026-8-13, 15:14:43.046000, 30206.00, 30219.75, 30186.00, 30200.25, 6750, 6103, 30203.00, 30202.00, 30202.88, 3415, 3335, 0.00, 0.00
2026-8-13, 17:20:32.698001, 30200.25, 30232.00, 30189.50, 30203.75, 6750, 6125, 30206.38, 30208.42, 30210.75, 3356, 3394, 0.00, 0.00
2026-8-13, 19:11:41.258000, 30202.75, 30211.75, 30128.75, 30145.50, 6750, 6197, 30172.19, 30162.00, 30170.25, 3774, 2976, 0.00, 0.00
2026-8-13, 20:06:29.097001, 30145.50, 30171.75, 30124.25, 30166.00, 6750, 6321, 30151.88, 30154.00, 30148.00, 3133, 3617, 0.00, 0.00
2026-8-13, 21:16:47.154000, 30165.75, 30182.50, 30144.75, 30159.00, 6750, 6397, 30163.00, 30162.08, 30163.63, 3320, 3430, 0.00, 0.00
2026-8-13, 23:26:00.065000, 30159.00, 30182.00, 30127.75, 30165.25, 6750, 6339, 30158.50, 30158.33, 30154.88, 3409, 3341, 0.00, 0.00
2026-8-14, 01:30:03.640004, 30165.25, 30235.75, 30149.50, 30215.00, 6750, 6186, 30191.38, 30200.08, 30192.63, 3029, 3721, 0.00, 0.00
2026-8-14, 03:14:27.916002, 30214.75, 30249.75, 30206.00, 30241.50, 6750, 6167, 30228.00, 30232.42, 30227.88, 3222, 3528, 0.00, 0.00
2026-8-14, 05:13:40.702000, 30241.00, 30263.25, 30223.00, 30263.25, 6750, 5998, 30247.63, 30249.83, 30243.13, 3312, 3438, 0.00, 0.00
2026-8-14, 06:49:05.562000, 30263.25, 30280.25, 30208.50, 30255.75, 6750, 6256, 30251.94, 30248.17, 30244.38, 3339, 3411, 0.00, 0.00
2026-8-14, 07:31:17.289000, 30255.75, 30283.00, 30254.00, 30265.75, 6750, 6227, 30264.63, 30267.58, 30268.50, 3369, 3381, 0.00, 0.00
2026-8-14, 08:09:54.782002, 30265.75, 30266.50, 30236.25, 30241.75, 4863, 4588, 30252.56, 30248.17, 30251.38, 2526, 2337, 0.00, 0.00
2026-8-14, 08:30:00.000000, 30241.75, 30269.50, 30224.00, 30230.25, 6750, 6410, 30241.38, 30241.25, 30246.75, 3273, 3477, 0.00, 0.00
2026-8-14, 08:31:33.523000, 30230.25, 30258.75, 30211.25, 30213.00, 6750, 6525, 30228.31, 30227.67, 30235.00, 3403, 3347, 0.00, 0.00
2026-8-14, 08:34:22.894001, 30213.00, 30222.50, 30173.50, 30178.00, 6750, 6343, 30196.75, 30191.33, 30198.00, 3704, 3046, 0.00, 0.00
2026-8-14, 08:37:02.113000, 30178.00, 30228.50, 30169.75, 30222.25, 6750, 6413, 30199.63, 30206.83, 30199.13, 3166, 3584, 0.00, 0.00
2026-8-14, 08:40:06.914000, 30222.75, 30242.00, 30195.00, 30236.50, 6750, 6418, 30224.06, 30224.50, 30218.50, 3251, 3499, 0.00, 0.00
2026-8-14, 08:43:06.989001, 30236.25, 30275.25, 30233.00, 30259.25, 6750, 6384, 30250.94, 30255.83, 30254.13, 3177, 3573, 0.00, 0.00
2026-8-14, 08:46:16.374001, 30259.25, 30280.50, 30226.00, 30267.75, 6750, 6350, 30258.38, 30258.08, 30253.25, 3460, 3290, 0.00, 0.00
2026-8-14, 08:49:06.200001, 30267.75, 30269.25, 30218.50, 30249.25, 6750, 6393, 30251.19, 30245.67, 30243.88, 3617, 3133, 0.00, 0.00
2026-8-14, 08:51:52.326000, 30249.25, 30265.50, 30228.75, 30229.00, 6750, 6390, 30243.13, 30241.08, 30247.13, 3435, 3315, 0.00, 0.00
2026-8-14, 08:57:47.127001, 30228.75, 30237.75, 30204.75, 30237.75, 6750, 6321, 30227.25, 30226.75, 30221.25, 3609, 3141, 0.00, 0.00
2026-8-14, 09:02:25.507044, 30238.00, 30272.25, 30230.00, 30253.75, 6750, 6405, 30248.50, 30252.00, 30251.13, 3277, 3473, 0.00, 0.00
2026-8-14, 09:08:16.473000, 30253.75, 30258.75, 30215.75, 30234.00, 6750, 6190, 30240.56, 30236.17, 30237.25, 3501, 3249, 0.00, 0.00
2026-8-14, 09:12:52.110000, 30233.25, 30243.75, 30178.00, 30187.00, 6750, 6315, 30210.50, 30202.92, 30210.88, 3834, 2916, 0.00, 0.00
2026-8-14, 09:18:45.813000, 30186.00, 30193.50, 30157.00, 30166.00, 6750, 6240, 30175.63, 30172.17, 30175.25, 3575, 3175, 0.00, 0.00
2026-8-14, 09:23:30.192002, 30166.00, 30176.25, 30134.50, 30138.25, 6750, 6028, 30153.75, 30149.67, 30155.38, 3709, 3041, 0.00, 0.00
2026-8-14, 09:28:25.334001, 30138.25, 30163.25, 30129.00, 30147.75, 6750, 6057, 30144.56, 30146.67, 30146.13, 3432, 3318, 0.00, 0.00
2026-8-14, 09:32:28.879001, 30147.25, 30173.50, 30130.00, 30160.00, 6750, 5914, 30152.69, 30154.50, 30151.75, 3057, 3693, 0.00, 0.00
2026-8-14, 09:37:59.644001, 30160.00, 30176.50, 30142.00, 30145.50, 6750, 6050, 30156.00, 30154.67, 30159.25, 3221, 3529, 0.00, 0.00
2026-8-14, 09:45:37.948000, 30147.00, 30166.00, 30135.00, 30147.25, 6750, 6322, 30148.81, 30149.42, 30150.50, 3385, 3365, 0.00, 0.00
2026-8-14, 09:56:40.065010, 30147.25, 30147.75, 30110.25, 30114.75, 6750, 6071, 30130.00, 30124.25, 30129.00, 3729, 3021, 0.00, 0.00
2026-8-14, 10:03:59.267000, 30115.25, 30131.00, 30101.50, 30110.00, 6750, 6115, 30114.44, 30114.17, 30116.25, 3552, 3198, 0.00, 0.00
2026-8-14, 10:11:46.209000, 30110.75, 30112.50, 30088.00, 30093.50, 6750, 6040, 30101.19, 30098.00, 30100.25, 3641, 3109, 0.00, 0.00
2026-8-14, 10:19:41.725085, 30093.50, 30110.00, 30044.50, 30047.75, 6750, 6180, 30073.94, 30067.42, 30077.25, 3766, 2984, 0.00, 0.00
2026-8-14, 10:25:01.210001, 30047.75, 30074.50, 30033.50, 30071.00, 6750, 6164, 30056.69, 30059.67, 30054.00, 3178, 3572, 0.00, 0.00
2026-8-14, 10:30:03.713000, 30071.00, 30075.00, 30042.00, 30052.25, 6750, 6116, 30060.06, 30056.42, 30058.50, 3430, 3320, 0.00, 0.00
2026-8-14, 10:36:52.373003, 30052.25, 30058.75, 30029.50, 30053.25, 6750, 6112, 30048.44, 30047.17, 30044.13, 3414, 3336, 0.00, 0.00
2026-8-14, 10:45:35.068000, 30053.75, 30066.25, 30028.50, 30057.50, 6750, 6012, 30051.50, 30050.75, 30047.38, 3356, 3394, 0.00, 0.00
2026-8-14, 10:53:51.247002, 30057.50, 30084.25, 30052.00, 30072.75, 6750, 6121, 30066.63, 30069.67, 30068.13, 3207, 3543, 0.00, 0.00
2026-8-14, 11:02:37.417000, 30073.50, 30081.50, 30050.50, 30074.25, 6750, 6187, 30069.94, 30068.75, 30066.00, 3253, 3497, 0.00, 0.00
2026-8-14, 11:13:07.821014, 30074.25, 30094.75, 30072.75, 30092.75, 6750, 6042, 30083.63, 30086.75, 30083.75, 3248, 3502, 0.00, 0.00
2026-8-14, 11:25:16.416000, 30093.00, 30107.75, 30065.75, 30073.25, 6750, 6082, 30084.94, 30082.25, 30086.75, 3428, 3322, 0.00, 0.00
2026-8-14, 11:34:48.476003, 30073.25, 30097.50, 30061.50, 30067.75, 6750, 6169, 30075.00, 30075.58, 30079.50, 3457, 3293, 0.00, 0.00
2026-8-14, 11:46:52.553017, 30067.75, 30076.75, 30052.75, 30055.00, 6750, 6176, 30063.06, 30061.50, 30064.75, 3435, 3315, 0.00, 0.00
2026-8-14, 12:02:52.152003, 30055.00, 30079.75, 30053.00, 30066.25, 6750, 6063, 30063.50, 30066.33, 30066.38, 3378, 3372, 0.00, 0.00
2026-8-14, 12:17:41.390000, 30066.00, 30076.50, 30046.50, 30068.25, 6750, 6067, 30064.31, 30063.75, 30061.50, 3297, 3453, 0.00, 0.00
2026-8-14, 12:33:49.387003, 30068.25, 30072.25, 30049.75, 30067.00, 6750, 6169, 30064.31, 30063.00, 30061.00, 3268, 3482, 0.00, 0.00
2026-8-14, 12:53:04.301000, 30067.00, 30091.25, 30065.75, 30088.75, 6750, 6160, 30078.19, 30081.92, 30078.50, 3264, 3486, 0.00, 0.00
2026-8-14, 13:09:17.924001, 30088.75, 30092.50, 30071.25, 30071.25, 6750, 5953, 30080.94, 30078.33, 30081.88, 3517, 3233, 0.00, 0.00
2026-8-14, 13:28:13.921003, 30071.25, 30090.25, 30062.50, 30083.75, 6750, 6095, 30076.94, 30078.83, 30076.38, 3021, 3729, 0.00, 0.00
2026-8-14, 13:46:09.524000, 30083.00, 30104.00, 30077.25, 30085.75, 6750, 6096, 30087.50, 30089.00, 30090.63, 3210, 3540, 0.00, 0.00
2026-8-14, 14:02:27.458001, 30085.75, 30094.50, 30076.00, 30086.00, 6750, 6175, 30085.56, 30085.50, 30085.25, 3150, 3600, 0.00, 0.00
2026-8-14, 14:20:11.911013, 30086.00, 30106.50, 30080.50, 30105.50, 6750, 6217, 30094.63, 30097.50, 30093.50, 2970, 3780, 0.00, 0.00
2026-8-14, 14:35:51.377000, 30105.50, 30115.25, 30096.00, 30104.75, 6750, 6043, 30105.38, 30105.33, 30105.63, 3029, 3721, 0.00, 0.00
2026-8-14, 14:47:03.106001, 30104.75, 30130.00, 30104.50, 30124.00, 6750, 6012, 30115.81, 30119.50, 30117.25, 2751, 3999, 0.00, 0.00
2026-8-14, 14:53:04.952025, 30124.00, 30129.75, 30112.25, 30121.75, 6750, 6144, 30121.94, 30121.25, 30121.00, 2968, 3782, 0.00, 0.00
2026-8-14, 14:58:22.755000, 30121.75, 30148.00, 30119.75, 30146.50, 6750, 5915, 30134.00, 30138.08, 30133.88, 3174, 3576, 0.00, 0.00
2026-8-14, 14:59:59.073009, 30146.50, 30153.25, 30136.00, 30136.75, 6750, 5892, 30143.13, 30142.00, 30144.63, 3537, 3213, 0.00, 0.00
2026-8-14, 15:06:26.077000, 30137.25, 30154.75, 30127.25, 30154.00, 6336, 5691, 30143.31, 30145.33, 30141.00, 2981, 3355, 0.00, 0.00
2026-8-16, 17:00:00.000000, 30170.00, 30228.00, 30163.75, 30215.50, 6750, 6111, 30194.31, 30202.42, 30195.88, 3210, 3540, 0.00, 0.00
2026-8-16, 18:55:09.689000, 30216.75, 30233.25, 30185.50, 30218.50, 6750, 6279, 30213.50, 30212.42, 30209.38, 3283, 3467, 0.00, 0.00
2026-8-16, 20:11:50.130000, 30219.00, 30239.00, 30185.25, 30213.50, 6750, 5944, 30214.19, 30212.58, 30212.13, 3216, 3534, 0.00, 0.00
2026-8-16, 21:30:20.358000, 30213.50, 30255.00, 30212.25, 30243.50, 6750, 6441, 30231.06, 30236.92, 30233.63, 3068, 3682, 0.00, 0.00
2026-8-17, 00:10:41.068000, 30243.50, 30303.25, 30230.50, 30303.25, 6750, 5612, 30270.13, 30279.00, 30266.88, 2880, 3870, 0.00, 0.00
2026-8-17, 01:34:07.699002, 30303.25, 30331.50, 30261.00, 30311.00, 6750, 6211, 30301.69, 30301.17, 30296.25, 3409, 3341, 0.00, 0.00
2026-8-17, 02:36:45.820000, 30311.50, 30328.00, 30283.75, 30291.25, 6750, 6332, 30303.63, 30301.00, 30305.88, 3393, 3357, 0.00, 0.00
2026-8-17, 04:16:24.789003, 30291.50, 30343.00, 30267.75, 30306.50, 6750, 6118, 30302.19, 30305.75, 30305.38, 3060, 3690, 0.00, 0.00
2026-8-17, 05:53:48.249000, 30306.75, 30325.00, 30246.75, 30252.25, 6750, 6126, 30282.69, 30274.67, 30285.88, 3573, 3177, 0.00, 0.00
2026-8-17, 07:06:02.073001, 30251.75, 30283.00, 30200.00, 30202.25, 6750, 6210, 30234.25, 30228.42, 30241.50, 3625, 3125, 0.00, 0.00
2026-8-17, 07:39:00.300000, 30203.00, 30220.00, 30180.00, 30216.00, 6750, 6141, 30204.75, 30205.33, 30200.00, 3401, 3349, 0.00, 0.00
2026-8-17, 08:07:54.985000, 30215.50, 30238.00, 30205.25, 30226.50, 6750, 5520, 30221.31, 30223.25, 30221.63, 3661, 3089, 0.00, 0.00
2026-8-17, 08:29:20.325000, 30227.50, 30229.50, 30218.00, 30218.75, 401, 380, 30223.44, 30222.08, 30223.75, 211, 190, 0.00, 0.00
2026-8-17, 08:30:00.000000, 30219.25, 30266.00, 30210.00, 30247.75, 6750, 6356, 30235.75, 30241.25, 30238.00, 3123, 3627, 0.00, 0.00
2026-8-17, 08:31:30.724000, 30248.00, 30255.00, 30191.00, 30229.00, 6750, 6343, 30230.75, 30225.00, 30223.00, 3520, 3230, 0.00, 0.00
2026-8-17, 08:33:36.455000, 30227.50, 30239.25, 30185.00, 30227.00, 6750, 6413, 30219.69, 30217.08, 30212.13, 3300, 3450, 0.00, 0.00
2026-8-17, 08:36:25.968005, 30227.00, 30237.25, 30166.25, 30171.75, 6750, 6300, 30200.56, 30191.75, 30201.75, 3577, 3173, 0.00, 0.00
2026-8-17, 08:39:39.633000, 30172.25, 30230.50, 30165.50, 30219.50, 6750, 6334, 30196.94, 30205.17, 30198.00, 3082, 3668, 0.00, 0.00
2026-8-17, 08:43:11.811000, 30219.50, 30221.50, 30174.25, 30193.50, 6750, 6421, 30202.19, 30196.42, 30197.88, 3545, 3205, 0.00, 0.00
2026-8-17, 08:47:52.401001, 30193.25, 30254.25, 30191.50, 30246.50, 6750, 6349, 30221.38, 30230.75, 30222.88, 3033, 3717, 0.00, 0.00
2026-8-17, 08:52:20.063001, 30246.25, 30251.25, 30220.75, 30233.25, 6750, 6431, 30237.88, 30235.08, 30236.00, 3474, 3276, 0.00, 0.00
2026-8-17, 08:58:03.474000, 30233.25, 30243.25, 30203.00, 30207.25, 6750, 6491, 30221.69, 30217.83, 30223.13, 3498, 3252, 0.00, 0.00
2026-8-17, 09:02:43.789000, 30207.75, 30214.00, 30177.75, 30179.00, 6750, 6449, 30194.63, 30190.25, 30195.88, 3724, 3026, 0.00, 0.00
2026-8-17, 09:07:59.705000, 30179.00, 30218.00, 30161.00, 30209.50, 6750, 6383, 30191.88, 30196.17, 30189.50, 3377, 3373, 0.00, 0.00
2026-8-17, 09:11:44.977000, 30209.00, 30226.25, 30191.50, 30191.50, 6750, 6340, 30204.56, 30203.08, 30208.88, 3512, 3238, 0.00, 0.00
2026-8-17, 09:18:35.503010, 30191.50, 30194.25, 30155.25, 30179.25, 6750, 6254, 30180.06, 30176.25, 30174.75, 3648, 3102, 0.00, 0.00
2026-8-17, 09:24:43.195000, 30179.50, 30200.50, 30165.75, 30197.75, 6750, 6207, 30185.88, 30188.00, 30183.13, 3233, 3517, 0.00, 0.00
2026-8-17, 09:31:43.017000, 30197.50, 30210.00, 30186.50, 30205.25, 6750, 6486, 30199.81, 30200.58, 30198.25, 3203, 3547, 0.00, 0.00
2026-8-17, 09:42:33.910001, 30205.00, 30231.50, 30199.25, 30226.00, 6750, 6367, 30215.44, 30218.92, 30215.38, 3180, 3570, 0.00, 0.00
2026-8-17, 09:52:14.918004, 30226.00, 30246.50, 30203.00, 30244.50, 6750, 6402, 30230.00, 30231.33, 30224.75, 3035, 3715, 0.00, 0.00
2026-8-17, 10:00:03.785001, 30244.00, 30277.00, 30233.25, 30265.25, 6750, 6180, 30254.88, 30258.50, 30255.13, 3167, 3583, 0.00, 0.00
2026-8-17, 10:05:39.714000, 30265.50, 30287.50, 30257.25, 30273.50, 6750, 6344, 30270.94, 30272.75, 30272.38, 3412, 3338, 0.00, 0.00
2026-8-17, 10:12:23.857000, 30273.50, 30278.00, 30255.00, 30271.25, 6750, 6352, 30269.44, 30268.08, 30266.50, 3533, 3217, 0.00, 0.00
2026-8-17, 10:21:50.924001, 30271.00, 30277.50, 30251.00, 30252.25, 6750, 6324, 30262.94, 30260.25, 30264.25, 3434, 3316, 0.00, 0.00
2026-8-17, 10:32:34.909002, 30252.25, 30254.50, 30223.25, 30223.25, 6750, 6194, 30238.31, 30233.67, 30238.88, 3698, 3052, 0.00, 0.00
2026-8-17, 10:39:57.505000, 30223.25, 30233.25, 30207.75, 30227.25, 6750, 6180, 30222.88, 30222.75, 30220.50, 3315, 3435, 0.00, 0.00
2026-8-17, 10:46:44.841001, 30227.00, 30249.75, 30214.00, 30243.50, 6750, 6175, 30233.56, 30235.75, 30231.88, 3259, 3491, 0.00, 0.00
2026-8-17, 10:58:42.032001, 30243.50, 30247.00, 30200.50, 30211.50, 6750, 6387, 30225.63, 30219.67, 30223.75, 3821, 2929, 0.00, 0.00
2026-8-17, 11:10:02.563002, 30211.50, 30218.00, 30196.50, 30200.50, 6750, 6386, 30206.63, 30205.00, 30207.25, 3722, 3028, 0.00, 0.00
2026-8-17, 11:25:21.764001, 30200.50, 30212.75, 30188.00, 30188.00, 6750, 6373, 30197.31, 30196.25, 30200.38, 3628, 3122, 0.00, 0.00
2026-8-17, 11:41:38.596038, 30188.00, 30192.75, 30175.25, 30179.00, 6750, 6196, 30183.75, 30182.33, 30184.00, 3471, 3279, 0.00, 0.00
2026-8-17, 11:57:51.075000, 30178.50, 30187.25, 30154.00, 30160.75, 6750, 5966, 30170.13, 30167.33, 30170.63, 3561, 3189, 0.00, 0.00
2026-8-17, 12:10:16.134000, 30160.75, 30163.75, 30125.00, 30132.50, 6750, 5760, 30145.50, 30140.42, 30144.38, 3424, 3326, 0.00, 0.00
2026-8-17, 12:16:10.224001, 30132.50, 30139.50, 30103.00, 30103.75, 6750, 6217, 30119.69, 30115.42, 30121.25, 3596, 3154, 0.00, 0.00
2026-8-17, 12:23:06.012004, 30103.75, 30116.00, 30092.50, 30096.75, 6750, 6001, 30102.25, 30101.75, 30104.25, 3412, 3338, 0.00, 0.00
2026-8-17, 12:29:12.595000, 30096.50, 30115.00, 30090.50, 30114.75, 6750, 5925, 30104.19, 30106.75, 30102.75, 3095, 3655, 0.00, 0.00
2026-8-17, 12:37:36.189017, 30114.75, 30128.00, 30086.50, 30118.75, 6750, 6126, 30112.00, 30111.08, 30107.25, 3262, 3488, 0.00, 0.00
2026-8-17, 12:47:00.452000, 30118.50, 30121.50, 30092.50, 30097.25, 6750, 6290, 30107.44, 30103.75, 30107.00, 3685, 3065, 0.00, 0.00
2026-8-17, 13:02:04.273000, 30097.25, 30104.25, 30079.25, 30104.25, 6750, 6417, 30096.25, 30095.92, 30091.75, 3545, 3205, 0.00, 0.00
2026-8-17, 13:13:01.810002, 30104.25, 30113.75, 30089.50, 30107.25, 6750, 6330, 30103.69, 30103.50, 30101.63, 3451, 3299, 0.00, 0.00
2026-8-17, 13:26:53.525002, 30107.25, 30120.00, 30092.50, 30118.25, 6750, 6385, 30109.50, 30110.25, 30106.25, 3319, 3431, 0.00, 0.00
2026-8-17, 13:44:40.226001, 30118.25, 30136.50, 30115.50, 30119.00, 6750, 6284, 30122.31, 30123.67, 30126.00, 3291, 3459, 0.00, 0.00
2026-8-17, 14:02:02.597000, 30119.50, 30119.75, 30082.25, 30094.50, 6750, 6069, 30104.00, 30098.83, 30101.00, 3592, 3158, 0.00, 0.00
2026-8-17, 14:16:18.519000, 30094.50, 30114.00, 30082.75, 30097.25, 6750, 6180, 30097.13, 30098.00, 30098.38, 3297, 3453, 0.00, 0.00
2026-8-17, 14:28:01.038001, 30097.25, 30111.75, 30088.75, 30104.75, 6750, 6250, 30100.63, 30101.75, 30100.25, 3136, 3614, 0.00, 0.00
2026-8-17, 14:41:08.194003, 30104.75, 30123.00, 30096.50, 30104.00, 6750, 6299, 30107.06, 30107.83, 30109.75, 3329, 3421, 0.00, 0.00
2026-8-17, 14:52:14.439000, 30103.75, 30106.25, 30066.50, 30084.75, 6750, 6362, 30090.31, 30085.83, 30086.38, 3281, 3469, 0.00, 0.00
2026-8-17, 14:57:31.000003, 30084.75, 30105.00, 30083.25, 30096.50, 6750, 5904, 30092.38, 30094.92, 30094.13, 3105, 3645, 0.00, 0.00
2026-8-17, 14:59:56.535001, 30096.50, 30098.00, 30070.25, 30077.00, 6750, 5932, 30085.44, 30081.75, 30084.13, 3585, 3165, 0.00, 0.00
2026-8-17, 15:07:18.808017, 30077.00, 30091.75, 30054.50, 30080.00, 6750, 6251, 30075.81, 30075.42, 30073.13, 3276, 3474, 0.00, 0.00
2026-8-17, 17:05:46.019000, 30078.75, 30103.00, 30062.25, 30095.50, 6750, 6331, 30084.88, 30086.92, 30082.63, 3372, 3378, 0.00, 0.00
2026-8-17, 19:01:58.436006, 30095.75, 30121.25, 30083.75, 30090.00, 6750, 6279, 30097.69, 30098.33, 30102.50, 3390, 3360, 30078.75, 0.00
2026-8-17, 20:21:07.139000, 30090.00, 30102.75, 30007.25, 30015.50, 6750, 6007, 30053.88, 30041.83, 30055.00, 3623, 3127, 0.00, 0.00
2026-8-17, 20:51:40.827007, 30015.25, 30022.00, 29963.00, 29966.25, 6750, 5578, 29991.63, 29983.75, 29992.50, 3396, 3354, 0.00, 0.00
2026-8-17, 21:15:05.651001, 29966.50, 29971.00, 29918.75, 29931.50, 6750, 6276, 29946.94, 29940.42, 29944.88, 3491, 3259, 0.00, 0.00
2026-8-17, 21:42:17.660002, 29931.50, 29943.00, 29880.25, 29889.50, 6750, 6106, 29911.06, 29904.25, 29911.63, 3546, 3204, 0.00, 0.00
2026-8-17, 22:14:32.449000, 29890.00, 29905.75, 29853.00, 29885.75, 6750, 6255, 29883.63, 29881.50, 29879.38, 3417, 3333, 0.00, 0.00
2026-8-17, 22:50:30.602000, 29884.75, 29921.00, 29870.25, 29897.75, 6750, 6102, 29893.44, 29896.33, 29895.63, 3400, 3350, 29865.25, 0.00
2026-8-17, 23:46:32.716002, 29898.00, 29927.25, 29850.00, 29850.00, 6750, 6048, 29881.31, 29875.75, 29888.63, 3633, 3117, 0.00, 0.00
2026-8-18, 00:58:12.187034, 29850.00, 29860.00, 29786.00, 29846.25, 6750, 6272, 29835.56, 29830.75, 29823.00, 3561, 3189, 0.00, 0.00
2026-8-18, 01:22:44.089001, 29846.25, 29896.50, 29822.50, 29823.00, 6750, 6372, 29847.06, 29847.33, 29859.50, 3430, 3320, 0.00, 0.00
2026-8-18, 02:36:05.206000, 29822.25, 29849.25, 29736.50, 29754.25, 6750, 6269, 29790.56, 29780.00, 29792.88, 3654, 3096, 0.00, 0.00
2026-8-18, 03:10:06.531000, 29754.25, 29792.25, 29735.75, 29758.50, 6750, 6300, 29760.19, 29762.17, 29764.00, 3406, 3344, 0.00, 0.00
2026-8-18, 03:55:15.400000, 29757.75, 29778.00, 29698.25, 29716.25, 6750, 6260, 29737.56, 29730.83, 29738.13, 3631, 3119, 29693.25, 0.00
2026-8-18, 04:42:43.873002, 29716.00, 29744.75, 29687.25, 29738.00, 6750, 6052, 29721.50, 29723.33, 29716.00, 3533, 3217, 0.00, 0.00
2026-8-18, 05:35:22.681000, 29739.00, 29773.75, 29720.50, 29743.00, 6750, 6113, 29744.06, 29745.75, 29747.13, 3477, 3273, 0.00, 0.00
2026-8-18, 06:36:44.432003, 29742.75, 29786.00, 29726.00, 29750.00, 6750, 6037, 29751.19, 29754.00, 29756.00, 3322, 3428, 0.00, 0.00
2026-8-18, 07:21:02.280003, 29750.00, 29760.00, 29680.50, 29709.25, 6750, 5914, 29724.94, 29716.58, 29720.25, 3353, 3397, 0.00, 0.00
2026-8-18, 07:50:30.179008, 29709.25, 29726.50, 29690.75, 29704.75, 6750, 6025, 29707.81, 29707.33, 29708.63, 3564, 3186, 0.00, 0.00
2026-8-18, 08:22:50.387000, 29704.00, 29704.50, 29678.00, 29690.75, 5042, 4207, 29694.31, 29691.08, 29691.25, 3046, 1996, 0.00, 0.00
2026-8-18, 08:30:00.000000, 29690.25, 29723.50, 29658.25, 29723.50, 6750, 6207, 29698.88, 29701.75, 29690.88, 3731, 3019, 0.00, 0.00
2026-8-18, 08:31:00.994001, 29723.50, 29755.25, 29702.00, 29704.50, 6750, 6133, 29721.31, 29720.58, 29728.63, 3574, 3176, 0.00, 0.00
2026-8-18, 08:32:26.434000, 29704.50, 29716.25, 29643.50, 29649.50, 6750, 5923, 29678.44, 29669.75, 29679.88, 4033, 2717, 0.00, 0.00
2026-8-18, 08:33:42.281002, 29649.50, 29723.50, 29631.25, 29719.50, 6750, 6322, 29680.94, 29691.42, 29677.38, 3397, 3353, 0.00, 0.00
2026-8-18, 08:35:27.072000, 29718.75, 29731.50, 29673.25, 29705.25, 6750, 5804, 29707.19, 29703.33, 29702.38, 3733, 3017, 0.00, 0.00
2026-8-18, 08:37:12.283000, 29705.75, 29742.25, 29686.25, 29728.50, 6750, 6411, 29715.69, 29719.00, 29714.25, 3160, 3590, 0.00, 0.00
2026-8-18, 08:40:18.736000, 29729.50, 29769.75, 29723.75, 29734.75, 6750, 6166, 29739.44, 29742.75, 29746.75, 3345, 3405, 0.00, 0.00
2026-8-18, 08:43:12.874000, 29734.50, 29744.50, 29667.25, 29692.50, 6750, 6187, 29709.69, 29701.42, 29705.88, 3506, 3244, 0.00, 0.00
2026-8-18, 08:45:57.517000, 29692.50, 29700.50, 29656.00, 29661.50, 6750, 6298, 29677.63, 29672.67, 29678.25, 3511, 3239, 0.00, 0.00
2026-8-18, 08:49:23.383005, 29661.50, 29683.75, 29639.75, 29643.00, 6750, 6306, 29657.00, 29655.50, 29661.75, 3350, 3400, 0.00, 0.00
2026-8-18, 08:52:41.298002, 29643.00, 29668.50, 29604.75, 29612.25, 6750, 6321, 29632.13, 29628.50, 29636.63, 3614, 3136, 0.00, 0.00
2026-8-18, 08:56:06.408001, 29612.50, 29665.25, 29611.75, 29641.25, 6750, 6358, 29632.69, 29639.42, 29638.50, 3128, 3622, 0.00, 0.00
2026-8-18, 08:59:45.498004, 29641.25, 29682.25, 29621.25, 29661.50, 6750, 6223, 29651.56, 29655.00, 29651.75, 3348, 3402, 0.00, 0.00
2026-8-18, 09:02:38.337001, 29660.75, 29705.75, 29643.25, 29647.50, 6750, 6267, 29664.31, 29665.50, 29674.50, 3410, 3340, 0.00, 0.00
2026-8-18, 09:05:56.871007, 29647.50, 29675.25, 29614.25, 29616.75, 6750, 6252, 29638.44, 29635.42, 29644.75, 3587, 3163, 0.00, 0.00
2026-8-18, 09:10:03.929003, 29616.75, 29621.25, 29577.75, 29581.00, 6750, 5752, 29599.19, 29593.33, 29599.50, 3476, 3274, 0.00, 0.00
2026-8-18, 09:12:15.490001, 29581.25, 29609.50, 29568.50, 29603.25, 6750, 6184, 29590.63, 29593.75, 29589.00, 3020, 3730, 0.00, 0.00
2026-8-18, 09:15:52.877002, 29603.50, 29636.00, 29593.25, 29634.25, 6750, 6284, 29616.75, 29621.17, 29614.63, 3276, 3474, 0.00, 0.00
2026-8-18, 09:19:49.840000, 29634.50, 29645.50, 29593.25, 29623.00, 6750, 6170, 29624.06, 29620.58, 29619.38, 3359, 3391, 0.00, 0.00
2026-8-18, 09:24:11.456001, 29623.00, 29684.25, 29623.00, 29684.25, 6750, 6143, 29653.63, 29663.83, 29653.63, 2726, 4024, 0.00, 0.00
2026-8-18, 09:27:09.352003, 29684.25, 29689.50, 29655.50, 29663.00, 6750, 6316, 29673.06, 29669.33, 29672.50, 3101, 3649, 0.00, 0.00
2026-8-18, 09:31:40.121000, 29663.00, 29691.25, 29649.00, 29680.25, 6750, 6241, 29670.88, 29673.50, 29670.13, 3108, 3642, 0.00, 0.00
2026-8-18, 09:37:11.727001, 29680.25, 29684.75, 29642.25, 29642.75, 6750, 5595, 29662.50, 29656.58, 29663.50, 3714, 3036, 0.00, 0.00
2026-8-18, 09:42:16.323004, 29642.75, 29647.75, 29600.75, 29612.75, 6750, 6347, 29626.00, 29620.42, 29624.25, 3432, 3318, 0.00, 0.00
2026-8-18, 09:48:03.453000, 29612.50, 29620.00, 29590.00, 29591.50, 6750, 6096, 29603.50, 29600.50, 29605.00, 3295, 3455, 0.00, 0.00
2026-8-18, 09:52:48.107002, 29591.75, 29594.00, 29555.00, 29566.25, 6750, 6139, 29576.75, 29571.75, 29574.50, 3501, 3249, 0.00, 0.00
2026-8-18, 09:55:30.328003, 29566.25, 29567.00, 29536.25, 29547.75, 6750, 6237, 29554.31, 29550.33, 29551.63, 3263, 3487, 0.00, 0.00
2026-8-18, 09:59:59.744001, 29547.75, 29560.25, 29526.00, 29551.00, 6750, 6283, 29546.25, 29545.75, 29543.13, 3270, 3480, 0.00, 0.00
2026-8-18, 10:03:33.504000, 29551.00, 29571.00, 29543.25, 29559.25, 6750, 6136, 29556.13, 29557.83, 29557.13, 3220, 3530, 0.00, 0.00
2026-8-18, 10:07:27.102000, 29558.75, 29566.50, 29514.00, 29531.50, 6750, 6098, 29542.69, 29537.33, 29540.25, 3343, 3407, 0.00, 0.00
2026-8-18, 10:12:09.490004, 29531.50, 29560.75, 29528.00, 29538.50, 6750, 6220, 29539.69, 29542.42, 29544.38, 3083, 3667, 0.00, 0.00
2026-8-18, 10:19:34.788004, 29538.25, 29580.00, 29532.00, 29577.50, 6750, 6211, 29556.94, 29563.17, 29556.00, 3123, 3627, 0.00, 0.00
2026-8-18, 10:25:27.752000, 29577.50, 29607.75, 29570.50, 29605.50, 6750, 6065, 29590.31, 29594.58, 29589.13, 3157, 3593, 0.00, 0.00
2026-8-18, 10:31:11.241000, 29605.50, 29610.00, 29567.00, 29573.50, 6750, 6182, 29589.00, 29583.50, 29588.50, 3225, 3525, 29562.00, 0.00
2026-8-18, 10:37:38.111000, 29574.25, 29617.00, 29566.50, 29613.75, 6750, 6220, 29592.88, 29599.08, 29591.75, 2835, 3915, 0.00, 0.00
2026-8-18, 10:46:24.132001, 29613.75, 29635.50, 29598.75, 29631.00, 6750, 6211, 29619.75, 29621.75, 29617.13, 3019, 3731, 0.00, 0.00
2026-8-18, 10:53:17.318001, 29631.00, 29649.50, 29617.25, 29648.25, 6750, 6279, 29636.50, 29638.33, 29633.38, 3134, 3616, 0.00, 0.00
2026-8-18, 11:00:54.838000, 29648.25, 29653.75, 29625.00, 29642.00, 6750, 6172, 29642.25, 29640.25, 29639.38, 3293, 3457, 0.00, 0.00
2026-8-18, 11:08:28.723001, 29642.00, 29663.25, 29628.75, 29638.25, 6750, 6346, 29643.06, 29643.42, 29646.00, 3075, 3675, 0.00, 0.00
2026-8-18, 11:18:08.710001, 29638.25, 29657.25, 29621.00, 29626.50, 6750, 6306, 29635.75, 29634.92, 29639.13, 3248, 3502, 0.00, 0.00
2026-8-18, 11:27:27.015001, 29626.75, 29628.75, 29603.25, 29624.75, 6750, 6231, 29620.88, 29618.92, 29616.00, 3065, 3685, 0.00, 0.00
2026-8-18, 11:36:02.376000, 29624.25, 29650.00, 29613.25, 29625.50, 6750, 6331, 29628.25, 29629.58, 29631.63, 2942, 3808, 0.00, 0.00
2026-8-18, 11:46:14.053001, 29625.50, 29670.75, 29625.00, 29654.50, 6750, 6239, 29643.94, 29650.08, 29647.88, 3010, 3740, 0.00, 0.00
2026-8-18, 11:55:57.741000, 29654.00, 29660.75, 29630.00, 29632.00, 6750, 6399, 29644.19, 29640.92, 29645.38, 3173, 3577, 0.00, 0.00
2026-8-18, 12:06:59.528004, 29632.00, 29641.75, 29604.75, 29614.75, 6750, 6303, 29623.31, 29620.42, 29623.25, 3243, 3507, 0.00, 0.00
2026-8-18, 12:21:33.357000, 29615.25, 29622.00, 29593.00, 29620.50, 6750, 6293, 29612.69, 29611.83, 29607.50, 3118, 3632, 0.00, 0.00
2026-8-18, 12:32:40.071000, 29620.25, 29621.25, 29591.50, 29610.50, 6750, 5793, 29610.88, 29607.75, 29606.38, 3421, 3329, 0.00, 0.00
2026-8-18, 12:45:41.759002, 29610.75, 29612.00, 29561.50, 29563.25, 6750, 6323, 29586.88, 29578.92, 29586.75, 3497, 3253, 0.00, 0.00
2026-8-18, 13:00:05.344000, 29563.00, 29578.00, 29549.25, 29551.00, 6750, 6317, 29560.31, 29559.42, 29563.63, 3349, 3401, 0.00, 0.00
2026-8-18, 13:11:25.241001, 29551.00, 29607.50, 29547.25, 29603.00, 6750, 6089, 29577.19, 29585.92, 29577.38, 2978, 3772, 0.00, 0.00
2026-8-18, 13:20:13.112000, 29603.00, 29615.00, 29588.00, 29605.25, 6750, 6060, 29602.81, 29602.75, 29601.50, 3241, 3509, 0.00, 0.00
2026-8-18, 13:31:27.338000, 29605.00, 29614.00, 29583.50, 29595.50, 6750, 6208, 29599.50, 29597.67, 29598.75, 3457, 3293, 0.00, 0.00
2026-8-18, 13:46:35.005000, 29595.50, 29597.75, 29564.50, 29571.50, 6750, 6280, 29582.31, 29577.92, 29581.13, 3507, 3243, 0.00, 0.00
2026-8-18, 14:01:02.770001, 29571.50, 29586.00, 29566.00, 29572.75, 6750, 6319, 29574.06, 29574.92, 29576.00, 3362, 3388, 0.00, 0.00
2026-8-18, 14:17:21.532000, 29572.50, 29605.50, 29564.75, 29603.00, 6750, 6292, 29586.44, 29591.08, 29585.13, 3159, 3591, 0.00, 0.00
2026-8-18, 14:29:02.694000, 29603.75, 29606.75, 29584.25, 29593.25, 6750, 6246, 29597.00, 29594.75, 29595.50, 3380, 3370, 0.00, 0.00
2026-8-18, 14:40:23.028000, 29593.00, 29610.00, 29582.75, 29610.00, 6750, 6442, 29598.94, 29600.92, 29596.38, 3074, 3676, 0.00, 0.00
2026-8-18, 14:50:00.797051, 29610.00, 29610.00, 29559.25, 29573.50, 6750, 6374, 29588.19, 29580.92, 29584.63, 3402, 3348, 0.00, 0.00
2026-8-18, 14:55:05.038001, 29573.50, 29589.25, 29569.75, 29589.00, 6750, 6187, 29580.38, 29582.67, 29579.50, 3310, 3440, 0.00, 0.00
2026-8-18, 14:59:00.004007, 29589.00, 29601.75, 29574.75, 29577.00, 6750, 6025, 29585.63, 29584.50, 29588.25, 3316, 3434, 0.00, 0.00
2026-8-18, 14:59:50.083000, 29577.00, 29596.75, 29568.00, 29594.25, 6750, 5909, 29584.00, 29586.33, 29582.38, 3373, 3377, 0.00, 0.00
2026-8-18, 15:00:44.690001, 29594.25, 29594.50, 29561.50, 29578.75, 6750, 6222, 29582.25, 29578.25, 29578.00, 3441, 3309, 0.00, 0.00
2026-8-18, 15:30:51.881038, 29578.75, 29593.50, 29544.75, 29548.75, 6750, 6174, 29566.44, 29562.33, 29569.13, 3398, 3352, 0.00, 0.00
2026-8-18, 17:29:56.400000, 29547.50, 29567.25, 29514.25, 29546.50, 6750, 6015, 29543.88, 29542.67, 29540.75, 3256, 3494, 0.00, 0.00
2026-8-18, 18:30:34.240000, 29548.25, 29552.75, 29442.00, 29484.00, 6750, 5377, 29506.75, 29492.92, 29497.38, 3420, 3330, 0.00, 0.00
2026-8-18, 19:03:29.428000, 29484.00, 29551.75, 29450.00, 29544.00, 6750, 6150, 29507.44, 29515.25, 29500.88, 3270, 3480, 29445.00, 0.00
2026-8-18, 19:31:34.660000, 29543.00, 29586.00, 29530.25, 29571.75, 6750, 6052, 29557.75, 29562.67, 29558.13, 3210, 3540, 0.00, 0.00
2026-8-18, 20:04:56.740000, 29572.75, 29609.50, 29568.50, 29573.50, 6750, 5926, 29581.06, 29583.83, 29589.00, 3237, 3513, 0.00, 0.00
2026-8-18, 20:34:31.247000, 29573.50, 29591.25, 29521.00, 29558.75, 6750, 6404, 29561.13, 29557.00, 29556.13, 3441, 3309, 0.00, 0.00
2026-8-18, 21:24:21.513000, 29559.75, 29563.25, 29514.00, 29551.50, 6750, 6406, 29547.13, 29542.92, 29538.63, 3358, 3392, 0.00, 0.00
2026-8-18, 22:36:44.277000, 29551.75, 29567.00, 29475.50, 29475.50, 6750, 6224, 29517.44, 29506.00, 29521.25, 3642, 3108, 29470.50, 0.00
2026-8-18, 23:48:49.008002, 29475.50, 29535.00, 29459.00, 29468.00, 6750, 6267, 29484.38, 29487.33, 29497.00, 3449, 3301, 29454.00, 0.00
2026-8-19, 00:48:58.552000, 29466.50, 29504.75, 29430.50, 29482.00, 6750, 6244, 29470.94, 29472.42, 29467.63, 3559, 3191, 0.00, 0.00
2026-8-19, 01:44:44.082000, 29482.00, 29563.50, 29482.00, 29559.75, 6750, 6006, 29521.81, 29535.08, 29522.75, 3037, 3713, 0.00, 0.00
2026-8-19, 02:20:54.215000, 29560.25, 29627.25, 29547.25, 29626.25, 6750, 6221, 29590.25, 29600.25, 29587.25, 2947, 3803, 0.00, 0.00
2026-8-19, 03:04:15.667000, 29626.00, 29640.75, 29600.25, 29623.25, 6750, 5904, 29622.56, 29621.42, 29620.50, 3308, 3442, 0.00, 0.00
2026-8-19, 03:40:45.977001, 29623.25, 29633.25, 29549.50, 29553.50, 6750, 5776, 29589.88, 29578.75, 29591.38, 3322, 3428, 0.00, 0.00
2026-8-19, 04:45:42.789001, 29553.50, 29563.00, 29510.75, 29532.75, 6750, 6135, 29540.00, 29535.50, 29536.88, 3410, 3340, 0.00, 0.00
2026-8-19, 05:53:02.491000, 29532.25, 29578.00, 29506.75, 29516.50, 6750, 6302, 29533.38, 29533.75, 29542.38, 3491, 3259, 0.00, 0.00
2026-8-19, 06:53:38.140001, 29516.50, 29582.75, 29511.50, 29577.75, 6750, 6235, 29547.13, 29557.33, 29547.13, 3180, 3570, 0.00, 0.00
2026-8-19, 07:28:36.979003, 29577.75, 29663.00, 29549.25, 29653.25, 6750, 5883, 29610.81, 29621.83, 29606.13, 2971, 3779, 0.00, 0.00
2026-8-19, 07:37:48.347001, 29653.00, 29700.00, 29650.00, 29695.75, 6750, 5937, 29674.69, 29681.92, 29675.00, 3223, 3527, 0.00, 0.00
2026-8-19, 07:45:20.154001, 29695.75, 29757.25, 29690.50, 29754.00, 6750, 6094, 29724.38, 29733.92, 29723.88, 3143, 3607, 0.00, 0.00
2026-8-19, 07:52:09.034000, 29754.00, 29754.25, 29703.25, 29704.25, 6750, 5933, 29728.94, 29720.58, 29728.75, 3520, 3230, 0.00, 29759.25
2026-8-19, 08:01:16.558000, 29704.75, 29735.00, 29679.75, 29733.50, 6750, 6209, 29713.25, 29716.08, 29707.38, 3415, 3335, 0.00, 0.00
2026-8-19, 08:13:26.954000, 29733.75, 29748.25, 29707.75, 29712.25, 6750, 6232, 29725.50, 29722.75, 29728.00, 3483, 3267, 0.00, 0.00
2026-8-19, 08:29:03.329003, 29712.25, 29717.50, 29695.75, 29696.00, 1324, 1195, 29705.38, 29703.08, 29706.63, 766, 558, 0.00, 0.00
2026-8-19, 08:30:00.000000, 29696.00, 29719.25, 29648.50, 29676.25, 6750, 6213, 29685.00, 29681.33, 29683.88, 3391, 3359, 0.00, 0.00
2026-8-19, 08:31:01.731000, 29677.00, 29714.50, 29667.50, 29711.50, 6750, 6485, 29692.63, 29697.83, 29691.00, 3208, 3542, 0.00, 0.00
2026-8-19, 08:32:49.217004, 29711.50, 29742.75, 29666.50, 29670.50, 6750, 6389, 29697.81, 29693.25, 29704.63, 3494, 3256, 0.00, 0.00
2026-8-19, 08:35:01.262002, 29670.50, 29688.25, 29622.75, 29626.00, 6750, 6416, 29651.88, 29645.67, 29655.50, 3619, 3131, 0.00, 0.00
2026-8-19, 08:37:09.654000, 29626.25, 29650.25, 29599.75, 29600.50, 6750, 6481, 29619.19, 29616.83, 29625.00, 3543, 3207, 0.00, 0.00
2026-8-19, 08:39:48.499019, 29600.50, 29614.00, 29577.50, 29593.50, 6750, 6328, 29596.38, 29595.00, 29595.75, 3537, 3213, 0.00, 0.00
2026-8-19, 08:41:30.092000, 29591.75, 29621.75, 29560.50, 29618.25, 6750, 6235, 29598.06, 29600.17, 29591.13, 3234, 3516, 29555.50, 0.00
2026-8-19, 08:43:54.130005, 29618.75, 29635.50, 29597.50, 29628.50, 6750, 6289, 29620.06, 29620.50, 29616.50, 3157, 3593, 0.00, 0.00
2026-8-19, 08:46:28.525000, 29628.50, 29629.50, 29533.00, 29536.25, 6750, 6335, 29581.81, 29566.25, 29581.25, 3838, 2912, 0.00, 0.00
2026-8-19, 08:48:37.896000, 29536.50, 29540.25, 29458.25, 29466.25, 6750, 6211, 29500.31, 29488.25, 29499.25, 3603, 3147, 0.00, 0.00
2026-8-19, 08:50:01.925000, 29466.75, 29493.00, 29406.50, 29420.25, 6750, 6234, 29446.63, 29439.92, 29449.75, 3617, 3133, 0.00, 0.00
2026-8-19, 08:51:37.901000, 29420.25, 29471.50, 29407.50, 29469.75, 6750, 6102, 29442.25, 29449.58, 29439.50, 3138, 3612, 0.00, 0.00
2026-8-19, 08:53:18.721002, 29469.75, 29501.25, 29456.75, 29496.75, 6750, 6322, 29481.13, 29484.92, 29479.00, 3117, 3633, 0.00, 0.00
2026-8-19, 08:55:35.872003, 29496.75, 29525.50, 29472.50, 29493.00, 6750, 6364, 29496.94, 29497.00, 29499.00, 3237, 3513, 0.00, 0.00
2026-8-19, 08:58:16.085000, 29493.25, 29517.25, 29459.25, 29471.25, 6750, 6343, 29485.25, 29482.58, 29488.25, 3455, 3295, 0.00, 0.00
2026-8-19, 09:01:13.277000, 29471.75, 29490.75, 29456.00, 29472.50, 6750, 6525, 29472.75, 29473.08, 29473.38, 3267, 3483, 0.00, 0.00
2026-8-19, 09:04:46.522000, 29472.25, 29504.25, 29436.25, 29455.00, 6750, 6451, 29466.94, 29465.17, 29470.25, 3608, 3142, 0.00, 0.00
2026-8-19, 09:08:21.221000, 29456.00, 29470.25, 29388.50, 29389.50, 6750, 6011, 29426.06, 29416.08, 29429.38, 3699, 3051, 0.00, 0.00
2026-8-19, 09:11:34.784000, 29389.50, 29418.25, 29377.25, 29392.25, 6750, 6283, 29394.31, 29395.92, 29397.75, 3378, 3372, 0.00, 0.00
2026-8-19, 09:14:45.883000, 29391.75, 29453.00, 29375.75, 29445.25, 6750, 6279, 29416.44, 29424.67, 29414.38, 3156, 3594, 0.00, 0.00
2026-8-19, 09:16:49.591002, 29445.25, 29469.00, 29423.25, 29423.25, 6750, 6363, 29440.19, 29438.50, 29446.13, 3244, 3506, 0.00, 0.00
2026-8-19, 09:19:50.095001, 29423.25, 29456.75, 29385.25, 29401.75, 6750, 6411, 29416.75, 29414.58, 29421.00, 3328, 3422, 0.00, 0.00
2026-8-19, 09:23:07.319001, 29401.50, 29432.00, 29395.00, 29419.25, 6750, 6553, 29411.94, 29415.42, 29413.50, 3237, 3513, 0.00, 0.00
2026-8-19, 09:27:17.109002, 29419.25, 29502.50, 29416.50, 29502.50, 6750, 6213, 29460.19, 29473.83, 29459.50, 2825, 3925, 0.00, 0.00
2026-8-19, 09:31:04.165038, 29502.50, 29519.25, 29477.75, 29519.25, 6750, 6331, 29504.69, 29505.42, 29498.50, 3186, 3564, 0.00, 0.00
2026-8-19, 09:35:59.369017, 29519.25, 29571.00, 29507.00, 29566.25, 6750, 6180, 29540.88, 29548.08, 29539.00, 3073, 3677, 0.00, 0.00
2026-8-19, 09:40:01.777000, 29567.00, 29575.00, 29535.00, 29563.25, 6750, 6233, 29560.06, 29557.75, 29555.00, 3454, 3296, 0.00, 0.00
2026-8-19, 09:44:55.052002, 29563.25, 29566.75, 29527.00, 29541.50, 6750, 6421, 29549.63, 29545.08, 29546.88, 3308, 3442, 0.00, 0.00
2026-8-19, 09:51:08.307000, 29541.00, 29604.00, 29537.00, 29583.00, 6750, 6175, 29566.25, 29574.67, 29570.50, 3135, 3615, 0.00, 0.00
2026-8-19, 09:55:56.910000, 29583.25, 29627.50, 29582.25, 29619.50, 6750, 6337, 29603.13, 29609.75, 29604.88, 3295, 3455, 0.00, 0.00
2026-8-19, 10:01:20.709002, 29619.50, 29629.75, 29582.75, 29605.75, 6750, 6293, 29609.44, 29606.08, 29606.25, 3493, 3257, 0.00, 29634.75
2026-8-19, 10:07:50.996000, 29606.75, 29624.00, 29581.00, 29608.50, 6750, 6243, 29605.06, 29604.50, 29602.50, 3287, 3463, 0.00, 0.00
2026-8-19, 10:16:09.076001, 29608.25, 29631.25, 29594.75, 29595.75, 6750, 6189, 29607.50, 29607.25, 29613.00, 3387, 3363, 0.00, 0.00
2026-8-19, 10:25:21.480002, 29595.75, 29620.00, 29585.00, 29590.00, 6750, 6273, 29597.69, 29598.33, 29602.50, 3185, 3565, 0.00, 0.00
2026-8-19, 10:35:27.011000, 29589.50, 29598.00, 29550.25, 29575.00, 6750, 6351, 29578.19, 29574.42, 29574.13, 3371, 3379, 0.00, 0.00
2026-8-19, 10:43:44.290012, 29575.25, 29616.25, 29570.75, 29582.00, 6750, 6144, 29586.06, 29589.67, 29593.50, 3157, 3593, 0.00, 0.00
2026-8-19, 10:51:48.527003, 29582.25, 29620.25, 29569.75, 29619.25, 6750, 6271, 29597.88, 29603.08, 29595.00, 3188, 3562, 0.00, 0.00
2026-8-19, 11:01:54.888007, 29619.00, 29653.75, 29618.50, 29646.25, 6750, 6113, 29634.38, 29639.50, 29636.13, 3255, 3495, 0.00, 0.00
2026-8-19, 11:11:35.572001, 29646.25, 29667.25, 29628.25, 29644.00, 6750, 6352, 29646.44, 29646.50, 29647.75, 3399, 3351, 0.00, 0.00
2026-8-19, 11:23:28.064000, 29644.25, 29647.25, 29596.00, 29608.25, 6750, 6232, 29623.94, 29617.17, 29621.63, 3357, 3393, 0.00, 0.00
2026-8-19, 11:35:04.564000, 29608.00, 29621.50, 29578.00, 29585.50, 6750, 6242, 29598.25, 29595.00, 29599.75, 3309, 3441, 0.00, 0.00
2026-8-19, 11:50:26.741000, 29586.00, 29586.25, 29545.00, 29549.50, 6750, 6271, 29566.69, 29560.25, 29565.63, 3511, 3239, 0.00, 0.00
2026-8-19, 12:03:16.107000, 29549.25, 29573.25, 29539.50, 29548.50, 6750, 6299, 29552.63, 29553.75, 29556.38, 3341, 3409, 0.00, 0.00
2026-8-19, 12:16:16.636003, 29548.25, 29556.50, 29510.50, 29531.25, 6750, 6208, 29536.63, 29532.75, 29533.50, 3383, 3367, 0.00, 0.00
2026-8-19, 12:26:59.059000, 29531.50, 29544.25, 29513.75, 29541.50, 6750, 6351, 29532.75, 29533.17, 29529.00, 3115, 3635, 0.00, 0.00
2026-8-19, 12:42:52.859001, 29541.50, 29561.00, 29532.75, 29558.50, 6750, 6459, 29548.44, 29550.75, 29546.88, 3304, 3446, 0.00, 0.00
2026-8-19, 13:01:04.515002, 29558.50, 29592.50, 29509.25, 29513.25, 6750, 6205, 29543.38, 29538.33, 29550.88, 3592, 3158, 0.00, 29597.50
2026-8-19, 13:07:43.303001, 29513.25, 29541.25, 29498.50, 29503.50, 6750, 6302, 29514.13, 29514.42, 29519.88, 3449, 3301, 0.00, 0.00
2026-8-19, 13:16:52.657001, 29503.50, 29545.75, 29492.00, 29543.25, 6750, 6300, 29521.13, 29527.00, 29518.88, 3119, 3631, 0.00, 0.00
2026-8-19, 13:30:12.477002, 29543.50, 29578.75, 29536.25, 29554.75, 6750, 6264, 29553.31, 29556.58, 29557.50, 3197, 3553, 0.00, 0.00
2026-8-19, 13:40:47.860000, 29555.25, 29563.75, 29527.50, 29540.00, 6750, 6372, 29546.63, 29543.75, 29545.63, 3354, 3396, 0.00, 0.00
2026-8-19, 13:58:45.042000, 29540.25, 29559.50, 29529.50, 29549.25, 6750, 6500, 29544.63, 29546.08, 29544.50, 3216, 3534, 0.00, 0.00
2026-8-19, 14:16:17.623000, 29548.50, 29579.75, 29543.75, 29568.00, 6750, 6487, 29560.00, 29563.83, 29561.75, 3206, 3544, 0.00, 0.00
2026-8-19, 14:30:26.413005, 29568.25, 29590.00, 29533.00, 29535.75, 6750, 6427, 29556.75, 29552.92, 29561.50, 3359, 3391, 0.00, 0.00
2026-8-19, 14:41:41.059000, 29535.50, 29544.50, 29487.75, 29502.50, 6750, 6287, 29517.56, 29511.58, 29516.13, 3387, 3363, 0.00, 0.00
2026-8-19, 14:50:10.270000, 29502.50, 29521.75, 29485.25, 29491.25, 6750, 6204, 29500.19, 29499.42, 29503.50, 3246, 3504, 0.00, 0.00
2026-8-19, 14:55:00.202001, 29491.50, 29522.00, 29488.50, 29520.00, 6750, 6250, 29505.50, 29510.17, 29505.25, 3035, 3715, 0.00, 0.00
2026-8-19, 14:59:16.626001, 29519.75, 29525.75, 29499.25, 29522.75, 6750, 5889, 29516.88, 29515.92, 29512.50, 3229, 3521, 0.00, 0.00
2026-8-19, 15:00:00.065000, 29522.75, 29542.75, 29517.75, 29526.75, 6750, 5847, 29527.50, 29529.08, 29530.25, 3270, 3480, 0.00, 0.00
2026-8-19, 15:13:47.621000, 29526.75, 29615.00, 29514.25, 29603.75, 6750, 6221, 29564.94, 29577.67, 29564.63, 3216, 3534, 0.00, 0.00
2026-8-19, 17:13:28.672000, 29602.00, 29689.75, 29601.75, 29657.50, 6750, 5167, 29637.75, 29649.67, 29645.75, 3439, 3311, 0.00, 0.00
2026-8-19, 18:02:56.749000, 29656.25, 29666.75, 29581.50, 29625.00, 6750, 6147, 29632.38, 29624.42, 29624.13, 3620, 3130, 0.00, 0.00
2026-8-19, 19:14:41.451002, 29625.00, 29684.25, 29617.00, 29665.00, 6750, 6285, 29647.81, 29655.42, 29650.63, 3302, 3448, 0.00, 0.00
2026-8-19, 20:08:52.802002, 29665.00, 29683.00, 29623.75, 29680.25, 6750, 6230, 29663.00, 29662.33, 29653.38, 3408, 3342, 0.00, 0.00
2026-8-19, 21:07:37.208001, 29680.25, 29683.25, 29606.00, 29642.50, 6750, 6145, 29653.00, 29643.92, 29644.63, 3400, 3350, 0.00, 0.00
2026-8-19, 22:22:17.146001, 29642.50, 29657.25, 29593.50, 29608.75, 6750, 6062, 29625.50, 29619.83, 29625.38, 3452, 3298, 0.00, 0.00
2026-8-20, 00:08:43.610000, 29610.25, 29671.50, 29587.75, 29671.50, 6750, 6127, 29635.25, 29643.58, 29629.63, 3350, 3400, 0.00, 0.00
2026-8-20, 01:34:53.081000, 29672.00, 29686.50, 29595.00, 29626.00, 6750, 6164, 29644.88, 29635.83, 29640.75, 3320, 3430, 0.00, 0.00
2026-8-20, 02:35:59.996002, 29625.75, 29637.00, 29515.50, 29543.75, 6750, 6189, 29580.50, 29565.42, 29576.25, 3719, 3031, 0.00, 0.00
2026-8-20, 03:19:06.111001, 29543.75, 29543.75, 29452.75, 29489.00, 6750, 5958, 29507.31, 29495.17, 29498.25, 3502, 3248, 0.00, 0.00
2026-8-20, 03:50:57.343000, 29489.00, 29564.00, 29464.00, 29559.25, 6750, 6254, 29519.06, 29529.08, 29514.00, 3377, 3373, 0.00, 0.00
2026-8-20, 05:12:46.002001, 29559.50, 29582.25, 29479.00, 29485.25, 6750, 6239, 29526.50, 29515.50, 29530.63, 3681, 3069, 0.00, 0.00
2026-8-20, 06:09:08.696001, 29485.25, 29498.25, 29419.00, 29444.25, 6750, 5939, 29461.69, 29453.83, 29458.63, 3458, 3292, 0.00, 0.00
2026-8-20, 06:40:30.095000, 29444.25, 29450.50, 29348.75, 29356.50, 6750, 6112, 29400.00, 29385.25, 29399.63, 3678, 3072, 0.00, 0.00
2026-8-20, 07:00:19.427000, 29356.25, 29375.00, 29281.75, 29286.00, 6750, 6016, 29324.75, 29314.25, 29328.38, 3574, 3176, 0.00, 0.00
2026-8-20, 07:11:33.439001, 29286.00, 29306.50, 29262.50, 29289.75, 6750, 6003, 29286.19, 29286.25, 29284.50, 3488, 3262, 0.00, 0.00
2026-8-20, 07:25:46.491001, 29289.75, 29296.25, 29240.00, 29279.75, 6750, 5994, 29276.44, 29272.00, 29268.13, 3551, 3199, 0.00, 0.00
2026-8-20, 07:43:27.603000, 29279.25, 29368.00, 29276.00, 29359.00, 6750, 6237, 29320.56, 29334.33, 29322.00, 3102, 3648, 0.00, 0.00
2026-8-20, 08:01:12.193000, 29360.00, 29373.25, 29324.00, 29338.25, 6750, 6218, 29348.88, 29345.17, 29348.63, 3483, 3267, 0.00, 0.00
2026-8-20, 08:22:33.762000, 29338.25, 29369.00, 29333.75, 29350.75, 3821, 3565, 29347.94, 29351.17, 29351.38, 1799, 2022, 0.00, 0.00
2026-8-20, 08:30:00.002000, 29351.00, 29399.00, 29338.75, 29392.75, 6750, 6424, 29370.38, 29376.83, 29368.88, 3428, 3322, 0.00, 0.00
2026-8-20, 08:31:21.957000, 29392.25, 29434.00, 29386.50, 29410.50, 6750, 6460, 29405.81, 29410.33, 29410.25, 3352, 3398, 0.00, 0.00
2026-8-20, 08:33:17.841001, 29410.50, 29430.00, 29372.00, 29429.25, 6750, 6523, 29410.44, 29410.42, 29401.00, 3301, 3449, 0.00, 0.00
2026-8-20, 08:35:21.549000, 29430.00, 29470.25, 29423.50, 29458.25, 6750, 6417, 29445.50, 29450.67, 29446.88, 3259, 3491, 0.00, 0.00
2026-8-20, 08:37:38.937001, 29458.25, 29466.75, 29406.75, 29408.75, 6750, 6422, 29435.13, 29427.42, 29436.75, 3727, 3023, 0.00, 0.00
2026-8-20, 08:40:15.219000, 29408.75, 29456.00, 29390.00, 29454.50, 6750, 6481, 29427.31, 29433.50, 29423.00, 3368, 3382, 0.00, 0.00
2026-8-20, 08:42:41.085001, 29454.50, 29460.00, 29406.50, 29413.00, 6750, 6464, 29433.50, 29426.50, 29433.25, 3391, 3359, 0.00, 0.00
2026-8-20, 08:45:42.157001, 29413.00, 29416.75, 29371.50, 29371.50, 6750, 6367, 29393.19, 29386.58, 29394.13, 3505, 3245, 0.00, 0.00
2026-8-20, 08:48:24.271004, 29371.50, 29392.75, 29350.00, 29361.50, 6750, 6409, 29368.94, 29368.08, 29371.38, 3509, 3241, 0.00, 0.00
2026-8-20, 08:51:14.933000, 29362.00, 29366.25, 29308.75, 29332.75, 6750, 6286, 29342.44, 29335.92, 29337.50, 3494, 3256, 0.00, 0.00
2026-8-20, 08:53:28.719000, 29333.25, 29403.50, 29327.50, 29399.50, 6750, 6460, 29365.94, 29376.83, 29365.50, 3174, 3576, 29322.50, 0.00
2026-8-20, 08:56:02.219003, 29399.75, 29409.00, 29324.00, 29342.75, 6750, 6389, 29368.88, 29358.58, 29366.50, 3472, 3278, 0.00, 0.00
2026-8-20, 08:58:35.548001, 29342.75, 29395.00, 29340.25, 29364.75, 6750, 6499, 29360.69, 29366.67, 29367.63, 3230, 3520, 0.00, 0.00
2026-8-20, 09:01:56.800000, 29365.25, 29382.75, 29316.50, 29326.75, 6750, 6330, 29347.81, 29342.00, 29349.63, 3446, 3304, 0.00, 29387.75
2026-8-20, 09:05:32.824000, 29326.50, 29380.75, 29326.50, 29366.75, 6750, 6336, 29350.13, 29358.00, 29353.63, 3277, 3473, 0.00, 0.00
2026-8-20, 09:09:23.272000, 29366.50, 29409.00, 29364.00, 29378.75, 6750, 6317, 29379.56, 29383.92, 29386.50, 3223, 3527, 0.00, 0.00
2026-8-20, 09:12:47.631000, 29379.50, 29403.00, 29331.25, 29332.50, 6750, 6377, 29361.56, 29355.58, 29367.13, 3533, 3217, 0.00, 0.00
2026-8-20, 09:16:41.967000, 29332.50, 29356.50, 29305.00, 29355.50, 6750, 6273, 29337.38, 29339.00, 29330.75, 3395, 3355, 0.00, 0.00
2026-8-20, 09:20:35.628000, 29355.75, 29408.25, 29351.00, 29406.75, 6750, 6452, 29380.44, 29388.67, 29379.63, 3246, 3504, 0.00, 0.00
2026-8-20, 09:23:59.716000, 29407.25, 29414.00, 29338.25, 29353.00, 6750, 6327, 29378.13, 29368.42, 29376.13, 3567, 3183, 0.00, 0.00
2026-8-20, 09:27:59.048000, 29352.75, 29377.50, 29334.25, 29363.00, 6750, 5993, 29356.88, 29358.25, 29355.88, 3235, 3515, 0.00, 0.00
2026-8-20, 09:32:31.094000, 29363.25, 29391.25, 29329.00, 29388.25, 6750, 6442, 29367.94, 29369.50, 29360.13, 3302, 3448, 0.00, 0.00
2026-8-20, 09:37:42.635001, 29388.00, 29430.00, 29366.00, 29422.00, 6750, 6383, 29401.50, 29406.00, 29398.00, 3263, 3487, 0.00, 0.00
2026-8-20, 09:43:18.513000, 29422.00, 29433.50, 29372.50, 29382.25, 6750, 6302, 29402.56, 29396.08, 29403.00, 3590, 3160, 0.00, 0.00
2026-8-20, 09:49:42.507001, 29382.25, 29398.25, 29352.50, 29364.75, 6750, 6494, 29374.44, 29371.83, 29375.38, 3363, 3387, 0.00, 0.00
2026-8-20, 09:56:52.468000, 29365.00, 29446.50, 29349.00, 29436.25, 6750, 6372, 29399.19, 29410.58, 29397.75, 3167, 3583, 0.00, 0.00
2026-8-20, 10:01:32.040001, 29436.25, 29457.50, 29410.00, 29414.75, 6750, 6440, 29429.63, 29427.42, 29433.75, 3374, 3376, 0.00, 0.00
2026-8-20, 10:05:25.140000, 29414.75, 29414.75, 29343.50, 29349.50, 6750, 6352, 29380.63, 29369.25, 29379.13, 3522, 3228, 0.00, 0.00
2026-8-20, 10:09:52.892004, 29349.50, 29383.00, 29324.50, 29362.00, 6750, 6328, 29354.75, 29356.50, 29353.75, 3284, 3466, 0.00, 0.00
2026-8-20, 10:15:02.796000, 29362.00, 29369.50, 29321.75, 29321.75, 6750, 6434, 29343.75, 29337.67, 29345.63, 3355, 3395, 0.00, 0.00
2026-8-20, 10:22:39.089000, 29321.50, 29341.50, 29301.00, 29341.50, 6750, 6215, 29326.38, 29328.00, 29321.25, 3423, 3327, 0.00, 0.00
2026-8-20, 10:28:25.394000, 29341.00, 29350.50, 29292.00, 29302.50, 6750, 6382, 29321.50, 29315.00, 29321.25, 3484, 3266, 0.00, 0.00
2026-8-20, 10:35:02.798000, 29302.00, 29315.75, 29276.50, 29294.75, 6750, 6287, 29297.25, 29295.67, 29296.13, 3393, 3357, 0.00, 0.00
2026-8-20, 10:42:28.009000, 29294.50, 29308.25, 29269.25, 29300.25, 6750, 6320, 29293.06, 29292.58, 29288.75, 3279, 3471, 0.00, 0.00
2026-8-20, 10:50:47.625000, 29300.50, 29332.75, 29291.25, 29329.25, 6750, 6371, 29313.44, 29317.75, 29312.00, 3191, 3559, 0.00, 0.00
2026-8-20, 11:00:06.119000, 29328.75, 29346.00, 29302.75, 29326.00, 6750, 6428, 29325.88, 29324.92, 29324.38, 3307, 3443, 0.00, 0.00
2026-8-20, 11:09:20.271000, 29325.50, 29342.00, 29305.00, 29339.75, 6750, 6322, 29328.06, 29328.92, 29323.50, 3241, 3509, 0.00, 0.00
2026-8-20, 11:23:12.566000, 29339.75, 29356.50, 29310.00, 29331.00, 6750, 6282, 29334.31, 29332.50, 29333.25, 3276, 3474, 0.00, 0.00
2026-8-20, 11:34:32.376000, 29330.75, 29378.00, 29328.75, 29368.25, 6750, 5939, 29351.44, 29358.33, 29353.38, 3034, 3716, 0.00, 0.00
2026-8-20, 11:45:22.041000, 29369.00, 29389.00, 29356.25, 29368.00, 6750, 5863, 29370.56, 29371.08, 29372.63, 3167, 3583, 0.00, 0.00
2026-8-20, 11:57:16.776000, 29368.00, 29385.75, 29334.75, 29346.25, 6750, 6123, 29358.69, 29355.58, 29360.25, 3334, 3416, 0.00, 0.00
2026-8-20, 12:10:25.907000, 29346.00, 29354.25, 29298.00, 29317.25, 6750, 6319, 29328.88, 29323.17, 29326.13, 3406, 3344, 0.00, 0.00
2026-8-20, 12:22:12.998000, 29317.25, 29324.75, 29288.00, 29290.75, 6750, 6037, 29305.19, 29301.17, 29306.38, 3197, 3553, 0.00, 0.00
2026-8-20, 12:33:40.932011, 29290.75, 29305.25, 29282.75, 29302.00, 6750, 6284, 29295.19, 29296.67, 29294.00, 3193, 3557, 0.00, 0.00
2026-8-20, 12:47:29.034000, 29302.00, 29325.75, 29288.50, 29290.00, 6750, 6432, 29301.56, 29301.42, 29307.13, 3323, 3427, 0.00, 0.00
2026-8-20, 13:00:03.673000, 29290.25, 29291.25, 29236.25, 29245.75, 6750, 6232, 29265.88, 29257.75, 29263.75, 3761, 2989, 0.00, 0.00
2026-8-20, 13:06:10.422000, 29246.00, 29248.25, 29215.00, 29237.50, 6750, 5898, 29236.69, 29233.58, 29231.63, 3337, 3413, 0.00, 0.00
2026-8-20, 13:12:40.893002, 29237.50, 29248.00, 29202.75, 29244.75, 6750, 6160, 29233.25, 29231.83, 29225.38, 3395, 3355, 0.00, 0.00
2026-8-20, 13:21:06.740000, 29244.00, 29248.25, 29220.50, 29228.25, 6750, 6254, 29235.25, 29232.33, 29234.38, 3486, 3264, 0.00, 0.00
2026-8-20, 13:31:49.934000, 29227.75, 29233.50, 29212.00, 29229.75, 6750, 5995, 29225.75, 29225.08, 29222.75, 3483, 3267, 0.00, 0.00
2026-8-20, 13:43:44.374000, 29230.00, 29258.75, 29227.00, 29258.75, 6750, 6296, 29243.63, 29248.17, 29242.88, 3415, 3335, 0.00, 0.00
2026-8-20, 13:55:27.151000, 29258.00, 29284.00, 29242.25, 29283.50, 6750, 6380, 29266.94, 29269.92, 29263.13, 3192, 3558, 0.00, 0.00
2026-8-20, 14:06:04.759000, 29284.25, 29294.25, 29273.50, 29279.00, 6750, 6285, 29282.75, 29282.25, 29283.88, 3592, 3158, 0.00, 0.00
2026-8-20, 14:17:16.476000, 29279.00, 29307.50, 29267.75, 29300.75, 6750, 6301, 29288.75, 29292.00, 29287.63, 3404, 3346, 0.00, 0.00
2026-8-20, 14:28:47.527000, 29301.00, 29324.00, 29290.25, 29319.25, 6750, 6350, 29308.63, 29311.17, 29307.13, 3184, 3566, 0.00, 0.00
2026-8-20, 14:38:35.463001, 29319.25, 29335.25, 29296.50, 29304.00, 6750, 6104, 29313.75, 29311.92, 29315.88, 3378, 3372, 0.00, 29340.25
2026-8-20, 14:46:05.923000, 29304.00, 29326.75, 29293.00, 29323.50, 6750, 6300, 29311.81, 29314.42, 29309.88, 3286, 3464, 0.00, 0.00
2026-8-20, 14:53:01.910001, 29323.50, 29331.25, 29286.50, 29287.25, 6750, 6414, 29307.13, 29301.67, 29308.88, 3398, 3352, 0.00, 0.00
2026-8-20, 14:57:32.022000, 29286.75, 29319.25, 29286.75, 29296.75, 6750, 6104, 29297.38, 29300.92, 29303.00, 3191, 3559, 0.00, 0.00
2026-8-20, 14:59:46.482000, 29296.50, 29316.50, 29290.75, 29310.75, 6750, 6035, 29303.63, 29306.00, 29303.63, 3470, 3280, 0.00, 0.00
2026-8-20, 15:00:44.735002, 29311.00, 29320.50, 29262.50, 29283.00, 6750, 6115, 29294.25, 29288.67, 29291.50, 3282, 3468, 0.00, 0.00
2026-8-20, 15:22:41.605001, 29283.00, 29345.75, 29274.25, 29305.75, 6750, 5981, 29302.19, 29308.58, 29310.00, 3250, 3500, 0.00, 0.00
2026-8-20, 17:35:24.726004, 29305.75, 29339.25, 29286.00, 29339.25, 6750, 6298, 29317.56, 29321.50, 29312.63, 3335, 3415, 29281.00, 0.00
2026-8-20, 19:06:50.034010, 29339.50, 29365.50, 29311.75, 29330.25, 6750, 6127, 29336.75, 29335.83, 29338.63, 3249, 3501, 0.00, 0.00
2026-8-20, 20:02:02.288000, 29328.25, 29372.50, 29291.75, 29356.50, 6750, 6155, 29337.25, 29340.25, 29332.13, 3271, 3479, 0.00, 0.00
2026-8-20, 21:02:18.982000, 29355.75, 29399.25, 29343.25, 29367.25, 6750, 6014, 29366.38, 29369.92, 29371.25, 3289, 3461, 0.00, 0.00
2026-8-20, 22:36:38.436000, 29364.00, 29380.75, 29321.25, 29368.75, 6750, 6131, 29358.69, 29356.92, 29351.00, 3393, 3357, 0.00, 0.00
2026-8-21, 00:34:43.257000, 29369.75, 29419.50, 29340.25, 29408.25, 6750, 6060, 29384.44, 29389.33, 29379.88, 3334, 3416, 0.00, 0.00
2026-8-21, 02:07:00.136000, 29408.25, 29458.75, 29406.50, 29452.00, 6750, 5930, 29431.38, 29439.08, 29432.63, 3290, 3460, 0.00, 0.00
2026-8-21, 03:00:34.946003, 29452.00, 29464.25, 29390.50, 29452.25, 6750, 6221, 29439.75, 29435.67, 29427.38, 3491, 3259, 0.00, 0.00
2026-8-21, 03:47:27.612000, 29452.00, 29480.00, 29411.50, 29476.00, 6750, 5944, 29454.88, 29455.83, 29445.75, 3440, 3310, 0.00, 0.00
2026-8-21, 04:42:57.081001, 29476.00, 29518.50, 29464.50, 29489.50, 6750, 5820, 29487.13, 29490.83, 29491.50, 3658, 3092, 0.00, 0.00
2026-8-21, 05:32:18.700003, 29489.50, 29525.00, 29452.75, 29516.25, 6750, 5959, 29495.88, 29498.00, 29488.88, 3240, 3510, 0.00, 0.00
2026-8-21, 06:29:40.647000, 29517.50, 29539.00, 29479.75, 29488.25, 6750, 5459, 29506.13, 29502.33, 29509.38, 3332, 3418, 0.00, 0.00
2026-8-21, 07:05:42.491001, 29488.00, 29539.00, 29477.75, 29530.50, 6750, 6101, 29508.81, 29515.75, 29508.38, 3237, 3513, 0.00, 0.00
2026-8-21, 07:49:16.789001, 29530.50, 29532.00, 29459.25, 29460.00, 6750, 6086, 29495.44, 29483.75, 29495.63, 3587, 3163, 0.00, 0.00
2026-8-21, 08:17:15.497000, 29460.25, 29472.00, 29418.00, 29472.00, 6750, 6024, 29455.56, 29454.00, 29445.00, 3351, 3399, 0.00, 0.00
2026-8-21, 08:28:06.140001, 29472.00, 29485.25, 29466.00, 29468.75, 2857, 2462, 29473.00, 29473.33, 29475.63, 1390, 1467, 0.00, 0.00
2026-8-21, 08:30:00.000000, 29469.50, 29476.00, 29414.00, 29424.25, 6750, 6354, 29445.94, 29438.08, 29445.00, 3678, 3072, 0.00, 0.00
2026-8-21, 08:31:26.915000, 29424.50, 29427.25, 29357.75, 29376.75, 6750, 6331, 29396.56, 29387.25, 29392.50, 3530, 3220, 0.00, 0.00
2026-8-21, 08:33:30.839000, 29377.00, 29388.75, 29342.00, 29368.50, 6750, 6366, 29369.06, 29366.42, 29365.38, 3419, 3331, 0.00, 0.00
2026-8-21, 08:35:55.377000, 29368.25, 29373.50, 29319.00, 29333.25, 6750, 6491, 29348.50, 29341.92, 29346.25, 3565, 3185, 0.00, 0.00
2026-8-21, 08:38:35.026000, 29332.75, 29360.25, 29320.75, 29349.50, 6750, 6537, 29340.81, 29343.50, 29340.50, 3329, 3421, 0.00, 0.00
2026-8-21, 08:41:45.540000, 29349.50, 29360.00, 29307.75, 29341.50, 6750, 6309, 29339.69, 29336.42, 29333.88, 3462, 3288, 0.00, 0.00
2026-8-21, 08:45:09.776008, 29341.75, 29359.25, 29310.00, 29323.00, 6750, 6230, 29333.50, 29330.75, 29334.63, 3516, 3234, 0.00, 0.00
2026-8-21, 08:48:26.718000, 29322.75, 29345.50, 29300.75, 29303.25, 6750, 6324, 29318.06, 29316.50, 29323.13, 3537, 3213, 0.00, 0.00
2026-8-21, 08:52:05.820001, 29303.25, 29308.75, 29255.75, 29275.75, 6750, 6223, 29285.88, 29280.08, 29282.25, 3588, 3162, 0.00, 0.00
2026-8-21, 08:54:41.698000, 29276.00, 29320.25, 29270.25, 29295.50, 6750, 6236, 29290.50, 29295.33, 29295.25, 3245, 3505, 0.00, 0.00
2026-8-21, 08:57:27.252001, 29295.50, 29319.25, 29271.75, 29297.00, 6750, 6344, 29295.88, 29296.00, 29295.50, 3500, 3250, 0.00, 0.00
2026-8-21, 09:00:34.880000, 29297.50, 29320.25, 29262.25, 29278.75, 6750, 6311, 29289.69, 29287.08, 29291.25, 3511, 3239, 0.00, 0.00
2026-8-21, 09:03:49.918000, 29278.75, 29335.50, 29274.00, 29320.75, 6750, 6308, 29302.25, 29310.08, 29304.75, 3105, 3645, 0.00, 0.00
2026-8-21, 09:07:22.716000, 29320.50, 29330.25, 29301.25, 29305.75, 6750, 6468, 29314.44, 29312.42, 29315.75, 3494, 3256, 0.00, 0.00
2026-8-21, 09:12:09.756000, 29305.50, 29310.50, 29246.25, 29253.75, 6750, 6128, 29279.00, 29270.17, 29278.38, 3701, 3049, 0.00, 0.00
2026-8-21, 09:15:03.032001, 29254.00, 29283.00, 29242.50, 29244.00, 6750, 6372, 29255.88, 29256.50, 29262.75, 3423, 3327, 0.00, 0.00
2026-8-21, 09:18:57.746000, 29244.75, 29271.00, 29220.00, 29269.50, 6750, 6317, 29251.31, 29253.50, 29245.50, 3408, 3342, 0.00, 0.00
2026-8-21, 09:22:46.066000, 29269.50, 29296.50, 29249.75, 29294.75, 6750, 6314, 29277.63, 29280.33, 29273.13, 3063, 3687, 0.00, 0.00
2026-8-21, 09:26:38.693000, 29293.75, 29311.75, 29276.50, 29288.00, 6750, 6168, 29292.50, 29292.08, 29294.13, 3286, 3464, 0.00, 0.00
2026-8-21, 09:31:01.721000, 29288.00, 29306.75, 29265.50, 29279.75, 6750, 6470, 29285.00, 29284.00, 29286.13, 3438, 3312, 0.00, 0.00
2026-8-21, 09:36:41.326000, 29279.75, 29298.00, 29258.00, 29269.50, 6750, 6329, 29276.31, 29275.17, 29278.00, 3317, 3433, 0.00, 0.00
2026-8-21, 09:42:58.221000, 29269.00, 29320.75, 29267.50, 29304.75, 6750, 6115, 29290.50, 29297.67, 29294.13, 3218, 3532, 0.00, 0.00
2026-8-21, 09:47:37.931001, 29304.75, 29323.25, 29293.50, 29297.50, 6750, 6048, 29304.75, 29304.75, 29308.38, 3322, 3428, 0.00, 0.00
2026-8-21, 09:54:27.597001, 29297.25, 29334.00, 29288.50, 29333.75, 6750, 6072, 29313.38, 29318.75, 29311.25, 3317, 3433, 0.00, 0.00
2026-8-21, 10:00:03.277001, 29333.50, 29362.50, 29326.75, 29360.50, 6750, 6082, 29345.81, 29349.92, 29344.63, 3076, 3674, 0.00, 0.00
2026-8-21, 10:04:47.368001, 29360.50, 29368.75, 29342.50, 29346.50, 6750, 6064, 29354.56, 29352.58, 29355.63, 3739, 3011, 0.00, 29373.75
2026-8-21, 10:11:03.905000, 29346.25, 29367.00, 29335.25, 29341.00, 6750, 6138, 29347.38, 29347.75, 29351.13, 3527, 3223, 0.00, 0.00
2026-8-21, 10:20:27.602000, 29341.50, 29370.75, 29331.50, 29369.25, 6750, 6085, 29353.25, 29357.17, 29351.13, 3275, 3475, 0.00, 0.00
2026-8-21, 10:29:10.216001, 29369.25, 29405.25, 29362.25, 29399.75, 6750, 6283, 29384.13, 29389.08, 29383.75, 3025, 3725, 0.00, 0.00
2026-8-21, 10:35:21.255000, 29400.00, 29444.50, 29400.00, 29439.75, 6750, 6217, 29421.06, 29428.08, 29422.25, 3224, 3526, 0.00, 0.00
2026-8-21, 10:40:27.442000, 29439.75, 29471.75, 29439.25, 29450.00, 6750, 5954, 29450.19, 29453.67, 29455.50, 3707, 3043, 0.00, 0.00
2026-8-21, 10:44:10.435000, 29449.50, 29458.00, 29425.50, 29442.50, 6750, 6050, 29443.88, 29442.00, 29441.75, 3338, 3412, 0.00, 0.00
2026-8-21, 10:50:12.694002, 29442.50, 29488.75, 29442.50, 29475.50, 6750, 6023, 29462.31, 29468.92, 29465.63, 3201, 3549, 0.00, 0.00
2026-8-21, 10:54:56.333000, 29475.50, 29475.50, 29430.50, 29439.50, 6750, 6057, 29455.25, 29448.50, 29453.00, 3748, 3002, 0.00, 0.00
2026-8-21, 11:01:09.021000, 29439.50, 29444.00, 29410.25, 29417.50, 6750, 6035, 29427.81, 29423.92, 29427.13, 3485, 3265, 0.00, 0.00
2026-8-21, 11:08:35.046000, 29417.00, 29418.00, 29390.00, 29415.75, 6750, 6382, 29410.19, 29407.92, 29404.00, 3191, 3559, 0.00, 0.00
2026-8-21, 11:16:44.013000, 29415.75, 29452.75, 29388.75, 29415.75, 6750, 6319, 29418.25, 29419.08, 29420.75, 3236, 3514, 0.00, 0.00
2026-8-21, 11:21:42.566000, 29415.50, 29418.25, 29397.00, 29398.75, 6750, 6360, 29407.38, 29404.67, 29407.63, 3304, 3446, 0.00, 29423.25
2026-8-21, 11:34:48.710000, 29399.00, 29425.50, 29382.50, 29382.50, 6750, 6405, 29397.38, 29396.83, 29404.00, 3406, 3344, 0.00, 0.00
2026-8-21, 11:50:31.483003, 29382.50, 29424.00, 29380.75, 29412.50, 6750, 6255, 29399.94, 29405.75, 29402.38, 3148, 3602, 0.00, 0.00
2026-8-21, 12:03:28.231000, 29411.50, 29423.00, 29398.75, 29404.00, 6750, 6089, 29409.31, 29408.58, 29410.88, 3399, 3351, 0.00, 0.00
2026-8-21, 12:18:53.065000, 29403.75, 29406.25, 29376.25, 29395.50, 6750, 6135, 29395.44, 29392.67, 29391.25, 3347, 3403, 0.00, 0.00
2026-8-21, 12:32:09.994000, 29395.75, 29410.50, 29382.75, 29395.25, 6750, 6229, 29396.06, 29396.17, 29396.63, 3313, 3437, 0.00, 0.00
2026-8-21, 12:50:31.385000, 29395.25, 29405.25, 29378.75, 29382.00, 6750, 6330, 29390.31, 29388.67, 29392.00, 3345, 3405, 0.00, 0.00
2026-8-21, 13:06:16.484002, 29382.00, 29391.50, 29367.25, 29384.75, 6750, 6250, 29381.38, 29381.17, 29379.38, 3377, 3373, 0.00, 0.00
2026-8-21, 13:22:40.451010, 29384.75, 29392.00, 29353.75, 29369.25, 6750, 6327, 29374.94, 29371.67, 29372.88, 3382, 3368, 0.00, 0.00
2026-8-21, 13:40:48.751000, 29369.00, 29403.50, 29362.25, 29401.25, 6750, 6315, 29384.00, 29389.00, 29382.88, 3182, 3568, 0.00, 0.00
2026-8-21, 14:00:00.786002, 29401.25, 29415.00, 29388.75, 29389.50, 6750, 6400, 29398.63, 29397.75, 29401.88, 3428, 3322, 0.00, 0.00
2026-8-21, 14:11:33.956000, 29389.50, 29400.00, 29380.25, 29397.25, 6750, 6288, 29391.75, 29392.50, 29390.13, 3333, 3417, 0.00, 0.00
2026-8-21, 14:27:17.750000, 29397.25, 29412.50, 29393.50, 29399.50, 6750, 6302, 29400.69, 29401.83, 29403.00, 3240, 3510, 0.00, 0.00
2026-8-21, 14:42:25.946000, 29400.00, 29432.25, 29398.75, 29413.50, 6750, 6338, 29411.13, 29414.83, 29415.50, 3172, 3578, 0.00, 0.00
2026-8-21, 14:50:19.894000, 29413.25, 29417.00, 29382.75, 29397.00, 6750, 6337, 29402.50, 29398.92, 29399.88, 3451, 3299, 0.00, 0.00
2026-8-21, 14:55:54.015000, 29397.50, 29413.25, 29386.00, 29410.75, 6750, 5690, 29401.88, 29403.33, 29399.63, 3031, 3719, 0.00, 0.00
2026-8-21, 14:59:29.476000, 29411.00, 29411.00, 29375.25, 29386.50, 6750, 5939, 29395.94, 29390.92, 29393.13, 3516, 3234, 0.00, 0.00
2026-8-21, 15:00:03.024000, 29386.50, 29390.50, 29370.25, 29379.50, 6750, 6274, 29381.69, 29380.08, 29380.38, 3240, 3510, 0.00, 0.00
2026-8-21, 15:19:02.382000, 29379.50, 29388.00, 29367.75, 29374.00, 4864, 3952, 29377.31, 29376.58, 29377.88, 2525, 2339, 0.00, 0.00
2026-8-23, 17:00:00.000000, 29392.25, 29409.75, 29300.25, 29390.50, 6750, 6174, 29373.19, 29366.83, 29355.00, 3279, 3471, 0.00, 0.00
2026-8-23, 17:51:50.366000, 29389.75, 29480.50, 29383.50, 29438.75, 6750, 6238, 29423.13, 29434.25, 29432.00, 3246, 3504, 29378.50, 0.00
2026-8-23, 19:04:31.850008, 29438.75, 29458.75, 29335.00, 29350.50, 6750, 6388, 29395.75, 29381.42, 29396.88, 3493, 3257, 0.00, 0.00
2026-8-23, 19:27:28.800000, 29348.75, 29436.00, 29337.25, 29418.25, 6750, 6263, 29385.06, 29397.17, 29386.63, 3299, 3451, 0.00, 0.00
2026-8-23, 20:09:38.335000, 29416.50, 29449.00, 29318.00, 29325.25, 6750, 6146, 29377.19, 29364.08, 29383.50, 3608, 3142, 0.00, 0.00
2026-8-23, 21:00:08.778022, 29325.25, 29375.75, 29301.25, 29369.50, 6750, 6130, 29342.94, 29348.83, 29338.50, 3312, 3438, 0.00, 0.00
2026-8-23, 21:46:41.653000, 29370.75, 29377.25, 29283.00, 29302.75, 6750, 6235, 29333.44, 29321.00, 29330.13, 3598, 3152, 0.00, 0.00
2026-8-23, 22:40:33.395000, 29303.75, 29305.00, 29261.25, 29272.75, 6750, 6385, 29285.69, 29279.67, 29283.13, 3387, 3363, 0.00, 0.00
2026-8-24, 00:02:19.489001, 29272.75, 29297.25, 29207.50, 29216.00, 6750, 6325, 29248.38, 29240.25, 29252.38, 3659, 3091, 0.00, 0.00
2026-8-24, 00:55:03.327000, 29216.75, 29219.25, 29142.50, 29153.50, 6750, 6014, 29183.00, 29171.75, 29180.88, 3536, 3214, 0.00, 0.00
2026-8-24, 01:18:18.502000, 29154.00, 29208.75, 29120.50, 29192.75, 6750, 6209, 29169.00, 29174.00, 29164.63, 3439, 3311, 0.00, 0.00
2026-8-24, 02:16:36.338010, 29192.50, 29212.50, 29116.75, 29198.00, 6750, 6338, 29179.94, 29175.75, 29164.63, 3434, 3316, 0.00, 0.00
2026-8-24, 03:07:19.327000, 29197.50, 29247.75, 29162.75, 29242.75, 6750, 6152, 29212.69, 29217.75, 29205.25, 3225, 3525, 0.00, 0.00
2026-8-24, 04:11:25.372005, 29243.00, 29249.75, 29201.25, 29203.00, 6750, 6221, 29224.25, 29218.00, 29225.50, 3494, 3256, 0.00, 0.00
2026-8-24, 05:44:19.497000, 29203.00, 29248.50, 29145.75, 29234.25, 6750, 6170, 29207.88, 29209.50, 29197.13, 3345, 3405, 0.00, 0.00
2026-8-24, 06:35:26.332005, 29234.25, 29283.00, 29217.75, 29221.75, 6750, 6148, 29239.19, 29240.83, 29250.38, 3344, 3406, 0.00, 0.00
2026-8-24, 07:09:51.922000, 29222.25, 29240.75, 29171.50, 29201.50, 6750, 6382, 29209.00, 29204.58, 29206.13, 3554, 3196, 0.00, 0.00
2026-8-24, 07:43:52.543000, 29200.00, 29232.75, 29195.75, 29206.25, 6750, 6405, 29208.69, 29211.58, 29214.25, 3340, 3410, 0.00, 0.00
2026-8-24, 08:27:40.119001, 29206.25, 29236.75, 29203.50, 29235.00, 2040, 1764, 29220.38, 29225.08, 29220.13, 898, 1142, 0.00, 0.00
2026-8-24, 08:30:00.001000, 29235.50, 29243.00, 29140.50, 29157.75, 6750, 5177, 29194.19, 29180.42, 29191.75, 3110, 3640, 0.00, 0.00
2026-8-24, 08:30:36.903004, 29158.00, 29162.75, 29109.00, 29139.50, 6750, 6540, 29142.31, 29137.08, 29135.88, 3286, 3464, 0.00, 0.00
2026-8-24, 08:32:19.406000, 29138.75, 29144.75, 29083.25, 29110.50, 6750, 6365, 29119.31, 29112.83, 29114.00, 3719, 3031, 0.00, 0.00
2026-8-24, 08:34:24.665004, 29110.50, 29145.75, 29094.00, 29108.75, 6750, 6242, 29114.75, 29116.17, 29119.88, 3317, 3433, 0.00, 0.00
2026-8-24, 08:36:29.984002, 29108.75, 29143.75, 29069.25, 29082.25, 6750, 6293, 29101.00, 29098.42, 29106.50, 3522, 3228, 0.00, 0.00
2026-8-24, 08:38:55.366001, 29082.50, 29092.00, 29051.75, 29088.25, 6750, 6242, 29078.63, 29077.33, 29071.88, 3423, 3327, 0.00, 0.00
2026-8-24, 08:41:21.939000, 29087.75, 29088.00, 29022.25, 29029.75, 6750, 6171, 29056.94, 29046.67, 29055.13, 3658, 3092, 0.00, 0.00
2026-8-24, 08:44:03.207001, 29029.75, 29032.00, 28964.00, 28989.00, 6750, 5758, 29003.69, 28995.00, 28998.00, 3363, 3387, 0.00, 0.00
2026-8-24, 08:45:30.704003, 28989.00, 29026.00, 28953.50, 29022.00, 6750, 6334, 28997.63, 29000.50, 28989.75, 3369, 3381, 0.00, 0.00
2026-8-24, 08:47:45.151000, 29022.75, 29030.75, 28973.75, 28984.25, 6750, 6286, 29002.88, 28996.25, 29002.25, 3564, 3186, 0.00, 0.00
2026-8-24, 08:50:35.543000, 28984.25, 29005.75, 28946.75, 28979.00, 6750, 6233, 28978.94, 28977.17, 28976.25, 3526, 3224, 0.00, 0.00
2026-8-24, 08:53:39.938000, 28979.25, 29027.00, 28976.00, 29020.75, 6750, 6377, 29000.75, 29007.92, 29001.50, 3267, 3483, 0.00, 0.00
2026-8-24, 08:57:01.580000, 29020.75, 29038.00, 29002.50, 29007.50, 6750, 6280, 29017.19, 29016.00, 29020.25, 3588, 3162, 0.00, 0.00
2026-8-24, 09:00:38.423000, 29007.75, 29036.75, 28972.25, 28982.50, 6750, 6280, 28999.81, 28997.17, 29004.50, 3711, 3039, 0.00, 0.00
2026-8-24, 09:03:36.816000, 28982.25, 28998.75, 28962.75, 28988.50, 6750, 6371, 28983.06, 28983.33, 28980.75, 3373, 3377, 0.00, 0.00
2026-8-24, 09:08:09.833001, 28988.50, 28989.25, 28953.50, 28966.75, 6750, 6216, 28974.50, 28969.83, 28971.38, 3419, 3331, 0.00, 0.00
2026-8-24, 09:13:35.014009, 28966.75, 29008.75, 28963.25, 28980.00, 6750, 6210, 28979.69, 28984.00, 28986.00, 3194, 3556, 0.00, 0.00
2026-8-24, 09:17:53.889005, 28980.00, 29033.25, 28967.50, 29020.75, 6750, 6108, 29000.38, 29007.17, 29000.38, 3195, 3555, 0.00, 0.00
2026-8-24, 09:23:32.064000, 29021.00, 29025.00, 28979.25, 29010.50, 6750, 6258, 29008.94, 29004.92, 29002.13, 3264, 3486, 0.00, 0.00
2026-8-24, 09:29:04.518001, 29010.50, 29065.75, 29001.50, 29065.00, 6750, 6227, 29035.69, 29044.08, 29033.63, 2969, 3781, 0.00, 0.00
2026-8-24, 09:33:45.865000, 29064.25, 29095.75, 29059.25, 29076.25, 6750, 6234, 29073.88, 29077.08, 29077.50, 3294, 3456, 0.00, 0.00
2026-8-24, 09:38:12.943000, 29076.75, 29110.75, 29071.00, 29085.25, 6750, 6252, 29085.94, 29089.00, 29090.88, 3358, 3392, 0.00, 0.00
2026-8-24, 09:43:46.232001, 29085.25, 29110.00, 29071.00, 29107.00, 6750, 6186, 29093.31, 29096.00, 29090.50, 3338, 3412, 0.00, 0.00
2026-8-24, 09:50:13.637000, 29107.25, 29110.25, 29081.25, 29103.00, 6750, 6182, 29100.44, 29098.17, 29095.75, 3272, 3478, 0.00, 0.00
2026-8-24, 09:57:24.139000, 29103.50, 29105.75, 29057.75, 29060.00, 6750, 6295, 29081.75, 29074.50, 29081.75, 3285, 3465, 0.00, 0.00
2026-8-24, 10:04:24.774001, 29060.00, 29069.50, 29042.25, 29061.00, 6750, 6348, 29058.19, 29057.58, 29055.88, 3152, 3598, 0.00, 0.00
2026-8-24, 10:12:02.167001, 29061.00, 29079.50, 29038.75, 29044.25, 6750, 6350, 29055.88, 29054.17, 29059.13, 3158, 3592, 0.00, 0.00
2026-8-24, 10:21:23.006003, 29044.50, 29108.50, 29040.50, 29108.50, 6750, 6318, 29075.50, 29085.83, 29074.50, 2802, 3948, 0.00, 0.00
2026-8-24, 10:29:03.913153, 29108.50, 29137.00, 29108.50, 29118.50, 6750, 6023, 29118.13, 29121.33, 29122.75, 3215, 3535, 0.00, 0.00
2026-8-24, 10:30:34.712001, 29118.50, 29145.00, 29112.00, 29141.50, 6750, 6060, 29129.25, 29132.83, 29128.50, 3066, 3684, 0.00, 0.00
2026-8-24, 10:37:04.449001, 29141.50, 29180.25, 29138.75, 29175.00, 6750, 5865, 29158.88, 29164.67, 29159.50, 3276, 3474, 0.00, 0.00
2026-8-24, 10:42:14.567000, 29174.50, 29205.50, 29166.00, 29199.25, 6750, 6029, 29186.31, 29190.25, 29185.75, 3251, 3499, 0.00, 0.00
2026-8-24, 10:48:05.796001, 29199.25, 29203.50, 29169.00, 29172.25, 6750, 6128, 29186.00, 29181.58, 29186.25, 3374, 3376, 0.00, 29208.50
2026-8-24, 10:55:42.472000, 29172.50, 29188.00, 29150.00, 29176.50, 6750, 6192, 29171.75, 29171.50, 29169.00, 3270, 3480, 0.00, 0.00
2026-8-24, 11:01:52.698000, 29177.00, 29189.25, 29157.00, 29166.50, 6750, 6148, 29172.44, 29170.92, 29173.13, 3265, 3485, 0.00, 0.00
2026-8-24, 11:11:31.979000, 29166.75, 29211.50, 29161.75, 29211.50, 6750, 6133, 29187.88, 29194.92, 29186.63, 3086, 3664, 0.00, 0.00
2026-8-24, 11:21:43.866002, 29211.50, 29224.75, 29185.25, 29187.25, 6750, 6267, 29202.19, 29199.08, 29205.00, 3250, 3500, 0.00, 0.00
2026-8-24, 11:32:31.593000, 29187.50, 29203.25, 29173.00, 29178.25, 6750, 6163, 29185.50, 29184.83, 29188.13, 3100, 3650, 0.00, 0.00
2026-8-24, 11:47:41.970000, 29178.25, 29192.75, 29158.50, 29161.25, 6750, 6235, 29172.69, 29170.83, 29175.63, 3291, 3459, 0.00, 0.00
2026-8-24, 12:02:46.412000, 29161.50, 29210.50, 29154.75, 29208.00, 6750, 6389, 29183.69, 29191.08, 29182.63, 3055, 3695, 0.00, 0.00
2026-8-24, 12:12:07.659000, 29207.50, 29208.50, 29146.50, 29148.75, 6750, 6401, 29177.81, 29167.92, 29177.50, 3563, 3187, 0.00, 0.00
2026-8-24, 12:21:52.687000, 29148.25, 29158.00, 29132.00, 29134.00, 6750, 6202, 29143.06, 29141.33, 29145.00, 3362, 3388, 0.00, 0.00
2026-8-24, 12:31:58.381000, 29133.75, 29140.25, 29117.75, 29122.00, 6750, 6247, 29128.44, 29126.67, 29129.00, 3192, 3558, 0.00, 0.00
2026-8-24, 12:45:17.322003, 29122.25, 29143.00, 29116.50, 29121.50, 6750, 6157, 29125.81, 29127.00, 29129.75, 3057, 3693, 0.00, 0.00
2026-8-24, 12:58:14.357001, 29121.50, 29184.50, 29120.25, 29179.50, 6750, 6421, 29151.44, 29161.42, 29152.38, 2996, 3754, 0.00, 0.00
2026-8-24, 13:10:04.960000, 29178.50, 29200.25, 29167.75, 29194.25, 6750, 6387, 29185.19, 29187.42, 29184.00, 3179, 3571, 0.00, 0.00
2026-8-24, 13:21:53.101000, 29194.25, 29228.75, 29194.25, 29227.25, 6750, 6094, 29211.13, 29216.75, 29211.50, 3461, 3289, 0.00, 0.00
2026-8-24, 13:30:17.295007, 29227.25, 29233.25, 29189.75, 29190.00, 6750, 6105, 29210.06, 29204.33, 29211.50, 3508, 3242, 0.00, 0.00
2026-8-24, 13:38:46.249002, 29189.75, 29196.75, 29164.75, 29166.00, 6750, 6324, 29179.31, 29175.83, 29180.75, 3403, 3347, 0.00, 0.00
2026-8-24, 13:54:03.552024, 29166.00, 29174.50, 29146.50, 29152.00, 6750, 6383, 29159.75, 29157.67, 29160.50, 3263, 3487, 0.00, 0.00
2026-8-24, 14:09:17.176001, 29152.00, 29167.00, 29142.75, 29167.00, 6750, 6298, 29157.19, 29158.92, 29154.88, 3082, 3668, 0.00, 0.00
2026-8-24, 14:23:12.884263, 29167.00, 29173.00, 29133.00, 29136.00, 6750, 6241, 29152.25, 29147.33, 29153.00, 3412, 3338, 0.00, 0.00
2026-8-24, 14:35:52.697004, 29136.25, 29139.75, 29120.75, 29125.50, 6750, 6212, 29130.56, 29128.67, 29130.25, 3532, 3218, 0.00, 0.00
2026-8-24, 14:47:24.330002, 29125.50, 29142.00, 29101.50, 29104.00, 6750, 6092, 29118.25, 29115.83, 29121.75, 3439, 3311, 0.00, 0.00
2026-8-24, 14:53:33.695004, 29104.00, 29125.25, 29096.25, 29114.25, 6750, 6059, 29109.94, 29111.92, 29110.75, 3139, 3611, 0.00, 0.00
2026-8-24, 14:57:47.161000, 29114.25, 29123.00, 29105.00, 29108.25, 6750, 5971, 29112.63, 29112.08, 29114.00, 3095, 3655, 0.00, 0.00
2026-8-24, 14:59:48.384002, 29108.25, 29112.25, 29095.50, 29101.50, 6750, 5583, 29104.38, 29103.08, 29103.88, 3396, 3354, 0.00, 0.00
2026-8-24, 15:01:14.599000, 29101.00, 29124.75, 29080.75, 29090.50, 6750, 5997, 29099.25, 29098.67, 29102.75, 3208, 3542, 0.00, 0.00
2026-8-24, 15:33:40.593000, 29091.00, 29152.75, 29087.50, 29122.00, 6750, 6115, 29113.31, 29120.75, 29120.13, 3240, 3510, 0.00, 0.00
2026-8-24, 18:12:00.050000, 29121.75, 29128.25, 29054.00, 29055.00, 6750, 6244, 29089.75, 29079.08, 29091.13, 3562, 3188, 0.00, 0.00
2026-8-24, 19:10:36.440000, 29054.25, 29102.00, 29017.00, 29093.25, 6750, 6286, 29066.63, 29070.75, 29059.50, 3281, 3469, 0.00, 0.00
2026-8-24, 19:41:58.101014, 29093.25, 29146.00, 29091.00, 29138.25, 6750, 6099, 29117.13, 29125.08, 29118.50, 3339, 3411, 0.00, 0.00
2026-8-24, 20:30:39.812000, 29137.25, 29155.50, 29104.00, 29136.00, 6750, 6034, 29133.19, 29131.83, 29129.75, 3303, 3447, 0.00, 0.00
2026-8-24, 21:28:34.670000, 29136.00, 29171.75, 29093.50, 29169.50, 6750, 5987, 29142.69, 29144.92, 29132.63, 3150, 3600, 0.00, 0.00
2026-8-24, 22:19:53.787000, 29169.75, 29217.25, 29151.25, 29204.75, 6750, 6145, 29185.75, 29191.08, 29184.25, 3290, 3460, 0.00, 0.00
2026-8-24, 23:41:44.714000, 29206.00, 29234.75, 29185.00, 29229.25, 6750, 6017, 29213.75, 29216.33, 29209.88, 3310, 3440, 29180.00, 0.00
2026-8-25, 00:54:32.028000, 29229.00, 29288.50, 29222.75, 29240.25, 6750, 6051, 29245.13, 29250.50, 29255.63, 3205, 3545, 0.00, 0.00
2026-8-25, 01:50:55.970000, 29241.00, 29290.75, 29226.25, 29233.00, 6750, 6229, 29247.75, 29250.00, 29258.50, 3546, 3204, 0.00, 0.00
2026-8-25, 02:55:40.802001, 29233.00, 29326.00, 29212.25, 29275.75, 6750, 6306, 29261.75, 29271.33, 29269.13, 3066, 3684, 29207.25, 0.00
2026-8-25, 03:38:37.139000, 29276.50, 29366.75, 29257.00, 29360.25, 6750, 6024, 29315.13, 29328.00, 29311.88, 3265, 3485, 0.00, 0.00
2026-8-25, 04:34:48.071000, 29361.75, 29425.75, 29341.50, 29393.00, 6750, 6022, 29380.50, 29386.75, 29383.63, 3446, 3304, 0.00, 0.00
2026-8-25, 05:08:41.438000, 29392.50, 29410.25, 29308.75, 29309.75, 6750, 6164, 29355.31, 29342.92, 29359.50, 3412, 3338, 0.00, 0.00
2026-8-25, 06:09:42.985000, 29309.00, 29390.50, 29304.00, 29371.75, 6750, 6039, 29343.81, 29355.42, 29347.25, 3326, 3424, 0.00, 0.00
2026-8-25, 07:00:19.517000, 29372.25, 29409.50, 29333.00, 29333.75, 6750, 5794, 29362.13, 29358.75, 29371.25, 3328, 3422, 0.00, 0.00
2026-8-25, 07:35:20.625000, 29333.00, 29347.00, 29312.50, 29317.50, 6750, 6155, 29327.50, 29325.67, 29329.75, 3273, 3477, 0.00, 0.00
2026-8-25, 08:06:00.577001, 29317.25, 29344.75, 29305.25, 29308.50, 6750, 6230, 29318.94, 29319.50, 29325.00, 3197, 3553, 0.00, 0.00
2026-8-25, 08:28:09.766002, 29308.50, 29312.50, 29294.50, 29296.25, 1114, 995, 29302.94, 29301.08, 29303.50, 623, 491, 0.00, 0.00
2026-8-25, 08:30:00.000000, 29297.00, 29344.75, 29279.25, 29321.00, 6750, 6363, 29310.50, 29315.00, 29312.00, 3359, 3391, 0.00, 0.00
2026-8-25, 08:31:27.518000, 29319.50, 29360.00, 29296.50, 29347.00, 6750, 6395, 29330.75, 29334.50, 29328.25, 3233, 3517, 0.00, 0.00
2026-8-25, 08:33:27.012000, 29347.25, 29376.25, 29347.00, 29366.25, 6750, 6423, 29359.19, 29363.17, 29361.63, 3255, 3495, 0.00, 0.00
2026-8-25, 08:35:52.015000, 29366.00, 29369.50, 29327.75, 29349.75, 6750, 6379, 29353.25, 29349.00, 29348.63, 3349, 3401, 0.00, 0.00
2026-8-25, 08:38:24.060000, 29349.50, 29354.00, 29301.50, 29351.50, 6750, 6401, 29339.13, 29335.67, 29327.75, 3429, 3321, 0.00, 0.00
2026-8-25, 08:40:48.248000, 29351.00, 29374.25, 29321.50, 29330.00, 6750, 6342, 29344.19, 29341.92, 29347.88, 3293, 3457, 0.00, 0.00
2026-8-25, 08:43:33.581001, 29330.00, 29378.50, 29318.00, 29357.25, 6750, 6402, 29345.94, 29351.25, 29348.25, 3160, 3590, 0.00, 0.00
2026-8-25, 08:46:12.229009, 29357.50, 29408.00, 29351.75, 29408.00, 6750, 6264, 29381.31, 29389.25, 29379.88, 3166, 3584, 0.00, 0.00
2026-8-25, 08:48:55.030007, 29408.00, 29414.75, 29360.25, 29363.25, 6750, 6190, 29386.56, 29379.42, 29387.50, 3529, 3221, 0.00, 0.00
2026-8-25, 08:51:14.507000, 29364.00, 29387.75, 29335.50, 29336.75, 6750, 6405, 29356.00, 29353.33, 29361.63, 3555, 3195, 0.00, 0.00
2026-8-25, 08:55:09.011000, 29337.00, 29344.25, 29295.25, 29302.00, 6750, 6372, 29319.63, 29313.83, 29319.75, 3599, 3151, 0.00, 0.00
2026-8-25, 08:58:07.970001, 29302.00, 29316.00, 29275.00, 29282.50, 6750, 6346, 29293.88, 29291.17, 29295.50, 3650, 3100, 0.00, 0.00
2026-8-25, 09:01:17.138004, 29282.50, 29302.75, 29250.00, 29250.00, 6750, 6432, 29271.31, 29267.58, 29276.38, 3605, 3145, 0.00, 29307.75
2026-8-25, 09:04:18.170003, 29250.00, 29279.75, 29246.50, 29265.50, 6750, 6286, 29260.44, 29263.92, 29263.13, 3431, 3319, 0.00, 0.00
2026-8-25, 09:08:16.012000, 29265.50, 29285.25, 29244.00, 29256.25, 6750, 6420, 29262.75, 29261.83, 29264.63, 3428, 3322, 0.00, 0.00
2026-8-25, 09:13:36.697000, 29257.00, 29269.50, 29233.75, 29249.25, 6750, 6432, 29252.38, 29250.83, 29251.63, 3466, 3284, 0.00, 0.00
2026-8-25, 09:18:11.522000, 29249.50, 29266.25, 29226.50, 29226.50, 6750, 6136, 29242.19, 29239.75, 29246.38, 3594, 3156, 0.00, 0.00
2026-8-25, 09:22:58.966003, 29226.25, 29252.25, 29209.25, 29248.00, 6750, 6268, 29233.94, 29236.50, 29230.75, 3182, 3568, 0.00, 0.00
2026-8-25, 09:26:55.941001, 29248.00, 29249.50, 29138.00, 29169.25, 6750, 5955, 29201.19, 29185.58, 29193.75, 3945, 2805, 0.00, 0.00
2026-8-25, 09:30:33.704005, 29168.75, 29249.25, 29167.00, 29246.75, 6750, 6353, 29207.94, 29221.00, 29208.13, 3003, 3747, 0.00, 0.00
2026-8-25, 09:32:34.215003, 29246.50, 29249.50, 29205.00, 29240.50, 6750, 6277, 29235.38, 29231.67, 29227.25, 3453, 3297, 0.00, 29254.50
2026-8-25, 09:37:15.464001, 29240.50, 29268.75, 29213.00, 29213.25, 6750, 6249, 29233.88, 29231.67, 29240.88, 3334, 3416, 0.00, 0.00
2026-8-25, 09:42:31.719002, 29213.25, 29228.00, 29191.00, 29224.00, 6750, 6330, 29214.06, 29214.33, 29209.50, 3421, 3329, 0.00, 0.00
2026-8-25, 09:48:04.744000, 29223.75, 29260.25, 29208.25, 29240.25, 6750, 6326, 29233.13, 29236.25, 29234.25, 3191, 3559, 0.00, 0.00
2026-8-25, 09:55:36.720000, 29240.00, 29250.00, 29206.25, 29206.25, 6750, 6270, 29225.63, 29220.83, 29228.13, 3589, 3161, 0.00, 0.00
2026-8-25, 10:02:19.112000, 29206.50, 29226.50, 29197.00, 29221.50, 6750, 6275, 29212.88, 29215.00, 29211.75, 3399, 3351, 0.00, 29231.50
2026-8-25, 10:11:36.448000, 29221.25, 29257.25, 29209.25, 29253.25, 6750, 6285, 29235.25, 29239.92, 29233.25, 3294, 3456, 0.00, 0.00
2026-8-25, 10:21:27.460000, 29253.25, 29282.00, 29225.75, 29280.00, 6750, 6031, 29260.25, 29262.58, 29253.88, 3331, 3419, 0.00, 0.00
2026-8-25, 10:29:50.551001, 29280.00, 29309.75, 29264.25, 29284.50, 6750, 6303, 29284.63, 29286.17, 29287.00, 3132, 3618, 0.00, 0.00
2026-8-25, 10:35:20.855076, 29284.50, 29301.75, 29255.25, 29271.00, 6750, 6222, 29278.13, 29276.00, 29278.50, 3526, 3224, 0.00, 0.00
2026-8-25, 10:43:42.878003, 29271.00, 29273.00, 29222.75, 29249.75, 6750, 6296, 29254.13, 29248.50, 29247.88, 3527, 3223, 0.00, 0.00
2026-8-25, 10:53:10.436000, 29249.50, 29284.75, 29247.00, 29280.50, 6750, 6156, 29265.44, 29270.75, 29265.88, 3199, 3551, 0.00, 0.00
2026-8-25, 11:02:50.832000, 29280.50, 29289.50, 29263.25, 29286.00, 6750, 6431, 29279.81, 29279.58, 29276.38, 3361, 3389, 0.00, 0.00
2026-8-25, 11:16:11.417000, 29285.75, 29298.50, 29276.25, 29291.75, 6750, 6219, 29288.06, 29288.83, 29287.38, 3283, 3467, 0.00, 0.00
2026-8-25, 11:29:52.310000, 29291.75, 29299.75, 29266.25, 29266.75, 6750, 6194, 29281.13, 29277.58, 29283.00, 3457, 3293, 0.00, 0.00
2026-8-25, 11:43:43.802010, 29266.75, 29283.25, 29254.50, 29255.75, 6750, 6115, 29265.06, 29264.50, 29268.88, 3309, 3441, 0.00, 0.00
2026-8-25, 11:55:45.967000, 29256.00, 29282.00, 29239.00, 29241.25, 6750, 6340, 29254.56, 29254.08, 29260.50, 3371, 3379, 0.00, 0.00
2026-8-25, 12:06:16.792000, 29241.00, 29251.75, 29224.00, 29247.25, 6750, 6303, 29241.00, 29241.00, 29237.88, 3314, 3436, 0.00, 0.00
2026-8-25, 12:17:55.609005, 29247.25, 29258.50, 29214.50, 29225.00, 6750, 6432, 29236.31, 29232.67, 29236.50, 3369, 3381, 0.00, 0.00
2026-8-25, 12:30:00.228000, 29225.00, 29234.50, 29216.00, 29224.00, 6750, 6344, 29224.88, 29224.83, 29225.25, 3240, 3510, 0.00, 0.00
2026-8-25, 12:49:12.693000, 29224.25, 29232.25, 29202.75, 29210.00, 6750, 6170, 29217.31, 29215.00, 29217.50, 3401, 3349, 0.00, 0.00
2026-8-25, 13:06:01.317000, 29210.25, 29225.25, 29202.00, 29225.25, 6750, 6311, 29215.69, 29217.50, 29213.63, 3191, 3559, 0.00, 0.00
2026-8-25, 13:22:14.290019, 29225.25, 29245.75, 29208.00, 29242.50, 6750, 6344, 29230.38, 29232.08, 29226.88, 3158, 3592, 0.00, 0.00
2026-8-25, 13:37:05.399000, 29243.00, 29274.00, 29240.25, 29269.00, 6750, 6359, 29256.56, 29261.08, 29257.13, 3177, 3573, 0.00, 0.00
2026-8-25, 13:48:00.211001, 29269.25, 29275.00, 29253.00, 29255.00, 6750, 6183, 29263.06, 29261.00, 29264.00, 3400, 3350, 0.00, 0.00
2026-8-25, 14:01:45.527000, 29255.25, 29255.25, 29229.75, 29231.50, 6750, 6258, 29242.94, 29238.83, 29242.50, 3443, 3307, 0.00, 0.00
2026-8-25, 14:17:01.057000, 29231.75, 29232.25, 29212.75, 29220.75, 6750, 6305, 29224.38, 29221.92, 29222.50, 3363, 3387, 0.00, 0.00
2026-8-25, 14:31:52.420009, 29220.75, 29257.75, 29211.50, 29245.50, 6750, 6161, 29233.88, 29238.25, 29234.63, 3307, 3443, 0.00, 0.00
2026-8-25, 14:44:26.622001, 29245.50, 29267.00, 29229.50, 29267.00, 6750, 6169, 29252.25, 29254.50, 29248.25, 3023, 3727, 0.00, 0.00
2026-8-25, 14:53:28.843000, 29267.00, 29289.00, 29265.25, 29280.00, 6750, 5794, 29275.31, 29278.08, 29277.13, 3198, 3552, 0.00, 0.00
2026-8-25, 14:56:57.430001, 29280.25, 29289.50, 29272.75, 29276.25, 6750, 5867, 29279.69, 29279.50, 29281.13, 3343, 3407, 0.00, 0.00
2026-8-25, 14:59:53.357001, 29276.00, 29284.75, 29262.00, 29275.00, 6750, 6024, 29274.44, 29273.92, 29273.38, 3625, 3125, 0.00, 0.00
2026-8-25, 15:03:54.914000, 29274.75, 29313.50, 29270.50, 29308.00, 6750, 6123, 29291.69, 29297.33, 29292.00, 3223, 3527, 0.00, 0.00
2026-8-25, 15:31:01.416001, 29308.00, 29309.75, 29268.75, 29277.50, 6750, 6202, 29291.00, 29285.33, 29289.25, 3471, 3279, 0.00, 0.00
2026-8-25, 18:08:43.738001, 29277.75, 29280.00, 29185.00, 29195.50, 6750, 6217, 29234.56, 29220.17, 29232.50, 3596, 3154, 0.00, 0.00
2026-8-25, 19:06:52.324000, 29195.25, 29238.50, 29146.75, 29156.50, 6750, 6199, 29184.25, 29180.58, 29192.63, 3584, 3166, 0.00, 0.00
2026-8-25, 19:38:50.737000, 29156.50, 29162.75, 29106.75, 29124.00, 6750, 6169, 29137.50, 29131.17, 29134.75, 3519, 3231, 0.00, 0.00
2026-8-25, 20:13:23.137000, 29123.75, 29143.75, 29096.00, 29132.75, 6750, 6186, 29124.06, 29124.17, 29119.88, 3332, 3418, 0.00, 0.00
2026-8-25, 21:05:41.870000, 29130.75, 29228.25, 29119.25, 29226.75, 6750, 6180, 29176.25, 29191.42, 29173.75, 2994, 3756, 0.00, 0.00
2026-8-25, 21:51:19.597001, 29226.75, 29275.25, 29205.00, 29265.75, 6750, 6268, 29243.19, 29248.67, 29240.13, 3249, 3501, 29200.00, 0.00
2026-8-25, 22:57:02.884000, 29264.75, 29283.25, 29217.25, 29248.75, 6750, 6106, 29253.50, 29249.75, 29250.25, 3358, 3392, 0.00, 0.00
2026-8-26, 00:08:06.576000, 29249.25, 29262.75, 29203.50, 29255.00, 6750, 6288, 29242.63, 29240.42, 29233.13, 3350, 3400, 0.00, 0.00
2026-8-26, 01:45:00.967003, 29254.75, 29277.25, 29185.75, 29202.00, 6750, 6087, 29229.94, 29221.67, 29231.50, 3596, 3154, 0.00, 0.00
2026-8-26, 02:42:54.642001, 29202.00, 29251.00, 29185.00, 29225.25, 6750, 6120, 29215.81, 29220.42, 29218.00, 3195, 3555, 0.00, 0.00
2026-8-26, 04:01:37.545000, 29225.75, 29242.25, 29188.75, 29228.75, 6750, 6209, 29221.38, 29219.92, 29215.50, 3410, 3340, 0.00, 0.00
2026-8-26, 05:53:50.522002, 29228.75, 29278.75, 29186.00, 29188.50, 6750, 6108, 29220.50, 29217.75, 29232.38, 3441, 3309, 0.00, 0.00
2026-8-26, 06:48:30.034001, 29187.50, 29263.25, 29187.25, 29226.00, 6750, 6191, 29216.00, 29225.50, 29225.25, 3092, 3658, 0.00, 0.00
2026-8-26, 07:30:09.819000, 29225.75, 29238.75, 29149.75, 29174.75, 6750, 6262, 29197.25, 29187.75, 29194.25, 3440, 3310, 0.00, 0.00
2026-8-26, 07:40:41.747000, 29174.25, 29188.50, 29133.25, 29150.75, 6750, 6423, 29161.69, 29157.50, 29160.88, 3289, 3461, 0.00, 0.00
2026-8-26, 07:55:31.292001, 29151.25, 29171.00, 29133.50, 29170.75, 6750, 6239, 29156.63, 29158.42, 29152.25, 3213, 3537, 0.00, 0.00
2026-8-26, 08:14:45.987000, 29170.50, 29175.00, 29153.50, 29173.75, 4708, 4455, 29168.19, 29167.42, 29164.25, 2384, 2324, 0.00, 0.00
2026-8-26, 08:30:00.000000, 29174.50, 29239.50, 29174.25, 29228.50, 6750, 6255, 29204.19, 29214.08, 29206.88, 3025, 3725, 0.00, 0.00
2026-8-26, 08:31:26.167000, 29227.75, 29283.00, 29216.75, 29247.25, 6750, 6364, 29243.69, 29249.00, 29249.88, 3206, 3544, 0.00, 0.00
2026-8-26, 08:33:24.931000, 29248.75, 29277.75, 29208.75, 29221.50, 6750, 6468, 29239.19, 29236.00, 29243.25, 3398, 3352, 0.00, 0.00
2026-8-26, 08:35:36.260001, 29221.25, 29275.50, 29206.75, 29247.00, 6750, 6383, 29237.63, 29243.08, 29241.13, 3280, 3470, 0.00, 0.00
2026-8-26, 08:37:57.546000, 29247.25, 29271.25, 29223.00, 29259.25, 6750, 6496, 29250.19, 29251.17, 29247.13, 3297, 3453, 0.00, 0.00
2026-8-26, 08:41:06.290008, 29259.25, 29301.25, 29223.75, 29285.75, 6750, 6383, 29267.50, 29270.25, 29262.50, 3016, 3734, 0.00, 0.00
2026-8-26, 08:43:54.248003, 29285.50, 29316.00, 29278.25, 29279.50, 6750, 6261, 29289.81, 29291.25, 29297.13, 3482, 3268, 0.00, 0.00
2026-8-26, 08:46:40.187000, 29280.25, 29306.50, 29261.25, 29268.25, 6750, 6354, 29279.06, 29278.67, 29283.88, 3447, 3303, 0.00, 0.00
2026-8-26, 08:50:33.800000, 29268.75, 29310.25, 29252.50, 29306.75, 6750, 6340, 29284.56, 29289.83, 29281.38, 3130, 3620, 0.00, 0.00
2026-8-26, 08:55:03.813000, 29307.25, 29332.75, 29294.00, 29329.00, 6750, 6389, 29315.75, 29318.58, 29313.38, 3217, 3533, 0.00, 0.00
2026-8-26, 09:00:01.581014, 29329.00, 29330.75, 29294.25, 29295.00, 6750, 6380, 29312.25, 29306.67, 29312.50, 3704, 3046, 0.00, 0.00
2026-8-26, 09:05:53.081005, 29294.75, 29310.50, 29235.50, 29238.75, 6750, 6358, 29269.88, 29261.58, 29273.00, 3672, 3078, 0.00, 0.00
2026-8-26, 09:12:26.421001, 29238.75, 29262.75, 29230.50, 29254.75, 6750, 6452, 29246.69, 29249.33, 29246.63, 3396, 3354, 0.00, 0.00
2026-8-26, 09:18:31.288000, 29254.25, 29261.50, 29200.75, 29201.75, 6750, 6464, 29229.56, 29221.33, 29231.13, 3642, 3108, 0.00, 0.00
2026-8-26, 09:24:16.356000, 29202.50, 29211.50, 29160.25, 29160.25, 6750, 6065, 29183.63, 29177.33, 29185.88, 3598, 3152, 0.00, 0.00
2026-8-26, 09:28:13.582000, 29160.25, 29201.25, 29156.75, 29200.25, 6750, 6345, 29179.63, 29186.08, 29179.00, 3172, 3578, 0.00, 0.00
2026-8-26, 09:34:01.718000, 29200.25, 29234.50, 29183.25, 29233.50, 6750, 6315, 29212.88, 29217.08, 29208.88, 3075, 3675, 0.00, 0.00
2026-8-26, 09:40:29.825001, 29233.50, 29244.50, 29206.25, 29229.75, 6750, 6337, 29228.50, 29226.83, 29225.38, 3343, 3407, 0.00, 0.00
2026-8-26, 09:48:41.880001, 29230.00, 29268.00, 29228.75, 29253.75, 6750, 6350, 29245.13, 29250.17, 29248.38, 3188, 3562, 0.00, 0.00
2026-8-26, 09:56:55.547001, 29254.00, 29276.25, 29241.25, 29274.00, 6750, 6219, 29261.38, 29263.83, 29258.75, 3310, 3440, 0.00, 0.00
2026-8-26, 10:07:06.725000, 29273.75, 29283.00, 29230.00, 29232.25, 6750, 6229, 29254.75, 29248.42, 29256.50, 3657, 3093, 0.00, 0.00
2026-8-26, 10:16:45.389000, 29232.25, 29261.25, 29222.50, 29244.00, 6750, 6243, 29240.00, 29242.58, 29241.88, 3247, 3503, 0.00, 0.00
2026-8-26, 10:27:39.026001, 29244.00, 29267.00, 29220.75, 29246.00, 6750, 6099, 29244.44, 29244.58, 29243.88, 3335, 3415, 0.00, 0.00
2026-8-26, 10:36:43.656000, 29245.75, 29289.75, 29241.25, 29280.00, 6750, 6220, 29264.19, 29270.33, 29265.50, 3035, 3715, 0.00, 0.00
2026-8-26, 10:47:56.236002, 29280.00, 29291.50, 29235.25, 29243.00, 6750, 6093, 29262.44, 29256.58, 29263.38, 3686, 3064, 0.00, 0.00
2026-8-26, 10:53:48.828000, 29242.50, 29250.00, 29189.00, 29200.00, 6750, 6319, 29220.38, 29213.00, 29219.50, 3624, 3126, 0.00, 0.00
2026-8-26, 11:02:19.543003, 29200.00, 29224.25, 29196.25, 29209.50, 6750, 6242, 29207.50, 29210.00, 29210.25, 3280, 3470, 0.00, 0.00
2026-8-26, 11:13:31.056000, 29210.00, 29219.00, 29192.50, 29215.25, 6750, 6133, 29209.19, 29208.92, 29205.75, 3226, 3524, 0.00, 0.00
2026-8-26, 11:32:56.260000, 29215.75, 29220.00, 29170.00, 29179.50, 6750, 6194, 29196.31, 29189.83, 29195.00, 3541, 3209, 0.00, 0.00
2026-8-26, 11:46:42.550004, 29179.50, 29224.75, 29175.50, 29216.25, 6750, 6212, 29199.00, 29205.50, 29200.13, 2835, 3915, 0.00, 0.00
2026-8-26, 11:58:26.533000, 29216.75, 29242.25, 29209.75, 29235.75, 6750, 6211, 29226.13, 29229.25, 29226.00, 3186, 3564, 0.00, 0.00
2026-8-26, 12:13:26.451000, 29235.25, 29270.75, 29233.50, 29264.75, 6750, 6225, 29251.06, 29256.33, 29252.13, 3296, 3454, 0.00, 0.00
2026-8-26, 12:25:25.085000, 29265.00, 29285.75, 29256.50, 29285.75, 6750, 5984, 29273.25, 29276.00, 29271.13, 3222, 3528, 0.00, 0.00
2026-8-26, 12:38:39.585005, 29285.50, 29291.75, 29267.50, 29274.50, 6750, 6276, 29279.81, 29277.92, 29279.63, 3296, 3454, 0.00, 0.00
2026-8-26, 12:53:33.767000, 29275.00, 29296.00, 29271.50, 29289.75, 6750, 6281, 29283.06, 29285.75, 29283.75, 3162, 3588, 0.00, 0.00
2026-8-26, 13:10:42.445001, 29289.75, 29292.25, 29264.75, 29279.50, 6750, 5983, 29281.56, 29278.83, 29278.50, 3287, 3463, 0.00, 0.00
2026-8-26, 13:26:10.309000, 29279.25, 29303.50, 29274.75, 29295.25, 6750, 6155, 29288.19, 29291.17, 29289.13, 3186, 3564, 0.00, 0.00
2026-8-26, 13:45:02.542000, 29295.50, 29328.75, 29295.00, 29318.00, 6750, 6110, 29309.31, 29313.92, 29311.88, 3062, 3688, 0.00, 0.00
2026-8-26, 13:55:22.725001, 29318.00, 29357.00, 29315.75, 29349.50, 6750, 5912, 29335.06, 29340.75, 29336.38, 3174, 3576, 0.00, 0.00
2026-8-26, 14:03:38.050000, 29349.00, 29368.25, 29330.25, 29338.50, 6750, 6181, 29346.50, 29345.67, 29349.25, 3328, 3422, 0.00, 0.00
2026-8-26, 14:14:38.737009, 29338.75, 29357.25, 29332.25, 29343.00, 6750, 6197, 29342.81, 29344.17, 29344.75, 3301, 3449, 0.00, 0.00
2026-8-26, 14:28:48.339000, 29343.25, 29345.50, 29322.00, 29326.00, 6750, 6185, 29334.19, 29331.17, 29333.75, 3305, 3445, 0.00, 0.00
2026-8-26, 14:40:22.432000, 29325.75, 29337.00, 29305.50, 29335.75, 6750, 6105, 29326.00, 29326.08, 29321.25, 3199, 3551, 0.00, 0.00
2026-8-26, 14:49:57.832000, 29336.00, 29341.50, 29280.50, 29282.50, 6750, 6318, 29310.13, 29301.50, 29311.00, 3566, 3184, 0.00, 0.00
2026-8-26, 14:55:08.144000, 29282.75, 29310.75, 29280.25, 29284.25, 6750, 5932, 29289.50, 29291.75, 29295.50, 3216, 3534, 0.00, 0.00
2026-8-26, 14:59:35.300001, 29284.00, 29307.50, 29282.00, 29307.50, 6750, 5495, 29295.25, 29299.00, 29294.75, 2994, 3756, 0.00, 0.00
2026-8-26, 15:00:23.784000, 29306.50, 29375.00, 29283.25, 29353.00, 6750, 5730, 29329.44, 29337.08, 29329.13, 3213, 3537, 0.00, 0.00
2026-8-26, 15:10:35.263000, 29352.00, 29383.75, 29291.00, 29317.00, 6750, 5838, 29335.94, 29330.58, 29337.38, 3415, 3335, 0.00, 0.00
2026-8-26, 15:22:57.844000, 29316.50, 29362.75, 29314.25, 29344.50, 6750, 6104, 29334.50, 29340.50, 29338.50, 3254, 3496, 0.00, 0.00
2026-8-26, 15:39:02.065002, 29344.25, 29575.00, 29333.75, 29572.50, 6750, 5931, 29456.38, 29493.75, 29454.38, 2981, 3769, 0.00, 0.00
2026-8-26, 17:01:22.169018, 29572.50, 29602.00, 29550.00, 29587.00, 6750, 5796, 29577.88, 29579.67, 29576.00, 3341, 3409, 0.00, 0.00
2026-8-26, 17:24:18.905000, 29588.00, 29628.50, 29578.50, 29588.75, 6750, 6020, 29595.94, 29598.58, 29603.50, 3365, 3385, 0.00, 0.00
2026-8-26, 18:20:18.044001, 29588.75, 29654.75, 29587.00, 29593.75, 6750, 6006, 29606.06, 29611.83, 29620.88, 3353, 3397, 0.00, 0.00
2026-8-26, 19:12:02.375001, 29593.75, 29599.25, 29504.00, 29508.75, 6750, 6130, 29551.44, 29537.33, 29551.63, 3790, 2960, 0.00, 0.00
2026-8-26, 19:40:22.227000, 29508.50, 29521.50, 29432.50, 29443.50, 6750, 6194, 29476.50, 29465.83, 29477.00, 3502, 3248, 0.00, 0.00
2026-8-26, 20:01:26.783001, 29443.50, 29521.50, 29435.25, 29520.75, 6750, 6219, 29480.25, 29492.50, 29478.38, 3059, 3691, 0.00, 0.00
2026-8-26, 20:33:00.928001, 29520.75, 29554.25, 29491.75, 29532.50, 6750, 6183, 29524.81, 29526.17, 29523.00, 3398, 3352, 0.00, 0.00
2026-8-26, 21:24:31.436000, 29531.25, 29575.75, 29525.75, 29540.50, 6750, 5980, 29543.31, 29547.33, 29550.75, 3443, 3307, 0.00, 29580.75
2026-8-26, 22:50:09.109000, 29540.50, 29551.75, 29461.75, 29461.75, 6750, 6038, 29503.94, 29491.75, 29506.75, 3556, 3194, 0.00, 0.00
2026-8-27, 00:17:54.834000, 29462.50, 29478.75, 29418.50, 29423.25, 6750, 6159, 29445.75, 29440.17, 29448.63, 3537, 3213, 0.00, 0.00
2026-8-27, 01:06:32.489000, 29424.25, 29500.00, 29401.75, 29487.00, 6750, 6063, 29453.25, 29462.92, 29450.88, 3200, 3550, 0.00, 0.00
2026-8-27, 02:00:09.868000, 29486.25, 29549.75, 29477.25, 29505.75, 6750, 5852, 29504.75, 29510.92, 29513.50, 3666, 3084, 0.00, 0.00
2026-8-27, 02:40:36.449001, 29505.75, 29624.00, 29499.00, 29604.75, 6750, 6065, 29558.38, 29575.92, 29561.50, 3221, 3529, 0.00, 0.00
2026-8-27, 03:21:11.480000, 29604.75, 29662.00, 29600.25, 29646.00, 6750, 5857, 29628.25, 29636.08, 29631.13, 3303, 3447, 0.00, 0.00
2026-8-27, 03:52:25.438003, 29646.00, 29646.50, 29568.00, 29619.50, 6750, 5944, 29620.00, 29611.33, 29607.25, 3491, 3259, 0.00, 0.00
2026-8-27, 04:32:32.084000, 29620.75, 29634.50, 29575.50, 29585.00, 6750, 5559, 29603.94, 29598.33, 29605.00, 3654, 3096, 0.00, 0.00
2026-8-27, 05:33:22.240000, 29583.25, 29630.00, 29559.25, 29559.25, 6750, 6088, 29582.94, 29582.83, 29594.63, 3503, 3247, 0.00, 0.00
2026-8-27, 06:30:47.909001, 29559.00, 29588.00, 29514.75, 29567.25, 6750, 5825, 29557.25, 29556.67, 29551.38, 3452, 3298, 0.00, 0.00
2026-8-27, 07:09:01.022000, 29567.00, 29590.50, 29526.50, 29529.50, 6750, 6197, 29553.38, 29548.83, 29558.50, 3419, 3331, 0.00, 0.00
2026-8-27, 07:47:42.746000, 29530.00, 29570.25, 29515.50, 29562.25, 6750, 6142, 29544.50, 29549.33, 29542.88, 3166, 3584, 0.00, 0.00
2026-8-27, 08:16:33.412000, 29562.25, 29562.50, 29523.25, 29524.50, 5855, 5247, 29543.13, 29536.75, 29542.88, 3049, 2806, 0.00, 0.00
2026-8-27, 08:30:00.000000, 29524.25, 29588.75, 29502.25, 29583.75, 6750, 6350, 29549.75, 29558.25, 29545.50, 3214, 3536, 0.00, 0.00
2026-8-27, 08:31:06.078002, 29583.75, 29585.00, 29477.50, 29482.75, 6750, 6428, 29532.25, 29515.08, 29531.25, 3669, 3081, 0.00, 0.00
2026-8-27, 08:32:13.757001, 29482.75, 29520.00, 29474.00, 29500.00, 6750, 6450, 29494.19, 29498.00, 29497.00, 3267, 3483, 0.00, 0.00
2026-8-27, 08:34:02.240000, 29500.25, 29501.00, 29443.00, 29470.25, 6750, 6445, 29478.63, 29471.42, 29472.00, 3459, 3291, 0.00, 0.00
2026-8-27, 08:35:54.300003, 29470.25, 29486.00, 29447.25, 29466.75, 6750, 6150, 29467.56, 29466.67, 29466.63, 3591, 3159, 0.00, 0.00
2026-8-27, 08:38:12.332000, 29466.75, 29520.25, 29449.75, 29519.25, 6750, 6365, 29489.00, 29496.42, 29485.00, 3241, 3509, 0.00, 0.00
2026-8-27, 08:41:05.438001, 29519.25, 29545.75, 29486.50, 29527.00, 6750, 6413, 29519.63, 29519.75, 29516.13, 3281, 3469, 0.00, 0.00
2026-8-27, 08:43:28.041001, 29526.75, 29598.25, 29519.25, 29578.25, 6750, 6215, 29555.63, 29565.25, 29558.75, 2970, 3780, 0.00, 0.00
2026-8-27, 08:45:09.654000, 29577.50, 29605.00, 29549.25, 29551.00, 6750, 6165, 29570.69, 29568.42, 29577.13, 3586, 3164, 0.00, 0.00
2026-8-27, 08:47:07.685000, 29551.25, 29552.00, 29481.00, 29502.25, 6750, 6168, 29521.63, 29511.75, 29516.50, 3420, 3330, 0.00, 0.00
2026-8-27, 08:48:43.650004, 29502.50, 29525.25, 29451.75, 29521.00, 6750, 6205, 29500.13, 29499.33, 29488.50, 3380, 3370, 0.00, 0.00
2026-8-27, 08:50:46.264000, 29521.75, 29561.00, 29520.00, 29550.00, 6750, 6366, 29538.19, 29543.67, 29540.50, 3325, 3425, 0.00, 0.00
2026-8-27, 08:53:52.271002, 29550.00, 29567.25, 29461.00, 29464.25, 6750, 6407, 29510.63, 29497.50, 29514.13, 3585, 3165, 0.00, 0.00
2026-8-27, 08:57:01.869000, 29464.50, 29465.00, 29423.75, 29454.75, 6750, 6182, 29452.00, 29447.83, 29444.38, 3466, 3284, 0.00, 0.00
2026-8-27, 08:58:54.724001, 29455.00, 29524.75, 29451.00, 29524.25, 6750, 6469, 29488.75, 29500.00, 29487.88, 3132, 3618, 0.00, 0.00
2026-8-27, 09:01:33.458000, 29524.50, 29549.00, 29499.00, 29538.75, 6750, 6371, 29527.81, 29528.92, 29524.00, 3379, 3371, 0.00, 0.00
2026-8-27, 09:05:02.929000, 29539.00, 29557.50, 29502.00, 29528.25, 6750, 6455, 29531.69, 29529.25, 29529.75, 3427, 3323, 0.00, 0.00
2026-8-27, 09:08:50.483000, 29528.50, 29586.50, 29514.00, 29576.25, 6750, 6473, 29551.31, 29558.92, 29550.25, 3185, 3565, 0.00, 0.00
2026-8-27, 09:13:51.647000, 29576.25, 29593.25, 29554.25, 29586.25, 6750, 6292, 29577.50, 29577.92, 29573.75, 3364, 3386, 0.00, 0.00
2026-8-27, 09:18:42.058000, 29586.00, 29601.50, 29571.00, 29588.50, 6750, 6277, 29586.75, 29587.00, 29586.25, 3461, 3289, 0.00, 0.00
2026-8-27, 09:24:18.447000, 29589.00, 29623.50, 29572.25, 29598.75, 6750, 6194, 29595.88, 29598.17, 29597.88, 3435, 3315, 0.00, 0.00
2026-8-27, 09:29:06.845000, 29599.00, 29610.25, 29563.50, 29595.25, 6750, 5901, 29592.00, 29589.67, 29586.88, 3207, 3543, 0.00, 0.00
2026-8-27, 09:33:46.107001, 29595.50, 29605.00, 29543.50, 29550.50, 6750, 6312, 29573.63, 29566.33, 29574.25, 3538, 3212, 0.00, 0.00
2026-8-27, 09:40:05.553000, 29552.00, 29566.50, 29532.25, 29534.25, 6750, 6247, 29546.25, 29544.33, 29549.38, 3478, 3272, 0.00, 0.00
2026-8-27, 09:47:25.943002, 29534.50, 29604.75, 29532.00, 29583.50, 6750, 5974, 29563.69, 29573.42, 29568.38, 3261, 3489, 0.00, 0.00
2026-8-27, 09:52:18.678000, 29583.75, 29605.25, 29552.25, 29589.25, 6750, 6366, 29582.63, 29582.25, 29578.75, 3280, 3470, 0.00, 0.00
2026-8-27, 09:58:36.711001, 29589.25, 29619.75, 29588.00, 29610.00, 6750, 6281, 29601.75, 29605.92, 29603.88, 3306, 3444, 0.00, 0.00
2026-8-27, 10:06:31.745009, 29610.00, 29631.00, 29606.75, 29629.00, 6750, 6306, 29619.19, 29622.25, 29618.88, 3390, 3360, 0.00, 0.00
2026-8-27, 10:15:38.326000, 29629.75, 29635.00, 29589.25, 29591.25, 6750, 6204, 29611.31, 29605.17, 29612.13, 3543, 3207, 0.00, 0.00
2026-8-27, 10:25:16.927005, 29591.25, 29598.25, 29566.00, 29586.00, 6750, 6244, 29585.38, 29583.42, 29582.13, 3403, 3347, 0.00, 0.00
2026-8-27, 10:33:31.049002, 29586.00, 29589.75, 29547.75, 29567.25, 6750, 6373, 29572.69, 29568.25, 29568.75, 3453, 3297, 0.00, 0.00
2026-8-27, 10:41:42.850000, 29567.00, 29574.00, 29511.50, 29520.00, 6750, 6325, 29543.13, 29535.17, 29542.75, 3533, 3217, 0.00, 0.00
2026-8-27, 10:47:10.639000, 29519.75, 29588.25, 29512.75, 29588.25, 6750, 6265, 29552.25, 29563.08, 29550.50, 3200, 3550, 0.00, 0.00
2026-8-27, 10:53:00.048000, 29588.25, 29610.00, 29582.75, 29597.25, 6750, 6183, 29594.56, 29596.67, 29596.38, 3425, 3325, 0.00, 0.00
2026-8-27, 10:59:19.511003, 29597.50, 29623.75, 29594.25, 29596.75, 6750, 6281, 29603.06, 29604.92, 29609.00, 3267, 3483, 0.00, 0.00
2026-8-27, 11:08:44.737000, 29597.25, 29605.00, 29575.25, 29575.25, 6750, 6211, 29588.19, 29585.17, 29590.13, 3448, 3302, 0.00, 0.00
2026-8-27, 11:21:14.336000, 29575.75, 29614.50, 29570.00, 29611.50, 6750, 6254, 29592.94, 29598.67, 29592.25, 3137, 3613, 0.00, 0.00
2026-8-27, 11:35:03.400001, 29611.25, 29652.50, 29609.50, 29651.50, 6750, 6315, 29631.19, 29637.83, 29631.00, 3159, 3591, 0.00, 0.00
2026-8-27, 11:45:26.512001, 29651.50, 29659.50, 29637.00, 29646.00, 6750, 6029, 29648.50, 29647.50, 29648.25, 3562, 3188, 0.00, 0.00
2026-8-27, 11:55:22.752000, 29646.50, 29667.25, 29642.25, 29650.50, 6750, 6058, 29651.63, 29653.33, 29654.75, 3159, 3591, 0.00, 0.00
2026-8-27, 12:07:15.962003, 29650.50, 29676.00, 29649.00, 29667.50, 6750, 6285, 29660.75, 29664.17, 29662.50, 3171, 3579, 0.00, 0.00
2026-8-27, 12:19:29.853000, 29667.25, 29678.50, 29637.75, 29641.25, 6750, 6235, 29656.19, 29652.50, 29658.13, 3423, 3327, 0.00, 0.00
2026-8-27, 12:30:35.248001, 29641.25, 29658.50, 29631.25, 29647.00, 6750, 6099, 29644.50, 29645.58, 29644.88, 3316, 3434, 0.00, 0.00
2026-8-27, 12:43:51.058004, 29647.00, 29648.00, 29610.00, 29627.75, 6750, 6263, 29633.19, 29628.58, 29629.00, 3271, 3479, 0.00, 0.00
2026-8-27, 12:54:40.392000, 29627.75, 29629.25, 29579.00, 29582.75, 6750, 6233, 29604.69, 29597.00, 29604.13, 3466, 3284, 0.00, 0.00
2026-8-27, 13:03:29.633000, 29582.25, 29591.75, 29568.75, 29570.25, 6750, 6267, 29578.25, 29576.92, 29580.25, 3368, 3382, 0.00, 0.00
2026-8-27, 13:13:45.743001, 29570.25, 29589.75, 29561.75, 29568.50, 6750, 6162, 29572.56, 29573.33, 29575.75, 3382, 3368, 0.00, 0.00
2026-8-27, 13:23:46.519000, 29569.00, 29573.00, 29526.50, 29546.25, 6750, 6155, 29553.69, 29548.58, 29549.75, 3492, 3258, 0.00, 0.00
2026-8-27, 13:30:20.102001, 29546.25, 29571.50, 29542.25, 29562.25, 6750, 6060, 29555.56, 29558.67, 29556.88, 3130, 3620, 0.00, 0.00
2026-8-27, 13:38:21.435000, 29562.25, 29582.25, 29555.25, 29555.25, 6750, 6041, 29563.75, 29564.25, 29568.75, 3320, 3430, 0.00, 0.00
2026-8-27, 13:49:53.599040, 29555.25, 29582.00, 29544.75, 29579.00, 6750, 6196, 29565.25, 29568.58, 29563.38, 3222, 3528, 0.00, 0.00
2026-8-27, 14:01:39.057020, 29579.00, 29604.00, 29568.25, 29592.50, 6750, 6089, 29585.94, 29588.25, 29586.13, 3366, 3384, 0.00, 0.00
2026-8-27, 14:10:54.383001, 29592.25, 29612.25, 29591.50, 29608.25, 6750, 6280, 29601.06, 29604.00, 29601.88, 3361, 3389, 0.00, 0.00
2026-8-27, 14:23:42.548000, 29608.00, 29629.00, 29595.00, 29620.25, 6750, 6260, 29613.06, 29614.75, 29612.00, 3394, 3356, 0.00, 0.00
2026-8-27, 14:35:10.750002, 29620.25, 29644.50, 29619.75, 29639.25, 6750, 6268, 29630.94, 29634.50, 29632.13, 3269, 3481, 0.00, 29649.50
2026-8-27, 14:47:03.953033, 29639.00, 29668.75, 29629.00, 29667.00, 6750, 6201, 29650.94, 29654.92, 29648.88, 3148, 3602, 0.00, 0.00
2026-8-27, 14:53:10.217014, 29667.00, 29686.75, 29659.75, 29686.75, 6750, 6062, 29675.06, 29677.75, 29673.25, 3153, 3597, 0.00, 0.00
2026-8-27, 14:57:00.419015, 29686.75, 29703.75, 29684.75, 29700.25, 6750, 6256, 29693.88, 29696.25, 29694.25, 3086, 3664, 0.00, 0.00
2026-8-27, 14:59:31.011000, 29700.00, 29701.75, 29686.50, 29697.50, 6750, 5964, 29696.44, 29695.25, 29694.13, 3391, 3359, 0.00, 0.00
2026-8-27, 14:59:57.212000, 29697.50, 29708.00, 29686.75, 29689.25, 6750, 5986, 29695.38, 29694.67, 29697.38, 3285, 3465, 0.00, 0.00
2026-8-27, 15:01:31.260000, 29689.00, 29692.75, 29650.00, 29652.75, 6750, 5739, 29671.13, 29665.17, 29671.38, 3414, 3336, 0.00, 0.00
2026-8-27, 15:13:13.328000, 29653.00, 29656.50, 29605.50, 29609.00, 6750, 6023, 29631.00, 29623.67, 29631.00, 3365, 3385, 0.00, 0.00
2026-8-27, 17:02:38.242002, 29609.00, 29640.75, 29592.00, 29598.75, 6750, 6214, 29610.13, 29610.50, 29616.38, 3529, 3221, 0.00, 0.00
2026-8-27, 18:59:51.217001, 29598.75, 29656.00, 29594.25, 29639.75, 6750, 6241, 29622.19, 29630.00, 29625.13, 3256, 3494, 0.00, 0.00
2026-8-27, 19:39:26.259001, 29640.00, 29672.75, 29633.50, 29646.50, 6750, 6209, 29648.19, 29650.92, 29653.13, 3287, 3463, 0.00, 0.00
2026-8-27, 20:46:26.714001, 29646.25, 29703.00, 29644.75, 29674.50, 6750, 6264, 29667.13, 29674.08, 29673.88, 3388, 3362, 0.00, 0.00
2026-8-27, 22:03:20.931000, 29673.50, 29707.00, 29640.25, 29662.50, 6750, 6236, 29670.81, 29669.92, 29673.63, 3459, 3291, 0.00, 0.00
2026-8-27, 23:18:21.257001, 29662.50, 29665.75, 29594.50, 29606.00, 6750, 6189, 29632.19, 29622.08, 29630.13, 3799, 2951, 0.00, 0.00
2026-8-28, 01:03:57.595001, 29606.00, 29653.50, 29594.50, 29610.25, 6750, 6293, 29616.06, 29619.42, 29624.00, 3373, 3377, 0.00, 0.00
2026-8-28, 02:10:00.309004, 29610.25, 29625.75, 29578.25, 29599.25, 6750, 6096, 29603.38, 29601.08, 29602.00, 3566, 3184, 0.00, 0.00
2026-8-28, 03:12:29.092000, 29599.75, 29633.50, 29581.75, 29616.75, 6750, 6169, 29607.94, 29610.67, 29607.63, 3508, 3242, 0.00, 0.00
2026-8-28, 04:51:34.191001, 29617.00, 29639.25, 29593.25, 29638.75, 6750, 6275, 29622.06, 29623.75, 29616.25, 3262, 3488, 0.00, 0.00
2026-8-28, 06:31:02.868000, 29638.50, 29663.00, 29597.50, 29635.00, 6750, 6211, 29633.50, 29631.83, 29630.25, 3332, 3418, 0.00, 0.00
2026-8-28, 07:32:22.301000, 29635.00, 29681.75, 29615.00, 29660.00, 6750, 6299, 29647.94, 29652.25, 29648.38, 3274, 3476, 0.00, 0.00
2026-8-28, 08:06:06.215001, 29660.25, 29667.75, 29622.00, 29628.00, 6257, 5898, 29644.50, 29639.25, 29644.88, 3159, 3098, 0.00, 0.00
2026-8-28, 08:30:00.000000, 29628.50, 29637.00, 29591.25, 29591.25, 6750, 6394, 29612.00, 29606.50, 29614.13, 3523, 3227, 0.00, 0.00
2026-8-28, 08:31:24.837000, 29591.75, 29596.00, 29562.75, 29563.25, 6750, 6230, 29578.44, 29574.00, 29579.38, 3589, 3161, 0.00, 0.00
2026-8-28, 08:33:22.180002, 29563.25, 29613.75, 29562.75, 29602.00, 6750, 6487, 29585.44, 29592.83, 29588.25, 3266, 3484, 29557.75, 0.00
2026-8-28, 08:35:59.217004, 29602.00, 29648.50, 29592.00, 29637.25, 6750, 6463, 29619.94, 29625.92, 29620.25, 3402, 3348, 0.00, 0.00
2026-8-28, 08:38:45.752000, 29636.75, 29698.00, 29634.25, 29691.75, 6750, 6421, 29665.19, 29674.67, 29666.13, 3092, 3658, 0.00, 0.00
2026-8-28, 08:41:53.019001, 29691.75, 29701.75, 29660.00, 29676.50, 6750, 6372, 29682.50, 29679.42, 29680.88, 3518, 3232, 0.00, 0.00
2026-8-28, 08:45:42.500000, 29676.25, 29703.25, 29656.75, 29664.50, 6750, 6424, 29675.19, 29674.83, 29680.00, 3499, 3251, 0.00, 0.00
2026-8-28, 08:49:45.412001, 29663.75, 29669.50, 29625.00, 29638.25, 6750, 6349, 29649.13, 29644.25, 29647.25, 3488, 3262, 0.00, 0.00
2026-8-28, 08:53:22.863000, 29637.50, 29668.00, 29629.50, 29656.50, 6750, 6451, 29647.88, 29651.33, 29648.75, 3513, 3237, 0.00, 0.00
2026-8-28, 08:59:53.243000, 29656.00, 29706.00, 29605.00, 29643.75, 6750, 6288, 29652.69, 29651.58, 29655.50, 3524, 3226, 0.00, 0.00
2026-8-28, 09:01:55.345001, 29643.75, 29661.25, 29597.75, 29604.50, 6750, 6481, 29626.81, 29621.17, 29629.50, 3414, 3336, 0.00, 0.00
2026-8-28, 09:04:27.518000, 29604.25, 29633.25, 29566.00, 29580.00, 6750, 6307, 29595.88, 29593.08, 29599.63, 3496, 3254, 0.00, 0.00
2026-8-28, 09:06:52.495000, 29580.00, 29610.25, 29559.00, 29594.75, 6750, 6335, 29586.00, 29588.00, 29584.63, 3438, 3312, 0.00, 0.00
2026-8-28, 09:09:18.023000, 29594.25, 29617.25, 29542.75, 29561.00, 6750, 6437, 29578.81, 29573.67, 29580.00, 3529, 3221, 0.00, 0.00
2026-8-28, 09:12:00.663000, 29560.25, 29561.00, 29505.00, 29536.00, 6750, 6381, 29540.56, 29534.00, 29533.00, 3423, 3327, 0.00, 0.00
2026-8-28, 09:14:21.349000, 29536.25, 29574.00, 29523.00, 29560.25, 6750, 6443, 29548.38, 29552.42, 29548.50, 3230, 3520, 0.00, 0.00
2026-8-28, 09:17:26.574001, 29560.25, 29630.00, 29560.25, 29629.50, 6750, 6271, 29595.00, 29606.58, 29595.13, 3017, 3733, 0.00, 0.00
2026-8-28, 09:20:24.426003, 29629.75, 29675.75, 29617.00, 29651.50, 6750, 6419, 29643.50, 29648.08, 29646.38, 3227, 3523, 0.00, 0.00
2026-8-28, 09:23:34.478000, 29651.00, 29654.00, 29606.00, 29615.00, 6750, 6435, 29631.50, 29625.00, 29630.00, 3391, 3359, 0.00, 0.00
2026-8-28, 09:26:35.461000, 29615.50, 29655.75, 29604.00, 29655.75, 6750, 6378, 29632.75, 29638.50, 29629.88, 3215, 3535, 0.00, 0.00
2026-8-28, 09:30:02.080000, 29656.25, 29668.25, 29632.00, 29665.00, 6750, 6398, 29655.38, 29655.08, 29650.13, 3364, 3386, 0.00, 0.00
2026-8-28, 09:33:45.986002, 29665.00, 29696.00, 29661.75, 29694.75, 6750, 6390, 29679.38, 29684.17, 29678.88, 3316, 3434, 0.00, 0.00
2026-8-28, 09:37:46.000000, 29695.00, 29713.00, 29674.50, 29696.75, 6750, 6222, 29694.81, 29694.75, 29693.75, 3241, 3509, 0.00, 0.00
2026-8-28, 09:41:27.122000, 29697.00, 29744.00, 29686.50, 29736.75, 6750, 6315, 29716.06, 29722.42, 29715.25, 3210, 3540, 0.00, 0.00
2026-8-28, 09:45:07.226043, 29736.75, 29755.00, 29725.25, 29742.25, 6750, 6119, 29739.81, 29740.83, 29740.13, 3372, 3378, 0.00, 29760.00
2026-8-28, 09:49:26.578000, 29742.50, 29778.50, 29741.50, 29771.50, 6750, 6256, 29758.50, 29763.83, 29760.00, 3248, 3502, 0.00, 0.00
2026-8-28, 09:54:20.489003, 29771.50, 29798.00, 29767.00, 29790.75, 6750, 5797, 29781.81, 29785.25, 29782.50, 3384, 3366, 0.00, 0.00
2026-8-28, 09:58:10.066001, 29790.75, 29811.50, 29778.50, 29780.50, 6750, 6056, 29790.31, 29790.17, 29795.00, 3309, 3441, 0.00, 0.00
2026-8-28, 10:02:18.144000, 29780.25, 29806.25, 29779.50, 29787.50, 6750, 6127, 29788.38, 29791.08, 29792.88, 3416, 3334, 0.00, 0.00
2026-8-28, 10:07:20.980001, 29787.50, 29792.00, 29735.25, 29740.00, 6750, 6206, 29763.69, 29755.75, 29763.63, 3585, 3165, 0.00, 0.00
2026-8-28, 10:12:34.241000, 29739.75, 29775.00, 29737.50, 29749.75, 6750, 6440, 29750.50, 29754.08, 29756.25, 3271, 3479, 0.00, 0.00
2026-8-28, 10:19:04.232000, 29749.50, 29791.25, 29738.00, 29788.50, 6750, 6382, 29766.81, 29772.58, 29764.63, 3159, 3591, 0.00, 0.00
2026-8-28, 10:26:17.853000, 29789.25, 29790.50, 29758.75, 29765.00, 6750, 6311, 29775.88, 29771.42, 29774.63, 3517, 3233, 0.00, 0.00
2026-8-28, 10:35:44.720001, 29765.00, 29769.00, 29684.50, 29687.25, 6750, 6237, 29726.44, 29713.58, 29726.75, 3742, 3008, 0.00, 0.00
2026-8-28, 10:40:50.895000, 29687.25, 29699.50, 29663.00, 29677.50, 6750, 6400, 29681.81, 29680.00, 29681.25, 3133, 3617, 29658.00, 0.00
2026-8-28, 10:44:19.636000, 29678.50, 29682.75, 29629.25, 29635.50, 6750, 6321, 29656.50, 29649.17, 29656.00, 3501, 3249, 0.00, 0.00
2026-8-28, 10:48:40.569000, 29635.75, 29648.00, 29590.00, 29594.50, 6750, 6372, 29617.06, 29610.83, 29619.00, 3459, 3291, 0.00, 0.00
2026-8-28, 10:52:08.766003, 29594.50, 29620.25, 29585.50, 29589.50, 6750, 6216, 29597.44, 29598.42, 29602.88, 3188, 3562, 29580.50, 0.00
2026-8-28, 10:55:42.019000, 29589.25, 29593.75, 29547.50, 29561.75, 6750, 6195, 29573.06, 29567.67, 29570.63, 3344, 3406, 0.00, 0.00
2026-8-28, 10:58:44.028000, 29561.75, 29567.25, 29509.75, 29510.50, 6750, 6321, 29537.31, 29529.17, 29538.50, 3550, 3200, 0.00, 0.00
2026-8-28, 11:01:40.181001, 29510.50, 29559.00, 29510.00, 29537.00, 6750, 6469, 29529.13, 29535.33, 29534.50, 3141, 3609, 0.00, 0.00
2026-8-28, 11:05:11.111000, 29537.50, 29593.00, 29529.25, 29587.50, 6750, 6352, 29561.81, 29569.92, 29561.13, 3035, 3715, 0.00, 0.00
2026-8-28, 11:09:58.072009, 29587.50, 29591.50, 29544.25, 29544.25, 6750, 6459, 29566.88, 29560.00, 29567.88, 3571, 3179, 0.00, 29596.50
2026-8-28, 11:15:42.111015, 29544.25, 29548.25, 29492.75, 29512.00, 6750, 6147, 29524.31, 29517.67, 29520.50, 3578, 3172, 0.00, 0.00
2026-8-28, 11:19:20.228000, 29511.75, 29523.75, 29478.00, 29486.25, 6750, 6240, 29499.94, 29496.00, 29500.88, 3389, 3361, 0.00, 0.00
2026-8-28, 11:23:32.639000, 29486.00, 29504.50, 29464.50, 29492.75, 6750, 6375, 29486.94, 29487.25, 29484.50, 3279, 3471, 0.00, 0.00
2026-8-28, 11:28:14.027031, 29492.75, 29526.00, 29482.75, 29508.25, 6750, 6164, 29502.44, 29505.67, 29504.38, 3270, 3480, 0.00, 0.00
2026-8-28, 11:33:57.698001, 29508.25, 29529.25, 29475.75, 29490.00, 6750, 6344, 29500.81, 29498.33, 29502.50, 3457, 3293, 0.00, 0.00
2026-8-28, 11:40:29.839000, 29489.00, 29537.00, 29475.00, 29526.00, 6750, 6187, 29506.75, 29512.67, 29506.00, 3121, 3629, 0.00, 0.00
2026-8-28, 11:47:14.137001, 29526.00, 29549.00, 29508.25, 29508.25, 6750, 6117, 29522.88, 29521.83, 29528.63, 3198, 3552, 0.00, 0.00
2026-8-28, 11:54:56.791001, 29508.25, 29524.00, 29451.75, 29454.00, 6750, 6076, 29484.50, 29476.58, 29487.88, 3438, 3312, 0.00, 29529.00
2026-8-28, 12:00:59.412002, 29454.00, 29494.25, 29443.75, 29448.00, 6750, 6180, 29460.00, 29462.00, 29469.00, 3261, 3489, 0.00, 0.00
2026-8-28, 12:06:20.696002, 29448.00, 29478.25, 29436.25, 29473.50, 6750, 6324, 29459.00, 29462.67, 29457.25, 3306, 3444, 0.00, 0.00
2026-8-28, 12:13:44.284003, 29473.50, 29489.75, 29452.25, 29458.75, 6750, 6366, 29468.56, 29466.92, 29471.00, 3284, 3466, 0.00, 0.00
2026-8-28, 12:23:39.159000, 29458.50, 29503.50, 29453.25, 29498.25, 6750, 6225, 29478.38, 29485.00, 29478.38, 3127, 3623, 0.00, 0.00
2026-8-28, 12:34:49.063001, 29498.25, 29506.75, 29461.25, 29506.25, 6750, 6272, 29493.13, 29491.42, 29484.00, 3214, 3536, 0.00, 0.00
2026-8-28, 12:46:21.370005, 29506.25, 29529.25, 29494.25, 29503.50, 6750, 6181, 29508.31, 29509.00, 29511.75, 3324, 3426, 0.00, 0.00
2026-8-28, 12:57:08.337001, 29503.50, 29521.50, 29495.00, 29510.00, 6750, 6401, 29507.50, 29508.83, 29508.25, 3384, 3366, 0.00, 0.00
2026-8-28, 13:10:44.009003, 29510.00, 29518.75, 29473.50, 29473.50, 6750, 6317, 29493.94, 29488.58, 29496.13, 3645, 3105, 0.00, 0.00
2026-8-28, 13:23:45.093000, 29473.00, 29507.00, 29471.25, 29492.00, 6750, 6377, 29485.81, 29490.08, 29489.13, 3150, 3600, 0.00, 0.00
2026-8-28, 13:37:03.620000, 29492.50, 29499.00, 29445.25, 29447.50, 6750, 6154, 29471.06, 29463.92, 29472.13, 3590, 3160, 0.00, 0.00
2026-8-28, 13:51:00.204000, 29447.25, 29470.25, 29441.00, 29469.75, 6750, 6283, 29457.06, 29460.33, 29455.63, 3220, 3530, 0.00, 0.00
2026-8-28, 14:02:00.651000, 29470.00, 29492.25, 29454.50, 29477.75, 6750, 6076, 29473.63, 29474.83, 29473.38, 3278, 3472, 0.00, 0.00
2026-8-28, 14:10:55.506000, 29478.00, 29496.75, 29464.50, 29486.00, 6750, 6357, 29481.31, 29482.42, 29480.63, 3371, 3379, 0.00, 0.00
2026-8-28, 14:25:19.377000, 29485.25, 29503.75, 29482.25, 29491.00, 6750, 6438, 29490.56, 29492.33, 29493.00, 3221, 3529, 0.00, 0.00
2026-8-28, 14:38:19.826003, 29491.00, 29513.75, 29478.00, 29480.75, 6750, 5877, 29490.88, 29490.83, 29495.88, 3235, 3515, 0.00, 0.00
2026-8-28, 14:46:53.941001, 29480.75, 29521.50, 29473.50, 29498.75, 6750, 6090, 29493.63, 29497.92, 29497.50, 3130, 3620, 0.00, 0.00
2026-8-28, 14:52:35.210014, 29498.50, 29513.75, 29482.50, 29509.00, 6750, 5966, 29500.94, 29501.75, 29498.13, 3101, 3649, 0.00, 0.00
2026-8-28, 14:56:38.212000, 29509.00, 29511.50, 29483.50, 29493.50, 6750, 6045, 29499.38, 29496.17, 29497.50, 3368, 3382, 0.00, 0.00
2026-8-28, 14:59:40.841003, 29493.50, 29503.00, 29482.50, 29495.50, 6750, 5996, 29493.63, 29493.67, 29492.75, 3048, 3702, 0.00, 0.00
2026-8-28, 15:00:14.975000, 29495.50, 29507.75, 29478.25, 29487.00, 6750, 5978, 29492.13, 29491.00, 29493.00, 3371, 3379, 0.00, 0.00
2026-8-28, 15:34:41.749000, 29487.50, 29519.25, 29485.00, 29509.50, 3680, 3113, 29500.31, 29504.58, 29502.13, 1844, 1836, 0.00, 29524.25
2026-8-30, 17:00:00.000000, 29540.00, 29546.25, 29432.50, 29434.00, 6750, 5959, 29488.19, 29470.92, 29489.38, 3711, 3039, 0.00, 0.00
2026-8-30, 17:36:59.502000, 29434.50, 29454.00, 29371.25, 29383.50, 6750, 6226, 29410.81, 29402.92, 29412.63, 3535, 3215, 0.00, 0.00
2026-8-30, 18:24:45.682000, 29384.75, 29385.25, 29301.25, 29313.00, 6750, 6167, 29346.06, 29333.17, 29343.25, 3496, 3254, 0.00, 0.00
2026-8-30, 18:55:32.240000, 29314.50, 29367.00, 29273.50, 29359.25, 6750, 6080, 29328.56, 29333.25, 29320.25, 3243, 3507, 0.00, 0.00
2026-8-30, 19:18:42.024001, 29359.50, 29398.50, 29331.25, 29332.50, 6750, 6225, 29355.44, 29354.08, 29364.88, 3412, 3338, 0.00, 0.00
2026-8-30, 20:00:11.817000, 29334.00, 29348.25, 29292.50, 29333.00, 6750, 6234, 29326.94, 29324.58, 29320.38, 3341, 3409, 0.00, 0.00
2026-8-30, 20:32:19.886001, 29333.00, 29362.75, 29302.25, 29330.00, 6750, 6045, 29332.00, 29331.67, 29332.50, 3347, 3403, 0.00, 0.00
2026-8-30, 21:18:57.331004, 29330.00, 29350.00, 29287.00, 29346.75, 6750, 6000, 29328.44, 29327.92, 29318.50, 3356, 3394, 0.00, 0.00
2026-8-30, 22:01:43.474001, 29347.00, 29384.75, 29333.75, 29383.00, 6750, 6187, 29362.13, 29367.17, 29359.25, 3370, 3380, 0.00, 0.00
2026-8-30, 23:53:10.053000, 29384.25, 29477.25, 29384.25, 29444.00, 6750, 6239, 29422.44, 29435.17, 29430.75, 3210, 3540, 29379.25, 0.00
2026-8-31, 00:42:46.468001, 29444.00, 29518.50, 29432.00, 29504.50, 6750, 6009, 29474.75, 29485.00, 29475.25, 2918, 3832, 0.00, 0.00
2026-8-31, 01:36:10.876001, 29504.25, 29534.75, 29487.25, 29497.00, 6750, 6293, 29505.81, 29506.33, 29511.00, 3422, 3328, 0.00, 0.00
2026-8-31, 03:06:19.337000, 29496.75, 29535.00, 29470.75, 29490.00, 6750, 6218, 29498.13, 29498.58, 29502.88, 3541, 3209, 0.00, 0.00
2026-8-31, 04:30:28.235000, 29490.00, 29492.25, 29436.75, 29439.50, 6750, 6229, 29464.63, 29456.17, 29464.50, 3635, 3115, 0.00, 0.00
2026-8-31, 06:05:56.294002, 29439.50, 29471.00, 29398.50, 29415.75, 6750, 6379, 29431.19, 29428.42, 29434.75, 3459, 3291, 0.00, 0.00
2026-8-31, 07:09:08.182000, 29410.00, 29486.00, 29397.00, 29406.50, 6750, 6260, 29424.88, 29429.83, 29441.50, 3418, 3332, 0.00, 0.00
2026-8-31, 07:39:28.515001, 29406.50, 29409.75, 29377.50, 29395.50, 6750, 6233, 29397.31, 29394.25, 29393.63, 3493, 3257, 0.00, 0.00
2026-8-31, 08:10:55.449000, 29395.00, 29445.25, 29390.75, 29438.50, 5892, 5443, 29417.38, 29424.83, 29418.00, 2743, 3149, 0.00, 0.00
2026-8-31, 08:30:00.002000, 29437.75, 29516.50, 29417.50, 29495.75, 6750, 6365, 29466.88, 29476.58, 29467.00, 3183, 3567, 29412.50, 0.00
2026-8-31, 08:31:22.568001, 29495.50, 29516.75, 29437.50, 29437.50, 6750, 6367, 29471.81, 29463.92, 29477.13, 3543, 3207, 0.00, 0.00
2026-8-31, 08:33:31.583007, 29437.50, 29467.75, 29396.75, 29398.00, 6750, 6462, 29425.00, 29420.83, 29432.25, 3572, 3178, 0.00, 0.00
2026-8-31, 08:36:11.311000, 29397.75, 29438.50, 29391.50, 29394.50, 6750, 6455, 29405.56, 29408.17, 29415.00, 3389, 3361, 29386.50, 0.00
2026-8-31, 08:39:00.222000, 29394.25, 29433.00, 29390.25, 29409.25, 6750, 6539, 29406.69, 29410.83, 29411.63, 3375, 3375, 0.00, 0.00
2026-8-31, 08:42:18.512008, 29409.50, 29442.25, 29397.50, 29415.00, 6750, 6434, 29416.06, 29418.25, 29419.88, 3424, 3326, 0.00, 0.00
2026-8-31, 08:45:44.429000, 29414.50, 29475.50, 29387.75, 29468.50, 6750, 6436, 29436.56, 29443.92, 29431.63, 2958, 3792, 0.00, 0.00
2026-8-31, 08:48:06.879000, 29468.25, 29474.50, 29412.75, 29455.25, 6750, 6474, 29452.69, 29447.50, 29443.63, 3362, 3388, 0.00, 0.00
2026-8-31, 08:51:33.245182, 29455.50, 29472.00, 29424.75, 29463.75, 6750, 6445, 29454.00, 29453.50, 29448.38, 3295, 3455, 0.00, 0.00
2026-8-31, 08:55:35.030005, 29463.75, 29479.00, 29430.00, 29438.50, 6750, 6400, 29452.81, 29449.17, 29454.50, 3769, 2981, 0.00, 0.00
2026-8-31, 09:00:44.104000, 29438.50, 29443.50, 29394.50, 29422.25, 6750, 6358, 29424.69, 29420.08, 29419.00, 3562, 3188, 0.00, 0.00
2026-8-31, 09:05:54.815001, 29422.25, 29423.50, 29373.25, 29382.50, 6750, 6329, 29400.38, 29393.08, 29398.38, 3617, 3133, 0.00, 0.00
2026-8-31, 09:10:29.347001, 29382.50, 29405.50, 29371.00, 29389.00, 6750, 6277, 29387.00, 29388.50, 29388.25, 3270, 3480, 0.00, 0.00
2026-8-31, 09:16:38.343001, 29388.75, 29431.50, 29386.50, 29416.25, 6750, 6473, 29405.75, 29411.42, 29409.00, 2853, 3897, 0.00, 0.00
2026-8-31, 09:22:06.163000, 29416.25, 29423.00, 29355.00, 29364.50, 6750, 6327, 29389.69, 29380.83, 29389.00, 3663, 3087, 0.00, 0.00
2026-8-31, 09:27:35.874000, 29364.25, 29388.00, 29360.50, 29385.75, 6750, 6340, 29374.63, 29378.08, 29374.25, 3208, 3542, 0.00, 0.00
2026-8-31, 09:35:38.716000, 29386.25, 29429.50, 29384.00, 29419.50, 6750, 6330, 29404.81, 29411.00, 29406.75, 3039, 3711, 0.00, 0.00
2026-8-31, 09:42:17.935000, 29419.75, 29434.75, 29396.50, 29397.50, 6750, 5455, 29412.13, 29409.58, 29415.63, 4044, 2706, 0.00, 0.00
2026-8-31, 09:48:59.934000, 29397.75, 29435.25, 29384.25, 29435.25, 6750, 6218, 29413.13, 29418.25, 29409.75, 3176, 3574, 0.00, 0.00
2026-8-31, 09:57:26.451001, 29435.25, 29444.25, 29407.00, 29417.50, 6750, 6253, 29426.00, 29422.92, 29425.63, 3382, 3368, 0.00, 0.00
2026-8-31, 10:02:31.417001, 29417.50, 29436.25, 29395.50, 29422.00, 6750, 6290, 29417.81, 29417.92, 29415.88, 3402, 3348, 0.00, 0.00
2026-8-31, 10:10:28.584001, 29422.25, 29431.00, 29396.50, 29413.75, 6750, 6305, 29415.88, 29413.75, 29413.75, 3315, 3435, 0.00, 0.00
2026-8-31, 10:20:25.625000, 29414.25, 29445.75, 29407.75, 29431.75, 6750, 6178, 29424.88, 29428.42, 29426.75, 3309, 3441, 0.00, 0.00
2026-8-31, 10:28:54.954000, 29431.75, 29434.00, 29386.25, 29402.50, 6750, 6340, 29413.63, 29407.58, 29410.13, 3559, 3191, 0.00, 0.00
2026-8-31, 10:36:49.925008, 29402.75, 29418.50, 29383.00, 29407.25, 6750, 6359, 29402.88, 29402.92, 29400.75, 3293, 3457, 29378.00, 0.00
2026-8-31, 10:47:52.537002, 29407.25, 29432.75, 29394.50, 29400.00, 6750, 6303, 29408.63, 29409.08, 29413.63, 3547, 3203, 0.00, 0.00
2026-8-31, 10:58:05.005000, 29400.50, 29400.50, 29362.50, 29372.25, 6750, 6353, 29383.94, 29378.42, 29381.50, 3511, 3239, 0.00, 0.00
2026-8-31, 11:07:05.521001, 29372.25, 29412.75, 29364.75, 29398.25, 6750, 6314, 29387.00, 29391.92, 29388.75, 3136, 3614, 0.00, 0.00
2026-8-31, 11:16:40.139000, 29398.50, 29421.25, 29381.50, 29419.75, 6750, 6410, 29405.25, 29407.50, 29401.38, 3226, 3524, 0.00, 0.00
2026-8-31, 11:28:23.631003, 29419.75, 29426.75, 29395.25, 29396.25, 6750, 6372, 29409.50, 29406.08, 29411.00, 3505, 3245, 0.00, 0.00
2026-8-31, 11:40:01.118002, 29396.25, 29438.00, 29394.25, 29437.00, 6750, 6361, 29416.38, 29423.08, 29416.13, 3182, 3568, 0.00, 0.00
2026-8-31, 11:53:31.250000, 29437.00, 29443.25, 29415.25, 29419.00, 6750, 6436, 29428.63, 29425.83, 29429.25, 3458, 3292, 0.00, 0.00
2026-8-31, 12:11:17.361001, 29419.00, 29434.00, 29393.25, 29399.75, 6750, 6369, 29411.50, 29409.00, 29413.63, 3516, 3234, 0.00, 0.00
2026-8-31, 12:29:44.213001, 29399.75, 29434.50, 29388.00, 29431.50, 6750, 6434, 29413.44, 29418.00, 29411.25, 3188, 3562, 0.00, 0.00
2026-8-31, 12:42:22.993001, 29431.25, 29457.50, 29422.25, 29450.00, 6750, 6365, 29440.25, 29443.25, 29439.88, 3164, 3586, 0.00, 0.00
2026-8-31, 12:56:13.316001, 29450.00, 29456.75, 29422.25, 29454.50, 6750, 6484, 29445.88, 29444.50, 29439.50, 3490, 3260, 0.00, 0.00
2026-8-31, 13:08:58.461006, 29454.50, 29464.25, 29437.75, 29442.75, 6750, 6456, 29449.81, 29448.25, 29451.00, 3472, 3278, 0.00, 0.00
2026-8-31, 13:28:07.474000, 29443.50, 29448.50, 29391.50, 29396.50, 6750, 6398, 29420.00, 29412.17, 29420.00, 3437, 3313, 0.00, 0.00
2026-8-31, 13:40:06.035000, 29397.00, 29410.00, 29382.50, 29407.00, 6750, 6443, 29399.13, 29399.83, 29396.25, 3210, 3540, 0.00, 0.00
2026-8-31, 13:52:53.780000, 29407.25, 29425.50, 29400.25, 29416.50, 6750, 6243, 29412.38, 29414.08, 29412.88, 3352, 3398, 0.00, 0.00
2026-8-31, 14:08:36.744000, 29416.75, 29441.75, 29414.75, 29434.00, 6750, 6185, 29426.81, 29430.17, 29428.25, 3322, 3428, 0.00, 0.00
2026-8-31, 14:24:24.373000, 29434.25, 29453.50, 29427.75, 29451.00, 6750, 6429, 29441.63, 29444.08, 29440.63, 3172, 3578, 0.00, 0.00
2026-8-31, 14:37:37.824001, 29451.00, 29485.75, 29447.25, 29484.25, 6750, 6181, 29467.06, 29472.42, 29466.50, 3224, 3526, 0.00, 29490.75
2026-8-31, 14:46:05.846007, 29485.75, 29528.25, 29458.50, 29514.75, 6750, 5699, 29496.81, 29500.50, 29493.38, 3582, 3168, 0.00, 0.00
2026-8-31, 14:50:23.172000, 29514.75, 29534.50, 29501.75, 29512.50, 6750, 6143, 29515.88, 29516.25, 29518.13, 3306, 3444, 0.00, 0.00
2026-8-31, 14:54:33.598002, 29512.50, 29526.00, 29502.25, 29508.25, 6750, 6241, 29512.25, 29512.17, 29514.13, 3228, 3522, 0.00, 0.00
2026-8-31, 14:58:55.904002, 29508.00, 29538.25, 29505.25, 29511.75, 6750, 6199, 29515.81, 29518.42, 29521.75, 3472, 3278, 0.00, 0.00
2026-8-31, 14:59:47.536000, 29511.75, 29524.50, 29498.00, 29506.25, 6750, 5789, 29510.13, 29509.58, 29511.25, 3426, 3324, 0.00, 0.00
2026-8-31, 15:00:00.015001, 29506.50, 29527.50, 29503.75, 29519.75, 6750, 5999, 29514.38, 29517.00, 29515.63, 3403, 3347, 0.00, 0.00
2026-8-31, 15:10:57.981002, 29519.75, 29522.50, 29496.00, 29498.75, 6750, 6113, 29509.25, 29505.75, 29509.25, 3379, 3371, 0.00, 0.00
2026-8-31, 17:48:51.060000, 29498.00, 29521.75, 29480.50, 29490.75, 6750, 6332, 29497.75, 29497.67, 29501.13, 3327, 3423, 0.00, 0.00
2026-8-31, 19:15:36.229000, 29490.25, 29520.50, 29478.25, 29511.25, 6750, 6310, 29500.06, 29503.33, 29499.38, 3290, 3460, 29473.25, 0.00
2026-8-31, 20:24:00.741004, 29511.25, 29515.50, 29459.25, 29461.00, 6750, 6157, 29486.75, 29478.58, 29487.38, 3456, 3294, 0.00, 0.00
2026-8-31, 21:27:58.830001, 29460.75, 29493.75, 29434.75, 29472.00, 6750, 6126, 29465.31, 29466.83, 29464.25, 3356, 3394, 0.00, 0.00
2026-8-31, 22:36:17.178000, 29473.00, 29503.00, 29449.50, 29449.50, 6750, 5989, 29468.75, 29467.33, 29476.25, 3409, 3341, 0.00, 0.00
2026-9-1, 00:21:24.359000, 29449.50, 29569.50, 29447.25, 29569.00, 6750, 5914, 29508.81, 29528.58, 29508.38, 2672, 4078, 0.00, 0.00
2026-9-1, 00:57:54.986000, 29569.25, 29571.25, 29512.25, 29532.00, 6750, 6181, 29546.19, 29538.50, 29541.75, 3382, 3368, 0.00, 0.00
2026-9-1, 02:01:42.309009, 29531.75, 29556.75, 29452.75, 29455.25, 6750, 6005, 29499.13, 29488.25, 29504.75, 3625, 3125, 0.00, 0.00
2026-9-1, 02:45:23.121000, 29455.25, 29478.75, 29353.50, 29361.75, 6750, 6037, 29412.31, 29398.00, 29416.13, 3635, 3115, 0.00, 0.00
2026-9-1, 03:07:14.157001, 29361.75, 29363.00, 29283.50, 29286.25, 6750, 6225, 29323.63, 29310.92, 29323.25, 3456, 3294, 0.00, 0.00
2026-9-1, 03:27:38.853000, 29287.50, 29312.00, 29246.75, 29264.50, 6750, 5972, 29277.69, 29274.42, 29279.38, 3386, 3364, 0.00, 0.00
2026-9-1, 03:53:02.057000, 29268.00, 29279.75, 29185.50, 29202.75, 6750, 5893, 29234.00, 29222.67, 29232.63, 3541, 3209, 0.00, 0.00
2026-9-1, 04:22:57.543000, 29203.00, 29230.25, 29184.25, 29230.25, 6750, 6045, 29211.94, 29214.92, 29207.25, 3267, 3483, 0.00, 0.00
2026-9-1, 05:21:12.044004, 29230.00, 29257.75, 29190.00, 29190.00, 6750, 6205, 29216.94, 29212.58, 29223.88, 3539, 3211, 0.00, 0.00
2026-9-1, 06:05:31.862014, 29190.00, 29238.00, 29178.00, 29211.75, 6750, 6129, 29204.44, 29209.25, 29208.00, 3321, 3429, 0.00, 0.00
2026-9-1, 06:51:54.210000, 29211.75, 29217.50, 29150.25, 29159.50, 6750, 6204, 29184.75, 29175.75, 29183.88, 3483, 3267, 0.00, 0.00
2026-9-1, 07:18:29.520003, 29159.50, 29171.50, 29126.25, 29138.50, 6750, 6003, 29148.94, 29145.42, 29148.88, 3308, 3442, 0.00, 0.00
2026-9-1, 07:40:00.270000, 29138.25, 29153.00, 29102.25, 29102.25, 6750, 6079, 29123.94, 29119.17, 29127.63, 3469, 3281, 0.00, 0.00
2026-9-1, 08:01:53.304000, 29102.50, 29116.50, 29087.00, 29096.00, 6750, 5925, 29100.50, 29099.83, 29101.75, 3593, 3157, 0.00, 0.00
2026-9-1, 08:15:28.740007, 29097.00, 29122.75, 29084.25, 29117.00, 6750, 6105, 29105.25, 29108.00, 29103.50, 3289, 3461, 0.00, 0.00
2026-9-1, 08:29:50.175003, 29117.00, 29118.75, 29110.75, 29112.00, 290, 270, 29114.63, 29113.83, 29114.75, 180, 110, 0.00, 0.00
2026-9-1, 08:30:00.000000, 29111.75, 29124.75, 29082.75, 29089.25, 6750, 6343, 29102.13, 29098.92, 29103.75, 3541, 3209, 0.00, 0.00
2026-9-1, 08:31:10.443006, 29089.25, 29106.00, 29062.75, 29094.75, 6750, 6401, 29088.19, 29087.83, 29084.38, 3403, 3347, 0.00, 0.00
2026-9-1, 08:32:58.061002, 29095.25, 29123.75, 29085.00, 29122.75, 6750, 6342, 29106.69, 29110.50, 29104.38, 3258, 3492, 0.00, 0.00
2026-9-1, 08:35:15.723000, 29123.00, 29140.50, 29095.25, 29124.50, 6750, 6380, 29120.81, 29120.08, 29117.88, 3434, 3316, 0.00, 0.00
2026-9-1, 08:37:51.414002, 29124.50, 29125.50, 29060.25, 29076.00, 6750, 6286, 29096.56, 29087.25, 29092.88, 3709, 3041, 0.00, 0.00
2026-9-1, 08:40:11.332002, 29076.00, 29084.50, 29040.25, 29067.00, 6750, 6237, 29066.94, 29063.92, 29062.38, 3340, 3410, 29035.25, 0.00
2026-9-1, 08:42:44.750000, 29067.25, 29122.50, 29059.00, 29121.25, 6750, 6311, 29092.50, 29100.92, 29090.75, 3226, 3524, 0.00, 0.00
2026-9-1, 08:45:48.547001, 29121.25, 29143.00, 29103.25, 29113.75, 6750, 6390, 29120.31, 29120.00, 29123.13, 3394, 3356, 0.00, 0.00
2026-9-1, 08:49:02.067000, 29113.75, 29158.00, 29110.75, 29119.00, 6750, 6404, 29125.38, 29129.25, 29134.38, 3260, 3490, 0.00, 0.00
2026-9-1, 08:52:42.469001, 29118.75, 29130.00, 29095.00, 29102.75, 6750, 6384, 29111.63, 29109.25, 29112.50, 3602, 3148, 0.00, 0.00
2026-9-1, 08:57:38.454000, 29103.25, 29138.00, 29091.25, 29133.50, 6750, 6285, 29116.50, 29120.92, 29114.63, 3313, 3437, 0.00, 0.00
2026-9-1, 09:01:55.488010, 29133.50, 29138.25, 29085.25, 29137.25, 6750, 6424, 29123.56, 29120.25, 29111.75, 3477, 3273, 0.00, 0.00
2026-9-1, 09:06:52.352002, 29137.25, 29161.75, 29134.00, 29138.00, 6750, 6394, 29142.75, 29144.58, 29147.88, 3276, 3474, 0.00, 0.00
2026-9-1, 09:11:46.049000, 29138.25, 29171.75, 29116.00, 29154.25, 6750, 6492, 29145.06, 29147.33, 29143.88, 3237, 3513, 0.00, 0.00
2026-9-1, 09:15:54.094000, 29153.50, 29174.25, 29135.50, 29155.00, 6750, 6359, 29154.56, 29154.92, 29154.88, 3345, 3405, 0.00, 0.00
2026-9-1, 09:21:51.299011, 29155.25, 29179.50, 29152.50, 29160.75, 6750, 6316, 29162.00, 29164.25, 29166.00, 3239, 3511, 0.00, 0.00
2026-9-1, 09:28:20.755000, 29160.75, 29210.50, 29155.75, 29208.00, 6750, 6188, 29183.75, 29191.42, 29183.13, 3053, 3697, 0.00, 0.00
2026-9-1, 09:33:44.029015, 29208.00, 29215.00, 29196.50, 29212.50, 6750, 6287, 29208.00, 29208.00, 29205.75, 3428, 3322, 0.00, 0.00
2026-9-1, 09:40:36.932000, 29212.50, 29241.00, 29209.50, 29239.00, 6750, 6192, 29225.50, 29229.83, 29225.25, 3110, 3640, 0.00, 0.00
2026-9-1, 09:46:57.322000, 29238.75, 29268.00, 29234.00, 29243.25, 6750, 6144, 29246.00, 29248.42, 29251.00, 3336, 3414, 0.00, 0.00
2026-9-1, 09:51:33.357000, 29243.25, 29243.25, 29207.00, 29210.00, 6750, 6229, 29225.88, 29220.08, 29225.13, 3519, 3231, 0.00, 0.00
2026-9-1, 09:57:35.494001, 29210.00, 29241.50, 29201.75, 29202.25, 6750, 6369, 29213.88, 29215.17, 29221.63, 3223, 3527, 0.00, 0.00
2026-9-1, 10:04:21.003000, 29202.50, 29216.00, 29180.50, 29186.00, 6750, 6290, 29196.25, 29194.17, 29198.25, 3446, 3304, 0.00, 0.00
2026-9-1, 10:11:03.063000, 29186.25, 29205.50, 29178.25, 29198.00, 6750, 6362, 29192.00, 29193.92, 29191.88, 3175, 3575, 0.00, 0.00
2026-9-1, 10:20:41.428001, 29198.00, 29234.25, 29186.25, 29231.50, 6750, 6272, 29212.50, 29217.33, 29210.25, 3197, 3553, 0.00, 0.00
2026-9-1, 10:30:12.694011, 29231.25, 29256.75, 29224.25, 29256.00, 6750, 6165, 29242.06, 29245.67, 29240.50, 3147, 3603, 29219.25, 0.00
2026-9-1, 10:38:05.874003, 29256.00, 29282.75, 29255.75, 29278.75, 6750, 5951, 29268.31, 29272.42, 29269.25, 3126, 3624, 0.00, 0.00
2026-9-1, 10:44:33.519000, 29278.75, 29317.50, 29278.25, 29317.50, 6750, 5864, 29298.00, 29304.42, 29297.88, 2967, 3783, 0.00, 0.00
2026-9-1, 10:49:22.944016, 29317.50, 29317.75, 29291.50, 29291.75, 6750, 6296, 29304.63, 29300.33, 29304.63, 3578, 3172, 0.00, 29322.75
2026-9-1, 10:58:04.445000, 29291.75, 29303.75, 29258.00, 29259.75, 6750, 6123, 29278.31, 29273.83, 29280.88, 3687, 3063, 0.00, 0.00
2026-9-1, 11:06:40.134000, 29259.75, 29273.00, 29231.25, 29232.00, 6750, 6103, 29249.00, 29245.42, 29252.13, 3468, 3282, 0.00, 0.00
2026-9-1, 11:15:11.294002, 29231.75, 29235.50, 29181.25, 29181.25, 6750, 6057, 29207.44, 29199.33, 29208.38, 3543, 3207, 0.00, 0.00
2026-9-1, 11:20:55.179000, 29181.25, 29209.75, 29170.50, 29194.50, 6750, 6199, 29189.00, 29191.58, 29190.13, 3204, 3546, 0.00, 0.00
2026-9-1, 11:24:55.313001, 29194.50, 29202.50, 29162.75, 29181.50, 6750, 6180, 29185.31, 29182.25, 29182.63, 3423, 3327, 0.00, 0.00
2026-9-1, 11:30:11.550001, 29181.25, 29182.00, 29131.25, 29139.50, 6750, 6095, 29158.50, 29150.92, 29156.63, 3554, 3196, 0.00, 0.00
2026-9-1, 11:35:18.766000, 29139.50, 29168.75, 29135.25, 29152.25, 6750, 6286, 29148.94, 29152.08, 29152.00, 3141, 3609, 0.00, 0.00
2026-9-1, 11:42:30.588000, 29152.25, 29167.25, 29133.00, 29161.75, 6750, 6159, 29153.56, 29154.00, 29150.13, 3264, 3486, 0.00, 0.00
2026-9-1, 11:53:23.278000, 29162.25, 29197.25, 29155.00, 29158.75, 6750, 6273, 29168.31, 29170.33, 29176.13, 3288, 3462, 0.00, 0.00
2026-9-1, 12:02:05.422002, 29158.75, 29165.50, 29138.75, 29159.50, 6750, 6254, 29155.63, 29154.58, 29152.13, 3253, 3497, 0.00, 0.00
2026-9-1, 12:13:29.696001, 29159.50, 29163.75, 29123.50, 29123.50, 6750, 6216, 29142.56, 29136.92, 29143.63, 3577, 3173, 0.00, 0.00
2026-9-1, 12:25:46.448004, 29123.50, 29159.00, 29100.50, 29146.00, 6750, 6191, 29132.25, 29135.17, 29129.75, 3468, 3282, 0.00, 0.00
2026-9-1, 12:33:07.291007, 29146.00, 29161.75, 29125.50, 29129.25, 6750, 6248, 29140.63, 29138.83, 29143.63, 3214, 3536, 0.00, 0.00
2026-9-1, 12:48:53.536002, 29129.25, 29151.50, 29117.75, 29135.25, 6750, 6257, 29133.44, 29134.83, 29134.63, 3209, 3541, 0.00, 0.00
2026-9-1, 13:02:10.704062, 29135.00, 29143.00, 29094.50, 29097.75, 6750, 6114, 29117.56, 29111.75, 29118.75, 3428, 3322, 0.00, 0.00
2026-9-1, 13:15:20.597001, 29097.75, 29118.50, 29090.25, 29104.50, 6750, 6246, 29102.75, 29104.42, 29104.38, 3155, 3595, 0.00, 0.00
2026-9-1, 13:27:15.206021, 29104.25, 29105.50, 29067.75, 29076.00, 6750, 6268, 29088.38, 29083.08, 29086.63, 3350, 3400, 0.00, 0.00
2026-9-1, 13:36:52.047001, 29075.75, 29077.25, 29022.50, 29023.25, 6750, 6208, 29049.69, 29041.00, 29049.88, 3526, 3224, 0.00, 0.00
2026-9-1, 13:43:46.743002, 29023.25, 29031.25, 29002.00, 29015.00, 6750, 6082, 29017.88, 29016.08, 29016.63, 3392, 3358, 0.00, 0.00
2026-9-1, 13:48:48.545001, 29015.00, 29076.50, 29013.75, 29076.25, 6750, 6135, 29045.38, 29055.50, 29045.13, 2992, 3758, 0.00, 0.00
2026-9-1, 13:56:57.065000, 29076.00, 29104.75, 29062.25, 29096.50, 6750, 6327, 29084.88, 29087.83, 29083.50, 3276, 3474, 0.00, 0.00
2026-9-1, 14:04:52.915001, 29096.50, 29125.50, 29088.50, 29119.00, 6750, 6314, 29107.38, 29111.00, 29107.00, 3206, 3544, 0.00, 0.00
2026-9-1, 14:15:07.464000, 29118.75, 29125.00, 29103.75, 29116.00, 6750, 6320, 29115.88, 29114.92, 29114.38, 3443, 3307, 0.00, 0.00
2026-9-1, 14:27:43.369000, 29115.50, 29129.25, 29093.00, 29110.25, 6750, 6357, 29112.00, 29110.83, 29111.13, 3215, 3535, 0.00, 0.00
2026-9-1, 14:36:58.029000, 29110.00, 29135.50, 29098.25, 29131.75, 6750, 6414, 29118.88, 29121.83, 29116.88, 3140, 3610, 0.00, 0.00
2026-9-1, 14:48:10.694000, 29131.75, 29141.00, 29095.75, 29099.00, 6750, 6291, 29116.88, 29111.92, 29118.38, 3531, 3219, 0.00, 0.00
2026-9-1, 14:53:36.449002, 29099.00, 29124.25, 29086.00, 29103.25, 6750, 6301, 29103.13, 29104.50, 29105.13, 3287, 3463, 0.00, 0.00
2026-9-1, 14:57:44.019000, 29102.75, 29131.25, 29101.00, 29126.75, 6750, 5815, 29115.44, 29119.67, 29116.13, 2800, 3950, 0.00, 0.00
2026-9-1, 14:59:41.315000, 29126.25, 29139.75, 29119.50, 29139.00, 6750, 5850, 29131.13, 29132.75, 29129.63, 3223, 3527, 0.00, 0.00
2026-9-1, 15:00:02.336001, 29139.00, 29158.00, 29117.75, 29122.75, 6750, 6005, 29134.38, 29132.83, 29137.88, 3265, 3485, 0.00, 0.00
2026-9-1, 15:05:56.736000, 29122.00, 29159.00, 29113.50, 29135.25, 6750, 5840, 29132.44, 29135.92, 29136.25, 3343, 3407, 0.00, 0.00
2026-9-1, 15:40:45.897002, 29135.25, 29155.25, 29102.25, 29125.75, 6750, 6108, 29129.63, 29127.75, 29128.75, 3231, 3519, 0.00, 0.00
2026-9-1, 18:24:30.948000, 29126.75, 29170.00, 29106.00, 29140.50, 6750, 6413, 29135.81, 29138.83, 29138.00, 3241, 3509, 0.00, 0.00
2026-9-1, 19:25:25.518005, 29140.25, 29149.00, 29086.75, 29098.75, 6750, 6252, 29118.69, 29111.50, 29117.88, 3435, 3315, 0.00, 0.00
2026-9-1, 20:15:40.206000, 29098.75, 29129.50, 29047.75, 29071.50, 6750, 5992, 29086.88, 29082.92, 29088.63, 3452, 3298, 0.00, 0.00
2026-9-1, 20:59:02.271003, 29071.25, 29100.00, 29044.50, 29074.25, 6750, 6328, 29072.50, 29072.92, 29072.25, 3379, 3371, 0.00, 0.00
2026-9-1, 22:09:46.182005, 29074.25, 29089.50, 29035.50, 29040.25, 6750, 6339, 29059.88, 29055.08, 29062.50, 3347, 3403, 0.00, 0.00
2026-9-2, 00:08:17.619000, 29040.25, 29104.25, 29029.50, 29030.00, 6750, 6164, 29051.00, 29054.58, 29066.88, 3563, 3187, 0.00, 29109.25
2026-9-2, 01:17:59.909001, 29029.75, 29120.75, 29016.50, 29116.25, 6750, 6335, 29070.81, 29084.50, 29068.63, 3276, 3474, 0.00, 0.00
2026-9-2, 02:11:03.729000, 29115.75, 29117.00, 29050.00, 29078.50, 6750, 6313, 29090.31, 29081.83, 29083.50, 3432, 3318, 0.00, 0.00
2026-9-2, 03:15:53.184007, 29078.50, 29080.50, 28954.50, 28985.75, 6750, 6223, 29024.81, 29006.92, 29017.50, 3620, 3130, 0.00, 0.00
2026-9-2, 04:02:26.008000, 28985.75, 29027.50, 28940.50, 28958.75, 6750, 6192, 28978.13, 28975.58, 28984.00, 3436, 3314, 0.00, 0.00
2026-9-2, 04:53:13.046000, 28959.25, 28996.00, 28947.25, 28952.50, 6750, 6218, 28963.75, 28965.25, 28971.63, 3406, 3344, 0.00, 0.00
2026-9-2, 06:00:58.862000, 28952.75, 29025.00, 28927.25, 29003.25, 6750, 6063, 28977.06, 28985.17, 28976.13, 3279, 3471, 0.00, 0.00
2026-9-2, 06:21:23.652001, 29003.00, 29084.50, 28996.50, 29077.50, 6750, 6110, 29040.38, 29052.83, 29040.50, 3190, 3560, 0.00, 0.00
2026-9-2, 07:00:13.075001, 29077.50, 29149.00, 29074.50, 29147.25, 6750, 5928, 29112.06, 29123.58, 29111.75, 3080, 3670, 0.00, 0.00
2026-9-2, 07:21:23.035000, 29146.75, 29149.50, 29056.75, 29060.00, 6750, 6011, 29103.25, 29088.75, 29103.13, 3487, 3263, 0.00, 0.00
2026-9-2, 07:48:57.189000, 29060.25, 29080.00, 29032.75, 29079.50, 6750, 6298, 29063.13, 29064.08, 29056.38, 3306, 3444, 0.00, 0.00
2026-9-2, 08:19:03.397005, 29079.50, 29115.25, 29071.75, 29098.50, 4874, 4504, 29091.25, 29095.17, 29093.50, 2240, 2634, 0.00, 0.00
2026-9-2, 08:30:00.000000, 29098.75, 29102.75, 29042.75, 29055.00, 6750, 6546, 29074.81, 29066.83, 29072.75, 3529, 3221, 0.00, 0.00
2026-9-2, 08:31:20.340000, 29055.25, 29087.25, 29044.50, 29063.50, 6750, 6522, 29062.63, 29065.08, 29065.88, 3325, 3425, 0.00, 0.00
2026-9-2, 08:33:53.554000, 29063.25, 29090.50, 29047.50, 29047.50, 6750, 6454, 29062.19, 29061.83, 29069.00, 3436, 3314, 0.00, 0.00
2026-9-2, 08:37:03.674003, 29047.50, 29102.25, 29036.50, 29102.25, 6750, 6418, 29072.13, 29080.33, 29069.38, 3095, 3655, 0.00, 0.00
2026-9-2, 08:40:29.960002, 29102.50, 29119.00, 29081.00, 29097.50, 6750, 6442, 29100.00, 29099.17, 29100.00, 3341, 3409, 0.00, 0.00
2026-9-2, 08:44:38.949001, 29097.25, 29112.50, 29049.75, 29073.50, 6750, 6344, 29083.25, 29078.58, 29081.13, 3584, 3166, 0.00, 0.00
2026-9-2, 08:48:19.866000, 29072.50, 29082.50, 29035.00, 29050.75, 6750, 6305, 29060.19, 29056.08, 29058.75, 3430, 3320, 0.00, 0.00
2026-9-2, 08:52:46.199000, 29050.00, 29063.75, 29017.25, 29050.25, 6750, 6417, 29045.31, 29043.75, 29040.50, 3515, 3235, 0.00, 0.00
2026-9-2, 08:56:47.234000, 29049.00, 29067.75, 29024.25, 29046.75, 6750, 6273, 29046.94, 29046.25, 29046.00, 3429, 3321, 0.00, 0.00
2026-9-2, 09:00:53.365001, 29046.50, 29087.00, 29032.25, 29087.00, 6750, 6438, 29063.19, 29068.75, 29059.63, 3274, 3476, 0.00, 0.00
2026-9-2, 09:05:10.087000, 29086.25, 29114.25, 29079.75, 29096.75, 6750, 6405, 29094.25, 29096.92, 29097.00, 3237, 3513, 0.00, 0.00
2026-9-2, 09:10:01.160007, 29096.75, 29126.25, 29088.00, 29119.50, 6750, 6402, 29107.63, 29111.25, 29107.13, 3162, 3588, 0.00, 0.00
2026-9-2, 09:14:34.844004, 29119.50, 29157.00, 29118.25, 29155.75, 6750, 6343, 29137.63, 29143.67, 29137.63, 2998, 3752, 0.00, 0.00
2026-9-2, 09:18:33.451000, 29156.50, 29183.25, 29143.50, 29181.75, 6750, 6162, 29166.25, 29169.50, 29163.38, 3313, 3437, 0.00, 0.00
2026-9-2, 09:22:42.248000, 29181.50, 29189.00, 29160.25, 29177.25, 6750, 6215, 29177.00, 29175.50, 29174.63, 3407, 3343, 0.00, 0.00
2026-9-2, 09:28:09.285000, 29177.00, 29196.50, 29172.25, 29193.75, 6750, 6254, 29184.88, 29187.50, 29184.38, 3256, 3494, 0.00, 0.00
2026-9-2, 09:34:14.889030, 29193.75, 29213.00, 29168.50, 29173.00, 6750, 6253, 29187.06, 29184.83, 29190.75, 3467, 3283, 0.00, 0.00
2026-9-2, 09:39:39.033000, 29173.50, 29203.00, 29172.75, 29178.25, 6750, 6155, 29181.88, 29184.67, 29187.88, 3292, 3458, 0.00, 0.00
2026-9-2, 09:47:15.430000, 29178.75, 29178.75, 29136.75, 29137.00, 6750, 6325, 29157.81, 29150.83, 29157.75, 3806, 2944, 0.00, 0.00
2026-9-2, 09:53:18.056001, 29137.00, 29141.75, 29111.25, 29111.75, 6750, 6394, 29125.44, 29121.58, 29126.50, 3575, 3175, 0.00, 0.00
2026-9-2, 10:00:15.764000, 29112.50, 29147.75, 29106.25, 29130.75, 6750, 6355, 29124.31, 29128.25, 29127.00, 3132, 3618, 0.00, 0.00
2026-9-2, 10:05:49.720004, 29130.75, 29168.50, 29130.50, 29147.00, 6750, 6287, 29144.19, 29148.67, 29149.50, 3172, 3578, 0.00, 0.00
2026-9-2, 10:12:58.879001, 29147.00, 29189.25, 29140.50, 29180.50, 6750, 6393, 29164.31, 29170.08, 29164.88, 3240, 3510, 0.00, 0.00
2026-9-2, 10:21:38.314000, 29181.25, 29208.50, 29167.25, 29196.50, 6750, 6328, 29188.38, 29190.75, 29187.88, 3338, 3412, 0.00, 0.00
2026-9-2, 10:30:51.652001, 29196.50, 29202.75, 29178.50, 29179.00, 6750, 6252, 29189.19, 29186.75, 29190.63, 3562, 3188, 0.00, 0.00
2026-9-2, 10:39:18.216000, 29179.00, 29188.25, 29149.00, 29154.50, 6750, 6247, 29167.69, 29163.92, 29168.63, 3564, 3186, 0.00, 0.00
2026-9-2, 10:48:56.217000, 29154.00, 29175.25, 29136.00, 29174.50, 6750, 6394, 29159.94, 29161.92, 29155.63, 3201, 3549, 0.00, 0.00
2026-9-2, 10:58:22.671000, 29174.25, 29198.50, 29173.00, 29193.25, 6750, 6275, 29184.75, 29188.25, 29185.75, 3313, 3437, 0.00, 0.00
2026-9-2, 11:10:58.135000, 29193.50, 29195.00, 29156.50, 29156.50, 6750, 6364, 29175.38, 29169.33, 29175.75, 3567, 3183, 0.00, 0.00
2026-9-2, 11:26:45.809008, 29156.50, 29175.25, 29142.25, 29152.50, 6750, 6413, 29156.63, 29156.67, 29158.75, 3352, 3398, 0.00, 0.00
2026-9-2, 11:40:29.355002, 29152.75, 29168.25, 29137.00, 29163.50, 6750, 6402, 29155.38, 29156.25, 29152.63, 3218, 3532, 0.00, 0.00
2026-9-2, 11:56:51.431001, 29163.50, 29182.50, 29128.00, 29128.00, 6750, 6371, 29150.50, 29146.17, 29155.25, 3467, 3283, 0.00, 0.00
2026-9-2, 12:09:42.601001, 29128.00, 29153.00, 29125.25, 29144.75, 6750, 6337, 29137.75, 29141.00, 29139.13, 3228, 3522, 0.00, 0.00
2026-9-2, 12:23:32.257000, 29144.50, 29155.25, 29130.25, 29130.50, 6750, 6341, 29140.13, 29138.67, 29142.75, 3373, 3377, 0.00, 0.00
2026-9-2, 12:41:10.114004, 29130.50, 29173.75, 29127.50, 29156.25, 6750, 6428, 29147.00, 29152.50, 29150.63, 3167, 3583, 0.00, 0.00
2026-9-2, 12:51:36.432001, 29156.25, 29168.75, 29135.75, 29165.25, 6750, 6535, 29156.50, 29156.58, 29152.25, 3457, 3293, 0.00, 29173.75
2026-9-2, 13:05:50.133003, 29165.25, 29194.50, 29137.75, 29188.50, 6750, 6416, 29171.50, 29173.58, 29166.13, 3200, 3550, 0.00, 0.00
2026-9-2, 13:18:47.576001, 29188.50, 29199.75, 29155.00, 29161.00, 6750, 6501, 29176.06, 29171.92, 29177.38, 3583, 3167, 0.00, 0.00
2026-9-2, 13:30:27.565000, 29161.00, 29175.00, 29131.50, 29140.25, 6750, 6482, 29151.94, 29148.92, 29153.25, 3502, 3248, 0.00, 0.00
2026-9-2, 13:45:32.745001, 29140.00, 29154.25, 29130.25, 29146.00, 6750, 6475, 29142.63, 29143.50, 29142.25, 3346, 3404, 0.00, 0.00
2026-9-2, 14:02:26.717000, 29146.25, 29172.00, 29142.50, 29158.00, 6750, 6343, 29154.69, 29157.50, 29157.25, 3285, 3465, 0.00, 0.00
2026-9-2, 14:20:18.963000, 29158.00, 29175.00, 29150.00, 29162.00, 6750, 6426, 29161.25, 29162.33, 29162.50, 3212, 3538, 0.00, 0.00
2026-9-2, 14:36:28.593000, 29161.75, 29191.75, 29155.25, 29185.75, 6750, 6285, 29173.63, 29177.58, 29173.50, 3165, 3585, 0.00, 29196.75
2026-9-2, 14:50:00.424001, 29185.75, 29197.25, 29170.50, 29182.50, 6750, 6438, 29184.00, 29183.42, 29183.88, 3091, 3659, 0.00, 0.00
2026-9-2, 14:57:26.132000, 29182.25, 29194.00, 29178.50, 29190.75, 6750, 6080, 29186.38, 29187.75, 29186.25, 3302, 3448, 0.00, 0.00
2026-9-2, 14:59:58.063001, 29190.75, 29212.00, 29187.75, 29196.50, 6750, 6087, 29196.75, 29198.75, 29199.88, 3398, 3352, 0.00, 0.00
2026-9-2, 15:13:58.348021, 29196.50, 29199.50, 29139.75, 29157.25, 6750, 6170, 29173.25, 29165.50, 29169.63, 3540, 3210, 0.00, 0.00
2026-9-2, 15:47:18.119000, 29156.00, 29208.75, 29139.25, 29169.00, 6750, 6262, 29168.25, 29172.33, 29174.00, 3376, 3374, 0.00, 0.00
2026-9-2, 18:21:35.342016, 29168.75, 29213.00, 29141.00, 29155.75, 6750, 6238, 29169.63, 29169.92, 29177.00, 3442, 3308, 0.00, 0.00
2026-9-2, 19:26:19.831000, 29155.75, 29200.75, 29146.00, 29193.00, 6750, 6184, 29173.88, 29179.92, 29173.38, 3170, 3580, 0.00, 0.00
2026-9-2, 20:33:58.663001, 29193.25, 29199.25, 29132.75, 29184.75, 6750, 6164, 29177.50, 29172.25, 29166.00, 3426, 3324, 0.00, 0.00
2026-9-2, 21:36:00.004000, 29185.00, 29243.00, 29167.50, 29231.25, 6750, 6277, 29206.69, 29213.92, 29205.25, 3093, 3657, 0.00, 0.00
2026-9-2, 23:05:04.330004, 29231.75, 29255.00, 29135.00, 29136.50, 6750, 6123, 29189.56, 29175.50, 29195.00, 3705, 3045, 0.00, 0.00
2026-9-3, 00:16:52.770002, 29136.50, 29140.25, 29075.00, 29131.75, 6750, 5785, 29120.88, 29115.67, 29107.63, 3603, 3147, 0.00, 29145.25
2026-9-3, 00:34:20.858001, 29131.75, 29203.25, 29118.50, 29173.00, 6750, 6120, 29156.63, 29164.92, 29160.88, 3366, 3384, 0.00, 0.00
2026-9-3, 01:10:56.355001, 29173.25, 29233.00, 29159.50, 29196.50, 6750, 6314, 29190.56, 29196.33, 29196.25, 3309, 3441, 0.00, 0.00
2026-9-3, 02:12:50.594000, 29196.25, 29252.00, 29178.50, 29236.25, 6750, 6357, 29215.75, 29222.25, 29215.25, 3361, 3389, 0.00, 0.00
2026-9-3, 03:03:21.160000, 29236.00, 29292.75, 29232.75, 29245.00, 6750, 6450, 29251.63, 29256.83, 29262.75, 3522, 3228, 0.00, 0.00
2026-9-3, 03:25:30.275001, 29245.00, 29264.00, 29173.25, 29174.75, 6750, 6406, 29214.25, 29204.00, 29218.63, 3594, 3156, 0.00, 0.00
2026-9-3, 04:40:30.230002, 29174.25, 29178.75, 29119.25, 29128.75, 6750, 6420, 29150.25, 29142.25, 29149.00, 3311, 3439, 0.00, 0.00
2026-9-3, 05:34:19.075000, 29129.25, 29186.75, 29105.50, 29173.50, 6750, 6335, 29148.75, 29155.25, 29146.13, 3175, 3575, 0.00, 0.00
2026-9-3, 06:25:42.894000, 29173.25, 29178.25, 29101.00, 29114.25, 6750, 6192, 29141.69, 29131.17, 29139.63, 3379, 3371, 0.00, 0.00
2026-9-3, 07:04:03.942000, 29114.50, 29244.00, 29105.75, 29208.50, 6750, 6203, 29168.19, 29186.08, 29174.88, 3037, 3713, 0.00, 0.00
2026-9-3, 07:30:55.934000, 29207.75, 29231.50, 29179.00, 29191.50, 6750, 6223, 29202.44, 29200.67, 29205.25, 3430, 3320, 0.00, 0.00
2026-9-3, 07:47:07.477001, 29191.50, 29258.75, 29185.00, 29210.50, 6750, 6212, 29211.44, 29218.08, 29221.88, 3270, 3480, 0.00, 0.00
2026-9-3, 08:01:41.160000, 29210.00, 29246.00, 29194.25, 29212.25, 6750, 6331, 29215.63, 29217.50, 29220.13, 3313, 3437, 0.00, 0.00
2026-9-3, 08:21:59.508007, 29212.25, 29253.75, 29208.50, 29249.00, 3668, 3435, 29230.88, 29237.08, 29231.13, 1800, 1868, 0.00, 0.00
2026-9-3, 08:30:00.000000, 29249.50, 29284.50, 29240.25, 29260.25, 6750, 6421, 29258.63, 29261.67, 29262.38, 3338, 3412, 0.00, 0.00
2026-9-3, 08:31:12.292000, 29259.75, 29265.00, 29222.25, 29243.75, 6750, 6418, 29247.69, 29243.67, 29243.63, 3326, 3424, 0.00, 0.00
2026-9-3, 08:32:58.898158, 29243.75, 29285.00, 29227.50, 29255.50, 6750, 6395, 29252.94, 29256.00, 29256.25, 3386, 3364, 0.00, 0.00
2026-9-3, 08:35:06.076000, 29255.25, 29270.75, 29199.50, 29223.50, 6750, 6382, 29237.25, 29231.25, 29235.13, 3383, 3367, 0.00, 0.00
2026-9-3, 08:36:56.884000, 29223.25, 29292.25, 29216.50, 29278.75, 6750, 6449, 29252.69, 29262.50, 29254.38, 3310, 3440, 0.00, 0.00
2026-9-3, 08:38:57.113001, 29278.50, 29344.75, 29277.25, 29337.25, 6750, 6241, 29309.44, 29319.75, 29311.00, 2914, 3836, 0.00, 0.00
2026-9-3, 08:40:45.523010, 29337.25, 29359.50, 29319.75, 29323.25, 6750, 6391, 29334.94, 29334.17, 29339.63, 3457, 3293, 0.00, 0.00
2026-9-3, 08:43:17.692000, 29322.25, 29350.25, 29317.00, 29346.75, 6750, 6474, 29334.06, 29338.00, 29333.63, 3283, 3467, 0.00, 0.00
2026-9-3, 08:46:40.018000, 29347.25, 29368.50, 29333.50, 29360.00, 6750, 6290, 29352.31, 29354.00, 29351.00, 3382, 3368, 0.00, 0.00
2026-9-3, 08:49:48.965000, 29360.00, 29375.50, 29336.50, 29339.25, 6750, 6430, 29352.81, 29350.42, 29356.00, 3349, 3401, 0.00, 0.00
2026-9-3, 08:53:28.085000, 29339.00, 29354.25, 29304.75, 29308.75, 6750, 6377, 29326.69, 29322.58, 29329.50, 3564, 3186, 0.00, 0.00
2026-9-3, 08:57:11.876003, 29308.75, 29339.25, 29296.75, 29319.25, 6750, 6298, 29316.00, 29318.42, 29318.00, 3578, 3172, 0.00, 0.00
2026-9-3, 09:00:46.812004, 29319.00, 29324.50, 29250.25, 29280.50, 6750, 6390, 29293.56, 29285.08, 29287.38, 3556, 3194, 0.00, 0.00
2026-9-3, 09:03:08.239000, 29280.75, 29291.50, 29259.00, 29276.25, 6750, 6326, 29276.88, 29275.58, 29275.25, 3373, 3377, 0.00, 0.00
2026-9-3, 09:07:23.582000, 29275.50, 29278.75, 29241.75, 29265.25, 6750, 6404, 29265.31, 29261.92, 29260.25, 3425, 3325, 0.00, 0.00
2026-9-3, 09:11:24.427000, 29265.25, 29312.75, 29263.50, 29312.75, 6750, 6257, 29288.56, 29296.33, 29288.13, 3114, 3636, 0.00, 0.00
2026-9-3, 09:15:23.763000, 29312.00, 29329.50, 29307.75, 29321.25, 6750, 6323, 29317.63, 29319.50, 29318.63, 3136, 3614, 0.00, 0.00
2026-9-3, 09:19:27.791000, 29321.25, 29364.50, 29321.25, 29353.50, 6750, 6330, 29340.13, 29346.42, 29342.88, 3270, 3480, 0.00, 0.00
2026-9-3, 09:23:40.090001, 29353.50, 29364.25, 29327.00, 29348.50, 6750, 6334, 29348.31, 29346.58, 29345.63, 3504, 3246, 0.00, 0.00
2026-9-3, 09:29:32.410001, 29348.50, 29360.50, 29307.00, 29310.25, 6750, 6304, 29331.56, 29325.92, 29333.75, 3603, 3147, 0.00, 0.00
2026-9-3, 09:33:57.596000, 29310.75, 29319.00, 29280.00, 29290.25, 6750, 6278, 29300.00, 29296.42, 29299.50, 3594, 3156, 0.00, 0.00
2026-9-3, 09:39:23.655001, 29290.50, 29311.50, 29273.25, 29283.50, 6750, 6292, 29289.69, 29289.42, 29292.38, 3299, 3451, 0.00, 0.00
2026-9-3, 09:45:12.586001, 29283.50, 29313.00, 29275.50, 29293.50, 6750, 6265, 29291.38, 29294.00, 29294.25, 3486, 3264, 0.00, 0.00
2026-9-3, 09:51:33.881000, 29292.75, 29325.50, 29246.50, 29294.75, 6750, 6046, 29289.88, 29288.92, 29286.00, 3590, 3160, 0.00, 0.00
2026-9-3, 09:56:29.012001, 29295.00, 29373.50, 29287.25, 29373.50, 6750, 6448, 29332.31, 29344.75, 29330.38, 3188, 3562, 0.00, 0.00
2026-9-3, 10:00:19.769003, 29373.50, 29404.75, 29373.50, 29403.50, 6750, 6001, 29388.81, 29393.92, 29389.13, 3234, 3516, 0.00, 0.00
2026-9-3, 10:02:59.735000, 29403.25, 29443.50, 29402.50, 29438.00, 6750, 5936, 29421.81, 29428.00, 29423.00, 3152, 3598, 0.00, 0.00
2026-9-3, 10:05:40.808000, 29438.00, 29445.50, 29422.25, 29441.50, 6750, 6292, 29436.81, 29436.42, 29433.88, 3588, 3162, 0.00, 29450.50
2026-9-3, 10:10:49.610005, 29441.50, 29466.25, 29441.25, 29459.25, 6750, 6021, 29452.06, 29455.58, 29453.75, 3435, 3315, 0.00, 0.00
2026-9-3, 10:14:55.024000, 29459.50, 29480.00, 29458.50, 29472.50, 6750, 6198, 29467.63, 29470.33, 29469.25, 3342, 3408, 0.00, 0.00
2026-9-3, 10:19:36.087000, 29472.00, 29496.00, 29453.75, 29491.00, 6750, 6205, 29478.19, 29480.25, 29474.88, 3288, 3462, 0.00, 0.00
2026-9-3, 10:24:16.417000, 29491.00, 29524.75, 29479.00, 29517.00, 6750, 6013, 29502.94, 29506.92, 29501.88, 3263, 3487, 0.00, 0.00
2026-9-3, 10:28:30.201000, 29517.25, 29542.50, 29513.00, 29531.50, 6750, 6338, 29526.06, 29529.00, 29527.75, 3465, 3285, 0.00, 0.00
2026-9-3, 10:32:31.293000, 29531.75, 29537.50, 29512.00, 29512.75, 6750, 6281, 29523.50, 29520.75, 29524.75, 3519, 3231, 0.00, 0.00
2026-9-3, 10:39:26.828000, 29512.75, 29525.00, 29503.50, 29507.25, 6750, 6126, 29512.13, 29511.92, 29514.25, 3451, 3299, 0.00, 0.00
2026-9-3, 10:47:09.099000, 29507.75, 29534.75, 29504.00, 29529.25, 6750, 6330, 29518.94, 29522.67, 29519.38, 3240, 3510, 0.00, 0.00
2026-9-3, 10:58:43.191000, 29529.75, 29539.75, 29503.50, 29504.75, 6750, 6222, 29519.44, 29516.00, 29521.63, 3674, 3076, 0.00, 0.00
2026-9-3, 11:06:29.803001, 29504.75, 29526.00, 29503.00, 29517.50, 6750, 6365, 29512.81, 29515.50, 29514.50, 3255, 3495, 0.00, 0.00
2026-9-3, 11:18:44.580003, 29517.50, 29529.50, 29489.25, 29498.50, 6750, 6401, 29508.69, 29505.75, 29509.38, 3615, 3135, 0.00, 0.00
2026-9-3, 11:31:00.751008, 29498.50, 29534.50, 29483.00, 29532.50, 6750, 6453, 29512.13, 29516.67, 29508.75, 3258, 3492, 0.00, 0.00
2026-9-3, 11:42:06.098001, 29532.50, 29537.75, 29516.50, 29535.50, 6750, 6376, 29530.56, 29529.92, 29527.13, 3346, 3404, 0.00, 0.00
2026-9-3, 11:57:45.092002, 29535.50, 29544.00, 29491.00, 29493.25, 6750, 6323, 29515.94, 29509.42, 29517.50, 3489, 3261, 0.00, 0.00
2026-9-3, 12:10:06.668001, 29493.25, 29501.75, 29476.00, 29484.25, 6750, 6322, 29488.81, 29487.33, 29488.88, 3465, 3285, 0.00, 0.00
2026-9-3, 12:25:11.586000, 29484.50, 29529.00, 29483.50, 29519.00, 6750, 6232, 29504.00, 29510.50, 29506.25, 3126, 3624, 0.00, 0.00
2026-9-3, 12:38:32.812006, 29518.50, 29543.25, 29514.00, 29543.25, 6750, 6302, 29529.75, 29533.50, 29528.63, 3146, 3604, 0.00, 0.00
2026-9-3, 12:51:54.364002, 29543.50, 29564.75, 29540.00, 29564.75, 6750, 6195, 29553.25, 29556.50, 29552.38, 2999, 3751, 0.00, 0.00
2026-9-3, 13:00:55.811004, 29564.75, 29579.50, 29562.50, 29575.25, 6750, 6070, 29570.50, 29572.42, 29571.00, 3286, 3464, 0.00, 0.00
2026-9-3, 13:09:53.519001, 29575.25, 29584.25, 29567.75, 29570.75, 6750, 6127, 29574.50, 29574.25, 29576.00, 3104, 3646, 0.00, 0.00
2026-9-3, 13:23:08.261000, 29570.50, 29580.00, 29564.00, 29569.00, 6750, 6176, 29570.88, 29571.00, 29572.00, 3224, 3526, 0.00, 0.00
2026-9-3, 13:41:01.633001, 29569.25, 29581.00, 29559.50, 29563.75, 6750, 6372, 29568.38, 29568.08, 29570.25, 3264, 3486, 0.00, 0.00
2026-9-3, 13:56:55.859000, 29564.00, 29570.50, 29541.75, 29542.50, 6750, 6342, 29554.69, 29551.58, 29556.13, 3439, 3311, 0.00, 0.00
2026-9-3, 14:13:26.063001, 29542.50, 29543.75, 29530.50, 29534.75, 6750, 6355, 29537.88, 29536.33, 29537.13, 3436, 3314, 0.00, 0.00
2026-9-3, 14:23:56.835000, 29535.00, 29539.50, 29523.75, 29531.75, 6750, 6305, 29532.50, 29531.67, 29531.63, 3425, 3325, 0.00, 0.00
2026-9-3, 14:35:34.640003, 29531.50, 29540.00, 29521.75, 29521.75, 6750, 6201, 29528.75, 29527.83, 29530.88, 3560, 3190, 0.00, 0.00
2026-9-3, 14:48:13.576002, 29521.75, 29528.75, 29509.75, 29523.25, 6750, 6387, 29520.88, 29520.58, 29519.25, 3430, 3320, 0.00, 0.00
2026-9-3, 14:54:40.005006, 29523.25, 29527.25, 29509.25, 29515.75, 6750, 6427, 29518.88, 29517.42, 29518.25, 3166, 3584, 0.00, 0.00
2026-9-3, 14:58:48.203000, 29515.50, 29529.75, 29512.00, 29529.75, 6750, 6070, 29521.75, 29523.83, 29520.88, 2998, 3752, 0.00, 0.00
2026-9-3, 14:59:53.766000, 29530.00, 29536.25, 29507.00, 29512.50, 6750, 6022, 29521.44, 29518.58, 29521.63, 3218, 3532, 0.00, 0.00
2026-9-3, 15:01:38.670000, 29513.00, 29523.25, 29499.50, 29501.75, 6750, 6315, 29509.38, 29508.17, 29511.38, 3615, 3135, 0.00, 0.00
2026-9-3, 15:54:26.948000, 29501.75, 29520.50, 29482.00, 29517.50, 6750, 6335, 29505.44, 29506.67, 29501.25, 3383, 3367, 0.00, 0.00
2026-9-3, 19:08:08.288000, 29517.50, 29542.75, 29505.00, 29538.00, 6750, 6216, 29525.81, 29528.58, 29523.88, 3357, 3393, 0.00, 0.00
2026-9-3, 20:27:10.057001, 29538.50, 29568.00, 29523.25, 29558.75, 6750, 6248, 29547.13, 29550.00, 29545.63, 3258, 3492, 0.00, 0.00
2026-9-3, 22:13:36.248002, 29558.75, 29609.00, 29556.50, 29609.00, 6750, 6224, 29583.31, 29591.50, 29582.75, 3021, 3729, 0.00, 0.00
2026-9-4, 00:07:03.354031, 29609.25, 29643.00, 29591.50, 29627.00, 6750, 6089, 29617.69, 29620.50, 29617.25, 3192, 3558, 0.00, 0.00
2026-9-4, 01:10:04.725031, 29627.00, 29643.75, 29574.00, 29614.25, 6750, 6306, 29614.75, 29610.67, 29608.88, 3527, 3223, 0.00, 0.00
2026-9-4, 02:16:44.950006, 29614.25, 29669.25, 29609.25, 29662.25, 6750, 6104, 29638.75, 29646.92, 29639.25, 3178, 3572, 0.00, 0.00
2026-9-4, 03:21:56.008000, 29662.50, 29673.00, 29616.50, 29658.00, 6750, 6398, 29652.50, 29649.17, 29644.75, 3381, 3369, 0.00, 0.00
2026-9-4, 04:59:49.842002, 29658.00, 29704.50, 29650.75, 29672.75, 6750, 6245, 29671.50, 29676.00, 29677.63, 3163, 3587, 0.00, 0.00
2026-9-4, 06:27:21.994000, 29672.75, 29690.00, 29627.00, 29650.00, 6750, 6105, 29659.94, 29655.67, 29658.50, 3585, 3165, 0.00, 0.00
2026-9-4, 07:19:41.576002, 29650.00, 29694.00, 29547.00, 29557.50, 6750, 5986, 29612.13, 29599.50, 29620.50, 3589, 3161, 0.00, 0.00
2026-9-4, 07:32:15.062003, 29558.00, 29574.00, 29531.25, 29556.00, 6750, 6256, 29554.81, 29553.75, 29552.63, 3260, 3490, 0.00, 0.00
2026-9-4, 07:39:36.841000, 29555.50, 29587.00, 29502.00, 29519.00, 6750, 6142, 29540.88, 29536.00, 29544.50, 3601, 3149, 0.00, 29592.00
2026-9-4, 07:49:40.423000, 29518.00, 29550.25, 29515.25, 29528.50, 6750, 6285, 29528.00, 29531.33, 29532.75, 3134, 3616, 0.00, 0.00
2026-9-4, 08:02:13.637046, 29528.25, 29578.75, 29523.50, 29578.75, 6750, 6228, 29552.31, 29560.33, 29551.13, 3335, 3415, 0.00, 0.00
2026-9-4, 08:22:04.118000, 29578.75, 29591.00, 29569.00, 29589.00, 4490, 3979, 29581.94, 29583.00, 29580.00, 2113, 2377, 0.00, 0.00
2026-9-4, 08:30:00.000000, 29588.25, 29596.25, 29554.50, 29565.75, 6750, 6425, 29576.19, 29572.17, 29575.38, 3427, 3323, 0.00, 0.00
2026-9-4, 08:31:30.769001, 29565.75, 29625.50, 29563.25, 29606.25, 6750, 6486, 29590.19, 29598.33, 29594.38, 3288, 3462, 0.00, 0.00
2026-9-4, 08:33:25.196001, 29606.00, 29644.50, 29599.00, 29637.25, 6750, 6340, 29621.69, 29626.92, 29621.75, 3266, 3484, 0.00, 0.00
2026-9-4, 08:36:16.104000, 29637.50, 29642.25, 29611.25, 29616.00, 6750, 6537, 29626.75, 29623.17, 29626.75, 3572, 3178, 0.00, 0.00
2026-9-4, 08:39:29.677000, 29616.75, 29641.00, 29602.00, 29614.50, 6750, 6509, 29618.56, 29619.17, 29621.50, 3427, 3323, 0.00, 0.00
2026-9-4, 08:42:48.670000, 29614.50, 29647.00, 29594.00, 29598.25, 6750, 6168, 29613.44, 29613.08, 29620.50, 3476, 3274, 0.00, 0.00
2026-9-4, 08:45:30.329000, 29598.50, 29649.00, 29577.50, 29638.50, 6750, 6300, 29615.88, 29621.67, 29613.25, 3397, 3353, 0.00, 0.00
2026-9-4, 08:48:45.985000, 29639.50, 29644.50, 29609.75, 29643.00, 6750, 6304, 29634.19, 29632.42, 29627.13, 3419, 3331, 0.00, 0.00
2026-9-4, 08:53:48.438000, 29642.75, 29687.25, 29639.25, 29685.25, 6750, 6427, 29663.63, 29670.58, 29663.25, 3125, 3625, 0.00, 0.00
2026-9-4, 08:57:48.209000, 29685.00, 29691.75, 29653.75, 29664.25, 6750, 6328, 29673.69, 29669.92, 29672.75, 3571, 3179, 0.00, 0.00
2026-9-4, 09:02:03.063003, 29664.25, 29677.75, 29652.00, 29659.75, 6750, 6346, 29663.44, 29663.17, 29664.88, 3638, 3112, 0.00, 0.00
2026-9-4, 09:07:37.413000, 29659.75, 29663.50, 29614.50, 29615.50, 6750, 6310, 29638.31, 29631.17, 29639.00, 3745, 3005, 0.00, 0.00
2026-9-4, 09:12:00.624003, 29615.50, 29651.50, 29594.00, 29640.50, 6750, 6277, 29625.38, 29628.67, 29622.75, 3273, 3477, 0.00, 0.00
2026-9-4, 09:15:12.742003, 29640.50, 29646.50, 29592.00, 29598.50, 6750, 6408, 29619.38, 29612.33, 29619.25, 3739, 3011, 0.00, 0.00
2026-9-4, 09:20:17.380000, 29598.50, 29611.25, 29579.00, 29598.75, 6750, 6382, 29596.88, 29596.33, 29595.13, 3606, 3144, 0.00, 0.00
2026-9-4, 09:24:11.700000, 29599.25, 29602.50, 29564.75, 29576.00, 6750, 6225, 29585.63, 29581.08, 29583.63, 3753, 2997, 0.00, 0.00
2026-9-4, 09:28:38.271002, 29576.00, 29598.25, 29554.00, 29573.25, 6750, 6368, 29575.38, 29575.17, 29576.13, 3650, 3100, 0.00, 0.00
2026-9-4, 09:32:49.072000, 29572.75, 29589.25, 29554.50, 29577.75, 6750, 6347, 29573.56, 29573.83, 29571.88, 3569, 3181, 0.00, 0.00
2026-9-4, 09:38:56.915000, 29579.00, 29587.75, 29531.25, 29534.25, 6750, 6353, 29558.06, 29551.08, 29559.50, 3937, 2813, 0.00, 0.00
2026-9-4, 09:44:10.583000, 29534.50, 29544.25, 29517.75, 29519.00, 6750, 6373, 29528.88, 29527.00, 29531.00, 3502, 3248, 0.00, 0.00
2026-9-4, 09:49:31.195000, 29518.75, 29535.50, 29509.50, 29512.00, 6750, 6335, 29518.94, 29519.00, 29522.50, 3589, 3161, 0.00, 0.00
2026-9-4, 09:54:52.591000, 29511.50, 29530.00, 29498.75, 29528.00, 6750, 6319, 29517.06, 29518.92, 29514.38, 3649, 3101, 0.00, 0.00
2026-9-4, 10:00:15.004000, 29527.25, 29529.00, 29497.25, 29516.75, 6750, 6475, 29517.56, 29514.33, 29513.13, 3727, 3023, 0.00, 0.00
2026-9-4, 10:06:28.289000, 29516.75, 29540.00, 29507.50, 29534.75, 6750, 6301, 29524.75, 29527.42, 29523.75, 3415, 3335, 0.00, 0.00
2026-9-4, 10:13:06.774000, 29534.75, 29543.00, 29493.25, 29499.00, 6750, 6334, 29517.50, 29511.75, 29518.13, 3603, 3147, 0.00, 0.00
2026-9-4, 10:19:02.073000, 29499.00, 29512.75, 29484.25, 29504.75, 6750, 6267, 29500.19, 29500.58, 29498.50, 3570, 3180, 0.00, 0.00
2026-9-4, 10:25:46.117000, 29504.25, 29510.75, 29478.00, 29489.50, 6750, 6334, 29495.63, 29492.75, 29494.38, 3641, 3109, 0.00, 0.00
2026-9-4, 10:33:22.973004, 29489.50, 29524.25, 29483.75, 29521.25, 6750, 6265, 29504.69, 29509.75, 29504.00, 3365, 3385, 29478.75, 0.00
2026-9-4, 10:43:30.353000, 29521.50, 29524.50, 29487.00, 29505.25, 6750, 6399, 29509.56, 29505.58, 29505.75, 3707, 3043, 0.00, 0.00
2026-9-4, 10:52:32.435001, 29505.25, 29520.00, 29494.75, 29518.00, 6750, 6529, 29509.50, 29510.92, 29507.38, 3609, 3141, 0.00, 0.00
2026-9-4, 11:05:12.478000, 29518.00, 29554.25, 29507.25, 29544.50, 6750, 6285, 29531.00, 29535.33, 29530.75, 3420, 3330, 0.00, 0.00
2026-9-4, 11:14:03.024001, 29544.50, 29565.25, 29536.00, 29549.50, 6750, 6347, 29548.81, 29550.25, 29550.63, 3604, 3146, 0.00, 0.00
2026-9-4, 11:26:29.684000, 29549.50, 29574.00, 29546.50, 29561.50, 6750, 6157, 29557.88, 29560.67, 29560.25, 3579, 3171, 0.00, 0.00
2026-9-4, 11:38:01.459000, 29561.75, 29590.50, 29557.00, 29590.50, 6750, 6374, 29574.94, 29579.33, 29573.75, 3315, 3435, 0.00, 0.00
2026-9-4, 11:50:03.494017, 29590.50, 29595.75, 29564.25, 29564.75, 6750, 6420, 29578.81, 29574.92, 29580.00, 3818, 2932, 0.00, 0.00
2026-9-4, 12:01:09.871000, 29564.25, 29568.50, 29531.75, 29536.00, 6750, 6270, 29550.13, 29545.42, 29550.13, 3566, 3184, 0.00, 0.00
2026-9-4, 12:12:20.878002, 29536.00, 29543.50, 29514.75, 29521.75, 6750, 6373, 29529.00, 29526.67, 29529.13, 3802, 2948, 0.00, 0.00
2026-9-4, 12:26:09.008000, 29522.00, 29527.50, 29485.00, 29495.00, 6750, 6245, 29507.38, 29502.50, 29506.25, 3648, 3102, 0.00, 0.00
2026-9-4, 12:36:49.273015, 29495.00, 29498.50, 29468.00, 29478.00, 6750, 6254, 29484.88, 29481.50, 29483.25, 3732, 3018, 0.00, 29503.50
2026-9-4, 12:46:45.234000, 29478.50, 29497.50, 29477.00, 29495.00, 6750, 6127, 29487.00, 29489.83, 29487.25, 3419, 3331, 0.00, 0.00
2026-9-4, 12:58:59.160008, 29495.00, 29498.25, 29471.25, 29492.50, 6750, 6349, 29489.25, 29487.33, 29484.75, 3595, 3155, 0.00, 0.00
2026-9-4, 13:11:05.118006, 29492.50, 29514.50, 29484.50, 29508.00, 6750, 6328, 29499.88, 29502.33, 29499.50, 3438, 3312, 0.00, 0.00
2026-9-4, 13:25:01.867008, 29508.00, 29519.50, 29502.00, 29510.50, 6750, 6172, 29510.00, 29510.67, 29510.75, 3666, 3084, 0.00, 0.00
2026-9-4, 13:39:52.240002, 29510.50, 29535.00, 29504.50, 29533.75, 6750, 6264, 29520.94, 29524.42, 29519.75, 3412, 3338, 0.00, 0.00
2026-9-4, 13:55:44.595000, 29533.50, 29544.00, 29509.25, 29516.75, 6750, 6265, 29525.88, 29523.33, 29526.63, 3720, 3030, 0.00, 0.00
2026-9-4, 14:07:20.648016, 29516.75, 29528.75, 29506.75, 29528.00, 6750, 6174, 29520.06, 29521.17, 29517.75, 3232, 3518, 0.00, 0.00
2026-9-4, 14:27:29.797001, 29528.00, 29547.50, 29519.25, 29531.25, 6750, 6158, 29531.50, 29532.67, 29533.38, 3415, 3335, 0.00, 0.00
2026-9-4, 14:40:25.565000, 29531.25, 29569.25, 29531.25, 29558.50, 6750, 6228, 29547.56, 29553.00, 29550.25, 3151, 3599, 0.00, 0.00
2026-9-4, 14:50:20.291000, 29558.00, 29582.25, 29554.75, 29581.50, 6750, 6358, 29569.13, 29572.83, 29568.50, 3333, 3417, 0.00, 0.00
2026-9-4, 14:55:15.268001, 29581.50, 29586.50, 29560.00, 29563.75, 6750, 6291, 29572.94, 29570.08, 29573.25, 3735, 3015, 0.00, 0.00
2026-9-4, 14:59:25.323000, 29563.75, 29572.00, 29558.50, 29567.00, 6750, 5875, 29565.31, 29565.83, 29565.25, 3255, 3495, 0.00, 0.00
2026-9-4, 15:00:00.041000, 29567.00, 29569.00, 29529.50, 29540.75, 6750, 6015, 29551.56, 29546.42, 29549.25, 3453, 3297, 0.00, 0.00
2026-9-4, 15:11:18.385001, 29540.75, 29546.75, 29514.50, 29523.00, 6163, 5362, 29531.25, 29528.08, 29530.63, 3522, 2641, 0.00, 0.00
