Date, Time, Open, High, Low, Last, Volume, # of Trades, OHLC Avg, HLC Avg, HL Avg, Bid Volume, Ask Volume, Buy Aggression, Sell Aggression
2026-7-7, 08:30:00.000000, 29593.00, 29685.75, 29569.25, 29631.50, 7250, 6784, 29619.88, 29628.83, 29627.50, 3459, 3791, 0.00, 0.00
2026-7-7, 08:31:01.373000, 29630.50, 29661.75, 29566.00, 29571.50, 7250, 5869, 29607.44, 29599.75, 29613.88, 4455, 2795, 0.00, 29666.75
2026-7-7, 08:33:21.018000, 29572.25, 29588.75, 29515.25, 29547.00, 7250, 5682, 29555.81, 29550.33, 29552.00, 4273, 2977, 0.00, 29593.75
2026-7-7, 08:35:03.890000, 29547.00, 29577.50, 29503.75, 29518.50, 7250, 6832, 29536.69, 29533.25, 29540.63, 3768, 3482, 0.00, 29582.50
2026-7-7, 08:38:13.772001, 29518.50, 29587.25, 29491.25, 29585.25, 7250, 6728, 29545.56, 29554.58, 29539.25, 3589, 3661, 0.00, 29592.25
2026-7-7, 08:41:00.223000, 29585.00, 29602.75, 29538.00, 29570.00, 7250, 6198, 29573.94, 29570.25, 29570.38, 3330, 3920, 0.00, 29607.75
2026-7-7, 08:44:18.682001, 29570.00, 29607.00, 29517.00, 29543.25, 7250, 6615, 29559.31, 29555.75, 29562.00, 3865, 3385, 0.00, 29612.00
2026-7-7, 08:47:32.863000, 29544.25, 29576.50, 29501.00, 29508.25, 7250, 6465, 29532.50, 29528.58, 29538.75, 3631, 3619, 0.00, 29581.50
2026-7-7, 08:51:16.253003, 29508.25, 29538.25, 29444.50, 29444.50, 7250, 6531, 29483.88, 29475.75, 29491.38, 4017, 3233, 0.00, 29543.25
2026-7-7, 08:54:18.915000, 29445.50, 29475.75, 29420.25, 29443.00, 7250, 6687, 29446.13, 29446.33, 29448.00, 3608, 3642, 0.00, 29480.75
2026-7-7, 08:58:12.408001, 29443.00, 29499.50, 29428.50, 29495.25, 7250, 6745, 29466.56, 29474.42, 29464.00, 3497, 3753, 0.00, 29504.50
2026-7-7, 09:01:00.932001, 29495.50, 29505.75, 29422.50, 29450.00, 7250, 6833, 29468.44, 29459.42, 29464.13, 3844, 3406, 0.00, 0.00
2026-7-7, 09:05:16.569000, 29448.50, 29474.00, 29414.00, 29425.50, 7250, 6831, 29440.50, 29437.83, 29444.00, 3777, 3473, 0.00, 0.00
2026-7-7, 09:10:13.941000, 29425.50, 29432.25, 29364.00, 29377.25, 7250, 6633, 29399.75, 29391.17, 29398.13, 3749, 3501, 0.00, 0.00
2026-7-7, 09:13:55.052005, 29377.25, 29377.25, 29307.00, 29315.25, 7250, 5247, 29344.19, 29333.17, 29342.13, 4419, 2831, 0.00, 0.00
2026-7-7, 09:15:34.246001, 29315.50, 29364.50, 29315.50, 29332.00, 7250, 6545, 29331.88, 29337.33, 29340.00, 3472, 3778, 0.00, 0.00
2026-7-7, 09:19:33.640000, 29332.25, 29378.25, 29296.00, 29310.00, 7250, 6606, 29329.13, 29328.08, 29337.13, 3699, 3551, 0.00, 0.00
2026-7-7, 09:24:00.084001, 29310.00, 29319.25, 29259.75, 29284.75, 7250, 6473, 29293.44, 29287.92, 29289.50, 3708, 3542, 0.00, 0.00
2026-7-7, 09:27:53.935002, 29284.75, 29327.75, 29274.00, 29279.25, 7250, 6775, 29291.44, 29293.67, 29300.88, 3487, 3763, 0.00, 0.00
2026-7-7, 09:32:11.265000, 29279.00, 29320.25, 29240.75, 29276.75, 7250, 6697, 29279.19, 29279.25, 29280.50, 3697, 3553, 0.00, 0.00
2026-7-7, 09:36:58.067000, 29277.50, 29284.75, 29210.00, 29214.00, 7250, 6571, 29246.56, 29236.25, 29247.38, 4059, 3191, 0.00, 0.00
2026-7-7, 09:42:11.469000, 29214.75, 29278.00, 29211.75, 29272.50, 7250, 6583, 29244.25, 29254.08, 29244.88, 3214, 4036, 29206.75, 0.00
2026-7-7, 09:46:52.426000, 29272.25, 29296.75, 29254.25, 29284.75, 7250, 6687, 29277.00, 29278.58, 29275.50, 3424, 3826, 29249.25, 0.00
2026-7-7, 09:52:37.736000, 29284.00, 29322.00, 29276.75, 29306.75, 7250, 6573, 29297.38, 29301.83, 29299.38, 3414, 3836, 29271.75, 0.00
2026-7-7, 09:57:58.464000, 29306.50, 29325.75, 29271.25, 29324.25, 7250, 6618, 29306.94, 29307.08, 29298.50, 3614, 3636, 29266.25, 0.00
2026-7-7, 10:04:05.051000, 29324.25, 29343.50, 29297.50, 29332.00, 7250, 6534, 29324.31, 29324.33, 29320.50, 3567, 3683, 29292.50, 0.00
2026-7-7, 10:11:49.190000, 29332.75, 29358.00, 29285.50, 29285.75, 7250, 6509, 29315.50, 29309.75, 29321.75, 3780, 3470, 0.00, 0.00
2026-7-7, 10:18:21.145010, 29285.50, 29318.25, 29271.75, 29298.50, 7250, 6753, 29293.50, 29296.17, 29295.00, 3597, 3653, 29266.75, 0.00
2026-7-7, 10:27:13.964000, 29297.75, 29323.75, 29271.75, 29298.00, 7250, 6627, 29297.81, 29297.83, 29297.75, 3494, 3756, 29266.75, 0.00
2026-7-7, 10:37:08.620000, 29297.00, 29348.50, 29248.25, 29347.00, 7250, 6559, 29310.19, 29314.58, 29298.38, 3646, 3604, 0.00, 0.00
2026-7-7, 10:45:06.229001, 29346.75, 29376.75, 29332.25, 29349.25, 7250, 6386, 29351.25, 29352.75, 29354.50, 3698, 3552, 0.00, 0.00
2026-7-7, 10:51:38.298000, 29351.00, 29412.50, 29347.00, 29411.00, 7250, 6684, 29380.38, 29390.17, 29379.75, 3368, 3882, 29342.00, 0.00
2026-7-7, 11:01:21.952003, 29411.00, 29452.00, 29404.00, 29421.75, 7250, 6451, 29422.19, 29425.92, 29428.00, 3549, 3701, 29399.00, 0.00
2026-7-7, 11:08:05.851001, 29421.75, 29473.75, 29398.00, 29462.25, 7250, 6487, 29438.94, 29444.67, 29435.88, 3319, 3931, 29393.00, 0.00
2026-7-7, 11:15:34.255005, 29462.25, 29526.00, 29450.50, 29525.00, 7250, 5755, 29490.94, 29500.50, 29488.25, 2880, 4370, 29445.50, 0.00
2026-7-7, 11:22:55.501008, 29525.00, 29548.00, 29501.50, 29536.50, 7250, 6263, 29527.75, 29528.67, 29524.75, 3575, 3675, 29496.50, 0.00
2026-7-7, 11:27:44.557001, 29536.50, 29558.25, 29512.75, 29529.25, 7250, 6379, 29534.19, 29533.42, 29535.50, 3528, 3722, 29507.75, 0.00
2026-7-7, 11:34:45.768002, 29529.25, 29538.50, 29486.25, 29510.75, 7250, 6699, 29516.19, 29511.83, 29512.38, 3740, 3510, 0.00, 0.00
2026-7-7, 11:43:22.757000, 29510.75, 29557.75, 29509.50, 29543.75, 7250, 6267, 29530.44, 29537.00, 29533.63, 3608, 3642, 29504.50, 0.00
2026-7-7, 11:53:33.822001, 29543.50, 29559.75, 29502.50, 29558.50, 7250, 6558, 29541.06, 29540.25, 29531.13, 3664, 3586, 29497.50, 0.00
2026-7-7, 12:05:22.079000, 29558.25, 29580.75, 29536.50, 29545.75, 7250, 6365, 29555.31, 29554.33, 29558.63, 3645, 3605, 29531.50, 0.00
2026-7-7, 12:13:57.122000, 29545.75, 29573.50, 29510.00, 29568.50, 7250, 6661, 29549.44, 29550.67, 29541.75, 3680, 3570, 29505.00, 0.00
2026-7-7, 12:24:28.682000, 29569.00, 29569.75, 29524.25, 29542.50, 7250, 6549, 29551.38, 29545.50, 29547.00, 3651, 3599, 29519.25, 0.00
2026-7-7, 12:38:51.236006, 29542.50, 29570.00, 29528.25, 29541.00, 7250, 6469, 29545.44, 29546.42, 29549.13, 3463, 3787, 0.00, 0.00
2026-7-7, 12:53:23.090000, 29541.25, 29574.25, 29529.00, 29533.75, 7250, 6586, 29544.56, 29545.67, 29551.63, 3569, 3681, 0.00, 29579.25
2026-7-7, 13:09:46.091006, 29533.75, 29561.00, 29529.00, 29544.00, 7250, 6568, 29541.94, 29544.67, 29545.00, 3633, 3617, 0.00, 29566.00
2026-7-7, 13:25:40.135004, 29544.25, 29555.00, 29489.00, 29495.00, 7250, 6456, 29520.81, 29513.00, 29522.00, 4001, 3249, 0.00, 29560.00
2026-7-7, 13:35:20.495002, 29495.25, 29518.50, 29452.75, 29466.75, 7250, 6402, 29483.31, 29479.33, 29485.63, 3693, 3557, 0.00, 0.00
2026-7-7, 13:47:02.077000, 29467.00, 29485.00, 29403.50, 29414.50, 7250, 6646, 29442.50, 29434.33, 29444.25, 3830, 3420, 0.00, 0.00
2026-7-7, 13:52:32.523000, 29414.00, 29426.75, 29378.75, 29384.75, 7250, 6641, 29401.06, 29396.75, 29402.75, 3796, 3454, 0.00, 0.00
2026-7-7, 14:00:33.941000, 29385.00, 29410.00, 29353.25, 29359.00, 7250, 6768, 29376.81, 29374.08, 29381.63, 3760, 3490, 0.00, 0.00
2026-7-7, 14:07:32.506006, 29358.75, 29364.25, 29300.75, 29307.75, 7250, 6798, 29332.88, 29324.25, 29332.50, 3797, 3453, 0.00, 0.00
2026-7-7, 14:16:19.214000, 29307.50, 29324.50, 29271.00, 29317.50, 7250, 6758, 29305.13, 29304.33, 29297.75, 3629, 3621, 29266.00, 0.00
2026-7-7, 14:23:21.803001, 29317.50, 29368.25, 29280.75, 29364.75, 7250, 6834, 29332.81, 29337.92, 29324.50, 3541, 3709, 29275.75, 0.00
2026-7-7, 14:31:10.201000, 29365.00, 29371.75, 29319.25, 29324.75, 7250, 6651, 29345.19, 29338.58, 29345.50, 3714, 3536, 0.00, 0.00
2026-7-7, 14:39:08.697000, 29324.75, 29357.50, 29303.75, 29352.25, 7250, 6774, 29334.56, 29337.83, 29330.63, 3633, 3617, 29298.75, 0.00
2026-7-7, 14:50:01.386000, 29353.75, 29389.75, 29318.50, 29380.75, 7250, 6739, 29360.69, 29363.00, 29354.13, 3647, 3603, 29313.50, 0.00
2026-7-7, 14:55:30.426000, 29381.00, 29399.00, 29367.50, 29389.25, 7250, 6665, 29384.19, 29385.25, 29383.25, 3827, 3423, 0.00, 0.00
2026-7-7, 14:59:32.338000, 29389.75, 29400.00, 29382.50, 29393.00, 7250, 6429, 29391.31, 29391.83, 29391.25, 3906, 3344, 0.00, 0.00
2026-7-7, 15:00:01.467001, 29393.00, 29426.00, 29387.75, 29424.50, 7250, 6697, 29407.81, 29412.75, 29406.88, 3414, 3836, 29382.75, 0.00
2026-7-7, 15:05:22.287008, 29424.50, 29437.25, 29393.25, 29421.25, 7250, 6525, 29419.06, 29417.25, 29415.25, 3800, 3450, 29388.25, 0.00
2026-7-7, 15:38:17.133001, 29421.00, 29424.00, 29319.50, 29390.00, 7250, 6617, 29388.63, 29377.83, 29371.75, 3513, 3737, 0.00, 0.00
2026-7-7, 17:49:24.197002, 29390.00, 29407.00, 29275.50, 29275.50, 7250, 6757, 29337.00, 29319.33, 29341.25, 3717, 3533, 0.00, 0.00
2026-7-7, 19:00:41.575000, 29275.25, 29460.25, 29266.00, 29460.25, 7250, 6725, 29365.44, 29395.50, 29363.13, 3292, 3958, 0.00, 0.00
2026-7-7, 19:24:26.464001, 29460.50, 29538.50, 29407.25, 29526.50, 7250, 6596, 29483.19, 29490.75, 29472.88, 3697, 3553, 0.00, 29543.50
2026-7-7, 19:50:33.727002, 29526.50, 29558.75, 29477.00, 29481.00, 7250, 6518, 29510.81, 29505.58, 29517.88, 3686, 3564, 0.00, 0.00
2026-7-7, 20:31:00.466000, 29480.00, 29492.50, 29388.00, 29406.25, 7250, 6731, 29441.69, 29428.92, 29440.25, 3715, 3535, 0.00, 0.00
2026-7-7, 21:16:35.569000, 29406.75, 29506.00, 29391.50, 29499.25, 7250, 6770, 29450.88, 29465.58, 29448.75, 3607, 3643, 29386.50, 0.00
2026-7-7, 22:24:53.564000, 29498.50, 29532.25, 29402.50, 29409.00, 7250, 6834, 29460.56, 29447.92, 29467.38, 3727, 3523, 0.00, 0.00
2026-7-7, 23:37:59.803000, 29409.25, 29447.25, 29347.00, 29347.00, 7250, 6717, 29387.63, 29380.42, 29397.13, 3766, 3484, 0.00, 0.00
2026-7-8, 00:44:46.041001, 29347.00, 29363.50, 29298.75, 29306.25, 7250, 6680, 29328.88, 29322.83, 29331.13, 3910, 3340, 0.00, 0.00
2026-7-8, 01:34:57.245000, 29304.50, 29379.25, 29281.00, 29377.25, 7250, 6733, 29335.50, 29345.83, 29330.13, 3493, 3757, 0.00, 0.00
2026-7-8, 02:31:00.895000, 29379.00, 29414.75, 29293.50, 29293.50, 7250, 6692, 29345.19, 29333.92, 29354.13, 3618, 3632, 0.00, 0.00
2026-7-8, 03:17:13.998000, 29293.25, 29327.00, 29069.50, 29117.50, 7250, 6303, 29201.81, 29171.33, 29198.25, 4186, 3064, 0.00, 29332.00
2026-7-8, 03:26:39.210011, 29117.50, 29124.75, 28989.25, 28996.00, 7250, 6296, 29056.88, 29036.67, 29057.00, 3995, 3255, 0.00, 0.00
2026-7-8, 03:39:02.683000, 28993.75, 29094.25, 28957.25, 29093.50, 7250, 6484, 29034.69, 29048.33, 29025.75, 3627, 3623, 0.00, 0.00
2026-7-8, 03:55:31.419001, 29093.00, 29099.00, 28917.50, 28918.25, 7250, 6427, 29006.94, 28978.25, 29008.25, 3910, 3340, 0.00, 0.00
2026-7-8, 04:14:35.565001, 28918.25, 29011.00, 28909.75, 28989.00, 7250, 6483, 28957.00, 28969.92, 28960.38, 3436, 3814, 28904.75, 0.00
2026-7-8, 04:49:43.579001, 28989.25, 29049.25, 28922.75, 29038.50, 7250, 6597, 28999.94, 29003.50, 28986.00, 3348, 3902, 0.00, 0.00
2026-7-8, 05:33:56.983010, 29038.50, 29063.00, 28977.00, 28989.00, 7250, 6603, 29016.88, 29009.67, 29020.00, 3651, 3599, 0.00, 0.00
2026-7-8, 06:18:01.254014, 28989.00, 29124.75, 28973.00, 29081.25, 7250, 6662, 29042.00, 29059.67, 29048.88, 3429, 3821, 28968.00, 0.00
2026-7-8, 06:51:58.752000, 29079.00, 29184.25, 29054.25, 29158.00, 7250, 6421, 29118.88, 29132.17, 29119.25, 3442, 3808, 0.00, 0.00
2026-7-8, 07:14:09.939001, 29158.00, 29193.50, 29124.75, 29190.00, 7250, 6217, 29166.56, 29169.42, 29159.13, 3850, 3400, 0.00, 29198.50
2026-7-8, 07:48:28.213005, 29190.00, 29239.50, 29148.00, 29166.00, 7250, 6738, 29185.88, 29184.50, 29193.75, 3578, 3672, 0.00, 0.00
2026-7-8, 08:08:01.948016, 29166.00, 29226.00, 29154.00, 29184.00, 7250, 6758, 29182.50, 29188.00, 29190.00, 3647, 3603, 0.00, 29231.00
2026-7-8, 08:27:11.951001, 29183.75, 29230.00, 29170.25, 29202.25, 3051, 2758, 29196.56, 29200.83, 29200.13, 1463, 1588, 0.00, 0.00
2026-7-8, 08:30:00.000000, 29202.75, 29277.50, 29201.00, 29257.75, 7250, 6694, 29234.75, 29245.42, 29239.25, 3569, 3681, 0.00, 0.00
2026-7-8, 08:31:31.017003, 29257.75, 29327.50, 29252.25, 29313.75, 7250, 6692, 29287.81, 29297.83, 29289.88, 3608, 3642, 0.00, 0.00
2026-7-8, 08:34:02.524010, 29313.75, 29338.00, 29273.50, 29283.75, 7250, 6776, 29302.25, 29298.42, 29305.75, 3692, 3558, 0.00, 0.00
2026-7-8, 08:37:14.088000, 29283.00, 29374.00, 29254.50, 29373.25, 7250, 6739, 29321.19, 29333.92, 29314.25, 3410, 3840, 0.00, 0.00
2026-7-8, 08:40:42.144000, 29373.25, 29385.00, 29329.75, 29362.50, 7250, 6470, 29362.63, 29359.08, 29357.38, 3782, 3468, 0.00, 0.00
2026-7-8, 08:44:36.548001, 29362.25, 29399.00, 29338.25, 29339.00, 7250, 6680, 29359.63, 29358.75, 29368.63, 3700, 3550, 0.00, 0.00
2026-7-8, 08:49:04.089002, 29338.75, 29374.25, 29287.75, 29327.75, 7250, 6819, 29332.13, 29329.92, 29331.00, 3665, 3585, 0.00, 0.00
2026-7-8, 08:52:57.425002, 29327.50, 29391.00, 29291.00, 29389.75, 7250, 6822, 29349.81, 29357.25, 29341.00, 3502, 3748, 0.00, 0.00
2026-7-8, 08:59:07.780000, 29389.00, 29394.75, 29300.25, 29304.00, 7250, 6783, 29347.00, 29333.00, 29347.50, 4058, 3192, 0.00, 0.00
2026-7-8, 09:03:20.112000, 29305.00, 29348.00, 29291.50, 29295.75, 7250, 6824, 29310.06, 29311.75, 29319.75, 3912, 3338, 0.00, 0.00
2026-7-8, 09:10:34.291000, 29295.75, 29302.75, 29245.00, 29247.75, 7250, 6660, 29272.81, 29265.17, 29273.88, 3839, 3411, 0.00, 0.00
2026-7-8, 09:15:23.542000, 29248.50, 29323.75, 29235.25, 29299.75, 7250, 6749, 29276.81, 29286.25, 29279.50, 3498, 3752, 0.00, 0.00
2026-7-8, 09:21:00.886002, 29299.75, 29373.00, 29297.00, 29312.50, 7250, 6635, 29320.56, 29327.50, 29335.00, 3743, 3507, 0.00, 0.00
2026-7-8, 09:27:00.139001, 29311.50, 29324.00, 29254.25, 29289.00, 7250, 6722, 29294.69, 29289.08, 29289.13, 3728, 3522, 0.00, 0.00
2026-7-8, 09:33:51.138003, 29289.00, 29335.25, 29244.00, 29257.75, 7250, 6686, 29281.50, 29279.00, 29289.63, 3672, 3578, 29239.00, 0.00
2026-7-8, 09:39:35.929000, 29258.75, 29282.25, 29209.25, 29253.50, 7250, 6583, 29250.94, 29248.33, 29245.75, 3837, 3413, 0.00, 0.00
2026-7-8, 09:45:00.353000, 29254.50, 29257.50, 29151.00, 29153.00, 7250, 6615, 29204.00, 29187.17, 29204.25, 4039, 3211, 0.00, 0.00
2026-7-8, 09:50:41.176000, 29152.50, 29297.50, 29152.50, 29259.75, 7250, 6653, 29215.56, 29236.58, 29225.00, 3263, 3987, 0.00, 0.00
2026-7-8, 09:54:40.544001, 29259.75, 29289.50, 29193.25, 29210.00, 7250, 6713, 29238.13, 29230.92, 29241.38, 3751, 3499, 0.00, 0.00
2026-7-8, 10:01:01.733001, 29210.00, 29223.25, 29178.75, 29193.50, 7250, 6859, 29201.38, 29198.50, 29201.00, 3766, 3484, 0.00, 0.00
2026-7-8, 10:11:53.770001, 29193.75, 29198.00, 29093.00, 29102.50, 7250, 6516, 29146.81, 29131.17, 29145.50, 3947, 3303, 0.00, 0.00
2026-7-8, 10:17:45.480001, 29102.75, 29161.25, 29056.00, 29058.75, 7250, 6773, 29094.69, 29092.00, 29108.63, 3864, 3386, 0.00, 0.00
2026-7-8, 10:24:29.828001, 29058.50, 29075.00, 29034.50, 29048.50, 7250, 6605, 29054.13, 29052.67, 29054.75, 3578, 3672, 0.00, 0.00
2026-7-8, 10:30:24.661000, 29048.25, 29143.75, 29034.00, 29142.75, 7250, 6677, 29092.19, 29106.83, 29088.88, 3460, 3790, 0.00, 0.00
2026-7-8, 10:37:05.701003, 29142.75, 29153.00, 29091.00, 29096.75, 7250, 6606, 29120.88, 29113.58, 29122.00, 3960, 3290, 0.00, 29158.00
2026-7-8, 10:45:13.687001, 29097.00, 29131.00, 29051.25, 29093.25, 7250, 6678, 29093.13, 29091.83, 29091.13, 3700, 3550, 0.00, 0.00
2026-7-8, 10:55:16.186000, 29092.50, 29143.25, 29061.00, 29134.75, 7250, 6703, 29107.88, 29113.00, 29102.13, 3585, 3665, 0.00, 0.00
2026-7-8, 11:04:38.047000, 29135.50, 29211.00, 29125.75, 29201.00, 7250, 6602, 29168.31, 29179.25, 29168.38, 3475, 3775, 0.00, 0.00
2026-7-8, 11:12:22.647000, 29201.25, 29264.00, 29194.50, 29261.75, 7250, 6461, 29230.38, 29240.08, 29229.25, 3329, 3921, 0.00, 0.00
2026-7-8, 11:21:04.180000, 29261.75, 29303.25, 29250.75, 29285.25, 7250, 6566, 29275.25, 29279.75, 29277.00, 3531, 3719, 0.00, 0.00
2026-7-8, 11:28:03.039005, 29285.50, 29331.75, 29269.50, 29302.50, 7250, 6630, 29297.31, 29301.25, 29300.63, 3443, 3807, 0.00, 0.00
2026-7-8, 11:35:12.151000, 29302.50, 29350.00, 29245.50, 29332.75, 7250, 6715, 29307.69, 29309.42, 29297.75, 3404, 3846, 29240.50, 0.00
2026-7-8, 11:40:57.096004, 29332.75, 29361.75, 29308.75, 29339.50, 7250, 6608, 29335.69, 29336.67, 29335.25, 3433, 3817, 29303.75, 0.00
2026-7-8, 11:51:33.120000, 29341.25, 29377.00, 29341.25, 29365.50, 7250, 6571, 29356.25, 29361.25, 29359.13, 3592, 3658, 29336.25, 0.00
2026-7-8, 12:02:11.180000, 29365.50, 29389.75, 29337.25, 29364.00, 7250, 6456, 29364.13, 29363.67, 29363.50, 3514, 3736, 29332.25, 0.00
2026-7-8, 12:13:33.129040, 29364.25, 29418.75, 29334.75, 29411.75, 7250, 6728, 29382.38, 29388.42, 29376.75, 3317, 3933, 29329.75, 0.00
2026-7-8, 12:24:33.899000, 29411.50, 29457.75, 29408.00, 29444.25, 7250, 6471, 29430.38, 29436.67, 29432.88, 3501, 3749, 0.00, 0.00
2026-7-8, 12:34:53.867000, 29444.50, 29449.00, 29354.50, 29359.50, 7250, 6451, 29401.88, 29387.67, 29401.75, 3928, 3322, 0.00, 29454.00
2026-7-8, 12:46:15.643000, 29359.50, 29390.00, 29324.25, 29336.50, 7250, 6530, 29352.56, 29350.25, 29357.13, 3475, 3775, 0.00, 0.00
2026-7-8, 12:58:03.553000, 29337.00, 29422.75, 29330.00, 29403.00, 7250, 6536, 29373.19, 29385.25, 29376.38, 3419, 3831, 0.00, 0.00
2026-7-8, 13:09:20.804000, 29404.00, 29429.25, 29376.00, 29379.50, 7250, 6758, 29397.19, 29394.92, 29402.63, 3800, 3450, 0.00, 29434.25
2026-7-8, 13:25:21.946001, 29379.50, 29417.75, 29347.50, 29406.25, 7250, 6701, 29387.75, 29390.50, 29382.63, 3679, 3571, 0.00, 29422.75
2026-7-8, 13:40:12.922000, 29406.00, 29424.25, 29372.50, 29392.00, 7250, 6878, 29398.69, 29396.25, 29398.38, 3576, 3674, 29367.50, 0.00
2026-7-8, 13:56:09.983000, 29393.50, 29437.25, 29375.75, 29409.75, 7250, 6748, 29404.06, 29407.58, 29406.50, 3655, 3595, 29370.75, 0.00
2026-7-8, 14:10:01.138000, 29410.25, 29419.75, 29380.00, 29419.25, 7250, 6475, 29407.31, 29406.33, 29399.88, 3573, 3677, 29375.00, 0.00
2026-7-8, 14:27:47.583000, 29419.25, 29438.75, 29388.50, 29408.50, 7250, 6830, 29413.75, 29411.92, 29413.63, 3569, 3681, 29383.50, 0.00
2026-7-8, 14:43:22.276000, 29407.75, 29451.50, 29381.00, 29443.50, 7250, 6803, 29420.94, 29425.33, 29416.25, 3497, 3753, 29376.00, 0.00
2026-7-8, 14:53:41.445001, 29443.50, 29498.00, 29440.00, 29491.50, 7250, 6762, 29468.25, 29476.50, 29469.00, 3563, 3687, 29435.00, 0.00
2026-7-8, 14:59:00.550000, 29492.00, 29500.00, 29457.50, 29457.50, 7250, 6226, 29476.75, 29471.67, 29478.75, 4113, 3137, 0.00, 0.00
2026-7-8, 14:59:58.939000, 29457.50, 29468.50, 29424.50, 29434.25, 7250, 6792, 29446.19, 29442.42, 29446.50, 3666, 3584, 29419.50, 0.00
2026-7-8, 15:08:25.169002, 29434.25, 29441.00, 29353.25, 29381.50, 7250, 6867, 29402.50, 29391.92, 29397.13, 3792, 3458, 0.00, 0.00
2026-7-8, 15:40:24.071000, 29382.00, 29456.00, 29374.00, 29456.00, 7250, 6763, 29417.00, 29428.67, 29415.00, 3615, 3635, 0.00, 29461.00
2026-7-8, 18:09:31.627003, 29456.00, 29545.25, 29395.00, 29538.50, 7250, 6790, 29483.69, 29492.92, 29470.13, 3259, 3991, 29390.00, 0.00
2026-7-8, 19:07:33.073000, 29538.50, 29583.00, 29512.50, 29545.00, 7250, 6526, 29544.75, 29546.83, 29547.75, 3539, 3711, 0.00, 29588.00
2026-7-8, 19:49:02.499005, 29545.25, 29562.75, 29462.75, 29509.75, 7250, 6702, 29520.13, 29511.75, 29512.75, 3684, 3566, 29457.75, 0.00
2026-7-8, 20:41:57.904001, 29509.75, 29563.75, 29426.00, 29563.50, 7250, 6348, 29515.75, 29517.75, 29494.88, 3637, 3613, 29421.00, 0.00
2026-7-8, 21:21:25.492001, 29563.75, 29579.00, 29405.00, 29436.00, 7250, 6616, 29495.94, 29473.33, 29492.00, 3681, 3569, 29400.00, 0.00
2026-7-8, 22:07:38.917000, 29441.25, 29530.50, 29396.50, 29523.25, 7250, 6766, 29472.88, 29483.42, 29463.50, 3635, 3615, 29391.50, 0.00
2026-7-8, 23:37:47.494000, 29523.50, 29597.00, 29474.75, 29521.00, 7250, 6507, 29529.06, 29530.92, 29535.88, 3664, 3586, 29469.75, 0.00
2026-7-9, 00:37:58.206000, 29520.75, 29644.25, 29511.75, 29607.75, 7250, 6472, 29571.13, 29587.92, 29578.00, 3498, 3752, 29506.75, 0.00
2026-7-9, 01:32:43.321000, 29608.00, 29667.75, 29597.75, 29658.50, 7250, 6178, 29633.00, 29641.33, 29632.75, 3585, 3665, 0.00, 29672.75
2026-7-9, 02:29:40.903001, 29658.50, 29735.75, 29640.50, 29698.00, 7250, 6292, 29683.19, 29691.42, 29688.13, 3610, 3640, 0.00, 29740.75
2026-7-9, 03:19:07.788000, 29698.50, 29722.25, 29613.75, 29620.50, 7250, 6595, 29663.75, 29652.17, 29668.00, 3621, 3629, 29608.75, 0.00
2026-7-9, 04:44:37.739000, 29619.75, 29669.00, 29564.50, 29617.50, 7250, 6492, 29617.69, 29617.00, 29616.75, 3695, 3555, 0.00, 29674.00
2026-7-9, 06:04:58.864002, 29617.50, 29711.00, 29579.00, 29709.00, 7250, 6622, 29654.13, 29666.33, 29645.00, 3416, 3834, 29574.00, 0.00
2026-7-9, 06:50:48.890001, 29708.75, 29755.00, 29681.00, 29746.00, 7250, 6131, 29722.69, 29727.33, 29718.00, 3416, 3834, 0.00, 29760.00
2026-7-9, 07:27:42.066001, 29746.00, 29786.50, 29715.25, 29741.50, 7250, 6565, 29747.31, 29747.75, 29750.88, 3533, 3717, 0.00, 29791.50
2026-7-9, 07:54:30.414001, 29742.00, 29759.50, 29725.25, 29737.50, 7250, 6380, 29741.06, 29740.75, 29742.38, 3500, 3750, 0.00, 0.00
2026-7-9, 08:26:00.071000, 29737.25, 29758.00, 29730.00, 29745.25, 2405, 2153, 29742.63, 29744.42, 29744.00, 1304, 1101, 0.00, 29763.00
2026-7-9, 08:30:00.000000, 29746.75, 29755.00, 29682.50, 29700.50, 7250, 6705, 29721.19, 29712.67, 29718.75, 3845, 3405, 0.00, 0.00
2026-7-9, 08:31:42.804003, 29700.50, 29785.50, 29672.00, 29781.50, 7250, 6670, 29734.88, 29746.33, 29728.75, 3211, 4039, 0.00, 0.00
2026-7-9, 08:35:11.257001, 29781.75, 29863.00, 29777.25, 29853.00, 7250, 6698, 29818.75, 29831.08, 29820.13, 3246, 4004, 0.00, 0.00
2026-7-9, 08:38:35.270000, 29852.00, 29860.25, 29811.75, 29848.00, 7250, 6732, 29843.00, 29840.00, 29836.00, 3613, 3637, 0.00, 0.00
2026-7-9, 08:42:20.492001, 29848.00, 29885.50, 29841.50, 29880.25, 7250, 6964, 29863.81, 29869.08, 29863.50, 3462, 3788, 0.00, 0.00
2026-7-9, 08:45:53.717001, 29880.50, 29891.75, 29808.50, 29812.00, 7250, 6779, 29848.19, 29837.42, 29850.13, 3805, 3445, 0.00, 0.00
2026-7-9, 08:49:24.164003, 29812.00, 29907.75, 29811.25, 29886.00, 7250, 6800, 29854.25, 29868.33, 29859.50, 3311, 3939, 0.00, 0.00
2026-7-9, 08:53:02.981001, 29886.00, 29930.50, 29882.00, 29927.25, 7250, 6826, 29906.44, 29913.25, 29906.25, 3525, 3725, 0.00, 0.00
2026-7-9, 08:58:30.653001, 29927.00, 29931.25, 29886.00, 29909.00, 7250, 6745, 29913.31, 29908.75, 29908.63, 3651, 3599, 0.00, 0.00
2026-7-9, 09:05:00.139015, 29909.00, 29915.25, 29830.25, 29830.25, 7250, 6846, 29871.19, 29858.58, 29872.75, 3915, 3335, 0.00, 0.00
2026-7-9, 09:10:16.432000, 29830.25, 29838.50, 29785.25, 29821.25, 7250, 6753, 29818.81, 29815.00, 29811.88, 3717, 3533, 0.00, 0.00
2026-7-9, 09:14:23.087000, 29820.00, 29825.25, 29680.25, 29693.25, 7250, 6667, 29754.69, 29732.92, 29752.75, 4046, 3204, 0.00, 0.00
2026-7-9, 09:16:31.796001, 29693.25, 29749.50, 29674.00, 29704.50, 7250, 6711, 29705.31, 29709.33, 29711.75, 3577, 3673, 0.00, 0.00
2026-7-9, 09:20:04.588001, 29704.25, 29704.75, 29614.50, 29645.00, 7250, 6596, 29667.13, 29654.75, 29659.63, 3821, 3429, 0.00, 0.00
2026-7-9, 09:22:51.458002, 29645.25, 29727.00, 29643.00, 29704.25, 7250, 6770, 29679.88, 29691.42, 29685.00, 3516, 3734, 0.00, 0.00
2026-7-9, 09:26:59.755000, 29704.25, 29777.50, 29694.25, 29703.50, 7250, 6705, 29719.88, 29725.08, 29735.88, 3768, 3482, 0.00, 0.00
2026-7-9, 09:31:33.457000, 29703.25, 29779.25, 29698.00, 29770.00, 7250, 6788, 29737.63, 29749.08, 29738.63, 3511, 3739, 0.00, 0.00
2026-7-9, 09:39:34.457000, 29771.50, 29804.50, 29750.50, 29783.25, 7250, 6683, 29777.44, 29779.42, 29777.50, 3667, 3583, 0.00, 0.00
2026-7-9, 09:47:34.856000, 29783.50, 29811.00, 29723.50, 29765.50, 7250, 6805, 29770.88, 29766.67, 29767.25, 3706, 3544, 0.00, 0.00
2026-7-9, 09:55:00.620000, 29767.25, 29821.25, 29753.25, 29780.00, 7250, 6704, 29780.44, 29784.83, 29787.25, 3476, 3774, 0.00, 0.00
2026-7-9, 10:02:55.312003, 29780.00, 29864.25, 29779.50, 29847.75, 7250, 6691, 29817.88, 29830.50, 29821.88, 3445, 3805, 0.00, 0.00
2026-7-9, 10:11:10.748005, 29847.75, 29879.00, 29830.00, 29846.50, 7250, 6534, 29850.81, 29851.83, 29854.50, 3567, 3683, 0.00, 0.00
2026-7-9, 10:20:40.761001, 29846.50, 29886.25, 29839.25, 29880.25, 7250, 6612, 29863.06, 29868.58, 29862.75, 3521, 3729, 0.00, 0.00
2026-7-9, 10:31:12.081001, 29880.00, 29899.75, 29856.25, 29896.00, 7250, 6887, 29883.00, 29884.00, 29878.00, 3560, 3690, 0.00, 0.00
2026-7-9, 10:45:36.381000, 29896.25, 29905.25, 29878.50, 29890.25, 7250, 5997, 29892.56, 29891.33, 29891.88, 3362, 3888, 0.00, 0.00
2026-7-9, 10:56:29.957001, 29890.00, 29924.25, 29883.50, 29908.50, 7250, 6768, 29901.56, 29905.42, 29903.88, 3471, 3779, 0.00, 0.00
2026-7-9, 11:09:48.036001, 29908.50, 29917.00, 29892.50, 29898.00, 7250, 6837, 29904.00, 29902.50, 29904.75, 3858, 3392, 0.00, 0.00
2026-7-9, 11:26:12.201002, 29898.00, 29912.50, 29864.00, 29887.25, 7250, 6603, 29890.44, 29887.92, 29888.25, 3595, 3655, 0.00, 0.00
2026-7-9, 11:37:35.520001, 29887.25, 29916.50, 29869.25, 29906.75, 7250, 6571, 29894.94, 29897.50, 29892.88, 3497, 3753, 0.00, 0.00
2026-7-9, 11:53:38.654007, 29906.75, 29945.00, 29885.25, 29944.75, 7250, 6406, 29920.44, 29925.00, 29915.13, 3054, 4196, 0.00, 0.00
2026-7-9, 12:07:19.934008, 29944.75, 29969.50, 29938.50, 29962.50, 7250, 5722, 29953.81, 29956.83, 29954.00, 2900, 4350, 0.00, 0.00
2026-7-9, 12:15:26.958000, 29962.75, 29992.50, 29961.00, 29992.50, 7250, 6742, 29977.19, 29982.00, 29976.75, 3484, 3766, 0.00, 0.00
2026-7-9, 12:30:18.027000, 29992.25, 29993.50, 29962.00, 29991.00, 7250, 6802, 29984.69, 29982.17, 29977.75, 3620, 3630, 0.00, 29998.50
2026-7-9, 12:48:04.932001, 29991.00, 29992.25, 29950.75, 29962.75, 7250, 6786, 29974.19, 29968.58, 29971.50, 4147, 3103, 0.00, 29997.25
2026-7-9, 13:04:47.917002, 29962.75, 29985.00, 29950.00, 29950.00, 7250, 6760, 29961.94, 29961.67, 29967.50, 3871, 3379, 0.00, 0.00
2026-7-9, 13:23:54.438008, 29950.00, 29968.25, 29942.00, 29944.00, 7250, 6887, 29951.06, 29951.42, 29955.13, 3864, 3386, 0.00, 0.00
2026-7-9, 13:40:06.513000, 29944.75, 29965.00, 29930.00, 29934.25, 7250, 6845, 29943.50, 29943.08, 29947.50, 3739, 3511, 0.00, 0.00
2026-7-9, 13:57:42.345000, 29934.50, 29944.00, 29905.25, 29923.50, 7250, 6712, 29926.81, 29924.25, 29924.63, 3895, 3355, 0.00, 0.00
2026-7-9, 14:08:26.634003, 29923.25, 29958.25, 29902.75, 29952.25, 7250, 6720, 29934.13, 29937.75, 29930.50, 3503, 3747, 0.00, 0.00
2026-7-9, 14:21:21.062002, 29952.25, 29957.75, 29909.00, 29921.00, 7250, 6367, 29935.00, 29929.25, 29933.38, 4028, 3222, 0.00, 0.00
2026-7-9, 14:34:02.715001, 29921.00, 29952.25, 29913.75, 29943.75, 7250, 6595, 29932.69, 29936.58, 29933.00, 3607, 3643, 0.00, 0.00
2026-7-9, 14:49:12.372000, 29943.25, 29948.00, 29896.75, 29917.50, 7250, 6418, 29926.38, 29920.75, 29922.38, 3874, 3376, 0.00, 0.00
2026-7-9, 14:55:00.236002, 29917.50, 29954.75, 29917.00, 29928.75, 7250, 6545, 29929.50, 29933.50, 29935.88, 3752, 3498, 0.00, 0.00
2026-7-9, 14:59:31.732001, 29928.75, 29949.50, 29927.25, 29946.50, 7250, 6230, 29938.00, 29941.08, 29938.38, 3520, 3730, 0.00, 0.00
2026-7-9, 15:00:01.832000, 29946.00, 29971.00, 29942.75, 29966.50, 7250, 6684, 29956.56, 29960.08, 29956.88, 3533, 3717, 0.00, 0.00
2026-7-9, 15:12:17.441000, 29966.25, 29973.75, 29923.50, 29926.75, 7250, 6642, 29947.56, 29941.33, 29948.63, 3764, 3486, 0.00, 0.00
2026-7-9, 17:04:44.590000, 29926.75, 29964.25, 29904.00, 29940.50, 7250, 6809, 29933.88, 29936.25, 29934.13, 3561, 3689, 0.00, 0.00
2026-7-9, 18:46:54.649000, 29940.50, 29958.00, 29833.75, 29837.50, 7250, 6769, 29892.44, 29876.42, 29895.88, 3826, 3424, 0.00, 29963.00
2026-7-9, 19:25:05.624007, 29837.50, 29870.75, 29804.25, 29858.00, 7250, 6031, 29842.63, 29844.33, 29837.50, 3031, 4219, 0.00, 0.00
2026-7-9, 20:01:51.699001, 29858.00, 29922.75, 29817.50, 29907.75, 7250, 6556, 29876.50, 29882.67, 29870.13, 3437, 3813, 29812.50, 0.00
2026-7-9, 20:57:28.208000, 29906.00, 29959.50, 29854.25, 29957.50, 7250, 6475, 29919.31, 29923.75, 29906.88, 3451, 3799, 29849.25, 0.00
2026-7-9, 22:03:46.476001, 29957.75, 29963.50, 29875.25, 29878.25, 7250, 6548, 29918.69, 29905.67, 29919.38, 3772, 3478, 29870.25, 0.00
2026-7-9, 23:58:26.040003, 29878.25, 29897.00, 29821.25, 29827.50, 7250, 6466, 29856.00, 29848.58, 29859.13, 3754, 3496, 29816.25, 0.00
2026-7-10, 01:11:34.761000, 29827.00, 29832.50, 29775.25, 29824.50, 7250, 6368, 29814.81, 29810.75, 29803.88, 3673, 3577, 29770.25, 0.00
2026-7-10, 01:59:44.613001, 29824.50, 29827.75, 29743.75, 29795.00, 7250, 6886, 29797.75, 29788.83, 29785.75, 3791, 3459, 0.00, 29832.75
2026-7-10, 03:16:36.220005, 29795.00, 29817.50, 29717.25, 29801.75, 7250, 6435, 29782.88, 29778.83, 29767.38, 3847, 3403, 0.00, 0.00
2026-7-10, 04:23:09.417000, 29801.75, 29863.75, 29798.75, 29863.75, 7250, 6659, 29832.00, 29842.08, 29831.25, 3582, 3668, 29793.75, 0.00
2026-7-10, 06:00:17.846019, 29864.00, 29887.75, 29806.50, 29806.50, 7250, 6769, 29841.19, 29833.58, 29847.13, 3610, 3640, 29801.50, 0.00
2026-7-10, 07:02:42.492000, 29806.50, 29878.75, 29771.25, 29841.25, 7250, 5817, 29824.44, 29830.42, 29825.00, 3109, 4141, 0.00, 0.00
2026-7-10, 07:31:02.047000, 29841.50, 29860.75, 29790.50, 29802.75, 7250, 6494, 29823.88, 29818.00, 29825.63, 3842, 3408, 0.00, 29865.75
2026-7-10, 08:10:00.610001, 29802.75, 29851.00, 29791.50, 29835.00, 5458, 4926, 29820.06, 29825.83, 29821.25, 2656, 2802, 0.00, 0.00
2026-7-10, 08:30:00.002000, 29834.75, 29893.50, 29812.50, 29893.50, 7250, 6769, 29858.56, 29866.50, 29853.00, 3670, 3580, 0.00, 0.00
2026-7-10, 08:32:03.067000, 29893.50, 29926.00, 29867.50, 29884.00, 7250, 6821, 29892.75, 29892.50, 29896.75, 3618, 3632, 0.00, 0.00
2026-7-10, 08:36:23.659000, 29885.50, 29936.75, 29844.50, 29846.50, 7250, 6563, 29878.31, 29875.92, 29890.63, 3849, 3401, 0.00, 0.00
2026-7-10, 08:40:12.569003, 29846.25, 29872.25, 29798.00, 29862.75, 7250, 6723, 29844.81, 29844.33, 29835.13, 3698, 3552, 0.00, 0.00
2026-7-10, 08:43:53.936000, 29862.75, 29921.00, 29848.50, 29903.00, 7250, 6758, 29883.81, 29890.83, 29884.75, 3571, 3679, 0.00, 0.00
2026-7-10, 08:48:14.836000, 29902.50, 29967.75, 29894.75, 29965.00, 7250, 6441, 29932.50, 29942.50, 29931.25, 3026, 4224, 0.00, 0.00
2026-7-10, 08:52:43.381005, 29965.25, 29968.50, 29903.50, 29920.75, 7250, 6649, 29939.50, 29930.92, 29936.00, 3797, 3453, 0.00, 0.00
2026-7-10, 08:58:03.264001, 29920.75, 29961.25, 29912.75, 29937.00, 7250, 6863, 29932.94, 29937.00, 29937.00, 3508, 3742, 0.00, 0.00
2026-7-10, 09:04:08.764000, 29935.25, 29964.25, 29906.50, 29947.25, 7250, 6730, 29938.31, 29939.33, 29935.38, 3514, 3736, 0.00, 0.00
2026-7-10, 09:10:23.183002, 29947.25, 29966.00, 29910.00, 29919.00, 7250, 6720, 29935.56, 29931.67, 29938.00, 3554, 3696, 0.00, 0.00
2026-7-10, 09:17:12.488000, 29919.25, 29951.50, 29844.75, 29863.25, 7250, 6733, 29894.69, 29886.50, 29898.13, 3857, 3393, 0.00, 0.00
2026-7-10, 09:22:35.918001, 29863.25, 29929.00, 29860.00, 29925.75, 7250, 6767, 29894.50, 29904.92, 29894.50, 3335, 3915, 0.00, 0.00
2026-7-10, 09:28:07.032000, 29926.00, 29957.25, 29765.50, 29771.50, 7250, 6523, 29855.06, 29831.42, 29861.38, 4072, 3178, 0.00, 0.00
2026-7-10, 09:32:59.576000, 29771.25, 29873.50, 29675.00, 29866.50, 7250, 6706, 29796.56, 29805.00, 29774.25, 3632, 3618, 0.00, 0.00
2026-7-10, 09:35:20.627000, 29867.75, 29895.00, 29818.25, 29843.00, 7250, 6601, 29856.00, 29852.08, 29856.63, 3781, 3469, 0.00, 0.00
2026-7-10, 09:41:24.308019, 29843.00, 29913.00, 29840.50, 29895.00, 7250, 6715, 29872.88, 29882.83, 29876.75, 3565, 3685, 0.00, 0.00
2026-7-10, 09:50:30.489002, 29895.00, 29901.00, 29808.75, 29846.50, 7250, 6567, 29862.81, 29852.08, 29854.88, 3890, 3360, 0.00, 0.00
2026-7-10, 09:57:58.296000, 29845.75, 29853.25, 29789.75, 29804.00, 7250, 6754, 29823.19, 29815.67, 29821.50, 3811, 3439, 0.00, 0.00
2026-7-10, 10:04:34.097011, 29804.00, 29884.50, 29780.00, 29865.25, 7250, 6699, 29833.44, 29843.25, 29832.25, 3391, 3859, 0.00, 0.00
2026-7-10, 10:11:38.344000, 29865.00, 29957.00, 29860.25, 29909.50, 7250, 6625, 29897.94, 29908.92, 29908.63, 3528, 3722, 0.00, 0.00
2026-7-10, 10:19:23.892000, 29909.75, 29987.50, 29901.25, 29977.00, 7250, 6694, 29943.88, 29955.25, 29944.38, 3335, 3915, 0.00, 0.00
2026-7-10, 10:27:54.736000, 29976.50, 29991.50, 29962.75, 29967.75, 7250, 6888, 29974.63, 29974.00, 29977.13, 3539, 3711, 0.00, 0.00
2026-7-10, 10:35:30.261000, 29967.25, 29968.75, 29867.00, 29875.25, 7250, 6801, 29919.56, 29903.67, 29917.88, 3875, 3375, 0.00, 0.00
2026-7-10, 10:42:10.344000, 29875.25, 29888.75, 29834.00, 29877.50, 7250, 6849, 29868.88, 29866.75, 29861.38, 3672, 3578, 0.00, 0.00
2026-7-10, 10:46:32.965000, 29877.75, 29941.50, 29870.50, 29929.25, 7250, 6723, 29904.75, 29913.75, 29906.00, 3429, 3821, 0.00, 0.00
2026-7-10, 10:57:14.499000, 29927.25, 29990.00, 29914.00, 29978.25, 7250, 6828, 29952.38, 29960.75, 29952.00, 3302, 3948, 0.00, 0.00
2026-7-10, 11:08:00.045001, 29978.25, 30017.00, 29962.50, 30016.25, 7250, 6274, 29993.50, 29998.58, 29989.75, 2982, 4268, 0.00, 0.00
2026-7-10, 11:16:53.358000, 30016.25, 30024.00, 29998.75, 30021.00, 7250, 6712, 30015.00, 30014.58, 30011.38, 3777, 3473, 0.00, 30029.00
2026-7-10, 11:27:25.558000, 30021.25, 30034.00, 30004.00, 30018.25, 7250, 6657, 30019.38, 30018.75, 30019.00, 3831, 3419, 0.00, 0.00
2026-7-10, 11:41:57.659001, 30018.25, 30043.25, 30010.00, 30025.00, 7250, 6880, 30024.13, 30026.08, 30026.63, 3744, 3506, 0.00, 0.00
2026-7-10, 11:59:42.638002, 30025.00, 30033.50, 29996.50, 30017.25, 7250, 6890, 30018.06, 30015.75, 30015.00, 3721, 3529, 0.00, 0.00
2026-7-10, 12:18:42.375000, 30017.50, 30060.00, 30008.50, 30057.50, 7250, 6705, 30035.88, 30042.00, 30034.25, 3295, 3955, 0.00, 0.00
2026-7-10, 12:37:21.197001, 30057.50, 30072.25, 30039.00, 30040.00, 7250, 6533, 30052.19, 30050.42, 30055.63, 3839, 3411, 0.00, 0.00
2026-7-10, 12:57:45.749000, 30040.00, 30071.00, 30031.25, 30054.25, 7250, 6666, 30049.13, 30052.17, 30051.13, 3601, 3649, 0.00, 0.00
2026-7-10, 13:11:44.460000, 30054.00, 30069.00, 30021.50, 30053.00, 7250, 6636, 30049.38, 30047.83, 30045.25, 3704, 3546, 0.00, 0.00
2026-7-10, 13:25:26.325022, 30053.00, 30065.50, 30031.25, 30036.00, 7250, 6859, 30046.44, 30044.25, 30048.38, 3852, 3398, 0.00, 0.00
2026-7-10, 13:48:50.360004, 30036.00, 30077.75, 30028.25, 30061.75, 7250, 6703, 30050.94, 30055.92, 30053.00, 3703, 3547, 0.00, 0.00
2026-7-10, 14:06:13.176009, 30061.75, 30065.75, 30036.50, 30040.50, 7250, 6719, 30051.13, 30047.58, 30051.13, 3752, 3498, 0.00, 0.00
2026-7-10, 14:26:26.918000, 30041.75, 30068.00, 30041.75, 30050.25, 7250, 6792, 30050.44, 30053.33, 30054.88, 3558, 3692, 0.00, 0.00
2026-7-10, 14:46:00.023001, 30050.25, 30066.50, 30035.25, 30045.50, 7250, 6780, 30049.38, 30049.08, 30050.88, 3844, 3406, 0.00, 0.00
2026-7-10, 14:55:04.766000, 30044.75, 30046.25, 30026.00, 30027.50, 7250, 6437, 30036.13, 30033.25, 30036.13, 4068, 3182, 0.00, 0.00
2026-7-10, 14:59:45.088000, 30027.75, 30062.00, 30024.75, 30060.00, 7250, 6465, 30043.63, 30048.92, 30043.38, 3428, 3822, 0.00, 0.00
2026-7-10, 15:03:11.418000, 30060.00, 30073.75, 30036.00, 30068.50, 7148, 6548, 30059.56, 30059.42, 30054.88, 3710, 3438, 0.00, 0.00
2026-7-12, 17:00:00.000000, 29952.00, 29979.50, 29855.00, 29873.50, 7250, 6537, 29915.00, 29902.67, 29917.25, 3880, 3370, 0.00, 29984.50
2026-7-12, 17:16:50.671001, 29873.75, 29915.00, 29862.50, 29889.50, 7250, 6635, 29885.19, 29889.00, 29888.75, 3515, 3735, 0.00, 0.00
2026-7-12, 18:20:09.498000, 29890.25, 29986.25, 29845.00, 29963.50, 7250, 6618, 29921.25, 29931.58, 29915.63, 3481, 3769, 29840.00, 0.00
2026-7-12, 19:06:11.845028, 29963.75, 30041.00, 29911.75, 29925.50, 7250, 6661, 29960.50, 29959.42, 29976.38, 3725, 3525, 0.00, 30046.00
2026-7-12, 19:35:30.695000, 29925.25, 29928.50, 29807.50, 29832.75, 7250, 6759, 29873.50, 29856.25, 29868.00, 3773, 3477, 0.00, 0.00
2026-7-12, 20:01:30.735001, 29832.50, 29851.25, 29788.75, 29811.00, 7250, 6703, 29820.88, 29817.00, 29820.00, 3586, 3664, 29783.75, 0.00
2026-7-12, 20:43:56.791000, 29812.00, 29815.00, 29727.00, 29750.50, 7250, 6561, 29776.13, 29764.17, 29771.00, 3675, 3575, 0.00, 0.00
2026-7-12, 21:09:33.777000, 29749.50, 29808.75, 29712.75, 29716.00, 7250, 6682, 29746.75, 29745.83, 29760.75, 3714, 3536, 29707.75, 0.00
2026-7-12, 22:00:56.025002, 29716.00, 29727.25, 29682.00, 29687.25, 7250, 6679, 29703.13, 29698.83, 29704.63, 3807, 3443, 0.00, 0.00
2026-7-12, 22:59:59.144000, 29688.00, 29690.00, 29606.50, 29612.50, 7250, 6481, 29649.25, 29636.33, 29648.25, 3928, 3322, 0.00, 0.00
2026-7-13, 00:01:15.298000, 29612.75, 29693.75, 29542.75, 29642.25, 7250, 6650, 29622.88, 29626.25, 29618.25, 3516, 3734, 29537.75, 0.00
2026-7-13, 00:37:32.140000, 29644.00, 29670.75, 29585.50, 29646.50, 7250, 6708, 29636.69, 29634.25, 29628.13, 3641, 3609, 29580.50, 0.00
2026-7-13, 01:30:19.759001, 29646.75, 29690.25, 29598.50, 29650.00, 7250, 6681, 29646.38, 29646.25, 29644.38, 3417, 3833, 0.00, 0.00
2026-7-13, 02:32:08.691000, 29648.75, 29741.50, 29636.00, 29712.75, 7250, 6468, 29684.75, 29696.75, 29688.75, 3391, 3859, 29631.00, 0.00
2026-7-13, 03:36:16.045001, 29713.00, 29778.00, 29700.00, 29748.75, 7250, 6501, 29734.94, 29742.25, 29739.00, 3502, 3748, 29695.00, 0.00
2026-7-13, 05:16:04.676013, 29748.50, 29799.75, 29735.75, 29780.00, 7250, 6628, 29766.00, 29771.83, 29767.75, 3532, 3718, 0.00, 29804.75
2026-7-13, 06:40:43.467000, 29778.75, 29778.75, 29693.75, 29697.75, 7250, 6485, 29737.25, 29723.42, 29736.25, 3541, 3709, 0.00, 29783.75
2026-7-13, 07:24:05.438003, 29697.75, 29748.00, 29655.50, 29741.00, 7250, 6412, 29710.56, 29714.83, 29701.75, 3288, 3962, 0.00, 0.00
2026-7-13, 08:04:06.445001, 29741.00, 29746.75, 29683.25, 29710.75, 6042, 5639, 29720.44, 29713.58, 29715.00, 3034, 3008, 0.00, 29751.75
2026-7-13, 08:30:00.000000, 29710.00, 29737.00, 29651.00, 29723.50, 7250, 6852, 29705.38, 29703.83, 29694.00, 3582, 3668, 0.00, 0.00
2026-7-13, 08:32:10.105000, 29724.00, 29737.25, 29631.75, 29669.75, 7250, 6882, 29690.69, 29679.58, 29684.50, 3938, 3312, 0.00, 0.00
2026-7-13, 08:35:19.497002, 29669.75, 29672.50, 29610.75, 29649.75, 7250, 6855, 29650.69, 29644.33, 29641.63, 3735, 3515, 0.00, 0.00
2026-7-13, 08:39:04.634000, 29650.25, 29655.25, 29552.25, 29559.25, 7250, 6766, 29604.25, 29588.92, 29603.75, 4046, 3204, 0.00, 0.00
2026-7-13, 08:42:25.019000, 29559.25, 29602.75, 29540.00, 29564.50, 7250, 6833, 29566.63, 29569.08, 29571.38, 3827, 3423, 0.00, 0.00
2026-7-13, 08:45:33.947000, 29563.75, 29599.50, 29535.75, 29562.75, 7250, 6560, 29565.44, 29566.00, 29567.63, 3492, 3758, 0.00, 0.00
2026-7-13, 08:49:05.674001, 29562.50, 29595.25, 29518.00, 29544.75, 7250, 6490, 29555.13, 29552.67, 29556.63, 4006, 3244, 0.00, 0.00
2026-7-13, 08:52:46.272000, 29544.25, 29590.75, 29521.75, 29577.75, 7250, 6751, 29558.63, 29563.42, 29556.25, 3552, 3698, 0.00, 0.00
2026-7-13, 08:57:55.605002, 29577.75, 29660.75, 29577.75, 29655.50, 7250, 6615, 29617.94, 29631.33, 29619.25, 3250, 4000, 0.00, 0.00
2026-7-13, 09:00:53.796001, 29655.50, 29662.50, 29581.00, 29586.50, 7250, 6670, 29621.38, 29610.00, 29621.75, 4061, 3189, 0.00, 0.00
2026-7-13, 09:04:56.461000, 29586.50, 29640.00, 29560.75, 29637.25, 7250, 6741, 29606.13, 29612.67, 29600.38, 3496, 3754, 0.00, 0.00
2026-7-13, 09:10:51.979000, 29637.00, 29659.75, 29522.50, 29522.50, 7250, 6702, 29585.44, 29568.25, 29591.13, 3877, 3373, 0.00, 0.00
2026-7-13, 09:16:50.517002, 29522.00, 29590.25, 29488.50, 29569.75, 7250, 6574, 29542.63, 29549.50, 29539.38, 3675, 3575, 0.00, 0.00
2026-7-13, 09:19:10.996002, 29569.75, 29675.00, 29568.50, 29674.75, 7250, 6667, 29622.00, 29639.42, 29621.75, 3206, 4044, 0.00, 0.00
2026-7-13, 09:24:55.539017, 29674.75, 29724.00, 29650.00, 29716.00, 7250, 6759, 29691.19, 29696.67, 29687.00, 3327, 3923, 0.00, 0.00
2026-7-13, 09:30:34.065000, 29715.75, 29719.75, 29658.00, 29662.50, 7250, 6756, 29689.00, 29680.08, 29688.88, 3655, 3595, 0.00, 0.00
2026-7-13, 09:37:27.538017, 29662.75, 29694.00, 29624.25, 29634.00, 7250, 6875, 29653.75, 29650.75, 29659.13, 3580, 3670, 0.00, 0.00
2026-7-13, 09:44:44.134000, 29634.00, 29700.50, 29603.50, 29690.00, 7250, 6723, 29657.00, 29664.67, 29652.00, 3294, 3956, 0.00, 0.00
2026-7-13, 09:50:50.907004, 29690.25, 29702.00, 29627.75, 29698.00, 7250, 6779, 29679.50, 29675.92, 29664.88, 3618, 3632, 0.00, 0.00
2026-7-13, 09:59:18.823001, 29698.00, 29752.50, 29688.50, 29705.00, 7250, 6707, 29711.00, 29715.33, 29720.50, 3346, 3904, 0.00, 0.00
2026-7-13, 10:05:24.138004, 29705.00, 29729.50, 29662.50, 29662.75, 7250, 6643, 29689.94, 29684.92, 29696.00, 3766, 3484, 0.00, 0.00
2026-7-13, 10:15:36.566000, 29663.25, 29729.50, 29662.00, 29704.75, 7250, 6667, 29689.88, 29698.75, 29695.75, 3574, 3676, 0.00, 0.00
2026-7-13, 10:27:54.713001, 29704.75, 29724.50, 29659.25, 29659.25, 7250, 6706, 29686.94, 29681.00, 29691.88, 3745, 3505, 0.00, 0.00
2026-7-13, 10:42:02.900001, 29659.00, 29677.50, 29599.75, 29615.50, 7250, 6641, 29637.94, 29630.92, 29638.63, 3892, 3358, 0.00, 0.00
2026-7-13, 10:52:40.604000, 29615.75, 29633.75, 29584.25, 29586.75, 7250, 6800, 29605.13, 29601.58, 29609.00, 3762, 3488, 0.00, 0.00
2026-7-13, 11:05:57.019000, 29586.75, 29638.50, 29580.50, 29585.00, 7250, 6740, 29597.69, 29601.33, 29609.50, 3706, 3544, 0.00, 0.00
2026-7-13, 11:16:15.728002, 29585.00, 29593.25, 29542.25, 29543.75, 7250, 6747, 29566.06, 29559.75, 29567.75, 3835, 3415, 0.00, 0.00
2026-7-13, 11:26:27.045000, 29544.00, 29568.25, 29513.00, 29528.00, 7250, 6610, 29538.31, 29536.42, 29540.63, 3679, 3571, 0.00, 0.00
2026-7-13, 11:32:37.593000, 29528.25, 29535.25, 29460.75, 29473.25, 7250, 6604, 29499.38, 29489.75, 29498.00, 3732, 3518, 0.00, 0.00
2026-7-13, 11:38:05.673000, 29474.00, 29550.50, 29474.00, 29550.25, 7250, 6657, 29512.19, 29524.92, 29512.25, 3362, 3888, 0.00, 0.00
2026-7-13, 11:45:16.223001, 29550.25, 29556.25, 29463.75, 29512.00, 7250, 6639, 29520.56, 29510.67, 29510.00, 3909, 3341, 0.00, 0.00
2026-7-13, 11:54:29.755000, 29513.25, 29554.25, 29489.25, 29549.00, 7250, 6799, 29526.44, 29530.83, 29521.75, 3503, 3747, 0.00, 0.00
2026-7-13, 12:07:16.693000, 29548.25, 29580.75, 29511.50, 29530.25, 7250, 6671, 29542.69, 29540.83, 29546.13, 3603, 3647, 0.00, 0.00
2026-7-13, 12:21:17.348000, 29531.00, 29545.00, 29497.00, 29507.00, 7250, 6739, 29520.00, 29516.33, 29521.00, 3718, 3532, 0.00, 0.00
2026-7-13, 12:38:17.764000, 29505.00, 29526.25, 29468.00, 29481.50, 7250, 6543, 29495.19, 29491.92, 29497.13, 3797, 3453, 0.00, 0.00
2026-7-13, 12:52:35.101000, 29481.75, 29538.00, 29469.00, 29534.00, 7250, 6608, 29505.69, 29513.67, 29503.50, 3334, 3916, 0.00, 0.00
2026-7-13, 13:06:00.385000, 29533.75, 29539.50, 29467.50, 29489.00, 7250, 6660, 29507.44, 29498.67, 29503.50, 3739, 3511, 0.00, 0.00
2026-7-13, 13:21:11.275000, 29488.00, 29504.75, 29454.50, 29496.00, 7250, 6656, 29485.81, 29485.08, 29479.63, 3581, 3669, 0.00, 0.00
2026-7-13, 13:36:01.267000, 29496.00, 29517.25, 29481.75, 29513.50, 7250, 6543, 29502.13, 29504.17, 29499.50, 3584, 3666, 0.00, 0.00
2026-7-13, 13:51:39.838000, 29513.75, 29525.75, 29475.25, 29489.00, 7250, 6749, 29500.94, 29496.67, 29500.50, 3665, 3585, 0.00, 0.00
2026-7-13, 14:07:52.389000, 29488.50, 29495.25, 29440.00, 29443.25, 7250, 6612, 29466.75, 29459.50, 29467.63, 3882, 3368, 0.00, 0.00
2026-7-13, 14:20:47.132000, 29444.00, 29453.75, 29416.00, 29429.00, 7250, 6130, 29435.69, 29432.92, 29434.88, 4372, 2878, 0.00, 0.00
2026-7-13, 14:26:52.259000, 29429.75, 29435.75, 29402.50, 29435.75, 7250, 5438, 29425.94, 29424.67, 29419.13, 4707, 2543, 0.00, 0.00
2026-7-13, 14:30:24.072001, 29435.75, 29449.50, 29400.25, 29410.00, 7250, 6299, 29423.88, 29419.92, 29424.88, 4004, 3246, 0.00, 0.00
2026-7-13, 14:38:10.003000, 29410.25, 29457.25, 29393.25, 29446.75, 7250, 6325, 29426.88, 29432.42, 29425.25, 3976, 3274, 0.00, 0.00
2026-7-13, 14:45:53.625001, 29447.00, 29500.25, 29434.25, 29498.25, 7250, 6152, 29469.94, 29477.58, 29467.25, 3326, 3924, 0.00, 0.00
2026-7-13, 14:52:46.732000, 29497.25, 29499.00, 29457.00, 29489.25, 7250, 6452, 29485.63, 29481.75, 29478.00, 3967, 3283, 0.00, 0.00
2026-7-13, 14:57:07.076000, 29489.25, 29504.25, 29471.25, 29474.75, 7250, 6558, 29484.88, 29483.42, 29487.75, 3997, 3253, 0.00, 0.00
2026-7-13, 14:59:45.236004, 29474.75, 29481.25, 29451.00, 29467.75, 7250, 6363, 29468.69, 29466.67, 29466.13, 3613, 3637, 29446.00, 0.00
2026-7-13, 15:00:58.685004, 29467.75, 29474.00, 29410.75, 29415.50, 7250, 6267, 29442.00, 29433.42, 29442.38, 3942, 3308, 0.00, 0.00
2026-7-13, 15:16:47.488000, 29415.75, 29479.50, 29386.50, 29470.00, 7250, 6599, 29437.94, 29445.33, 29433.00, 3524, 3726, 0.00, 0.00
2026-7-13, 17:06:44.325000, 29472.50, 29474.00, 29350.00, 29355.00, 7250, 6572, 29412.88, 29393.00, 29412.00, 3768, 3482, 0.00, 29479.00
2026-7-13, 18:32:58.890001, 29355.00, 29452.25, 29327.25, 29335.25, 7250, 6562, 29367.44, 29371.58, 29389.75, 3452, 3798, 0.00, 29457.25
2026-7-13, 19:07:41.052001, 29335.50, 29475.75, 29325.75, 29455.00, 7250, 6831, 29398.00, 29418.83, 29400.75, 3482, 3768, 0.00, 29480.75
2026-7-13, 19:34:11.449000, 29458.75, 29541.25, 29399.50, 29511.00, 7250, 6644, 29477.63, 29483.92, 29470.38, 3512, 3738, 29394.50, 0.00
2026-7-13, 20:10:38.877001, 29511.00, 29528.50, 29440.00, 29444.75, 7250, 6626, 29481.06, 29471.08, 29484.25, 3910, 3340, 0.00, 0.00
2026-7-13, 20:57:03.666013, 29444.75, 29489.00, 29365.25, 29450.75, 7250, 6751, 29437.44, 29435.00, 29427.13, 3586, 3664, 29360.25, 0.00
2026-7-13, 21:45:42.411000, 29450.25, 29453.25, 29303.50, 29381.00, 7250, 6688, 29397.00, 29379.25, 29378.38, 3801, 3449, 0.00, 0.00
2026-7-13, 22:32:49.274001, 29380.75, 29456.00, 29334.25, 29453.00, 7250, 6781, 29406.00, 29414.42, 29395.13, 3577, 3673, 29329.25, 0.00
2026-7-13, 23:32:56.866001, 29453.25, 29630.75, 29452.00, 29630.00, 7250, 6608, 29541.50, 29570.92, 29541.38, 3268, 3982, 29447.00, 0.00
2026-7-14, 00:31:16.482000, 29630.00, 29649.75, 29577.75, 29624.00, 7250, 6770, 29620.38, 29617.17, 29613.75, 3529, 3721, 29572.75, 0.00
2026-7-14, 01:31:25.725000, 29625.75, 29634.25, 29545.50, 29606.25, 7250, 6774, 29602.94, 29595.33, 29589.88, 3666, 3584, 0.00, 29639.25
2026-7-14, 02:53:30.727000, 29604.75, 29636.25, 29547.75, 29629.50, 7250, 6625, 29604.56, 29604.50, 29592.00, 3594, 3656, 29542.75, 0.00
2026-7-14, 04:16:05.451000, 29627.00, 29633.00, 29561.00, 29569.75, 7250, 6444, 29597.69, 29587.92, 29597.00, 3809, 3441, 0.00, 0.00
2026-7-14, 06:04:27.011001, 29569.75, 29670.50, 29555.00, 29615.75, 7250, 6664, 29602.75, 29613.75, 29612.75, 3656, 3594, 0.00, 0.00
2026-7-14, 06:42:47.138000, 29618.00, 29674.25, 29570.00, 29653.75, 7250, 6397, 29629.00, 29632.67, 29622.13, 3712, 3538, 0.00, 29679.25
2026-7-14, 07:29:02.135002, 29653.75, 29921.75, 29653.50, 29890.25, 7250, 5995, 29779.81, 29821.83, 29787.63, 3165, 4085, 0.00, 0.00
2026-7-14, 07:32:03.789006, 29890.50, 29917.75, 29818.00, 29840.00, 7250, 6328, 29866.56, 29858.58, 29867.88, 3801, 3449, 0.00, 29922.75
2026-7-14, 07:38:31.698001, 29840.00, 29849.50, 29765.00, 29765.00, 7250, 6389, 29804.88, 29793.17, 29807.25, 3943, 3307, 0.00, 29854.50
2026-7-14, 07:53:44.173039, 29765.00, 29809.00, 29754.00, 29772.50, 7250, 6631, 29775.13, 29778.50, 29781.50, 3562, 3688, 0.00, 0.00
2026-7-14, 08:15:50.699000, 29773.00, 29832.00, 29742.50, 29811.00, 6745, 6084, 29789.63, 29795.17, 29787.25, 3325, 3420, 0.00, 0.00
2026-7-14, 08:30:00.001000, 29811.00, 29815.75, 29724.25, 29746.50, 7250, 6936, 29774.38, 29762.17, 29770.00, 3540, 3710, 0.00, 0.00
2026-7-14, 08:32:35.663000, 29746.50, 29758.25, 29685.00, 29725.75, 7250, 6791, 29728.88, 29723.00, 29721.63, 3782, 3468, 0.00, 0.00
2026-7-14, 08:36:55.244000, 29724.75, 29798.00, 29708.25, 29765.75, 7250, 6640, 29749.19, 29757.33, 29753.13, 3371, 3879, 0.00, 0.00
2026-7-14, 08:40:58.444001, 29765.75, 29785.75, 29701.00, 29784.75, 7250, 6824, 29759.31, 29757.17, 29743.38, 3629, 3621, 0.00, 0.00
2026-7-14, 08:45:29.726000, 29785.00, 29808.50, 29725.00, 29771.75, 7250, 6834, 29772.56, 29768.42, 29766.75, 3626, 3624, 0.00, 0.00
2026-7-14, 08:50:36.754000, 29773.00, 29799.50, 29714.00, 29773.00, 7250, 6780, 29764.88, 29762.17, 29756.75, 3626, 3624, 0.00, 0.00
2026-7-14, 08:57:14.108000, 29772.25, 29804.75, 29708.25, 29709.25, 7250, 6793, 29748.63, 29740.75, 29756.50, 3759, 3491, 0.00, 0.00
2026-7-14, 09:03:17.365000, 29709.25, 29733.50, 29651.00, 29684.00, 7250, 6669, 29694.44, 29689.50, 29692.25, 3911, 3339, 0.00, 0.00
2026-7-14, 09:07:39.964000, 29683.00, 29704.25, 29637.00, 29667.75, 7250, 6826, 29673.00, 29669.67, 29670.63, 3664, 3586, 0.00, 0.00
2026-7-14, 09:13:36.078000, 29666.75, 29673.25, 29567.50, 29612.50, 7250, 6633, 29630.00, 29617.75, 29620.38, 3933, 3317, 0.00, 0.00
2026-7-14, 09:16:55.885000, 29613.00, 29663.25, 29586.50, 29661.75, 7250, 6698, 29631.13, 29637.17, 29624.88, 3475, 3775, 0.00, 0.00
2026-7-14, 09:21:58.814000, 29661.50, 29733.00, 29646.50, 29681.00, 7250, 6687, 29680.50, 29686.83, 29689.75, 3531, 3719, 0.00, 0.00
2026-7-14, 09:27:23.892000, 29681.25, 29751.25, 29638.25, 29747.75, 7250, 6733, 29704.63, 29712.42, 29694.75, 3613, 3637, 0.00, 0.00
2026-7-14, 09:34:07.167003, 29747.75, 29839.75, 29727.25, 29783.25, 7250, 6340, 29774.50, 29783.42, 29783.50, 3416, 3834, 0.00, 0.00
2026-7-14, 09:36:11.203001, 29783.25, 29801.50, 29729.25, 29732.25, 7250, 6736, 29761.56, 29754.33, 29765.38, 4115, 3135, 0.00, 0.00
2026-7-14, 09:43:38.787000, 29731.00, 29745.50, 29659.50, 29686.25, 7250, 6762, 29705.56, 29697.08, 29702.50, 3917, 3333, 0.00, 0.00
2026-7-14, 09:51:12.159000, 29687.50, 29794.50, 29676.00, 29790.75, 7250, 6710, 29737.19, 29753.75, 29735.25, 3468, 3782, 0.00, 0.00
2026-7-14, 10:00:11.074002, 29790.50, 29844.00, 29753.75, 29833.00, 7250, 6767, 29805.31, 29810.25, 29798.88, 3300, 3950, 0.00, 0.00
2026-7-14, 10:04:44.311003, 29832.75, 29865.50, 29794.50, 29853.00, 7250, 6641, 29836.44, 29837.67, 29830.00, 3685, 3565, 0.00, 0.00
2026-7-14, 10:10:39.711000, 29854.00, 29867.25, 29825.25, 29847.00, 7250, 6720, 29848.38, 29846.50, 29846.25, 3906, 3344, 0.00, 0.00
2026-7-14, 10:19:50.348001, 29847.00, 29884.50, 29832.50, 29882.50, 7250, 6560, 29861.63, 29866.50, 29858.50, 3460, 3790, 0.00, 0.00
2026-7-14, 10:28:57.106012, 29882.50, 29895.75, 29828.50, 29830.50, 7250, 6499, 29859.31, 29851.58, 29862.13, 3725, 3525, 0.00, 0.00
2026-7-14, 10:35:17.666001, 29830.50, 29866.00, 29799.00, 29841.25, 7250, 6604, 29834.19, 29835.42, 29832.50, 3560, 3690, 0.00, 0.00
2026-7-14, 10:44:27.400004, 29841.25, 29852.00, 29768.75, 29775.25, 7250, 6496, 29809.31, 29798.67, 29810.38, 3920, 3330, 0.00, 0.00
2026-7-14, 10:55:02.740001, 29775.00, 29798.25, 29730.75, 29734.00, 7250, 6599, 29759.50, 29754.33, 29764.50, 3867, 3383, 0.00, 0.00
2026-7-14, 11:03:34.886000, 29733.50, 29762.25, 29711.00, 29733.75, 7250, 6665, 29735.13, 29735.67, 29736.63, 3636, 3614, 0.00, 0.00
2026-7-14, 11:12:40.860004, 29733.75, 29760.50, 29704.50, 29737.50, 7250, 6690, 29734.06, 29734.17, 29732.50, 3741, 3509, 0.00, 0.00
2026-7-14, 11:23:59.710000, 29737.50, 29796.25, 29733.50, 29780.75, 7250, 6556, 29762.00, 29770.17, 29764.88, 3461, 3789, 0.00, 0.00
2026-7-14, 11:36:50.095006, 29781.00, 29830.00, 29768.00, 29812.00, 7250, 6659, 29797.75, 29803.33, 29799.00, 3528, 3722, 0.00, 0.00
2026-7-14, 11:50:31.970002, 29812.00, 29838.00, 29803.00, 29831.75, 7250, 6570, 29821.19, 29824.25, 29820.50, 3420, 3830, 0.00, 0.00
2026-7-14, 12:06:59.494002, 29831.75, 29851.00, 29807.00, 29847.75, 7250, 6643, 29834.38, 29835.25, 29829.00, 3523, 3727, 0.00, 0.00
2026-7-14, 12:21:53.822007, 29847.75, 29867.00, 29818.75, 29854.25, 7250, 6586, 29846.94, 29846.67, 29842.88, 3769, 3481, 0.00, 0.00
2026-7-14, 12:40:37.818000, 29854.00, 29865.50, 29829.00, 29858.00, 7250, 6821, 29851.63, 29850.83, 29847.25, 3715, 3535, 0.00, 0.00
2026-7-14, 13:02:54.181000, 29857.75, 29878.25, 29844.50, 29864.75, 7250, 6873, 29861.31, 29862.50, 29861.38, 3615, 3635, 0.00, 0.00
2026-7-14, 13:25:43.108000, 29864.50, 29869.50, 29810.50, 29830.50, 7250, 6924, 29843.75, 29836.83, 29840.00, 3928, 3322, 0.00, 0.00
2026-7-14, 13:41:39.634000, 29830.50, 29843.50, 29813.00, 29821.75, 7250, 6918, 29827.19, 29826.08, 29828.25, 3464, 3786, 29808.00, 0.00
2026-7-14, 14:00:11.888000, 29821.25, 29832.50, 29780.00, 29815.75, 7250, 6505, 29812.38, 29809.42, 29806.25, 3692, 3558, 0.00, 0.00
2026-7-14, 14:13:28.046000, 29815.75, 29837.75, 29798.25, 29798.25, 7250, 6719, 29812.50, 29811.42, 29818.00, 3928, 3322, 0.00, 0.00
2026-7-14, 14:29:57.677013, 29798.25, 29810.00, 29771.00, 29799.25, 7250, 6741, 29794.63, 29793.42, 29790.50, 3667, 3583, 0.00, 0.00
2026-7-14, 14:42:06.427000, 29799.75, 29836.00, 29798.25, 29820.25, 7250, 6815, 29813.56, 29818.17, 29817.13, 3830, 3420, 0.00, 0.00
2026-7-14, 14:54:00.005006, 29820.25, 29823.50, 29790.00, 29807.25, 7250, 6812, 29810.25, 29806.92, 29806.75, 3872, 3378, 0.00, 0.00
2026-7-14, 14:59:37.020000, 29807.25, 29807.75, 29777.75, 29787.75, 7250, 6334, 29795.13, 29791.08, 29792.75, 3881, 3369, 0.00, 0.00
2026-7-14, 15:01:01.598000, 29787.50, 29810.00, 29772.50, 29788.25, 7250, 6407, 29789.56, 29790.25, 29791.25, 3746, 3504, 29767.50, 0.00
2026-7-14, 15:18:39.686003, 29788.25, 29806.25, 29745.50, 29780.25, 7250, 6792, 29780.06, 29777.33, 29775.88, 3725, 3525, 0.00, 0.00
2026-7-14, 17:45:49.337000, 29780.00, 29900.00, 29758.00, 29865.25, 7250, 6659, 29825.81, 29841.08, 29829.00, 3344, 3906, 29753.00, 0.00
2026-7-14, 19:01:24.235002, 29865.00, 29938.00, 29837.50, 29898.50, 7250, 6680, 29884.75, 29891.33, 29887.75, 3472, 3778, 0.00, 29943.00
2026-7-14, 19:50:54.271001, 29898.75, 29953.50, 29860.00, 29950.75, 7250, 6752, 29915.75, 29921.42, 29906.75, 3569, 3681, 29855.00, 0.00
2026-7-14, 20:58:51.682000, 29951.25, 29992.00, 29947.25, 29988.75, 7250, 6591, 29969.81, 29976.00, 29969.63, 3513, 3737, 29942.25, 0.00
2026-7-14, 22:32:40.817000, 29988.00, 30058.25, 29983.25, 30016.00, 7250, 6406, 30011.38, 30019.17, 30020.75, 3469, 3781, 29978.25, 0.00
2026-7-15, 00:03:43.113000, 30015.50, 30050.00, 29967.75, 30036.00, 7250, 6273, 30017.31, 30017.92, 30008.88, 3548, 3702, 29962.75, 0.00
2026-7-15, 01:10:07.189000, 30036.50, 30062.50, 29950.00, 29952.00, 7250, 6616, 30000.25, 29988.17, 30006.25, 3763, 3487, 29945.00, 0.00
2026-7-15, 02:26:56.566001, 29951.75, 30005.25, 29897.00, 29897.00, 7250, 6588, 29937.75, 29933.08, 29951.13, 3845, 3405, 0.00, 30010.25
2026-7-15, 03:18:04.462001, 29897.00, 29963.50, 29872.00, 29932.50, 7250, 6623, 29916.25, 29922.67, 29917.75, 3598, 3652, 29867.00, 0.00
2026-7-15, 05:21:35.876000, 29934.00, 29953.00, 29876.50, 29880.50, 7250, 6693, 29911.00, 29903.33, 29914.75, 3780, 3470, 0.00, 29958.00
2026-7-15, 07:10:24.012002, 29880.75, 29964.50, 29856.25, 29963.25, 7250, 6381, 29916.19, 29928.00, 29910.38, 3705, 3545, 0.00, 29969.50
2026-7-15, 07:42:47.119000, 29962.25, 29999.75, 29941.75, 29964.25, 7250, 6275, 29967.00, 29968.58, 29970.75, 3734, 3516, 0.00, 0.00
2026-7-15, 08:11:14.964002, 29964.25, 29966.75, 29936.25, 29955.25, 4762, 4300, 29955.63, 29952.75, 29951.50, 2551, 2211, 0.00, 0.00
2026-7-15, 08:30:00.001000, 29955.50, 29977.50, 29918.50, 29926.00, 7250, 6782, 29944.38, 29940.67, 29948.00, 3708, 3542, 0.00, 0.00
2026-7-15, 08:32:44.777000, 29926.00, 29966.50, 29908.50, 29908.50, 7250, 6816, 29927.38, 29927.83, 29937.50, 3790, 3460, 0.00, 0.00
2026-7-15, 08:37:22.292000, 29909.00, 29922.50, 29848.00, 29848.00, 7250, 6615, 29881.88, 29872.83, 29885.25, 3906, 3344, 0.00, 0.00
2026-7-15, 08:40:30.534014, 29848.00, 29884.50, 29813.50, 29823.50, 7250, 6678, 29842.38, 29840.50, 29849.00, 3673, 3577, 0.00, 0.00
2026-7-15, 08:45:09.868000, 29824.00, 29847.25, 29784.25, 29790.25, 7250, 6635, 29811.44, 29807.25, 29815.75, 3704, 3546, 0.00, 0.00
2026-7-15, 08:48:54.931000, 29790.50, 29796.25, 29754.50, 29792.50, 7250, 6513, 29783.44, 29781.08, 29775.38, 3756, 3494, 0.00, 0.00
2026-7-15, 08:52:36.581001, 29792.50, 29814.75, 29761.00, 29786.25, 7250, 6806, 29788.63, 29787.33, 29787.88, 3536, 3714, 0.00, 0.00
2026-7-15, 08:56:59.634000, 29786.50, 29849.75, 29785.25, 29848.75, 7250, 6765, 29817.56, 29827.92, 29817.50, 3530, 3720, 0.00, 0.00
2026-7-15, 09:01:05.983001, 29848.75, 29885.00, 29826.25, 29884.50, 7250, 6919, 29861.13, 29865.25, 29855.63, 3566, 3684, 0.00, 0.00
2026-7-15, 09:06:52.668001, 29884.50, 29892.50, 29825.00, 29825.00, 7250, 6802, 29856.75, 29847.50, 29858.75, 3813, 3437, 0.00, 0.00
2026-7-15, 09:14:11.195019, 29824.75, 29830.75, 29787.50, 29817.00, 7250, 6789, 29815.00, 29811.75, 29809.13, 3749, 3501, 0.00, 0.00
2026-7-15, 09:19:21.811000, 29817.50, 29817.75, 29725.25, 29726.25, 7250, 6647, 29771.69, 29756.42, 29771.50, 4074, 3176, 0.00, 0.00
2026-7-15, 09:23:22.393002, 29726.25, 29729.00, 29647.75, 29657.00, 7250, 6578, 29690.00, 29677.92, 29688.38, 3742, 3508, 0.00, 0.00
2026-7-15, 09:25:46.471000, 29657.00, 29727.75, 29639.25, 29725.50, 7250, 6622, 29687.38, 29697.50, 29683.50, 3404, 3846, 0.00, 0.00
2026-7-15, 09:29:25.748000, 29726.00, 29736.75, 29646.00, 29691.00, 7250, 6647, 29699.94, 29691.25, 29691.38, 3863, 3387, 0.00, 0.00
2026-7-15, 09:33:22.141000, 29692.25, 29714.00, 29599.75, 29603.75, 7250, 6565, 29652.44, 29639.17, 29656.88, 3996, 3254, 0.00, 0.00
2026-7-15, 09:38:04.970000, 29603.00, 29625.00, 29584.00, 29590.50, 7250, 6621, 29600.63, 29599.83, 29604.50, 3562, 3688, 0.00, 0.00
2026-7-15, 09:42:10.437000, 29590.50, 29606.00, 29536.75, 29585.75, 7250, 6551, 29579.75, 29576.17, 29571.38, 3771, 3479, 0.00, 0.00
2026-7-15, 09:45:28.327003, 29585.75, 29644.00, 29562.50, 29619.75, 7250, 6577, 29603.00, 29608.75, 29603.25, 3384, 3866, 0.00, 0.00
2026-7-15, 09:50:40.662004, 29619.75, 29633.25, 29578.00, 29612.25, 7250, 6631, 29610.81, 29607.83, 29605.63, 3622, 3628, 0.00, 0.00
2026-7-15, 09:56:32.751000, 29609.50, 29642.75, 29579.50, 29594.75, 7250, 6694, 29606.63, 29605.67, 29611.13, 3579, 3671, 0.00, 0.00
2026-7-15, 10:05:29.641000, 29594.50, 29661.75, 29590.00, 29593.25, 7250, 6564, 29609.88, 29615.00, 29625.88, 3657, 3593, 0.00, 0.00
2026-7-15, 10:14:35.003000, 29593.00, 29611.00, 29526.50, 29598.00, 7250, 6617, 29582.13, 29578.50, 29568.75, 3795, 3455, 0.00, 0.00
2026-7-15, 10:20:01.855007, 29598.00, 29607.00, 29540.00, 29595.50, 7250, 6715, 29585.13, 29580.83, 29573.50, 3544, 3706, 0.00, 0.00
2026-7-15, 10:26:49.423000, 29594.75, 29656.00, 29592.00, 29635.25, 7250, 6534, 29619.50, 29627.75, 29624.00, 3357, 3893, 0.00, 0.00
2026-7-15, 10:35:07.409000, 29636.25, 29656.25, 29586.25, 29608.25, 7250, 6693, 29621.75, 29616.92, 29621.25, 3828, 3422, 0.00, 0.00
2026-7-15, 10:45:06.433001, 29608.25, 29611.25, 29560.00, 29576.75, 7250, 6768, 29589.06, 29582.67, 29585.63, 3605, 3645, 0.00, 0.00
2026-7-15, 10:54:50.438000, 29576.25, 29599.50, 29516.00, 29532.25, 7250, 6895, 29556.00, 29549.25, 29557.75, 3808, 3442, 0.00, 0.00
2026-7-15, 11:04:36.800000, 29531.50, 29535.75, 29479.00, 29502.25, 7250, 6699, 29512.13, 29505.67, 29507.38, 3742, 3508, 0.00, 0.00
2026-7-15, 11:11:07.952000, 29502.00, 29511.50, 29465.00, 29466.50, 7250, 6801, 29486.25, 29481.00, 29488.25, 3780, 3470, 0.00, 0.00
2026-7-15, 11:20:41.410000, 29466.75, 29478.50, 29431.25, 29440.50, 7250, 6567, 29454.25, 29450.08, 29454.88, 3798, 3452, 0.00, 0.00
2026-7-15, 11:28:03.522000, 29440.00, 29483.25, 29412.50, 29413.50, 7250, 6651, 29437.31, 29436.42, 29447.88, 3651, 3599, 0.00, 0.00
2026-7-15, 11:36:41.248000, 29414.00, 29450.25, 29397.00, 29442.75, 7250, 6603, 29426.00, 29430.00, 29423.63, 3664, 3586, 0.00, 0.00
2026-7-15, 11:45:26.591000, 29443.25, 29540.25, 29433.75, 29506.00, 7250, 6464, 29480.81, 29493.33, 29487.00, 3217, 4033, 0.00, 0.00
2026-7-15, 11:51:06.970001, 29506.00, 29530.50, 29460.75, 29530.50, 7250, 6406, 29506.94, 29507.25, 29495.63, 3694, 3556, 0.00, 0.00
2026-7-15, 12:00:35.193000, 29530.50, 29561.75, 29518.75, 29548.75, 7250, 6675, 29539.94, 29543.08, 29540.25, 3513, 3737, 0.00, 0.00
2026-7-15, 12:12:19.862000, 29548.00, 29596.75, 29526.75, 29588.00, 7250, 6667, 29564.88, 29570.50, 29561.75, 3472, 3778, 0.00, 0.00
2026-7-15, 12:23:25.875001, 29588.00, 29625.75, 29571.75, 29624.25, 7250, 6495, 29602.44, 29607.25, 29598.75, 3450, 3800, 0.00, 0.00
2026-7-15, 12:34:07.294009, 29624.25, 29658.00, 29608.00, 29657.25, 7250, 6435, 29636.88, 29641.08, 29633.00, 3332, 3918, 0.00, 0.00
2026-7-15, 12:46:28.727000, 29658.25, 29701.75, 29651.50, 29698.50, 7250, 6377, 29677.50, 29683.92, 29676.63, 3138, 4112, 0.00, 0.00
2026-7-15, 12:53:36.424000, 29698.25, 29711.50, 29679.00, 29708.75, 7250, 6613, 29699.38, 29699.75, 29695.25, 3560, 3690, 0.00, 0.00
2026-7-15, 13:02:08.188000, 29708.50, 29728.75, 29696.50, 29719.50, 7250, 6424, 29713.31, 29714.92, 29712.63, 3518, 3732, 0.00, 0.00
2026-7-15, 13:13:02.916000, 29719.25, 29735.75, 29684.75, 29731.50, 7250, 6610, 29717.81, 29717.33, 29710.25, 3548, 3702, 0.00, 0.00
2026-7-15, 13:21:57.965001, 29731.50, 29742.75, 29717.25, 29720.00, 7250, 6294, 29727.88, 29726.67, 29730.00, 3680, 3570, 0.00, 0.00
2026-7-15, 13:35:12.116000, 29719.75, 29719.75, 29649.00, 29649.50, 7250, 6567, 29684.50, 29672.75, 29684.38, 3962, 3288, 0.00, 0.00
2026-7-15, 13:45:42.754000, 29650.00, 29665.75, 29604.00, 29615.25, 7250, 6690, 29633.75, 29628.33, 29634.88, 3880, 3370, 0.00, 0.00
2026-7-15, 13:54:25.059000, 29614.75, 29656.75, 29595.00, 29654.25, 7250, 6695, 29630.19, 29635.33, 29625.88, 3415, 3835, 0.00, 0.00
2026-7-15, 14:04:13.257004, 29654.25, 29668.75, 29630.50, 29639.75, 7250, 6700, 29648.31, 29646.33, 29649.63, 3811, 3439, 0.00, 0.00
2026-7-15, 14:15:44.237006, 29640.00, 29645.75, 29589.00, 29629.50, 7250, 6691, 29626.06, 29621.42, 29617.38, 3869, 3381, 0.00, 0.00
2026-7-15, 14:28:32.026002, 29629.50, 29668.00, 29612.25, 29623.75, 7250, 6485, 29633.38, 29634.67, 29640.13, 3825, 3425, 0.00, 0.00
2026-7-15, 14:34:55.612000, 29623.50, 29695.50, 29608.50, 29681.00, 7250, 6630, 29652.13, 29661.67, 29652.00, 3558, 3692, 0.00, 0.00
2026-7-15, 14:45:11.555000, 29681.00, 29691.25, 29648.50, 29668.00, 7250, 6736, 29672.19, 29669.25, 29669.88, 3738, 3512, 0.00, 0.00
2026-7-15, 14:54:50.254000, 29670.25, 29707.00, 29669.75, 29689.50, 7250, 6600, 29684.13, 29688.75, 29688.38, 3641, 3609, 0.00, 0.00
2026-7-15, 14:59:49.015000, 29689.75, 29734.50, 29687.25, 29727.75, 7250, 6271, 29709.81, 29716.50, 29710.88, 3385, 3865, 0.00, 0.00
2026-7-15, 15:02:55.999001, 29728.00, 29737.00, 29664.00, 29720.00, 7250, 6657, 29712.25, 29707.00, 29700.50, 3509, 3741, 0.00, 0.00
2026-7-15, 15:50:45.880000, 29719.00, 29749.00, 29677.00, 29715.75, 7250, 6604, 29715.19, 29713.92, 29713.00, 3625, 3625, 0.00, 29754.00
2026-7-15, 18:21:21.215002, 29715.50, 29763.25, 29657.00, 29663.75, 7250, 6770, 29699.88, 29694.67, 29710.13, 3697, 3553, 29652.00, 0.00
2026-7-15, 19:30:31.416000, 29664.00, 29695.75, 29599.75, 29601.50, 7250, 6826, 29640.25, 29632.33, 29647.75, 3785, 3465, 0.00, 0.00
2026-7-15, 20:30:17.538008, 29601.00, 29707.00, 29593.50, 29697.25, 7250, 6633, 29649.69, 29665.92, 29650.25, 3458, 3792, 29588.50, 0.00
2026-7-15, 21:39:41.315000, 29700.25, 29756.25, 29670.00, 29745.00, 7250, 6741, 29717.88, 29723.75, 29713.13, 3609, 3641, 29665.00, 0.00
2026-7-15, 23:15:49.889000, 29745.25, 29797.00, 29666.50, 29704.50, 7250, 6763, 29728.31, 29722.67, 29731.75, 3379, 3871, 29661.50, 0.00
2026-7-16, 00:44:39.297010, 29704.25, 29749.75, 29646.50, 29663.00, 7250, 6531, 29690.88, 29686.42, 29698.13, 3677, 3573, 29641.50, 0.00
2026-7-16, 01:35:41.261000, 29664.75, 29694.00, 29555.00, 29570.00, 7250, 6374, 29620.94, 29606.33, 29624.50, 3704, 3546, 0.00, 29699.00
2026-7-16, 02:54:20.683003, 29569.50, 29594.00, 29478.75, 29589.00, 7250, 6481, 29557.81, 29553.92, 29536.38, 3597, 3653, 29473.75, 0.00
2026-7-16, 03:55:38.230001, 29589.25, 29645.25, 29514.50, 29536.25, 7250, 6465, 29571.31, 29565.33, 29579.88, 3644, 3606, 29509.50, 0.00
2026-7-16, 05:17:48.731001, 29536.25, 29555.75, 29446.25, 29452.00, 7250, 6586, 29497.56, 29484.67, 29501.00, 3723, 3527, 0.00, 29560.75
2026-7-16, 06:31:12.590000, 29454.25, 29471.00, 29361.00, 29404.25, 7250, 6696, 29422.63, 29412.08, 29416.00, 3830, 3420, 0.00, 29476.00
2026-7-16, 07:05:38.524001, 29404.25, 29440.25, 29365.50, 29382.25, 7250, 6587, 29398.06, 29396.00, 29402.88, 3765, 3485, 0.00, 0.00
2026-7-16, 07:40:23.648005, 29382.25, 29453.00, 29363.50, 29450.75, 7250, 6817, 29412.38, 29422.42, 29408.25, 3510, 3740, 0.00, 0.00
2026-7-16, 08:12:49.655002, 29450.75, 29488.50, 29441.75, 29465.75, 5787, 5394, 29461.69, 29465.33, 29465.13, 2877, 2910, 0.00, 0.00
2026-7-16, 08:30:00.001000, 29466.00, 29532.00, 29460.25, 29482.50, 7250, 6727, 29485.19, 29491.58, 29496.13, 3634, 3616, 0.00, 0.00
2026-7-16, 08:32:29.926004, 29482.50, 29501.25, 29399.75, 29426.50, 7250, 6835, 29452.50, 29442.50, 29450.50, 3917, 3333, 0.00, 0.00
2026-7-16, 08:36:03.021000, 29425.75, 29471.00, 29373.50, 29397.25, 7250, 6828, 29416.88, 29413.92, 29422.25, 3726, 3524, 0.00, 0.00
2026-7-16, 08:40:06.636000, 29397.25, 29434.50, 29328.75, 29348.75, 7250, 6833, 29377.31, 29370.67, 29381.63, 3879, 3371, 0.00, 0.00
2026-7-16, 08:43:37.568000, 29348.50, 29375.00, 29301.75, 29313.50, 7250, 6651, 29334.69, 29330.08, 29338.38, 3748, 3502, 0.00, 0.00
2026-7-16, 08:46:59.341002, 29313.75, 29333.25, 29264.25, 29308.75, 7250, 6416, 29305.00, 29302.08, 29298.75, 3774, 3476, 0.00, 0.00
2026-7-16, 08:50:26.442000, 29306.75, 29353.75, 29285.00, 29329.50, 7250, 6810, 29318.75, 29322.75, 29319.38, 3372, 3878, 0.00, 0.00
2026-7-16, 08:54:21.172001, 29329.50, 29363.75, 29255.50, 29311.50, 7250, 6717, 29315.06, 29310.25, 29309.63, 3582, 3668, 0.00, 0.00
2026-7-16, 08:58:02.503000, 29310.25, 29417.00, 29310.00, 29416.00, 7250, 6566, 29363.31, 29381.00, 29363.50, 3262, 3988, 0.00, 0.00
2026-7-16, 09:02:27.488000, 29416.00, 29456.25, 29380.00, 29442.00, 7250, 6738, 29423.56, 29426.08, 29418.13, 3535, 3715, 0.00, 0.00
2026-7-16, 09:07:23.327000, 29441.75, 29495.75, 29429.00, 29451.75, 7250, 6675, 29454.56, 29458.83, 29462.38, 3622, 3628, 0.00, 0.00
2026-7-16, 09:12:25.730000, 29450.25, 29501.00, 29450.25, 29460.25, 7250, 6722, 29465.44, 29470.50, 29475.63, 3609, 3641, 0.00, 0.00
2026-7-16, 09:18:44.100000, 29460.25, 29489.75, 29397.75, 29431.25, 7250, 6782, 29444.75, 29439.58, 29443.75, 3764, 3486, 0.00, 0.00
2026-7-16, 09:24:03.117000, 29431.75, 29488.00, 29406.00, 29474.00, 7250, 6677, 29449.94, 29456.00, 29447.00, 3517, 3733, 0.00, 0.00
2026-7-16, 09:30:08.136000, 29473.00, 29513.50, 29440.00, 29475.00, 7250, 6846, 29475.38, 29476.17, 29476.75, 3514, 3736, 0.00, 0.00
2026-7-16, 09:38:48.883000, 29475.00, 29479.00, 29426.50, 29453.25, 7250, 6772, 29458.44, 29452.92, 29452.75, 3668, 3582, 0.00, 0.00
2026-7-16, 09:49:10.001000, 29453.75, 29454.75, 29362.00, 29369.50, 7250, 6748, 29410.00, 29395.42, 29408.38, 3838, 3412, 0.00, 0.00
2026-7-16, 09:55:35.010000, 29370.25, 29458.75, 29367.25, 29443.25, 7250, 6536, 29409.88, 29423.08, 29413.00, 3426, 3824, 0.00, 0.00
2026-7-16, 10:01:05.325000, 29444.00, 29456.00, 29366.00, 29369.75, 7250, 6542, 29408.94, 29397.25, 29411.00, 3730, 3520, 0.00, 0.00
2026-7-16, 10:08:30.503000, 29370.00, 29401.75, 29336.00, 29337.75, 7250, 6761, 29361.38, 29358.50, 29368.88, 3657, 3593, 0.00, 0.00
2026-7-16, 10:16:48.106001, 29338.00, 29395.50, 29336.75, 29395.50, 7250, 6334, 29366.44, 29375.92, 29366.13, 3509, 3741, 0.00, 0.00
2026-7-16, 10:25:05.075004, 29395.75, 29451.50, 29370.00, 29376.25, 7250, 6442, 29398.38, 29399.25, 29410.75, 3616, 3634, 0.00, 0.00
2026-7-16, 10:30:41.184000, 29376.50, 29468.00, 29370.00, 29453.25, 7250, 6551, 29416.94, 29430.42, 29419.00, 3196, 4054, 0.00, 0.00
2026-7-16, 10:40:18.916008, 29453.00, 29457.00, 29354.50, 29383.75, 7250, 6656, 29412.06, 29398.42, 29405.75, 3939, 3311, 0.00, 0.00
2026-7-16, 10:49:30.684000, 29383.50, 29435.00, 29373.50, 29391.50, 7250, 6694, 29395.88, 29400.00, 29404.25, 3657, 3593, 0.00, 0.00
2026-7-16, 10:59:57.859002, 29391.50, 29395.25, 29312.75, 29340.00, 7250, 6464, 29359.88, 29349.33, 29354.00, 3751, 3499, 0.00, 0.00
2026-7-16, 11:08:06.303002, 29340.00, 29355.50, 29279.00, 29289.25, 7250, 6719, 29315.94, 29307.92, 29317.25, 3766, 3484, 0.00, 0.00
2026-7-16, 11:18:02.609000, 29289.00, 29313.75, 29260.75, 29278.75, 7250, 6416, 29285.56, 29284.42, 29287.25, 3493, 3757, 0.00, 0.00
2026-7-16, 11:25:15.058001, 29279.00, 29339.50, 29270.25, 29308.00, 7250, 6623, 29299.19, 29305.92, 29304.88, 3400, 3850, 0.00, 0.00
2026-7-16, 11:35:23.227000, 29307.50, 29323.75, 29270.75, 29283.25, 7250, 6733, 29296.31, 29292.58, 29297.25, 3634, 3616, 0.00, 0.00
2026-7-16, 11:48:35.269000, 29282.25, 29352.50, 29273.25, 29320.75, 7250, 6410, 29307.19, 29315.50, 29312.88, 3465, 3785, 0.00, 0.00
2026-7-16, 12:00:16.948002, 29320.50, 29334.25, 29283.00, 29307.00, 7250, 6837, 29311.19, 29308.08, 29308.63, 3668, 3582, 0.00, 0.00
2026-7-16, 12:15:41.049004, 29307.00, 29343.00, 29275.00, 29335.50, 7250, 6441, 29315.13, 29317.83, 29309.00, 3671, 3579, 0.00, 0.00
2026-7-16, 12:29:21.776000, 29334.75, 29345.00, 29258.00, 29259.75, 7250, 6423, 29299.38, 29287.58, 29301.50, 3775, 3475, 0.00, 0.00
2026-7-16, 12:40:23.283000, 29259.50, 29262.75, 29219.00, 29242.75, 7250, 6622, 29246.00, 29241.50, 29240.88, 3635, 3615, 0.00, 0.00
2026-7-16, 12:48:05.615000, 29243.00, 29269.00, 29224.00, 29253.75, 7250, 6651, 29247.44, 29248.92, 29246.50, 3502, 3748, 0.00, 0.00
2026-7-16, 13:01:20.409004, 29253.75, 29279.50, 29223.50, 29253.00, 7250, 6676, 29252.44, 29252.00, 29251.50, 3694, 3556, 0.00, 0.00
2026-7-16, 13:12:58.201000, 29253.00, 29304.00, 29217.25, 29282.75, 7250, 6300, 29264.25, 29268.00, 29260.63, 3462, 3788, 0.00, 0.00
2026-7-16, 13:23:17.129004, 29282.75, 29303.25, 29231.50, 29235.25, 7250, 6556, 29263.19, 29256.67, 29267.38, 3679, 3571, 0.00, 0.00
2026-7-16, 13:36:06.093000, 29235.50, 29250.00, 29198.50, 29246.75, 7250, 6525, 29232.69, 29231.75, 29224.25, 3585, 3665, 0.00, 0.00
2026-7-16, 13:48:36.071000, 29247.00, 29253.25, 29200.25, 29230.00, 7250, 6301, 29232.63, 29227.83, 29226.75, 3659, 3591, 0.00, 0.00
2026-7-16, 14:02:29.712003, 29231.00, 29242.00, 29176.25, 29187.50, 7250, 6169, 29209.19, 29201.92, 29209.13, 4052, 3198, 0.00, 0.00
2026-7-16, 14:11:27.819000, 29187.00, 29197.25, 29145.50, 29167.00, 7250, 6395, 29174.19, 29169.92, 29171.38, 3866, 3384, 0.00, 0.00
2026-7-16, 14:21:16.281000, 29166.50, 29182.25, 29119.00, 29148.25, 7250, 6475, 29154.00, 29149.83, 29150.63, 3540, 3710, 0.00, 0.00
2026-7-16, 14:29:54.087005, 29148.25, 29170.25, 29118.25, 29127.50, 7250, 6735, 29141.06, 29138.67, 29144.25, 3466, 3784, 0.00, 0.00
2026-7-16, 14:36:39.835001, 29127.50, 29162.75, 29102.75, 29122.00, 7250, 6486, 29128.75, 29129.17, 29132.75, 3650, 3600, 0.00, 0.00
2026-7-16, 14:46:01.393001, 29122.00, 29142.75, 29078.50, 29130.25, 7250, 6515, 29118.38, 29117.17, 29110.63, 3571, 3679, 0.00, 0.00
2026-7-16, 14:51:14.651002, 29130.25, 29204.50, 29126.75, 29195.50, 7250, 6390, 29164.25, 29175.58, 29165.63, 3490, 3760, 0.00, 0.00
2026-7-16, 14:55:03.390002, 29195.25, 29219.00, 29185.75, 29219.00, 7250, 6437, 29204.75, 29207.92, 29202.38, 3495, 3755, 0.00, 0.00
2026-7-16, 14:59:17.106003, 29219.00, 29238.25, 29215.50, 29221.25, 7250, 5980, 29223.50, 29225.00, 29226.88, 3542, 3708, 0.00, 0.00
2026-7-16, 14:59:57.922002, 29221.25, 29231.25, 29197.25, 29206.00, 7250, 6346, 29213.94, 29211.50, 29214.25, 3510, 3740, 0.00, 0.00
2026-7-16, 15:02:21.093001, 29206.25, 29226.00, 29162.75, 29190.75, 7250, 6310, 29196.44, 29193.17, 29194.38, 3412, 3838, 0.00, 0.00
2026-7-16, 15:18:30.633001, 29190.75, 29220.00, 29155.00, 29157.25, 7250, 6694, 29180.75, 29177.42, 29187.50, 3652, 3598, 0.00, 0.00
2026-7-16, 17:21:50.066001, 29157.00, 29167.50, 29061.75, 29064.75, 7250, 6685, 29112.75, 29098.00, 29114.63, 3827, 3423, 0.00, 29172.50
2026-7-16, 18:36:47.124001, 29064.75, 29129.75, 29021.50, 29022.00, 7250, 6734, 29059.50, 29057.75, 29075.63, 3669, 3581, 0.00, 29134.75
2026-7-16, 19:28:22.519000, 29022.00, 29105.50, 28993.50, 29099.50, 7250, 6398, 29055.13, 29066.17, 29049.50, 3628, 3622, 0.00, 29110.50
2026-7-16, 20:04:18.795000, 29101.50, 29101.75, 28955.00, 28957.75, 7250, 6242, 29029.00, 29004.83, 29028.38, 4008, 3242, 0.00, 0.00
2026-7-16, 20:47:21.680002, 28958.50, 28990.75, 28903.25, 28930.00, 7250, 6661, 28945.63, 28941.33, 28947.00, 3755, 3495, 0.00, 0.00
2026-7-16, 21:43:31.720015, 28930.00, 29026.00, 28902.25, 28966.00, 7250, 6659, 28956.06, 28964.75, 28964.13, 3445, 3805, 28897.25, 0.00
2026-7-16, 22:40:08.691000, 28966.25, 28966.75, 28836.00, 28852.75, 7250, 6525, 28905.44, 28885.17, 28901.38, 3907, 3343, 0.00, 0.00
2026-7-16, 23:20:42.938005, 28852.75, 28859.50, 28774.50, 28805.00, 7250, 6678, 28822.94, 28813.00, 28817.00, 3691, 3559, 28769.50, 0.00
2026-7-16, 23:59:20.572027, 28805.00, 28823.00, 28725.00, 28750.00, 7250, 6595, 28775.75, 28766.00, 28774.00, 3746, 3504, 0.00, 0.00
2026-7-17, 00:48:24.696000, 28750.25, 28824.00, 28722.50, 28821.00, 7250, 6515, 28779.44, 28789.17, 28773.25, 3535, 3715, 28717.50, 0.00
2026-7-17, 01:27:54.704000, 28819.75, 28825.00, 28720.50, 28751.75, 7250, 6612, 28779.25, 28765.75, 28772.75, 3611, 3639, 28715.50, 0.00
2026-7-17, 02:17:04.783002, 28751.75, 28759.75, 28680.00, 28721.25, 7250, 6393, 28728.19, 28720.33, 28719.88, 3601, 3649, 0.00, 28764.75
2026-7-17, 03:06:46.796007, 28721.25, 28723.00, 28577.25, 28622.00, 7250, 6431, 28660.88, 28640.75, 28650.13, 3567, 3683, 28572.25, 0.00
2026-7-17, 03:27:28.232000, 28623.50, 28662.00, 28550.00, 28625.00, 7250, 6536, 28615.13, 28612.33, 28606.00, 3575, 3675, 28545.00, 0.00
2026-7-17, 04:01:50.806001, 28625.25, 28728.00, 28620.25, 28716.00, 7250, 6594, 28672.38, 28688.08, 28674.13, 3473, 3777, 28615.25, 0.00
2026-7-17, 04:54:08.355000, 28716.50, 28787.25, 28691.50, 28758.25, 7250, 6279, 28738.38, 28745.67, 28739.38, 3575, 3675, 0.00, 28792.25
2026-7-17, 05:28:18.061000, 28760.00, 28825.50, 28752.00, 28763.75, 7250, 6254, 28775.31, 28780.42, 28788.75, 3468, 3782, 0.00, 28830.50
2026-7-17, 06:05:03.762001, 28764.00, 28781.75, 28713.50, 28742.75, 7250, 6317, 28750.50, 28746.00, 28747.63, 3662, 3588, 0.00, 0.00
2026-7-17, 06:53:07.128000, 28744.25, 28764.25, 28661.00, 28667.50, 7250, 6539, 28709.25, 28697.58, 28712.63, 3720, 3530, 0.00, 0.00
2026-7-17, 07:34:43.628000, 28669.50, 28690.75, 28635.00, 28646.25, 7250, 6778, 28660.38, 28657.33, 28662.88, 3773, 3477, 0.00, 0.00
2026-7-17, 08:06:21.863003, 28646.25, 28651.25, 28596.75, 28640.00, 7250, 6825, 28633.56, 28629.33, 28624.00, 3588, 3662, 0.00, 0.00
2026-7-17, 08:26:07.055000, 28639.75, 28648.25, 28581.00, 28606.00, 4545, 4064, 28618.75, 28611.75, 28614.63, 2188, 2357, 0.00, 0.00
2026-7-17, 08:30:00.000000, 28607.75, 28680.00, 28599.50, 28666.00, 7250, 6662, 28638.31, 28648.50, 28639.75, 3420, 3830, 0.00, 0.00
2026-7-17, 08:31:37.975004, 28665.75, 28686.00, 28556.00, 28558.00, 7250, 6639, 28616.44, 28600.00, 28621.00, 3944, 3306, 0.00, 28691.00
2026-7-17, 08:34:19.117000, 28558.50, 28577.00, 28509.75, 28513.75, 7250, 6852, 28539.75, 28533.50, 28543.38, 3697, 3553, 0.00, 0.00
2026-7-17, 08:37:18.201028, 28514.00, 28516.75, 28456.00, 28457.50, 7250, 6303, 28486.06, 28476.75, 28486.38, 3983, 3267, 0.00, 0.00
2026-7-17, 08:40:00.304002, 28457.25, 28512.00, 28435.00, 28441.75, 7250, 6808, 28461.50, 28462.92, 28473.50, 3587, 3663, 0.00, 0.00
2026-7-17, 08:42:27.414000, 28441.00, 28452.00, 28408.25, 28436.75, 7250, 6820, 28434.50, 28432.33, 28430.13, 3662, 3588, 0.00, 0.00
2026-7-17, 08:45:39.224000, 28438.00, 28517.50, 28423.00, 28505.25, 7250, 6829, 28470.94, 28481.92, 28470.25, 3431, 3819, 0.00, 0.00
2026-7-17, 08:48:57.286000, 28505.75, 28569.50, 28472.75, 28564.75, 7250, 6733, 28528.19, 28535.67, 28521.13, 3410, 3840, 0.00, 0.00
2026-7-17, 08:52:43.593000, 28565.00, 28631.25, 28548.25, 28625.00, 7250, 6660, 28592.38, 28601.50, 28589.75, 3416, 3834, 0.00, 0.00
2026-7-17, 08:55:41.333000, 28624.75, 28680.25, 28602.25, 28669.50, 7250, 6673, 28644.19, 28650.67, 28641.25, 3427, 3823, 0.00, 0.00
2026-7-17, 08:59:55.333001, 28669.50, 28748.00, 28665.25, 28730.00, 7250, 6584, 28703.19, 28714.42, 28706.63, 3456, 3794, 0.00, 0.00
2026-7-17, 09:02:08.108000, 28731.75, 28783.75, 28710.50, 28719.00, 7250, 6737, 28736.25, 28737.75, 28747.13, 3693, 3557, 0.00, 0.00
2026-7-17, 09:05:00.043000, 28719.75, 28814.00, 28718.75, 28784.25, 7250, 6732, 28759.19, 28772.33, 28766.38, 3389, 3861, 0.00, 0.00
2026-7-17, 09:08:09.523000, 28784.25, 28862.25, 28782.25, 28837.50, 7250, 6626, 28816.56, 28827.33, 28822.25, 3127, 4123, 0.00, 0.00
2026-7-17, 09:11:51.455000, 28838.75, 28850.25, 28779.75, 28798.00, 7250, 6567, 28816.69, 28809.33, 28815.00, 3738, 3512, 0.00, 28855.25
2026-7-17, 09:15:31.880006, 28798.00, 28885.50, 28797.50, 28855.50, 7250, 6720, 28834.13, 28846.17, 28841.50, 3238, 4012, 0.00, 0.00
2026-7-17, 09:18:41.966003, 28855.50, 28870.75, 28815.50, 28827.25, 7250, 6623, 28842.25, 28837.83, 28843.13, 3599, 3651, 0.00, 0.00
2026-7-17, 09:23:24.123001, 28827.75, 28887.50, 28827.25, 28841.25, 7250, 6848, 28845.94, 28852.00, 28857.38, 3546, 3704, 0.00, 0.00
2026-7-17, 09:28:47.484000, 28841.75, 28850.25, 28775.25, 28784.50, 7250, 6640, 28812.94, 28803.33, 28812.75, 3913, 3337, 0.00, 0.00
2026-7-17, 09:32:51.215000, 28784.00, 28867.75, 28760.25, 28833.25, 7250, 6694, 28811.31, 28820.42, 28814.00, 3568, 3682, 0.00, 0.00
2026-7-17, 09:37:04.142000, 28833.25, 28896.00, 28829.00, 28865.25, 7250, 6034, 28855.88, 28863.42, 28862.50, 3976, 3274, 0.00, 0.00
2026-7-17, 09:40:36.458002, 28865.25, 28884.50, 28778.75, 28786.25, 7250, 6585, 28828.69, 28816.50, 28831.63, 4097, 3153, 0.00, 0.00
2026-7-17, 09:46:23.255003, 28786.25, 28857.75, 28760.50, 28761.75, 7250, 6647, 28791.56, 28793.33, 28809.13, 3859, 3391, 0.00, 0.00
2026-7-17, 09:52:00.191000, 28762.00, 28814.00, 28748.25, 28762.50, 7250, 6692, 28771.69, 28774.92, 28781.13, 3678, 3572, 0.00, 0.00
2026-7-17, 09:57:59.411001, 28761.75, 28767.00, 28685.75, 28703.00, 7250, 6744, 28729.38, 28718.58, 28726.38, 3932, 3318, 0.00, 0.00
2026-7-17, 10:04:04.492005, 28703.00, 28755.75, 28676.75, 28743.25, 7250, 6681, 28719.69, 28725.25, 28716.25, 3730, 3520, 0.00, 0.00
2026-7-17, 10:10:27.595001, 28743.00, 28743.00, 28686.00, 28721.50, 7250, 6684, 28723.38, 28716.83, 28714.50, 3791, 3459, 0.00, 0.00
2026-7-17, 10:18:59.067000, 28720.25, 28747.25, 28672.25, 28704.25, 7250, 6679, 28711.00, 28707.92, 28709.75, 3808, 3442, 0.00, 0.00
2026-7-17, 10:25:23.046001, 28703.75, 28778.75, 28695.25, 28759.00, 7250, 6759, 28734.19, 28744.33, 28737.00, 3611, 3639, 0.00, 0.00
2026-7-17, 10:32:09.846003, 28758.75, 28808.75, 28718.00, 28801.75, 7250, 6765, 28771.81, 28776.17, 28763.38, 3585, 3665, 0.00, 0.00
2026-7-17, 10:37:45.790002, 28802.00, 28843.50, 28766.25, 28798.50, 7250, 6723, 28802.56, 28802.75, 28804.88, 3703, 3547, 0.00, 0.00
2026-7-17, 10:44:35.237000, 28799.00, 28851.25, 28781.50, 28850.25, 7250, 6741, 28820.50, 28827.67, 28816.38, 3656, 3594, 0.00, 0.00
2026-7-17, 10:53:52.014000, 28850.75, 28925.75, 28842.25, 28923.50, 7250, 6422, 28885.56, 28897.17, 28884.00, 3374, 3876, 0.00, 0.00
2026-7-17, 10:58:54.215000, 28923.75, 28955.75, 28881.50, 28894.25, 7250, 6664, 28913.81, 28910.50, 28918.63, 3666, 3584, 0.00, 0.00
2026-7-17, 11:02:20.974000, 28894.50, 28908.75, 28846.00, 28908.50, 7250, 6590, 28889.44, 28887.75, 28877.38, 3509, 3741, 0.00, 0.00
2026-7-17, 11:09:38.317023, 28908.50, 28952.25, 28897.50, 28941.75, 7250, 6249, 28925.00, 28930.50, 28924.88, 3619, 3631, 0.00, 0.00
2026-7-17, 11:16:37.079001, 28941.75, 28956.00, 28866.50, 28871.00, 7250, 6576, 28908.81, 28897.83, 28911.25, 3748, 3502, 0.00, 0.00
2026-7-17, 11:24:20.621000, 28871.25, 28942.75, 28858.00, 28915.50, 7250, 6563, 28896.88, 28905.42, 28900.38, 3603, 3647, 0.00, 0.00
2026-7-17, 11:33:03.408004, 28915.50, 28969.75, 28897.25, 28952.00, 7250, 6759, 28933.63, 28939.67, 28933.50, 3517, 3733, 0.00, 0.00
2026-7-17, 11:44:13.971000, 28951.25, 29010.00, 28951.25, 29010.00, 7250, 6415, 28980.63, 28990.42, 28980.63, 3414, 3836, 0.00, 0.00
2026-7-17, 11:51:27.496000, 29010.00, 29028.00, 28960.50, 28983.25, 7250, 6684, 28995.44, 28990.58, 28994.25, 3777, 3473, 0.00, 0.00
2026-7-17, 11:59:31.504000, 28983.25, 29039.50, 28966.25, 29036.75, 7250, 6628, 29006.44, 29014.17, 29002.88, 3674, 3576, 0.00, 0.00
2026-7-17, 12:08:27.191000, 29037.50, 29050.25, 28987.00, 29021.75, 7250, 6718, 29024.13, 29019.67, 29018.63, 3641, 3609, 0.00, 0.00
2026-7-17, 12:18:46.505000, 29021.00, 29035.25, 28979.25, 29033.00, 7250, 6372, 29017.13, 29015.83, 29007.25, 3527, 3723, 0.00, 0.00
2026-7-17, 12:27:47.858003, 29033.00, 29042.25, 28972.00, 28979.50, 7250, 6683, 29006.69, 28997.92, 29007.13, 3629, 3621, 0.00, 0.00
2026-7-17, 12:39:10.470000, 28979.25, 28983.50, 28932.50, 28935.50, 7250, 6742, 28957.69, 28950.50, 28958.00, 3790, 3460, 0.00, 0.00
2026-7-17, 12:51:03.005000, 28934.75, 28945.25, 28882.00, 28890.50, 7250, 6644, 28913.13, 28905.92, 28913.63, 3742, 3508, 0.00, 0.00
2026-7-17, 13:01:44.556000, 28890.25, 28937.00, 28858.25, 28868.00, 7250, 6656, 28888.38, 28887.75, 28897.63, 3671, 3579, 0.00, 0.00
2026-7-17, 13:12:48.520000, 28867.25, 28875.50, 28825.25, 28856.00, 7250, 6791, 28856.00, 28852.25, 28850.38, 3686, 3564, 0.00, 0.00
2026-7-17, 13:23:21.421002, 28856.25, 28891.75, 28822.50, 28847.00, 7250, 6687, 28854.38, 28853.75, 28857.13, 3572, 3678, 0.00, 0.00
2026-7-17, 13:33:09.866000, 28847.25, 28855.00, 28800.00, 28800.25, 7250, 6256, 28825.63, 28818.42, 28827.50, 3906, 3344, 0.00, 0.00
2026-7-17, 13:43:52.546000, 28800.00, 28869.75, 28797.00, 28850.00, 7250, 6152, 28829.19, 28838.92, 28833.38, 3473, 3777, 0.00, 0.00
2026-7-17, 13:52:30.826005, 28850.00, 28886.00, 28830.50, 28852.00, 7250, 6558, 28854.63, 28856.17, 28858.25, 3751, 3499, 0.00, 0.00
2026-7-17, 14:04:11.488000, 28852.50, 28861.50, 28756.00, 28757.75, 7250, 6676, 28806.94, 28791.75, 28808.75, 3909, 3341, 0.00, 0.00
2026-7-17, 14:15:14.281000, 28757.00, 28775.25, 28722.00, 28722.00, 7250, 6762, 28744.06, 28739.75, 28748.63, 3831, 3419, 0.00, 0.00
2026-7-17, 14:25:19.114001, 28722.00, 28846.50, 28718.50, 28805.00, 7250, 6784, 28773.00, 28790.00, 28782.50, 3200, 4050, 0.00, 0.00
2026-7-17, 14:31:02.844000, 28805.00, 28826.00, 28753.75, 28759.25, 7250, 6749, 28786.00, 28779.67, 28789.88, 3737, 3513, 0.00, 0.00
2026-7-17, 14:40:14.904001, 28759.25, 28827.25, 28756.25, 28817.50, 7250, 6889, 28790.06, 28800.33, 28791.75, 3410, 3840, 0.00, 0.00
2026-7-17, 14:49:14.269000, 28817.25, 28853.50, 28805.75, 28839.75, 7250, 6685, 28829.06, 28833.00, 28829.63, 3636, 3614, 0.00, 0.00
2026-7-17, 14:54:54.201000, 28839.75, 28848.50, 28794.00, 28795.00, 7250, 6448, 28819.31, 28812.50, 28821.25, 3545, 3705, 0.00, 0.00
2026-7-17, 14:59:33.401000, 28794.50, 28796.00, 28751.00, 28751.75, 7250, 6554, 28773.31, 28766.25, 28773.50, 3744, 3506, 0.00, 0.00
2026-7-17, 15:00:20.053001, 28751.75, 28762.25, 28712.50, 28726.75, 7250, 6604, 28738.31, 28733.83, 28737.38, 3732, 3518, 0.00, 0.00
2026-7-17, 15:06:43.740000, 28726.75, 28768.75, 28716.50, 28763.75, 7250, 6558, 28743.94, 28749.67, 28742.63, 3577, 3673, 0.00, 0.00
2026-7-17, 15:34:47.168000, 28763.75, 28779.75, 28750.50, 28768.25, 3282, 2891, 28765.56, 28766.17, 28765.13, 1636, 1646, 0.00, 28784.75
2026-7-19, 17:00:00.000000, 28747.75, 28818.75, 28709.75, 28764.25, 7250, 6358, 28760.13, 28764.25, 28764.25, 3718, 3532, 0.00, 28823.75
2026-7-19, 17:29:08.521000, 28764.25, 28851.00, 28757.75, 28827.00, 7250, 6832, 28800.00, 28811.92, 28804.38, 3697, 3553, 0.00, 28856.00
2026-7-19, 18:40:39.557000, 28828.25, 28956.50, 28806.00, 28942.75, 7250, 6187, 28883.38, 28901.75, 28881.25, 3390, 3860, 0.00, 0.00
2026-7-19, 19:15:07.478001, 28942.75, 28963.50, 28850.00, 28871.50, 7250, 6586, 28906.94, 28895.00, 28906.75, 3723, 3527, 0.00, 0.00
2026-7-19, 20:00:15.827000, 28871.00, 28917.50, 28776.50, 28785.50, 7250, 6383, 28837.63, 28826.50, 28847.00, 3734, 3516, 0.00, 0.00
2026-7-19, 20:44:06.365007, 28785.75, 28889.00, 28762.75, 28864.00, 7250, 6603, 28825.38, 28838.58, 28825.88, 3502, 3748, 0.00, 0.00
2026-7-19, 21:33:38.904003, 28864.00, 28948.00, 28851.00, 28911.75, 7250, 6596, 28893.69, 28903.58, 28899.50, 3377, 3873, 28846.00, 0.00
2026-7-19, 22:50:41.665001, 28912.00, 28942.00, 28844.50, 28865.75, 7250, 6399, 28891.06, 28884.08, 28893.25, 3929, 3321, 28839.50, 0.00
2026-7-20, 00:07:10.129001, 28865.75, 28869.00, 28768.75, 28795.50, 7250, 6752, 28824.75, 28811.08, 28818.88, 3765, 3485, 28763.75, 0.00
2026-7-20, 01:29:42.429000, 28794.75, 28921.25, 28766.00, 28912.25, 7250, 6673, 28848.56, 28866.50, 28843.63, 3374, 3876, 28761.00, 0.00
2026-7-20, 02:39:38.765000, 28912.00, 28939.75, 28860.00, 28865.25, 7250, 6833, 28894.25, 28888.33, 28899.88, 3530, 3720, 0.00, 0.00
2026-7-20, 04:06:43.375002, 28865.25, 28998.25, 28854.00, 28950.75, 7250, 6608, 28917.06, 28934.33, 28926.13, 3496, 3754, 28849.00, 0.00
2026-7-20, 05:21:07.290000, 28950.25, 29026.50, 28933.00, 29014.25, 7250, 6538, 28981.00, 28991.25, 28979.75, 3571, 3679, 0.00, 29031.50
2026-7-20, 06:30:11.280000, 29015.00, 29109.50, 29011.50, 29070.25, 7250, 6450, 29051.56, 29063.75, 29060.50, 3538, 3712, 0.00, 0.00
2026-7-20, 06:47:45.839000, 29070.25, 29085.00, 28981.75, 29016.75, 7250, 6678, 29038.44, 29027.83, 29033.38, 3628, 3622, 0.00, 0.00
2026-7-20, 07:19:16.571000, 29017.00, 29055.50, 28999.00, 29050.25, 7250, 6844, 29030.44, 29034.92, 29027.25, 3797, 3453, 0.00, 0.00
2026-7-20, 08:03:23.789000, 29050.25, 29060.00, 29021.25, 29045.00, 6390, 6042, 29044.13, 29042.08, 29040.63, 3285, 3105, 0.00, 0.00
2026-7-20, 08:30:00.000000, 29045.00, 29106.00, 29025.75, 29105.00, 7250, 6948, 29070.44, 29078.92, 29065.88, 3570, 3680, 0.00, 0.00
2026-7-20, 08:32:17.485001, 29105.00, 29149.50, 29096.75, 29129.50, 7250, 6754, 29120.19, 29125.25, 29123.13, 3503, 3747, 0.00, 0.00
2026-7-20, 08:35:53.865001, 29130.00, 29167.25, 29120.25, 29125.00, 7250, 6536, 29135.63, 29137.50, 29143.75, 3581, 3669, 0.00, 0.00
2026-7-20, 08:39:30.370005, 29125.00, 29181.75, 29119.50, 29176.50, 7250, 6638, 29150.69, 29159.25, 29150.63, 3297, 3953, 0.00, 0.00
2026-7-20, 08:44:03.157002, 29176.50, 29192.50, 29142.50, 29145.00, 7250, 6584, 29164.13, 29160.00, 29167.50, 3703, 3547, 0.00, 0.00
2026-7-20, 08:47:21.156001, 29144.25, 29160.00, 29077.25, 29080.25, 7250, 6763, 29115.44, 29105.83, 29118.63, 3949, 3301, 0.00, 0.00
2026-7-20, 08:51:39.887001, 29080.25, 29082.25, 29027.50, 29069.25, 7250, 6899, 29064.81, 29059.67, 29054.88, 3691, 3559, 0.00, 0.00
2026-7-20, 08:54:48.369000, 29069.50, 29072.75, 28996.00, 29001.00, 7250, 6816, 29034.81, 29023.25, 29034.38, 3771, 3479, 0.00, 0.00
2026-7-20, 08:58:36.108000, 29001.25, 29006.25, 28961.00, 28981.25, 7250, 6826, 28987.44, 28982.83, 28983.63, 3743, 3507, 0.00, 0.00
2026-7-20, 09:01:51.969000, 28981.25, 29049.00, 28979.00, 29009.50, 7250, 6685, 29004.69, 29012.50, 29014.00, 3543, 3707, 0.00, 0.00
2026-7-20, 09:05:57.529000, 29009.00, 29023.50, 28957.75, 28972.00, 7250, 6922, 28990.56, 28984.42, 28990.63, 3786, 3464, 0.00, 0.00
2026-7-20, 09:11:31.120000, 28971.50, 29005.50, 28938.00, 29001.00, 7250, 6798, 28979.00, 28981.50, 28971.75, 3515, 3735, 0.00, 0.00
2026-7-20, 09:16:17.437000, 29001.50, 29001.75, 28910.25, 28918.75, 7250, 6823, 28958.06, 28943.58, 28956.00, 3823, 3427, 0.00, 0.00
2026-7-20, 09:21:44.334000, 28918.50, 29015.50, 28908.00, 28995.25, 7250, 6808, 28959.31, 28972.92, 28961.75, 3351, 3899, 0.00, 0.00
2026-7-20, 09:27:57.610000, 28995.75, 29053.75, 28976.50, 28994.25, 7250, 6772, 29005.06, 29008.17, 29015.13, 3639, 3611, 0.00, 0.00
2026-7-20, 09:34:18.923000, 28993.50, 29025.75, 28972.50, 28979.50, 7250, 6888, 28992.81, 28992.58, 28999.13, 3682, 3568, 0.00, 0.00
2026-7-20, 09:43:08.128000, 28979.00, 29004.25, 28926.50, 28946.25, 7250, 6817, 28964.00, 28959.00, 28965.38, 3863, 3387, 0.00, 0.00
2026-7-20, 09:49:13.430000, 28944.75, 28950.25, 28895.75, 28920.75, 7250, 6700, 28927.88, 28922.25, 28923.00, 3630, 3620, 0.00, 0.00
2026-7-20, 09:56:00.726000, 28920.25, 28929.00, 28873.25, 28913.25, 7250, 6717, 28908.94, 28905.17, 28901.13, 3784, 3466, 0.00, 0.00
2026-7-20, 10:01:03.147000, 28913.50, 28957.00, 28883.50, 28916.25, 7250, 6631, 28917.56, 28918.92, 28920.25, 3669, 3581, 0.00, 0.00
2026-7-20, 10:06:45.559000, 28917.50, 28989.50, 28908.25, 28947.75, 7250, 6727, 28940.75, 28948.50, 28948.88, 3493, 3757, 0.00, 0.00
2026-7-20, 10:13:02.086001, 28947.75, 29002.25, 28928.75, 29000.75, 7250, 6754, 28969.88, 28977.25, 28965.50, 3457, 3793, 0.00, 0.00
2026-7-20, 10:22:03.743000, 29000.50, 29025.50, 28969.75, 29023.00, 7250, 6826, 29004.69, 29006.08, 28997.63, 3572, 3678, 0.00, 0.00
2026-7-20, 10:30:58.789004, 29023.00, 29031.00, 28986.25, 29026.00, 7250, 6682, 29016.56, 29014.42, 29008.63, 3654, 3596, 0.00, 0.00
2026-7-20, 10:42:19.533000, 29026.50, 29034.75, 28974.00, 29020.25, 7250, 6654, 29013.88, 29009.67, 29004.38, 3545, 3705, 0.00, 0.00
2026-7-20, 10:52:35.275000, 29020.00, 29069.00, 29013.75, 29037.50, 7250, 6598, 29035.06, 29040.08, 29041.38, 3597, 3653, 0.00, 0.00
2026-7-20, 11:02:16.397000, 29037.25, 29115.25, 29028.75, 29111.00, 7250, 6525, 29073.06, 29085.00, 29072.00, 3396, 3854, 0.00, 0.00
2026-7-20, 11:10:45.376000, 29111.25, 29119.00, 29084.00, 29103.50, 7250, 6845, 29104.44, 29102.17, 29101.50, 3787, 3463, 0.00, 0.00
2026-7-20, 11:22:19.260000, 29102.75, 29110.75, 29043.50, 29047.25, 7250, 6677, 29076.06, 29067.17, 29077.13, 3933, 3317, 0.00, 0.00
2026-7-20, 11:34:57.468000, 29046.50, 29083.25, 28962.00, 29027.25, 7250, 6697, 29029.75, 29024.17, 29022.63, 3797, 3453, 0.00, 0.00
2026-7-20, 11:42:08.074000, 29026.50, 29051.75, 28991.75, 29030.50, 7250, 6791, 29025.13, 29024.67, 29021.75, 3585, 3665, 0.00, 0.00
2026-7-20, 11:51:25.825002, 29030.25, 29032.00, 28956.00, 28970.75, 7250, 6548, 28997.25, 28986.25, 28994.00, 4013, 3237, 0.00, 0.00
2026-7-20, 11:59:04.598000, 28970.50, 28999.75, 28937.50, 28962.25, 7250, 6869, 28967.50, 28966.50, 28968.63, 3517, 3733, 28932.50, 0.00
2026-7-20, 12:10:12.927001, 28962.00, 28965.50, 28910.25, 28965.00, 7250, 6887, 28950.69, 28946.92, 28937.88, 3478, 3772, 0.00, 0.00
2026-7-20, 12:22:03.246001, 28965.00, 28975.75, 28943.25, 28948.00, 7250, 6739, 28958.00, 28955.67, 28959.50, 3631, 3619, 0.00, 0.00
2026-7-20, 12:37:29.848000, 28948.00, 28957.50, 28900.75, 28956.25, 7250, 6706, 28940.63, 28938.17, 28929.13, 3640, 3610, 0.00, 0.00
2026-7-20, 12:50:35.688000, 28956.50, 28992.25, 28941.00, 28964.75, 7250, 6794, 28963.63, 28966.00, 28966.63, 3609, 3641, 0.00, 0.00
2026-7-20, 13:04:50.981000, 28965.00, 29009.75, 28956.75, 28966.00, 7250, 6845, 28974.38, 28977.50, 28983.25, 3777, 3473, 0.00, 0.00
2026-7-20, 13:21:36.491004, 28966.00, 28980.75, 28910.50, 28910.50, 7250, 6708, 28941.94, 28933.92, 28945.63, 3746, 3504, 0.00, 0.00
2026-7-20, 13:34:25.995003, 28910.50, 28945.75, 28865.00, 28866.00, 7250, 6760, 28896.81, 28892.25, 28905.38, 3787, 3463, 0.00, 0.00
2026-7-20, 13:44:31.781000, 28866.50, 28896.00, 28855.75, 28893.00, 7250, 6608, 28877.81, 28881.58, 28875.88, 3604, 3646, 0.00, 0.00
2026-7-20, 13:54:20.906000, 28893.25, 28901.25, 28836.75, 28847.25, 7250, 6810, 28869.63, 28861.75, 28869.00, 3866, 3384, 0.00, 0.00
2026-7-20, 14:05:36.028000, 28847.00, 28878.00, 28812.50, 28817.25, 7250, 6572, 28838.69, 28835.92, 28845.25, 3871, 3379, 0.00, 0.00
2026-7-20, 14:14:17.586006, 28817.50, 28836.00, 28796.50, 28824.25, 7250, 6715, 28818.56, 28818.92, 28816.25, 3695, 3555, 0.00, 0.00
2026-7-20, 14:24:02.922001, 28824.00, 28874.25, 28799.00, 28862.75, 7250, 6709, 28840.00, 28845.33, 28836.63, 3491, 3759, 0.00, 0.00
2026-7-20, 14:32:01.054001, 28862.75, 28894.25, 28837.25, 28868.75, 7250, 6742, 28865.75, 28866.75, 28865.75, 3591, 3659, 0.00, 0.00
2026-7-20, 14:42:56.586021, 28868.50, 28880.00, 28818.00, 28827.75, 7250, 6618, 28848.56, 28841.92, 28849.00, 3828, 3422, 0.00, 0.00
2026-7-20, 14:51:23.879002, 28827.50, 28827.75, 28768.25, 28786.75, 7250, 6356, 28802.56, 28794.25, 28798.00, 3993, 3257, 0.00, 0.00
2026-7-20, 14:56:35.066006, 28787.00, 28795.50, 28767.75, 28773.25, 7250, 6654, 28780.88, 28778.83, 28781.63, 3642, 3608, 0.00, 0.00
2026-7-20, 14:59:48.067000, 28772.75, 28831.50, 28770.75, 28806.00, 7250, 6376, 28795.25, 28802.75, 28801.13, 3815, 3435, 0.00, 0.00
2026-7-20, 15:01:24.702000, 28805.00, 28814.25, 28750.50, 28764.25, 7250, 6365, 28783.50, 28776.33, 28782.38, 3878, 3372, 28745.50, 0.00
2026-7-20, 15:32:40.291001, 28764.25, 28803.50, 28701.00, 28724.25, 7250, 6632, 28748.25, 28742.92, 28752.25, 3688, 3562, 0.00, 28808.50
2026-7-20, 18:02:15.184004, 28724.25, 28832.50, 28723.75, 28744.00, 7250, 6826, 28756.13, 28766.75, 28778.13, 3520, 3730, 28718.75, 0.00
2026-7-20, 19:00:59.796000, 28746.25, 28864.75, 28707.25, 28856.25, 7250, 6668, 28793.63, 28809.42, 28786.00, 3426, 3824, 0.00, 0.00
2026-7-20, 19:33:46.184001, 28856.50, 28912.50, 28837.50, 28874.25, 7250, 6731, 28870.19, 28874.75, 28875.00, 3694, 3556, 28832.50, 0.00
2026-7-20, 20:19:06.087002, 28874.00, 28937.75, 28859.00, 28904.75, 7250, 6689, 28893.88, 28900.50, 28898.38, 3436, 3814, 0.00, 0.00
2026-7-20, 21:27:07.000001, 28904.50, 29048.25, 28892.50, 29046.50, 7250, 6531, 28972.94, 28995.75, 28970.38, 3418, 3832, 0.00, 0.00
2026-7-20, 22:41:33.245001, 29046.50, 29089.50, 29033.75, 29061.00, 7250, 6606, 29057.69, 29061.42, 29061.63, 3927, 3323, 0.00, 0.00
2026-7-20, 23:42:54.507000, 29061.50, 29115.25, 29016.50, 29115.25, 7250, 6564, 29077.13, 29082.33, 29065.88, 3472, 3778, 29011.50, 0.00
2026-7-21, 01:03:43.876000, 29115.25, 29162.00, 29106.75, 29146.50, 7250, 6534, 29132.63, 29138.42, 29134.38, 3414, 3836, 29101.75, 0.00
2026-7-21, 02:07:37.831000, 29145.50, 29156.25, 29088.00, 29150.50, 7250, 6512, 29135.06, 29131.58, 29122.13, 3525, 3725, 0.00, 29161.25
2026-7-21, 03:17:04.013000, 29146.00, 29195.25, 29140.25, 29174.25, 7250, 6442, 29163.94, 29169.92, 29167.75, 3730, 3520, 0.00, 0.00
2026-7-21, 04:33:51.332000, 29174.25, 29207.00, 29151.25, 29167.75, 7250, 6430, 29175.06, 29175.33, 29179.13, 3471, 3779, 0.00, 29212.00
2026-7-21, 05:54:53.653011, 29167.75, 29184.00, 29119.50, 29163.25, 7250, 6357, 29158.63, 29155.58, 29151.75, 4038, 3212, 0.00, 0.00
2026-7-21, 06:43:00.208000, 29162.75, 29195.25, 29131.00, 29131.00, 7250, 6643, 29155.00, 29152.42, 29163.13, 3708, 3542, 0.00, 0.00
2026-7-21, 07:32:41.958003, 29131.00, 29186.75, 29111.50, 29162.50, 7250, 6626, 29147.94, 29153.58, 29149.13, 3594, 3656, 0.00, 0.00
2026-7-21, 08:05:15.838001, 29162.50, 29225.00, 29155.75, 29221.50, 6563, 5881, 29191.19, 29200.75, 29190.38, 3185, 3378, 0.00, 0.00
2026-7-21, 08:30:00.000000, 29222.50, 29246.25, 29181.00, 29192.00, 7250, 6239, 29210.44, 29206.42, 29213.63, 3872, 3378, 0.00, 0.00
2026-7-21, 08:31:04.436002, 29191.75, 29198.50, 29150.25, 29155.75, 7250, 6624, 29174.06, 29168.17, 29174.38, 3415, 3835, 0.00, 0.00
2026-7-21, 08:33:38.594000, 29154.75, 29226.00, 29133.00, 29202.25, 7250, 6862, 29179.00, 29187.08, 29179.50, 3438, 3812, 0.00, 0.00
2026-7-21, 08:36:46.532000, 29202.50, 29214.50, 29156.75, 29181.50, 7250, 6478, 29188.81, 29184.25, 29185.63, 3850, 3400, 0.00, 0.00
2026-7-21, 08:40:06.801000, 29180.25, 29183.25, 29133.25, 29148.50, 7250, 6747, 29161.31, 29155.00, 29158.25, 3578, 3672, 0.00, 0.00
2026-7-21, 08:44:40.956000, 29148.50, 29153.50, 29095.50, 29112.00, 7250, 6785, 29127.38, 29120.33, 29124.50, 3886, 3364, 0.00, 0.00
2026-7-21, 08:48:16.293000, 29112.25, 29178.00, 29107.25, 29142.00, 7250, 6731, 29134.88, 29142.42, 29142.63, 3551, 3699, 0.00, 0.00
2026-7-21, 08:52:14.193001, 29142.00, 29172.25, 29092.50, 29102.50, 7250, 6794, 29127.31, 29122.42, 29132.38, 3810, 3440, 0.00, 0.00
2026-7-21, 08:57:51.560000, 29102.00, 29188.50, 29099.75, 29139.00, 7250, 6739, 29132.31, 29142.42, 29144.13, 3500, 3750, 0.00, 0.00
2026-7-21, 09:02:50.962000, 29138.75, 29140.00, 29082.50, 29127.75, 7250, 6825, 29122.25, 29116.75, 29111.25, 3751, 3499, 0.00, 0.00
2026-7-21, 09:07:03.299000, 29128.50, 29128.50, 29064.25, 29091.50, 7250, 6842, 29103.19, 29094.75, 29096.38, 3731, 3519, 0.00, 0.00
2026-7-21, 09:12:29.550000, 29090.75, 29137.25, 29067.00, 29105.25, 7250, 6750, 29100.06, 29103.17, 29102.13, 3536, 3714, 0.00, 0.00
2026-7-21, 09:17:54.587001, 29105.25, 29173.00, 29100.75, 29147.25, 7250, 6800, 29131.56, 29140.33, 29136.88, 3506, 3744, 0.00, 0.00
2026-7-21, 09:22:47.192006, 29147.25, 29218.25, 29131.50, 29204.00, 7250, 6751, 29175.25, 29184.58, 29174.88, 3412, 3838, 0.00, 0.00
2026-7-21, 09:28:44.526001, 29204.00, 29236.00, 29192.75, 29226.75, 7250, 6831, 29214.88, 29218.50, 29214.38, 3684, 3566, 0.00, 0.00
2026-7-21, 09:35:59.147002, 29227.00, 29231.50, 29162.00, 29188.50, 7250, 6808, 29202.25, 29194.00, 29196.75, 3993, 3257, 0.00, 0.00
2026-7-21, 09:42:57.047009, 29188.75, 29254.00, 29186.00, 29239.75, 7250, 6661, 29217.13, 29226.58, 29220.00, 3362, 3888, 0.00, 0.00
2026-7-21, 09:48:02.818000, 29237.50, 29256.50, 29209.75, 29225.00, 7250, 6833, 29232.19, 29230.42, 29233.13, 3740, 3510, 0.00, 0.00
2026-7-21, 09:57:09.139000, 29224.00, 29245.25, 29191.00, 29204.75, 7250, 6519, 29216.25, 29213.67, 29218.13, 3981, 3269, 0.00, 0.00
2026-7-21, 10:04:07.880000, 29205.50, 29284.00, 29181.00, 29275.50, 7250, 6787, 29236.50, 29246.83, 29232.50, 3305, 3945, 0.00, 0.00
2026-7-21, 10:11:02.945006, 29275.75, 29298.25, 29269.25, 29277.25, 7250, 6769, 29280.13, 29281.58, 29283.75, 3693, 3557, 0.00, 0.00
2026-7-21, 10:20:15.698000, 29276.25, 29320.00, 29271.75, 29315.00, 7250, 6663, 29295.75, 29302.25, 29295.88, 3487, 3763, 0.00, 0.00
2026-7-21, 10:28:00.897002, 29315.00, 29317.75, 29268.25, 29296.25, 7250, 6590, 29299.31, 29294.08, 29293.00, 3987, 3263, 0.00, 0.00
2026-7-21, 10:35:41.942004, 29296.25, 29300.25, 29257.00, 29264.00, 7250, 6580, 29279.38, 29273.75, 29278.63, 3909, 3341, 0.00, 0.00
2026-7-21, 10:47:17.745000, 29264.25, 29301.25, 29255.25, 29257.75, 7250, 6868, 29269.63, 29271.42, 29278.25, 3674, 3576, 0.00, 0.00
2026-7-21, 11:00:21.680003, 29257.75, 29324.75, 29254.25, 29308.25, 7250, 6681, 29286.25, 29295.75, 29289.50, 3418, 3832, 29249.25, 0.00
2026-7-21, 11:11:31.614000, 29309.00, 29337.75, 29296.00, 29332.75, 7250, 6492, 29318.88, 29322.17, 29316.88, 3639, 3611, 0.00, 0.00
2026-7-21, 11:23:44.790001, 29332.75, 29335.50, 29302.00, 29326.75, 7250, 6809, 29324.25, 29321.42, 29318.75, 3950, 3300, 0.00, 0.00
2026-7-21, 11:38:20.597000, 29326.75, 29345.00, 29311.25, 29342.50, 7250, 6715, 29331.38, 29332.92, 29328.13, 3640, 3610, 0.00, 0.00
2026-7-21, 11:53:33.127000, 29342.50, 29355.50, 29330.75, 29347.75, 7250, 6761, 29344.13, 29344.67, 29343.13, 3684, 3566, 0.00, 0.00
2026-7-21, 12:08:34.065002, 29347.75, 29354.75, 29325.00, 29331.50, 7250, 6738, 29339.75, 29337.08, 29339.88, 3868, 3382, 0.00, 0.00
2026-7-21, 12:26:30.275000, 29332.00, 29351.50, 29323.00, 29345.25, 7250, 6792, 29337.94, 29339.92, 29337.25, 3670, 3580, 0.00, 0.00
2026-7-21, 12:45:06.280000, 29345.00, 29364.75, 29332.25, 29349.50, 7250, 6683, 29347.88, 29348.83, 29348.50, 3491, 3759, 0.00, 0.00
2026-7-21, 13:02:07.306007, 29349.75, 29361.75, 29330.25, 29337.50, 7250, 6786, 29344.81, 29343.17, 29346.00, 3713, 3537, 0.00, 0.00
2026-7-21, 13:22:28.450001, 29337.75, 29344.75, 29310.50, 29323.00, 7250, 6803, 29329.00, 29326.08, 29327.63, 3924, 3326, 0.00, 0.00
2026-7-21, 13:40:45.946018, 29323.00, 29355.75, 29319.25, 29319.75, 7250, 6831, 29329.44, 29331.58, 29337.50, 3727, 3523, 0.00, 0.00
2026-7-21, 13:56:33.093000, 29319.50, 29335.50, 29304.25, 29310.75, 7250, 6718, 29317.50, 29316.83, 29319.88, 3804, 3446, 0.00, 0.00
2026-7-21, 14:11:15.011000, 29311.00, 29320.50, 29298.50, 29305.00, 7250, 6894, 29308.75, 29308.00, 29309.50, 3631, 3619, 0.00, 0.00
2026-7-21, 14:27:32.645005, 29305.00, 29330.50, 29290.75, 29328.00, 7250, 6750, 29313.56, 29316.42, 29310.63, 3329, 3921, 0.00, 0.00
2026-7-21, 14:38:21.193000, 29328.50, 29343.25, 29314.75, 29337.25, 7250, 6887, 29330.94, 29331.75, 29329.00, 3637, 3613, 0.00, 0.00
2026-7-21, 14:50:14.598000, 29337.50, 29352.00, 29328.50, 29338.25, 7250, 6835, 29339.06, 29339.58, 29340.25, 3738, 3512, 0.00, 0.00
2026-7-21, 14:56:02.959006, 29338.25, 29346.75, 29326.50, 29328.75, 7250, 6579, 29335.06, 29334.00, 29336.63, 3721, 3529, 0.00, 0.00
2026-7-21, 14:59:33.126000, 29329.00, 29329.00, 29302.00, 29307.25, 7250, 6132, 29316.81, 29312.75, 29315.50, 4077, 3173, 0.00, 0.00
2026-7-21, 14:59:57.062003, 29307.25, 29316.75, 29291.50, 29300.50, 7250, 6488, 29304.00, 29302.92, 29304.13, 3545, 3705, 29286.50, 0.00
2026-7-21, 15:02:02.419000, 29301.00, 29309.00, 29283.75, 29297.50, 7250, 6641, 29297.81, 29296.75, 29296.38, 3672, 3578, 29278.75, 0.00
2026-7-21, 15:31:20.106000, 29296.50, 29310.75, 29253.00, 29265.25, 7250, 6628, 29281.38, 29276.33, 29281.88, 3756, 3494, 0.00, 29315.75
2026-7-21, 18:01:41.547003, 29265.25, 29337.00, 29262.50, 29311.50, 7250, 6834, 29294.06, 29303.67, 29299.75, 3377, 3873, 29257.50, 0.00
2026-7-21, 19:22:19.218001, 29311.50, 29323.25, 29234.50, 29253.50, 7250, 6577, 29280.69, 29270.42, 29278.88, 3646, 3604, 0.00, 0.00
2026-7-21, 20:26:08.246002, 29253.50, 29307.00, 29232.00, 29251.75, 7250, 6823, 29261.06, 29263.58, 29269.50, 3627, 3623, 0.00, 0.00
2026-7-21, 21:44:30.477000, 29252.75, 29267.25, 29190.25, 29191.25, 7250, 6661, 29225.38, 29216.25, 29228.75, 3751, 3499, 0.00, 0.00
2026-7-21, 23:01:43.021000, 29190.25, 29238.50, 29151.00, 29159.00, 7250, 6742, 29184.69, 29182.83, 29194.75, 3883, 3367, 29146.00, 0.00
2026-7-22, 00:40:39.372000, 29158.75, 29177.75, 29060.00, 29082.00, 7250, 6649, 29119.63, 29106.58, 29118.88, 3980, 3270, 0.00, 0.00
2026-7-22, 01:31:50.634000, 29082.00, 29118.50, 29051.00, 29118.50, 7250, 6576, 29092.50, 29096.00, 29084.75, 3540, 3710, 0.00, 29123.50
2026-7-22, 02:27:12.910001, 29118.50, 29124.50, 29025.75, 29071.00, 7250, 6724, 29084.94, 29073.75, 29075.13, 3719, 3531, 0.00, 0.00
2026-7-22, 03:12:58.161002, 29071.00, 29150.00, 29061.50, 29107.25, 7250, 6612, 29097.44, 29106.25, 29105.75, 3575, 3675, 0.00, 0.00
2026-7-22, 04:42:10.950001, 29107.00, 29173.00, 29089.25, 29152.75, 7250, 6679, 29130.50, 29138.33, 29131.13, 3449, 3801, 0.00, 29178.00
2026-7-22, 05:59:37.152000, 29153.00, 29164.75, 29017.50, 29024.50, 7250, 6702, 29089.94, 29068.92, 29091.13, 4083, 3167, 0.00, 0.00
2026-7-22, 06:43:54.710003, 29024.50, 29079.00, 29010.00, 29015.75, 7250, 6408, 29032.31, 29034.92, 29044.50, 3560, 3690, 0.00, 0.00
2026-7-22, 07:21:22.212001, 29015.75, 29068.75, 28995.00, 29043.00, 7250, 6556, 29030.63, 29035.58, 29031.88, 3625, 3625, 0.00, 0.00
2026-7-22, 07:46:25.390000, 29043.00, 29048.75, 28952.00, 29041.25, 7250, 6413, 29021.25, 29014.00, 29000.38, 3823, 3427, 0.00, 0.00
2026-7-22, 08:05:31.441000, 29042.50, 29099.00, 29037.25, 29089.75, 6943, 6364, 29067.13, 29075.33, 29068.13, 3335, 3608, 0.00, 0.00
2026-7-22, 08:30:00.001000, 29090.50, 29134.75, 29090.00, 29131.50, 7250, 6946, 29111.69, 29118.75, 29112.38, 3485, 3765, 0.00, 0.00
2026-7-22, 08:31:56.895001, 29131.50, 29162.25, 29111.25, 29148.00, 7250, 6938, 29138.25, 29140.50, 29136.75, 3583, 3667, 0.00, 0.00
2026-7-22, 08:35:30.041001, 29148.00, 29164.75, 29113.00, 29139.50, 7250, 6893, 29141.31, 29139.08, 29138.88, 3697, 3553, 0.00, 0.00
2026-7-22, 08:39:14.450003, 29139.50, 29182.00, 29130.25, 29182.00, 7250, 6913, 29158.44, 29164.75, 29156.13, 3446, 3804, 0.00, 0.00
2026-7-22, 08:43:25.363002, 29182.00, 29218.25, 29167.25, 29193.25, 7250, 6767, 29190.19, 29192.92, 29192.75, 3499, 3751, 0.00, 0.00
2026-7-22, 08:47:14.344000, 29193.00, 29203.00, 29153.00, 29203.00, 7250, 6825, 29188.00, 29186.33, 29178.00, 3734, 3516, 0.00, 0.00
2026-7-22, 08:51:26.336031, 29203.00, 29246.00, 29180.00, 29242.25, 7250, 6764, 29217.81, 29222.75, 29213.00, 3279, 3971, 0.00, 0.00
2026-7-22, 08:55:57.586000, 29242.00, 29281.00, 29234.00, 29279.25, 7250, 6856, 29259.06, 29264.75, 29257.50, 3468, 3782, 0.00, 0.00
2026-7-22, 09:00:46.532000, 29279.25, 29283.75, 29238.25, 29275.75, 7250, 6611, 29269.25, 29265.92, 29261.00, 3966, 3284, 0.00, 0.00
2026-7-22, 09:05:51.412001, 29275.75, 29277.75, 29216.75, 29258.50, 7250, 6835, 29257.19, 29251.00, 29247.25, 3801, 3449, 0.00, 0.00
2026-7-22, 09:11:35.186001, 29258.75, 29263.50, 29196.00, 29216.50, 7250, 6771, 29233.69, 29225.33, 29229.75, 3903, 3347, 0.00, 0.00
2026-7-22, 09:17:32.612014, 29216.50, 29273.75, 29208.25, 29240.00, 7250, 6718, 29234.63, 29240.67, 29241.00, 3433, 3817, 0.00, 0.00
2026-7-22, 09:23:02.311003, 29240.00, 29240.25, 29198.75, 29222.00, 7250, 6851, 29225.25, 29220.33, 29219.50, 3715, 3535, 0.00, 0.00
2026-7-22, 09:29:14.048000, 29222.00, 29260.25, 29206.50, 29230.50, 7250, 6809, 29229.81, 29232.42, 29233.38, 3569, 3681, 0.00, 0.00
2026-7-22, 09:36:03.212007, 29230.50, 29246.25, 29172.75, 29192.50, 7250, 6834, 29210.50, 29203.83, 29209.50, 3839, 3411, 0.00, 0.00
2026-7-22, 09:43:18.735000, 29192.00, 29231.25, 29173.50, 29219.00, 7250, 6843, 29203.94, 29207.92, 29202.38, 3568, 3682, 0.00, 0.00
2026-7-22, 09:49:47.369000, 29218.25, 29243.00, 29183.00, 29241.75, 7250, 6923, 29221.50, 29222.58, 29213.00, 3512, 3738, 0.00, 0.00
2026-7-22, 09:58:41.112001, 29241.75, 29290.00, 29233.25, 29288.75, 7250, 6750, 29263.44, 29270.67, 29261.63, 3388, 3862, 0.00, 0.00
2026-7-22, 10:05:51.844000, 29288.50, 29314.00, 29286.25, 29300.50, 7250, 6700, 29297.31, 29300.25, 29300.13, 3591, 3659, 0.00, 0.00
2026-7-22, 10:14:17.511000, 29300.50, 29328.25, 29291.75, 29313.75, 7250, 6682, 29308.56, 29311.25, 29310.00, 3465, 3785, 0.00, 0.00
2026-7-22, 10:24:00.603000, 29313.50, 29342.25, 29299.00, 29300.00, 7250, 6754, 29313.69, 29313.75, 29320.63, 3626, 3624, 0.00, 0.00
2026-7-22, 10:33:40.248000, 29300.00, 29310.50, 29274.25, 29283.75, 7250, 6699, 29292.13, 29289.50, 29292.38, 3658, 3592, 0.00, 0.00
2026-7-22, 10:43:31.523000, 29282.50, 29332.75, 29280.00, 29307.50, 7250, 6730, 29300.69, 29306.75, 29306.38, 3553, 3697, 0.00, 0.00
2026-7-22, 10:56:17.503000, 29306.25, 29333.75, 29300.75, 29323.25, 7250, 6726, 29316.00, 29319.25, 29317.25, 3602, 3648, 0.00, 0.00
2026-7-22, 11:13:58.711000, 29323.25, 29335.00, 29300.25, 29314.75, 7250, 6773, 29318.31, 29316.67, 29317.63, 3691, 3559, 0.00, 0.00
2026-7-22, 11:30:49.896000, 29314.50, 29328.25, 29276.75, 29285.00, 7250, 6754, 29301.13, 29296.67, 29302.50, 3808, 3442, 0.00, 0.00
2026-7-22, 11:48:13.904007, 29285.00, 29326.75, 29280.25, 29304.75, 7250, 6903, 29299.19, 29303.92, 29303.50, 3396, 3854, 0.00, 0.00
2026-7-22, 12:03:30.052003, 29304.75, 29331.25, 29297.50, 29301.75, 7250, 6844, 29308.81, 29310.17, 29314.38, 3592, 3658, 0.00, 0.00
2026-7-22, 12:22:09.301005, 29301.75, 29320.00, 29280.75, 29303.50, 7250, 6866, 29301.50, 29301.42, 29300.38, 3541, 3709, 0.00, 0.00
2026-7-22, 12:37:39.806000, 29302.50, 29315.75, 29251.25, 29259.00, 7250, 6790, 29282.13, 29275.33, 29283.50, 3983, 3267, 0.00, 0.00
2026-7-22, 12:54:20.167002, 29259.00, 29261.75, 29231.75, 29243.00, 7250, 6790, 29248.88, 29245.50, 29246.75, 3648, 3602, 0.00, 0.00
2026-7-22, 13:03:31.193002, 29243.00, 29271.25, 29222.25, 29229.25, 7250, 6799, 29241.44, 29240.92, 29246.75, 3593, 3657, 0.00, 0.00
2026-7-22, 13:16:53.898005, 29229.25, 29255.75, 29220.25, 29230.25, 7250, 6696, 29233.88, 29235.42, 29238.00, 3649, 3601, 0.00, 0.00
2026-7-22, 13:30:22.072068, 29230.25, 29239.50, 29207.75, 29231.00, 7250, 6728, 29227.13, 29226.08, 29223.63, 3815, 3435, 0.00, 0.00
2026-7-22, 13:45:38.828002, 29231.25, 29259.00, 29224.25, 29241.25, 7250, 6796, 29238.94, 29241.50, 29241.63, 3694, 3556, 0.00, 0.00
2026-7-22, 14:01:32.133000, 29242.00, 29258.00, 29215.50, 29239.50, 7250, 6735, 29238.75, 29237.67, 29236.75, 3812, 3438, 0.00, 0.00
2026-7-22, 14:16:53.601002, 29239.75, 29260.00, 29224.75, 29236.25, 7250, 6689, 29240.19, 29240.33, 29242.38, 3803, 3447, 0.00, 0.00
2026-7-22, 14:31:23.301000, 29236.75, 29240.50, 29192.50, 29218.00, 7250, 6702, 29221.94, 29217.00, 29216.50, 3819, 3431, 0.00, 0.00
2026-7-22, 14:43:40.720001, 29217.75, 29246.00, 29204.00, 29214.25, 7250, 6637, 29220.50, 29221.42, 29225.00, 3636, 3614, 0.00, 0.00
2026-7-22, 14:53:06.334001, 29214.25, 29222.75, 29174.75, 29191.25, 7250, 6771, 29200.75, 29196.25, 29198.75, 3798, 3452, 0.00, 0.00
2026-7-22, 14:58:53.001000, 29191.25, 29206.25, 29158.25, 29167.75, 7250, 6081, 29180.88, 29177.42, 29182.25, 3820, 3430, 0.00, 0.00
2026-7-22, 15:00:00.257000, 29166.50, 29235.50, 29140.00, 29195.75, 7250, 6138, 29184.44, 29190.42, 29187.75, 3594, 3656, 0.00, 0.00
2026-7-22, 15:02:42.613001, 29196.00, 29227.25, 29119.00, 29165.75, 7250, 5836, 29177.00, 29170.67, 29173.13, 3733, 3517, 0.00, 0.00
2026-7-22, 15:09:42.264000, 29168.00, 29260.00, 29141.25, 29229.50, 7250, 6472, 29199.69, 29210.25, 29200.63, 3762, 3488, 0.00, 0.00
2026-7-22, 15:24:33.322004, 29229.50, 29239.75, 29075.75, 29084.25, 7250, 6258, 29157.31, 29133.25, 29157.75, 3841, 3409, 0.00, 0.00
2026-7-22, 17:02:53.437003, 29084.25, 29107.00, 29039.25, 29076.50, 7250, 6526, 29076.75, 29074.25, 29073.13, 3633, 3617, 0.00, 29112.00
2026-7-22, 18:01:37.609001, 29076.75, 29156.75, 29021.75, 29156.75, 7250, 6526, 29103.00, 29111.75, 29089.25, 3624, 3626, 29016.75, 0.00
2026-7-22, 19:01:54.638000, 29156.25, 29255.50, 29133.00, 29236.00, 7250, 6643, 29195.19, 29208.17, 29194.25, 3559, 3691, 0.00, 0.00
2026-7-22, 19:41:47.725000, 29235.50, 29282.50, 29207.25, 29230.50, 7250, 6655, 29238.94, 29240.08, 29244.88, 3499, 3751, 0.00, 0.00
2026-7-22, 20:33:29.429001, 29230.50, 29260.50, 29112.00, 29114.00, 7250, 6469, 29179.25, 29162.17, 29186.25, 3704, 3546, 0.00, 0.00
2026-7-22, 21:22:48.790000, 29112.00, 29126.75, 29029.50, 29033.00, 7250, 6668, 29075.31, 29063.08, 29078.13, 3778, 3472, 0.00, 0.00
2026-7-22, 22:11:24.105001, 29033.25, 29128.00, 29031.00, 29116.50, 7250, 6676, 29077.19, 29091.83, 29079.50, 3439, 3811, 29026.00, 0.00
2026-7-22, 23:12:58.242000, 29114.75, 29165.25, 29098.50, 29162.00, 7250, 6778, 29135.13, 29141.92, 29131.88, 3522, 3728, 29093.50, 0.00
2026-7-23, 00:29:01.909000, 29162.00, 29183.25, 29077.25, 29114.00, 7250, 6806, 29134.13, 29124.83, 29130.25, 3821, 3429, 0.00, 0.00
2026-7-23, 01:46:53.753000, 29114.50, 29119.25, 28954.00, 29027.00, 7250, 6645, 29053.69, 29033.42, 29036.63, 3923, 3327, 0.00, 0.00
2026-7-23, 02:20:52.610000, 29028.50, 29038.75, 28922.25, 28965.50, 7250, 6675, 28988.75, 28975.50, 28980.50, 3408, 3842, 0.00, 0.00
2026-7-23, 03:03:13.682000, 28966.75, 29104.00, 28966.25, 29098.00, 7250, 6687, 29033.75, 29056.08, 29035.13, 3425, 3825, 0.00, 0.00
2026-7-23, 03:58:28.284000, 29097.00, 29137.75, 29038.75, 29042.25, 7250, 6742, 29078.94, 29072.92, 29088.25, 3647, 3603, 0.00, 0.00
2026-7-23, 05:13:12.062000, 29041.75, 29122.25, 29033.75, 29051.25, 7250, 6655, 29062.25, 29069.08, 29078.00, 3581, 3669, 0.00, 29127.25
2026-7-23, 06:18:33.942001, 29051.25, 29056.50, 28913.00, 28928.75, 7250, 6350, 28987.38, 28966.08, 28984.75, 3911, 3339, 0.00, 0.00
2026-7-23, 06:45:19.212000, 28929.50, 28985.00, 28901.25, 28901.25, 7250, 6630, 28929.25, 28929.17, 28943.13, 3666, 3584, 0.00, 0.00
2026-7-23, 07:16:49.317002, 28901.25, 28919.25, 28825.75, 28832.75, 7250, 6584, 28869.75, 28859.25, 28872.50, 4020, 3230, 0.00, 0.00
2026-7-23, 07:35:34.360000, 28833.25, 28835.00, 28768.00, 28775.75, 7250, 6592, 28803.00, 28792.92, 28801.50, 3628, 3622, 0.00, 0.00
2026-7-23, 07:47:51.782006, 28775.75, 28806.50, 28754.75, 28779.00, 7250, 6721, 28779.00, 28780.08, 28780.63, 3566, 3684, 0.00, 0.00
2026-7-23, 08:03:00.050000, 28779.75, 28787.75, 28719.00, 28719.00, 7250, 6159, 28751.38, 28741.92, 28753.38, 3951, 3299, 0.00, 0.00
2026-7-23, 08:11:50.638003, 28719.00, 28739.75, 28700.25, 28701.00, 7250, 6665, 28715.00, 28713.67, 28720.00, 3337, 3913, 0.00, 0.00
2026-7-23, 08:23:27.503000, 28701.75, 28725.00, 28697.00, 28719.25, 5845, 5102, 28710.75, 28713.75, 28711.00, 2929, 2916, 0.00, 0.00
2026-7-23, 08:30:00.000000, 28718.25, 28725.75, 28657.00, 28705.25, 7250, 6614, 28701.56, 28696.00, 28691.38, 3844, 3406, 0.00, 0.00
2026-7-23, 08:31:19.338001, 28705.25, 28748.00, 28691.00, 28697.50, 7250, 6666, 28710.44, 28712.17, 28719.50, 3600, 3650, 0.00, 0.00
2026-7-23, 08:33:38.236000, 28697.50, 28775.00, 28695.50, 28748.25, 7250, 6595, 28729.06, 28739.58, 28735.25, 3515, 3735, 0.00, 0.00
2026-7-23, 08:36:06.191000, 28748.50, 28817.50, 28744.25, 28782.50, 7250, 6766, 28773.19, 28781.42, 28780.88, 3447, 3803, 0.00, 0.00
2026-7-23, 08:38:50.411002, 28782.50, 28845.25, 28779.25, 28845.00, 7250, 6674, 28813.00, 28823.17, 28812.25, 3429, 3821, 0.00, 0.00
2026-7-23, 08:42:09.989000, 28844.25, 28883.00, 28838.50, 28864.50, 7250, 6563, 28857.56, 28862.00, 28860.75, 3608, 3642, 0.00, 0.00
2026-7-23, 08:45:08.529000, 28864.25, 28864.75, 28810.00, 28810.00, 7250, 6124, 28837.25, 28828.25, 28837.38, 4386, 2864, 0.00, 0.00
2026-7-23, 08:48:05.383193, 28810.00, 28820.50, 28747.75, 28760.50, 7250, 6703, 28784.69, 28776.25, 28784.13, 3903, 3347, 0.00, 0.00
2026-7-23, 08:51:13.238000, 28761.00, 28794.75, 28717.50, 28792.25, 7250, 6179, 28766.38, 28768.17, 28756.13, 3832, 3418, 0.00, 0.00
2026-7-23, 08:54:10.732000, 28792.00, 28834.50, 28769.75, 28769.75, 7250, 5946, 28791.50, 28791.33, 28802.13, 3240, 4010, 0.00, 0.00
2026-7-23, 08:56:37.658001, 28769.50, 28778.00, 28696.00, 28745.25, 7250, 6810, 28747.19, 28739.75, 28737.00, 3716, 3534, 0.00, 0.00
2026-7-23, 09:00:18.282000, 28746.25, 28769.75, 28708.00, 28756.75, 7250, 6803, 28745.19, 28744.83, 28738.88, 3663, 3587, 0.00, 0.00
2026-7-23, 09:04:26.262000, 28756.75, 28801.25, 28738.75, 28741.75, 7250, 6773, 28759.63, 28760.58, 28770.00, 3622, 3628, 0.00, 0.00
2026-7-23, 09:08:24.664003, 28741.75, 28755.25, 28678.25, 28704.75, 7250, 6587, 28720.00, 28712.75, 28716.75, 3735, 3515, 0.00, 0.00
2026-7-23, 09:11:16.427000, 28705.25, 28770.75, 28694.50, 28699.25, 7250, 6797, 28717.44, 28721.50, 28732.63, 3669, 3581, 0.00, 0.00
2026-7-23, 09:14:51.106001, 28699.25, 28743.00, 28686.50, 28714.50, 7250, 6827, 28710.81, 28714.67, 28714.75, 3549, 3701, 0.00, 0.00
2026-7-23, 09:19:29.039000, 28712.75, 28780.25, 28693.50, 28696.50, 7250, 6722, 28720.75, 28723.42, 28736.88, 3584, 3666, 0.00, 0.00
2026-7-23, 09:24:16.869002, 28696.50, 28747.00, 28690.50, 28731.75, 7250, 6859, 28716.44, 28723.08, 28718.75, 3521, 3729, 0.00, 0.00
2026-7-23, 09:30:21.719000, 28730.75, 28751.50, 28640.00, 28665.00, 7250, 6653, 28696.81, 28685.50, 28695.75, 3902, 3348, 0.00, 0.00
2026-7-23, 09:34:21.134013, 28665.00, 28762.75, 28646.00, 28736.25, 7250, 6783, 28702.50, 28715.00, 28704.38, 3414, 3836, 0.00, 0.00
2026-7-23, 09:38:15.868003, 28736.25, 28773.25, 28668.00, 28670.25, 7250, 6708, 28711.94, 28703.83, 28720.63, 3764, 3486, 0.00, 0.00
2026-7-23, 09:42:33.951001, 28670.25, 28674.75, 28625.50, 28661.75, 7250, 6787, 28658.06, 28654.00, 28650.13, 3681, 3569, 0.00, 0.00
2026-7-23, 09:47:02.337004, 28661.75, 28670.50, 28593.00, 28593.00, 7250, 6747, 28629.56, 28618.83, 28631.75, 3942, 3308, 0.00, 0.00
2026-7-23, 09:51:45.128001, 28593.50, 28619.50, 28577.25, 28595.50, 7250, 6895, 28596.44, 28597.42, 28598.38, 3470, 3780, 0.00, 0.00
2026-7-23, 09:56:48.273004, 28595.50, 28618.50, 28567.00, 28574.25, 7250, 6735, 28588.81, 28586.58, 28592.75, 3727, 3523, 0.00, 0.00
2026-7-23, 10:01:39.497001, 28574.25, 28590.50, 28534.75, 28539.25, 7250, 6864, 28559.69, 28554.83, 28562.63, 3829, 3421, 0.00, 0.00
2026-7-23, 10:06:47.232000, 28539.25, 28560.00, 28520.00, 28526.25, 7250, 6641, 28536.38, 28535.42, 28540.00, 3775, 3475, 0.00, 0.00
2026-7-23, 10:11:14.434000, 28525.50, 28527.75, 28483.00, 28500.00, 7250, 6343, 28509.06, 28503.58, 28505.38, 3853, 3397, 0.00, 0.00
2026-7-23, 10:14:55.493001, 28500.00, 28535.00, 28492.00, 28530.75, 7250, 6692, 28514.44, 28519.25, 28513.50, 3390, 3860, 28487.00, 0.00
2026-7-23, 10:19:36.996002, 28530.75, 28569.00, 28491.75, 28491.75, 7250, 6552, 28520.81, 28517.50, 28530.38, 3877, 3373, 0.00, 0.00
2026-7-23, 10:22:48.514016, 28491.50, 28510.00, 28459.00, 28472.25, 7250, 6744, 28483.19, 28480.42, 28484.50, 3783, 3467, 0.00, 0.00
2026-7-23, 10:27:00.701000, 28471.50, 28480.75, 28432.50, 28470.75, 7250, 6761, 28463.88, 28461.33, 28456.63, 3669, 3581, 0.00, 0.00
2026-7-23, 10:31:47.799004, 28470.75, 28535.50, 28462.75, 28534.50, 7250, 6772, 28500.88, 28510.92, 28499.13, 3422, 3828, 0.00, 0.00
2026-7-23, 10:37:23.878000, 28534.25, 28551.00, 28505.00, 28514.00, 7250, 6846, 28526.06, 28523.33, 28528.00, 3667, 3583, 0.00, 0.00
2026-7-23, 10:43:32.802034, 28514.00, 28535.75, 28478.25, 28515.50, 7250, 6848, 28510.88, 28509.83, 28507.00, 3636, 3614, 0.00, 0.00
2026-7-23, 10:51:12.133001, 28515.50, 28584.00, 28513.25, 28580.75, 7250, 6792, 28548.38, 28559.33, 28548.63, 3315, 3935, 0.00, 0.00
2026-7-23, 10:58:43.637002, 28580.75, 28628.75, 28573.25, 28607.00, 7250, 6575, 28597.44, 28603.00, 28601.00, 3523, 3727, 0.00, 0.00
2026-7-23, 11:04:39.420001, 28607.00, 28644.25, 28576.75, 28643.50, 7250, 6797, 28617.88, 28621.50, 28610.50, 3561, 3689, 0.00, 0.00
2026-7-23, 11:12:21.225000, 28643.25, 28659.00, 28609.50, 28647.00, 7250, 6758, 28639.69, 28638.50, 28634.25, 3659, 3591, 0.00, 0.00
2026-7-23, 11:22:23.922000, 28646.75, 28715.00, 28646.25, 28709.50, 7250, 6646, 28679.38, 28690.25, 28680.63, 3539, 3711, 0.00, 0.00
2026-7-23, 11:29:26.054001, 28709.50, 28713.75, 28682.25, 28703.75, 7250, 6720, 28702.31, 28699.92, 28698.00, 3739, 3511, 0.00, 0.00
2026-7-23, 11:38:11.264009, 28703.75, 28738.25, 28672.00, 28674.00, 7250, 6652, 28697.00, 28694.75, 28705.13, 3707, 3543, 0.00, 0.00
2026-7-23, 11:45:09.111000, 28673.50, 28674.25, 28616.50, 28621.50, 7250, 6761, 28646.44, 28637.42, 28645.38, 3734, 3516, 0.00, 0.00
2026-7-23, 11:51:58.693003, 28621.50, 28647.00, 28609.50, 28635.00, 7250, 6844, 28628.25, 28630.50, 28628.25, 3552, 3698, 0.00, 0.00
2026-7-23, 12:00:00.861001, 28634.50, 28663.25, 28588.00, 28606.50, 7250, 6768, 28623.06, 28619.25, 28625.63, 3653, 3597, 0.00, 0.00
2026-7-23, 12:07:19.842000, 28605.50, 28658.25, 28597.50, 28646.75, 7250, 6570, 28627.00, 28634.17, 28627.88, 3551, 3699, 0.00, 0.00
2026-7-23, 12:17:08.227001, 28647.00, 28676.75, 28614.75, 28665.00, 7250, 6673, 28650.88, 28652.17, 28645.75, 3479, 3771, 0.00, 0.00
2026-7-23, 12:26:09.099001, 28665.25, 28673.00, 28588.75, 28593.25, 7250, 6781, 28630.06, 28618.33, 28630.88, 3742, 3508, 0.00, 0.00
2026-7-23, 12:37:06.766000, 28593.00, 28629.25, 28570.50, 28618.25, 7250, 6831, 28602.75, 28606.00, 28599.88, 3577, 3673, 0.00, 0.00
2026-7-23, 12:48:20.868000, 28618.25, 28629.00, 28555.25, 28571.75, 7250, 6799, 28593.56, 28585.33, 28592.13, 3692, 3558, 0.00, 0.00
2026-7-23, 13:00:42.069000, 28573.25, 28582.25, 28542.50, 28574.50, 7250, 6886, 28568.13, 28566.42, 28562.38, 3552, 3698, 0.00, 0.00
2026-7-23, 13:13:12.073000, 28574.25, 28580.50, 28545.25, 28580.50, 7250, 6792, 28570.13, 28568.75, 28562.88, 3393, 3857, 0.00, 0.00
2026-7-23, 13:24:39.983017, 28580.50, 28603.50, 28555.00, 28572.50, 7250, 6747, 28577.88, 28577.00, 28579.25, 3555, 3695, 0.00, 0.00
2026-7-23, 13:36:44.334000, 28572.25, 28578.50, 28545.00, 28562.75, 7250, 6734, 28564.63, 28562.08, 28561.75, 3469, 3781, 0.00, 0.00
2026-7-23, 13:50:13.445001, 28562.75, 28569.25, 28525.25, 28540.75, 7250, 6692, 28549.50, 28545.08, 28547.25, 3740, 3510, 0.00, 0.00
2026-7-23, 14:01:17.249019, 28540.75, 28548.25, 28501.00, 28507.25, 7250, 6806, 28524.31, 28518.83, 28524.63, 3719, 3531, 0.00, 0.00
2026-7-23, 14:14:51.964000, 28507.25, 28568.00, 28504.50, 28566.00, 7250, 6716, 28536.44, 28546.17, 28536.25, 3286, 3964, 0.00, 0.00
2026-7-23, 14:24:54.454002, 28566.00, 28595.50, 28558.75, 28561.50, 7250, 6681, 28570.44, 28571.92, 28577.13, 3542, 3708, 0.00, 0.00
2026-7-23, 14:31:48.647002, 28561.50, 28570.00, 28516.00, 28517.50, 7250, 6783, 28541.25, 28534.50, 28543.00, 3668, 3582, 0.00, 0.00
2026-7-23, 14:42:31.975000, 28517.00, 28546.00, 28486.25, 28537.75, 7250, 6796, 28521.75, 28523.33, 28516.13, 3639, 3611, 0.00, 0.00
2026-7-23, 14:50:11.728001, 28538.00, 28544.25, 28505.25, 28529.75, 7250, 6730, 28529.31, 28526.42, 28524.75, 3533, 3717, 0.00, 0.00
2026-7-23, 14:54:40.013000, 28531.50, 28631.00, 28529.00, 28628.75, 7250, 6780, 28580.06, 28596.25, 28580.00, 3524, 3726, 0.00, 0.00
2026-7-23, 14:58:30.706000, 28628.50, 28633.50, 28612.50, 28613.25, 7250, 6370, 28621.94, 28619.75, 28623.00, 3890, 3360, 0.00, 0.00
2026-7-23, 14:59:49.862004, 28613.25, 28653.25, 28605.50, 28650.75, 7250, 6253, 28630.69, 28636.50, 28629.38, 3640, 3610, 0.00, 0.00
2026-7-23, 15:00:32.866006, 28651.00, 28719.75, 28646.50, 28706.00, 7250, 5897, 28680.81, 28690.75, 28683.13, 3460, 3790, 0.00, 0.00
2026-7-23, 15:03:15.376011, 28706.00, 28747.00, 28697.50, 28723.50, 7250, 6228, 28718.50, 28722.67, 28722.25, 3343, 3907, 0.00, 0.00
2026-7-23, 15:13:02.696000, 28722.25, 28782.00, 28718.50, 28756.75, 7250, 6384, 28744.88, 28752.42, 28750.25, 3280, 3970, 0.00, 0.00
2026-7-23, 15:40:28.776005, 28757.00, 28757.00, 28624.00, 28662.00, 7250, 6387, 28700.00, 28681.00, 28690.50, 3601, 3649, 0.00, 28762.00
2026-7-23, 17:27:03.391000, 28662.50, 28736.00, 28657.25, 28682.00, 7250, 6870, 28684.44, 28691.75, 28696.63, 3700, 3550, 0.00, 28741.00
2026-7-23, 18:42:16.145000, 28683.00, 28724.00, 28615.75, 28639.50, 7250, 6863, 28665.56, 28659.75, 28669.88, 3685, 3565, 0.00, 0.00
2026-7-23, 19:18:28.090000, 28638.50, 28699.50, 28618.00, 28690.50, 7250, 6809, 28661.63, 28669.33, 28658.75, 3518, 3732, 0.00, 0.00
2026-7-23, 20:08:03.316001, 28690.50, 28701.50, 28593.75, 28630.75, 7250, 6911, 28654.13, 28642.00, 28647.63, 3669, 3581, 0.00, 0.00
2026-7-23, 21:11:52.306000, 28631.00, 28632.00, 28515.00, 28527.50, 7250, 6467, 28576.38, 28558.17, 28573.50, 3889, 3361, 0.00, 0.00
2026-7-23, 22:11:13.033000, 28525.50, 28560.75, 28470.00, 28474.00, 7250, 6693, 28507.56, 28501.58, 28515.38, 3517, 3733, 28465.00, 0.00
2026-7-23, 23:03:51.060000, 28474.50, 28600.25, 28465.50, 28583.00, 7250, 6701, 28530.81, 28549.58, 28532.88, 3368, 3882, 28460.50, 0.00
2026-7-24, 00:14:44.804000, 28583.00, 28607.00, 28503.00, 28549.25, 7250, 6572, 28560.56, 28553.08, 28555.00, 3607, 3643, 28498.00, 0.00
2026-7-24, 01:23:52.384001, 28549.25, 28630.50, 28481.00, 28625.00, 7250, 6634, 28571.44, 28578.83, 28555.75, 3385, 3865, 0.00, 0.00
2026-7-24, 02:12:55.034008, 28625.00, 28663.00, 28568.00, 28568.00, 7250, 6661, 28606.00, 28599.67, 28615.50, 3855, 3395, 0.00, 0.00
2026-7-24, 03:11:05.483026, 28568.00, 28681.25, 28556.50, 28651.00, 7250, 6643, 28614.19, 28629.58, 28618.88, 3309, 3941, 0.00, 0.00
2026-7-24, 04:21:46.128000, 28652.00, 28706.25, 28648.25, 28665.00, 7250, 6606, 28667.88, 28673.17, 28677.25, 3489, 3761, 28643.25, 0.00
2026-7-24, 05:34:57.600000, 28664.50, 28666.75, 28606.25, 28608.75, 7250, 6699, 28636.56, 28627.25, 28636.50, 3812, 3438, 0.00, 0.00
2026-7-24, 06:48:02.705000, 28609.25, 28700.00, 28601.50, 28692.50, 7250, 6200, 28650.81, 28664.67, 28650.75, 3175, 4075, 0.00, 0.00
2026-7-24, 07:14:47.744000, 28692.75, 28698.50, 28615.00, 28615.00, 7250, 6607, 28655.31, 28642.83, 28656.75, 3858, 3392, 0.00, 0.00
2026-7-24, 07:52:22.923004, 28615.00, 28617.25, 28571.75, 28597.25, 7250, 6541, 28600.31, 28595.42, 28594.50, 3743, 3507, 0.00, 0.00
2026-7-24, 08:21:08.655001, 28597.25, 28616.00, 28538.00, 28540.25, 4485, 4192, 28572.88, 28564.75, 28577.00, 2483, 2002, 0.00, 0.00
2026-7-24, 08:30:00.000000, 28540.00, 28543.00, 28499.50, 28520.25, 7250, 6787, 28525.69, 28520.92, 28521.25, 3617, 3633, 0.00, 0.00
2026-7-24, 08:31:32.545000, 28519.75, 28602.25, 28515.50, 28602.25, 7250, 6816, 28559.94, 28573.33, 28558.88, 3336, 3914, 0.00, 0.00
2026-7-24, 08:34:56.249002, 28602.25, 28622.00, 28518.50, 28538.50, 7250, 6661, 28570.31, 28559.67, 28570.25, 3693, 3557, 0.00, 28627.00
2026-7-24, 08:37:47.364000, 28538.75, 28564.50, 28486.75, 28496.25, 7250, 6752, 28521.56, 28515.83, 28525.63, 3694, 3556, 0.00, 0.00
2026-7-24, 08:41:08.104004, 28496.25, 28506.50, 28458.25, 28486.50, 7250, 6863, 28486.88, 28483.75, 28482.38, 3608, 3642, 0.00, 0.00
2026-7-24, 08:45:15.001000, 28487.50, 28494.25, 28445.00, 28475.00, 7250, 6774, 28475.44, 28471.42, 28469.63, 3782, 3468, 0.00, 0.00
2026-7-24, 08:49:17.818005, 28475.00, 28511.75, 28387.50, 28391.50, 7250, 6733, 28441.44, 28430.25, 28449.63, 3871, 3379, 0.00, 0.00
2026-7-24, 08:51:31.739000, 28391.50, 28399.25, 28335.75, 28343.50, 7250, 6863, 28367.50, 28359.50, 28367.50, 3780, 3470, 0.00, 0.00
2026-7-24, 08:54:53.246000, 28342.50, 28354.75, 28313.50, 28352.75, 7250, 6924, 28340.88, 28340.33, 28334.13, 3613, 3637, 0.00, 0.00
2026-7-24, 08:58:13.825001, 28352.75, 28385.75, 28304.25, 28382.25, 7250, 6329, 28356.25, 28357.42, 28345.00, 3760, 3490, 0.00, 0.00
2026-7-24, 09:01:11.854020, 28381.50, 28394.75, 28328.50, 28332.25, 7250, 6700, 28359.25, 28351.83, 28361.63, 3725, 3525, 0.00, 0.00
2026-7-24, 09:04:43.203000, 28333.00, 28426.75, 28331.00, 28422.25, 7250, 6751, 28378.25, 28393.33, 28378.88, 3342, 3908, 0.00, 0.00
2026-7-24, 09:08:56.840000, 28422.25, 28440.25, 28392.25, 28397.50, 7250, 6901, 28413.06, 28410.00, 28416.25, 3702, 3548, 0.00, 0.00
2026-7-24, 09:12:58.144000, 28397.75, 28451.25, 28359.25, 28363.50, 7250, 6668, 28392.94, 28391.33, 28405.25, 3682, 3568, 0.00, 0.00
2026-7-24, 09:16:27.465000, 28363.25, 28378.25, 28299.00, 28334.75, 7250, 6702, 28343.81, 28337.33, 28338.63, 3726, 3524, 0.00, 0.00
2026-7-24, 09:20:01.548000, 28335.00, 28423.50, 28306.25, 28386.50, 7250, 6871, 28362.81, 28372.08, 28364.88, 3460, 3790, 0.00, 0.00
2026-7-24, 09:24:49.083000, 28386.25, 28407.50, 28363.50, 28364.50, 7250, 6955, 28380.44, 28378.50, 28385.50, 3608, 3642, 0.00, 0.00
2026-7-24, 09:30:22.996000, 28364.00, 28376.50, 28302.25, 28338.00, 7250, 6935, 28345.19, 28338.92, 28339.38, 3659, 3591, 0.00, 0.00
2026-7-24, 09:36:03.219000, 28339.00, 28344.25, 28267.75, 28277.00, 7250, 6403, 28307.00, 28296.33, 28306.00, 4008, 3242, 0.00, 0.00
2026-7-24, 09:41:16.557003, 28277.00, 28307.50, 28254.50, 28264.00, 7250, 6334, 28275.75, 28275.33, 28281.00, 3550, 3700, 0.00, 0.00
2026-7-24, 09:46:09.188000, 28264.00, 28356.75, 28261.75, 28354.25, 7250, 6207, 28309.19, 28324.25, 28309.25, 3238, 4012, 0.00, 0.00
2026-7-24, 09:50:33.540000, 28355.00, 28381.00, 28311.25, 28377.00, 7250, 6597, 28356.06, 28356.42, 28346.13, 3721, 3529, 0.00, 0.00
2026-7-24, 09:56:27.339009, 28377.00, 28461.50, 28367.00, 28444.00, 7250, 6799, 28412.38, 28424.17, 28414.25, 3262, 3988, 0.00, 0.00
2026-7-24, 10:00:07.917002, 28443.75, 28478.50, 28411.25, 28411.25, 7250, 6684, 28436.19, 28433.67, 28444.88, 3707, 3543, 0.00, 0.00
2026-7-24, 10:04:15.059000, 28411.25, 28423.75, 28366.00, 28370.75, 7250, 6856, 28392.94, 28386.83, 28394.88, 3804, 3446, 0.00, 0.00
2026-7-24, 10:09:55.364000, 28370.00, 28486.75, 28355.00, 28427.00, 7250, 6897, 28409.69, 28422.92, 28420.88, 3287, 3963, 0.00, 0.00
2026-7-24, 10:12:53.038001, 28426.50, 28556.00, 28423.50, 28545.00, 7250, 6300, 28487.75, 28508.17, 28489.75, 3313, 3937, 0.00, 0.00
2026-7-24, 10:16:02.955000, 28543.75, 28557.25, 28453.50, 28505.75, 7250, 6476, 28515.06, 28505.50, 28505.38, 3502, 3748, 0.00, 0.00
2026-7-24, 10:20:45.700002, 28505.75, 28538.00, 28494.00, 28529.00, 7250, 6714, 28516.69, 28520.33, 28516.00, 3531, 3719, 0.00, 0.00
2026-7-24, 10:27:53.105000, 28528.75, 28551.75, 28484.50, 28515.50, 7250, 6670, 28520.13, 28517.25, 28518.13, 3743, 3507, 0.00, 0.00
2026-7-24, 10:32:36.799000, 28515.25, 28559.75, 28485.00, 28556.50, 7250, 6633, 28529.13, 28533.75, 28522.38, 3461, 3789, 0.00, 0.00
2026-7-24, 10:39:12.470001, 28556.50, 28577.50, 28490.00, 28515.00, 7250, 6586, 28534.75, 28527.50, 28533.75, 3627, 3623, 0.00, 28582.50
2026-7-24, 10:45:54.007000, 28514.50, 28548.25, 28491.75, 28540.25, 7250, 6596, 28523.69, 28526.75, 28520.00, 3604, 3646, 0.00, 0.00
2026-7-24, 10:53:41.843000, 28540.50, 28583.75, 28532.50, 28557.75, 7250, 6743, 28553.63, 28558.00, 28558.13, 3582, 3668, 0.00, 0.00
2026-7-24, 11:01:17.892000, 28558.00, 28620.00, 28552.75, 28620.00, 7250, 6678, 28587.69, 28597.58, 28586.38, 3292, 3958, 0.00, 0.00
2026-7-24, 11:10:16.869005, 28620.00, 28630.75, 28558.50, 28561.50, 7250, 6281, 28592.69, 28583.58, 28594.63, 3609, 3641, 0.00, 0.00
2026-7-24, 11:16:58.328000, 28560.25, 28594.00, 28552.50, 28577.50, 7250, 6670, 28571.06, 28574.67, 28573.25, 3528, 3722, 0.00, 0.00
2026-7-24, 11:29:02.383013, 28577.25, 28580.25, 28527.00, 28550.00, 7250, 6729, 28558.63, 28552.42, 28553.63, 3653, 3597, 0.00, 0.00
2026-7-24, 11:36:25.992007, 28550.00, 28551.75, 28490.75, 28492.25, 7250, 6683, 28521.19, 28511.58, 28521.25, 3670, 3580, 0.00, 0.00
2026-7-24, 11:46:53.515000, 28492.00, 28502.75, 28460.25, 28500.75, 7250, 6769, 28488.94, 28487.92, 28481.50, 3462, 3788, 0.00, 0.00
2026-7-24, 11:57:36.610001, 28500.50, 28511.00, 28445.50, 28452.75, 7250, 5919, 28477.44, 28469.75, 28478.25, 3806, 3444, 0.00, 0.00
2026-7-24, 12:06:15.421001, 28452.75, 28476.25, 28427.00, 28455.75, 7250, 6508, 28452.94, 28453.00, 28451.63, 3607, 3643, 0.00, 0.00
2026-7-24, 12:15:03.653000, 28455.75, 28506.75, 28441.00, 28505.75, 7250, 6603, 28477.31, 28484.50, 28473.88, 3469, 3781, 0.00, 0.00
2026-7-24, 12:27:01.742000, 28505.75, 28544.00, 28503.75, 28506.75, 7250, 6338, 28515.06, 28518.17, 28523.88, 3620, 3630, 0.00, 0.00
2026-7-24, 12:37:56.291001, 28506.75, 28510.75, 28452.00, 28481.25, 7250, 6370, 28487.69, 28481.33, 28481.38, 3812, 3438, 0.00, 0.00
2026-7-24, 12:50:20.037000, 28481.75, 28501.75, 28448.00, 28456.00, 7250, 6829, 28471.88, 28468.58, 28474.88, 3690, 3560, 0.00, 0.00
2026-7-24, 13:06:02.232000, 28455.75, 28467.25, 28396.25, 28396.75, 7250, 6680, 28429.00, 28420.08, 28431.75, 3711, 3539, 0.00, 0.00
2026-7-24, 13:20:01.398000, 28397.00, 28399.50, 28339.25, 28351.75, 7250, 6458, 28371.88, 28363.50, 28369.38, 3559, 3691, 0.00, 0.00
2026-7-24, 13:29:11.150000, 28351.25, 28354.75, 28278.75, 28293.50, 7250, 6749, 28319.56, 28309.00, 28316.75, 3615, 3635, 0.00, 0.00
2026-7-24, 13:35:56.989007, 28293.25, 28321.75, 28266.00, 28266.00, 7250, 6759, 28286.75, 28284.58, 28293.88, 3597, 3653, 0.00, 0.00
2026-7-24, 13:42:02.358002, 28266.00, 28325.50, 28259.00, 28300.25, 7250, 6747, 28287.69, 28294.92, 28292.25, 3539, 3711, 0.00, 0.00
2026-7-24, 13:50:15.237000, 28300.00, 28328.50, 28288.50, 28325.75, 7250, 6803, 28310.69, 28314.25, 28308.50, 3612, 3638, 0.00, 0.00
2026-7-24, 14:01:27.088006, 28325.75, 28328.00, 28236.50, 28240.75, 7250, 6788, 28282.75, 28268.42, 28282.25, 3929, 3321, 0.00, 0.00
2026-7-24, 14:09:10.283000, 28240.75, 28259.50, 28212.50, 28236.50, 7250, 6765, 28237.31, 28236.17, 28236.00, 3559, 3691, 0.00, 0.00
2026-7-24, 14:17:33.820009, 28236.50, 28257.00, 28219.00, 28249.00, 7250, 6883, 28240.38, 28241.67, 28238.00, 3558, 3692, 0.00, 0.00
2026-7-24, 14:28:38.324000, 28249.00, 28302.75, 28249.00, 28281.00, 7250, 6602, 28270.44, 28277.58, 28275.88, 3587, 3663, 0.00, 0.00
2026-7-24, 14:35:35.259000, 28281.25, 28304.75, 28245.75, 28250.00, 7250, 6380, 28270.44, 28266.83, 28275.25, 3872, 3378, 0.00, 0.00
2026-7-24, 14:43:09.766001, 28249.75, 28291.00, 28238.75, 28245.25, 7250, 6780, 28256.19, 28258.33, 28264.88, 3643, 3607, 0.00, 0.00
2026-7-24, 14:50:23.993000, 28245.25, 28280.00, 28224.50, 28258.00, 7250, 6517, 28251.94, 28254.17, 28252.25, 3741, 3509, 0.00, 0.00
2026-7-24, 14:55:03.192001, 28258.00, 28276.75, 28247.50, 28253.25, 7250, 6373, 28258.88, 28259.17, 28262.13, 3475, 3775, 0.00, 0.00
2026-7-24, 14:59:28.028000, 28253.25, 28295.00, 28251.00, 28287.00, 7250, 6201, 28271.56, 28277.67, 28273.00, 3387, 3863, 0.00, 0.00
2026-7-24, 15:00:01.667002, 28287.25, 28303.25, 28259.25, 28269.00, 7250, 6385, 28279.69, 28277.17, 28281.25, 3783, 3467, 0.00, 0.00
2026-7-24, 15:09:31.500000, 28268.50, 28329.50, 28266.50, 28310.25, 7250, 6712, 28293.69, 28302.08, 28298.00, 3522, 3728, 0.00, 0.00
2026-7-24, 15:58:18.302003, 28310.00, 28313.50, 28301.50, 28306.50, 170, 160, 28307.88, 28307.17, 28307.50, 90, 80, 0.00, 0.00
2026-7-26, 17:00:00.000000, 28500.00, 28682.25, 28500.00, 28622.75, 7250, 6311, 28576.25, 28601.67, 28591.13, 3637, 3613, 0.00, 28687.25
2026-7-26, 17:25:17.328000, 28620.75, 28693.50, 28597.75, 28686.00, 7250, 6689, 28649.50, 28659.08, 28645.63, 3444, 3806, 0.00, 0.00
2026-7-26, 18:49:23.140000, 28686.00, 28733.75, 28615.00, 28655.75, 7250, 6611, 28672.63, 28668.17, 28674.38, 3641, 3609, 0.00, 0.00
2026-7-26, 19:15:01.874001, 28655.75, 28660.75, 28581.75, 28618.75, 7250, 6822, 28629.25, 28620.42, 28621.25, 3786, 3464, 0.00, 0.00
2026-7-26, 19:57:35.284000, 28619.50, 28634.50, 28525.00, 28590.00, 7250, 6752, 28592.25, 28583.17, 28579.75, 3760, 3490, 0.00, 0.00
2026-7-26, 20:38:33.068001, 28590.00, 28655.50, 28571.75, 28653.25, 7250, 6703, 28617.63, 28626.83, 28613.63, 3509, 3741, 0.00, 0.00
2026-7-26, 21:41:45.558001, 28653.00, 28658.50, 28592.75, 28643.75, 7250, 6939, 28637.00, 28631.67, 28625.63, 3778, 3472, 0.00, 0.00
2026-7-26, 23:38:06.701001, 28644.00, 28728.50, 28635.00, 28723.00, 7250, 6705, 28682.63, 28695.50, 28681.75, 3409, 3841, 0.00, 0.00
2026-7-27, 01:11:04.273002, 28723.00, 28732.00, 28680.00, 28699.25, 7250, 6717, 28708.56, 28703.75, 28706.00, 3726, 3524, 0.00, 0.00
2026-7-27, 02:32:56.420000, 28699.25, 28744.00, 28658.50, 28728.00, 7250, 6552, 28707.44, 28710.17, 28701.25, 3531, 3719, 0.00, 0.00
2026-7-27, 03:52:50.867001, 28728.00, 28763.25, 28718.25, 28741.50, 7250, 6451, 28737.75, 28741.00, 28740.75, 3497, 3753, 0.00, 0.00
2026-7-27, 05:20:04.141007, 28741.75, 28758.00, 28645.50, 28660.75, 7250, 6652, 28701.50, 28688.08, 28701.75, 3830, 3420, 0.00, 0.00
2026-7-27, 06:33:13.122000, 28660.50, 28697.75, 28629.25, 28639.25, 7250, 6505, 28656.69, 28655.42, 28663.50, 3609, 3641, 0.00, 0.00
2026-7-27, 07:24:13.477000, 28638.50, 28700.00, 28631.75, 28669.00, 7250, 6743, 28659.81, 28666.92, 28665.88, 3509, 3741, 0.00, 0.00
2026-7-27, 08:05:39.846000, 28670.00, 28676.00, 28593.75, 28599.00, 7250, 6645, 28634.69, 28622.92, 28634.88, 3976, 3274, 0.00, 0.00
2026-7-27, 08:29:13.804000, 28599.25, 28604.50, 28588.00, 28590.50, 788, 692, 28595.56, 28594.33, 28596.25, 461, 327, 0.00, 0.00
2026-7-27, 08:30:00.000000, 28590.50, 28615.75, 28552.50, 28564.75, 7250, 6921, 28580.88, 28577.67, 28584.13, 3544, 3706, 0.00, 0.00
2026-7-27, 08:31:55.315000, 28564.50, 28597.00, 28487.00, 28515.00, 7250, 6880, 28540.88, 28533.00, 28542.00, 3787, 3463, 0.00, 0.00
2026-7-27, 08:34:33.560006, 28515.00, 28613.75, 28510.75, 28604.25, 7250, 6814, 28560.94, 28576.25, 28562.25, 3358, 3892, 0.00, 0.00
2026-7-27, 08:37:18.030000, 28604.50, 28607.00, 28512.75, 28521.75, 7250, 6780, 28561.50, 28547.17, 28559.88, 3804, 3446, 0.00, 28612.00
2026-7-27, 08:40:20.031000, 28521.00, 28532.00, 28441.00, 28450.50, 7250, 6740, 28486.13, 28474.50, 28486.50, 3831, 3419, 0.00, 0.00
2026-7-27, 08:43:20.076001, 28450.50, 28484.75, 28428.00, 28445.00, 7250, 6865, 28452.06, 28452.58, 28456.38, 3442, 3808, 0.00, 0.00
2026-7-27, 08:46:30.658003, 28445.00, 28489.00, 28422.75, 28470.00, 7250, 6878, 28456.69, 28460.58, 28455.88, 3494, 3756, 0.00, 0.00
2026-7-27, 08:50:24.948000, 28470.50, 28504.00, 28449.00, 28461.25, 7250, 6923, 28471.19, 28471.42, 28476.50, 3552, 3698, 0.00, 0.00
2026-7-27, 08:54:34.151000, 28461.50, 28464.50, 28373.50, 28379.75, 7250, 6753, 28419.81, 28405.92, 28419.00, 4028, 3222, 0.00, 28469.50
2026-7-27, 08:58:22.375001, 28379.75, 28384.00, 28326.75, 28335.75, 7250, 6951, 28356.56, 28348.83, 28355.38, 3637, 3613, 0.00, 0.00
2026-7-27, 09:01:10.742001, 28336.00, 28336.00, 28287.50, 28296.75, 7250, 6540, 28314.06, 28306.75, 28311.75, 3759, 3491, 0.00, 0.00
2026-7-27, 09:04:15.315000, 28296.25, 28341.50, 28277.00, 28319.75, 7250, 6852, 28308.63, 28312.75, 28309.25, 3566, 3684, 0.00, 0.00
2026-7-27, 09:07:58.694013, 28319.75, 28347.75, 28240.00, 28253.25, 7250, 6848, 28290.19, 28280.33, 28293.88, 3874, 3376, 0.00, 0.00
2026-7-27, 09:11:15.788003, 28253.25, 28287.00, 28230.75, 28254.50, 7250, 6907, 28256.38, 28257.42, 28258.88, 3579, 3671, 0.00, 0.00
2026-7-27, 09:15:00.037001, 28254.25, 28299.00, 28224.25, 28270.75, 7250, 6912, 28262.06, 28264.67, 28261.63, 3585, 3665, 0.00, 0.00
2026-7-27, 09:19:16.309002, 28270.75, 28281.75, 28191.50, 28191.75, 7250, 6813, 28233.94, 28221.67, 28236.63, 4019, 3231, 0.00, 0.00
2026-7-27, 09:23:43.371000, 28191.50, 28200.25, 28140.00, 28146.75, 7250, 6692, 28169.63, 28162.33, 28170.13, 3698, 3552, 0.00, 0.00
2026-7-27, 09:27:25.943004, 28146.75, 28155.25, 28075.25, 28090.25, 7250, 6345, 28116.88, 28106.92, 28115.25, 4228, 3022, 0.00, 0.00
2026-7-27, 09:30:17.869000, 28088.75, 28094.00, 28051.75, 28060.50, 7250, 6643, 28073.75, 28068.75, 28072.88, 3717, 3533, 0.00, 0.00
2026-7-27, 09:33:50.673001, 28060.75, 28078.50, 28007.75, 28009.25, 7250, 6737, 28039.06, 28031.83, 28043.13, 3962, 3288, 0.00, 0.00
2026-7-27, 09:36:56.589000, 28009.25, 28058.00, 27995.50, 28031.00, 7250, 6626, 28023.44, 28028.17, 28026.75, 3544, 3706, 0.00, 0.00
2026-7-27, 09:40:09.411007, 28031.00, 28031.75, 27943.25, 27962.00, 7250, 6545, 27992.00, 27979.00, 27987.50, 3943, 3307, 0.00, 0.00
2026-7-27, 09:43:00.051001, 27962.50, 28015.25, 27939.00, 28003.75, 7250, 6668, 27980.13, 27986.00, 27977.13, 3590, 3660, 0.00, 0.00
2026-7-27, 09:46:05.964000, 28004.25, 28064.00, 28001.00, 28061.00, 7250, 6684, 28032.56, 28042.00, 28032.50, 3314, 3936, 0.00, 0.00
2026-7-27, 09:49:40.857000, 28061.00, 28116.25, 28059.00, 28097.25, 7250, 6556, 28083.38, 28090.83, 28087.63, 3690, 3560, 0.00, 0.00
2026-7-27, 09:52:27.790000, 28096.25, 28135.00, 28086.75, 28128.00, 7250, 6395, 28111.50, 28116.58, 28110.88, 3481, 3769, 0.00, 0.00
2026-7-27, 09:56:00.102002, 28128.25, 28180.25, 28114.50, 28163.25, 7250, 6590, 28146.56, 28152.67, 28147.38, 3538, 3712, 0.00, 0.00
2026-7-27, 10:00:01.980000, 28162.50, 28186.75, 28138.00, 28151.25, 7250, 6803, 28159.63, 28158.67, 28162.38, 3779, 3471, 0.00, 0.00
2026-7-27, 10:03:56.473000, 28150.50, 28198.50, 28140.00, 28157.50, 7250, 6770, 28161.63, 28165.33, 28169.25, 3727, 3523, 0.00, 0.00
2026-7-27, 10:09:05.360000, 28157.50, 28181.00, 28121.75, 28160.50, 7250, 6853, 28155.19, 28154.42, 28151.38, 3668, 3582, 0.00, 0.00
2026-7-27, 10:14:16.182001, 28160.75, 28161.25, 28048.00, 28077.75, 7250, 6784, 28111.94, 28095.67, 28104.63, 3805, 3445, 0.00, 0.00
2026-7-27, 10:19:10.431000, 28077.00, 28151.50, 28073.25, 28085.75, 7250, 6767, 28096.88, 28103.50, 28112.38, 3437, 3813, 0.00, 0.00
2026-7-27, 10:23:27.916002, 28086.00, 28094.00, 28046.00, 28063.50, 7250, 6964, 28072.38, 28067.83, 28070.00, 3681, 3569, 0.00, 0.00
2026-7-27, 10:30:08.173000, 28064.00, 28085.75, 28003.50, 28012.00, 7250, 6644, 28041.31, 28033.75, 28044.63, 3781, 3469, 0.00, 0.00
2026-7-27, 10:36:44.490000, 28012.00, 28042.50, 27980.25, 28033.75, 7250, 6704, 28017.13, 28018.83, 28011.38, 3482, 3768, 0.00, 0.00
2026-7-27, 10:42:57.567004, 28033.50, 28048.75, 27995.25, 28019.00, 7250, 6903, 28024.13, 28021.00, 28022.00, 3588, 3662, 0.00, 0.00
2026-7-27, 10:51:18.167001, 28019.00, 28070.00, 27996.75, 28070.00, 7250, 6820, 28038.94, 28045.58, 28033.38, 3351, 3899, 0.00, 0.00
2026-7-27, 10:59:41.676012, 28070.00, 28134.25, 28056.75, 28099.75, 7250, 6896, 28090.19, 28096.92, 28095.50, 3456, 3794, 0.00, 0.00
2026-7-27, 11:07:17.184000, 28099.50, 28154.25, 28072.00, 28079.00, 7250, 6600, 28101.19, 28101.75, 28113.13, 3726, 3524, 0.00, 0.00
2026-7-27, 11:14:44.043000, 28079.50, 28089.50, 28043.50, 28073.00, 7250, 6905, 28071.38, 28068.67, 28066.50, 3506, 3744, 0.00, 0.00
2026-7-27, 11:22:56.872000, 28073.50, 28204.50, 28055.25, 28173.25, 7250, 6701, 28126.63, 28144.33, 28129.88, 3199, 4051, 0.00, 0.00
2026-7-27, 11:26:22.871001, 28173.25, 28199.75, 28142.25, 28189.75, 7250, 6666, 28176.25, 28177.25, 28171.00, 3598, 3652, 0.00, 0.00
2026-7-27, 11:31:48.299000, 28190.00, 28193.25, 28112.50, 28168.25, 7250, 6852, 28166.00, 28158.00, 28152.88, 3590, 3660, 0.00, 0.00
2026-7-27, 11:40:05.835003, 28168.50, 28178.75, 28094.25, 28099.00, 7250, 6896, 28135.13, 28124.00, 28136.50, 3690, 3560, 0.00, 0.00
2026-7-27, 11:50:34.145000, 28099.25, 28105.25, 28027.75, 28045.00, 7250, 6745, 28069.31, 28059.33, 28066.50, 3457, 3793, 0.00, 0.00
2026-7-27, 11:58:05.285001, 28045.75, 28056.25, 27995.50, 27999.50, 7250, 6581, 28024.25, 28017.08, 28025.88, 3644, 3606, 0.00, 0.00
2026-7-27, 12:06:06.535000, 27999.25, 28044.25, 27993.75, 28016.50, 7250, 6901, 28013.44, 28018.17, 28019.00, 3466, 3784, 0.00, 0.00
2026-7-27, 12:16:57.823004, 28016.75, 28034.25, 27986.00, 27998.75, 7250, 6884, 28008.94, 28006.33, 28010.13, 3514, 3736, 0.00, 0.00
2026-7-27, 12:30:02.029000, 27998.00, 28065.00, 27997.50, 28031.25, 7250, 6816, 28022.94, 28031.25, 28031.25, 3318, 3932, 0.00, 0.00
2026-7-27, 12:41:28.381000, 28031.00, 28096.75, 28013.75, 28096.75, 7250, 6899, 28059.56, 28069.08, 28055.25, 3346, 3904, 0.00, 0.00
2026-7-27, 12:55:05.311001, 28096.50, 28121.25, 28072.00, 28103.75, 7250, 6779, 28098.38, 28099.00, 28096.63, 3503, 3747, 0.00, 0.00
2026-7-27, 13:06:01.555000, 28104.00, 28115.25, 28049.75, 28077.50, 7250, 6786, 28086.63, 28080.83, 28082.50, 3611, 3639, 0.00, 0.00
2026-7-27, 13:19:17.211001, 28077.25, 28091.50, 28037.00, 28042.50, 7250, 6670, 28062.06, 28057.00, 28064.25, 3563, 3687, 0.00, 0.00
2026-7-27, 13:35:02.403000, 28042.75, 28079.00, 28019.25, 28049.00, 7250, 6603, 28047.50, 28049.08, 28049.13, 3494, 3756, 0.00, 0.00
2026-7-27, 13:43:19.512000, 28048.50, 28160.50, 28048.25, 28152.25, 7250, 6720, 28102.38, 28120.33, 28104.38, 3371, 3879, 0.00, 0.00
2026-7-27, 13:54:01.697001, 28152.25, 28193.25, 28146.25, 28174.25, 7250, 6760, 28166.50, 28171.25, 28169.75, 3745, 3505, 0.00, 0.00
2026-7-27, 14:00:59.713007, 28174.25, 28232.25, 28165.25, 28232.00, 7250, 6688, 28200.94, 28209.83, 28198.75, 3365, 3885, 0.00, 0.00
2026-7-27, 14:10:23.398000, 28231.25, 28231.75, 28192.75, 28215.00, 7250, 6565, 28217.69, 28213.17, 28212.25, 3670, 3580, 0.00, 0.00
2026-7-27, 14:22:34.062000, 28214.50, 28249.25, 28203.75, 28243.50, 7250, 6663, 28227.75, 28232.17, 28226.50, 3450, 3800, 0.00, 0.00
2026-7-27, 14:32:49.220000, 28243.25, 28255.75, 28174.00, 28176.25, 7250, 6655, 28212.31, 28202.00, 28214.88, 3908, 3342, 0.00, 0.00
2026-7-27, 14:43:04.231013, 28176.25, 28200.00, 28155.25, 28179.00, 7250, 6849, 28177.63, 28178.08, 28177.63, 3609, 3641, 0.00, 0.00
2026-7-27, 14:52:50.023017, 28179.25, 28205.00, 28159.25, 28193.75, 7250, 6835, 28184.31, 28186.00, 28182.13, 3465, 3785, 0.00, 0.00
2026-7-27, 14:58:32.740000, 28194.25, 28198.00, 28177.75, 28189.50, 7250, 6143, 28189.88, 28188.42, 28187.88, 3711, 3539, 0.00, 0.00
2026-7-27, 14:59:58.229000, 28189.00, 28219.50, 28175.75, 28185.00, 7250, 6516, 28192.31, 28193.42, 28197.63, 3298, 3952, 0.00, 0.00
2026-7-27, 15:07:08.054007, 28185.00, 28230.00, 28169.25, 28220.50, 7250, 6503, 28201.19, 28206.58, 28199.63, 3320, 3930, 0.00, 0.00
2026-7-27, 17:00:01.359001, 28224.25, 28228.00, 28105.25, 28143.25, 7250, 6738, 28175.19, 28158.83, 28166.63, 3705, 3545, 0.00, 0.00
2026-7-27, 18:19:12.609000, 28140.00, 28195.00, 28094.75, 28122.25, 7250, 6855, 28138.00, 28137.33, 28144.88, 3656, 3594, 28089.75, 0.00
2026-7-27, 19:15:06.883006, 28122.50, 28139.75, 28047.25, 28049.50, 7250, 6860, 28089.75, 28078.83, 28093.50, 3757, 3493, 0.00, 0.00
2026-7-27, 20:01:15.305000, 28049.50, 28078.25, 27969.00, 28058.50, 7250, 6593, 28038.81, 28035.25, 28023.63, 3604, 3646, 0.00, 0.00
2026-7-27, 20:30:39.527000, 28057.50, 28097.00, 27972.25, 28020.00, 7250, 6689, 28036.69, 28029.75, 28034.63, 3653, 3597, 0.00, 0.00
2026-7-27, 21:24:57.611004, 28020.25, 28022.75, 27932.50, 27981.75, 7250, 6787, 27989.31, 27979.00, 27977.63, 3653, 3597, 0.00, 0.00
2026-7-27, 22:15:48.987000, 27980.25, 28070.50, 27951.50, 28037.00, 7250, 6773, 28009.81, 28019.67, 28011.00, 3668, 3582, 0.00, 0.00
2026-7-27, 22:57:14.181002, 28037.00, 28053.25, 27935.25, 27938.25, 7250, 6748, 27990.94, 27975.58, 27994.25, 3541, 3709, 0.00, 0.00
2026-7-28, 00:21:24.127000, 27938.50, 27943.00, 27864.50, 27865.50, 7250, 6577, 27902.88, 27891.00, 27903.75, 4086, 3164, 0.00, 0.00
2026-7-28, 01:04:24.735000, 27865.75, 27931.50, 27839.50, 27914.75, 7250, 6537, 27887.88, 27895.25, 27885.50, 3611, 3639, 0.00, 0.00
2026-7-28, 01:39:24.287001, 27914.50, 27989.00, 27902.50, 27937.75, 7250, 6604, 27935.94, 27943.08, 27945.75, 3712, 3538, 0.00, 0.00
2026-7-28, 02:31:59.199001, 27937.50, 27962.50, 27880.00, 27946.00, 7250, 6564, 27931.50, 27929.50, 27921.25, 3622, 3628, 0.00, 0.00
2026-7-28, 03:18:50.311002, 27946.25, 28052.00, 27942.25, 28000.75, 7250, 6488, 27985.31, 27998.33, 27997.13, 3604, 3646, 0.00, 0.00
2026-7-28, 03:55:48.394010, 28000.50, 28016.50, 27941.50, 27950.50, 7250, 6518, 27977.25, 27969.50, 27979.00, 3681, 3569, 0.00, 0.00
2026-7-28, 05:14:40.584002, 27950.75, 27980.50, 27904.25, 27926.00, 7250, 6702, 27940.38, 27936.92, 27942.38, 3658, 3592, 0.00, 0.00
2026-7-28, 06:01:40.687000, 27926.00, 27958.00, 27864.75, 27885.75, 7250, 6846, 27908.63, 27902.83, 27911.38, 3694, 3556, 0.00, 0.00
2026-7-28, 06:28:28.683004, 27885.75, 27967.50, 27848.25, 27965.75, 7250, 6726, 27916.81, 27927.17, 27907.88, 3498, 3752, 0.00, 0.00
2026-7-28, 06:59:08.908000, 27965.50, 28027.75, 27949.25, 28003.50, 7250, 6541, 27986.50, 27993.50, 27988.50, 3696, 3554, 0.00, 0.00
2026-7-28, 07:32:04.890001, 28003.50, 28032.75, 27956.25, 27980.00, 7250, 6433, 27993.13, 27989.67, 27994.50, 3688, 3562, 0.00, 0.00
2026-7-28, 07:51:02.112000, 27980.00, 28028.50, 27974.00, 28025.50, 7250, 6754, 28002.00, 28009.33, 28001.25, 3501, 3749, 0.00, 0.00
2026-7-28, 08:18:37.522001, 28025.25, 28028.25, 27938.00, 27950.00, 5271, 4979, 27985.38, 27972.08, 27983.13, 2858, 2413, 0.00, 0.00
2026-7-28, 08:30:00.000000, 27948.75, 27992.00, 27903.50, 27904.00, 7250, 6887, 27937.06, 27933.17, 27947.75, 3703, 3547, 0.00, 0.00
2026-7-28, 08:31:25.818000, 27904.00, 27938.75, 27871.25, 27904.25, 7250, 6918, 27904.56, 27904.75, 27905.00, 3439, 3811, 27866.25, 0.00
2026-7-28, 08:33:28.592053, 27904.50, 27926.25, 27875.75, 27894.75, 7250, 6640, 27900.31, 27898.92, 27901.00, 3316, 3934, 0.00, 0.00
2026-7-28, 08:36:13.599000, 27896.50, 27896.50, 27822.25, 27836.50, 7250, 6565, 27862.94, 27851.75, 27859.38, 3885, 3365, 0.00, 0.00
2026-7-28, 08:38:31.298060, 27836.50, 27839.25, 27787.50, 27812.00, 7250, 6747, 27818.81, 27812.92, 27813.38, 3646, 3604, 0.00, 0.00
2026-7-28, 08:40:59.139000, 27812.25, 27841.50, 27735.00, 27737.25, 7250, 6605, 27781.50, 27771.25, 27788.25, 3924, 3326, 0.00, 0.00
2026-7-28, 08:43:20.271003, 27737.25, 27771.25, 27706.75, 27712.50, 7250, 6762, 27731.94, 27730.17, 27739.00, 3648, 3602, 0.00, 0.00
2026-7-28, 08:45:42.990000, 27712.75, 27721.00, 27658.75, 27678.50, 7250, 6564, 27692.75, 27686.08, 27689.88, 3690, 3560, 0.00, 0.00
2026-7-28, 08:48:02.095001, 27678.50, 27766.00, 27675.75, 27759.75, 7250, 6551, 27720.00, 27733.83, 27720.88, 3255, 3995, 0.00, 0.00
2026-7-28, 08:50:02.940002, 27760.00, 27799.00, 27702.75, 27734.25, 7250, 6792, 27749.00, 27745.33, 27750.88, 3490, 3760, 0.00, 0.00
2026-7-28, 08:52:18.617000, 27733.50, 27786.25, 27682.25, 27694.25, 7250, 7077, 27724.06, 27720.92, 27734.25, 3632, 3618, 0.00, 0.00
2026-7-28, 08:54:59.108000, 27694.25, 27720.50, 27662.25, 27710.50, 7250, 6709, 27696.88, 27697.75, 27691.38, 3570, 3680, 0.00, 0.00
2026-7-28, 08:57:32.882000, 27710.25, 27730.50, 27641.75, 27727.75, 7250, 6559, 27702.56, 27700.00, 27686.13, 3746, 3504, 0.00, 0.00
2026-7-28, 09:00:43.207000, 27727.25, 27749.50, 27692.00, 27718.75, 7250, 6677, 27721.88, 27720.08, 27720.75, 3605, 3645, 0.00, 0.00
2026-7-28, 09:04:25.839000, 27719.50, 27793.50, 27695.75, 27745.00, 7250, 6825, 27738.44, 27744.75, 27744.63, 3521, 3729, 0.00, 0.00
2026-7-28, 09:07:40.332000, 27744.50, 27744.50, 27665.50, 27692.00, 7250, 6915, 27711.63, 27700.67, 27705.00, 3703, 3547, 0.00, 0.00
2026-7-28, 09:11:06.334036, 27692.00, 27731.00, 27618.75, 27622.75, 7250, 6828, 27666.13, 27657.50, 27674.88, 3938, 3312, 0.00, 0.00
2026-7-28, 09:14:17.011000, 27622.50, 27655.25, 27606.00, 27609.50, 7250, 6657, 27623.31, 27623.58, 27630.63, 3529, 3721, 0.00, 0.00
2026-7-28, 09:16:50.590004, 27609.50, 27647.00, 27603.50, 27626.25, 7250, 6687, 27621.56, 27625.58, 27625.25, 3548, 3702, 0.00, 0.00
2026-7-28, 09:20:08.123000, 27626.75, 27687.75, 27606.00, 27660.75, 7250, 6801, 27645.31, 27651.50, 27646.88, 3459, 3791, 0.00, 0.00
2026-7-28, 09:23:20.242006, 27661.00, 27717.50, 27657.50, 27696.25, 7250, 6824, 27683.06, 27690.42, 27687.50, 3360, 3890, 0.00, 0.00
2026-7-28, 09:26:47.698001, 27696.50, 27724.00, 27669.00, 27703.75, 7250, 6900, 27698.31, 27698.92, 27696.50, 3507, 3743, 0.00, 0.00
2026-7-28, 09:31:39.877000, 27705.00, 27759.75, 27672.25, 27748.00, 7250, 6898, 27721.25, 27726.67, 27716.00, 3444, 3806, 0.00, 0.00
2026-7-28, 09:36:17.524001, 27748.00, 27763.00, 27695.25, 27732.50, 7250, 6903, 27734.69, 27730.25, 27729.13, 3639, 3611, 0.00, 0.00
2026-7-28, 09:40:49.458000, 27733.25, 27793.00, 27733.25, 27776.50, 7250, 6655, 27759.00, 27767.58, 27763.13, 3549, 3701, 0.00, 0.00
2026-7-28, 09:45:05.858000, 27776.50, 27843.25, 27745.50, 27843.25, 7250, 6638, 27802.13, 27810.67, 27794.38, 3231, 4019, 0.00, 0.00
2026-7-28, 09:48:42.314001, 27843.25, 27888.50, 27832.75, 27873.25, 7250, 6629, 27859.44, 27864.83, 27860.63, 3529, 3721, 0.00, 0.00
2026-7-28, 09:52:14.142002, 27873.25, 27890.00, 27838.75, 27857.50, 7250, 6714, 27864.88, 27862.08, 27864.38, 3714, 3536, 0.00, 0.00
2026-7-28, 09:55:44.576004, 27857.50, 27876.00, 27797.25, 27809.50, 7250, 6814, 27835.06, 27827.58, 27836.63, 3652, 3598, 0.00, 0.00
2026-7-28, 10:00:16.044000, 27810.25, 27838.00, 27776.50, 27780.75, 7250, 6874, 27801.38, 27798.42, 27807.25, 3628, 3622, 0.00, 0.00
2026-7-28, 10:05:10.987000, 27780.75, 27850.00, 27768.00, 27850.00, 7250, 6980, 27812.19, 27822.67, 27809.00, 3359, 3891, 0.00, 0.00
2026-7-28, 10:10:00.681000, 27850.25, 27882.00, 27801.25, 27865.00, 7250, 6995, 27849.63, 27849.42, 27841.63, 3515, 3735, 0.00, 0.00
2026-7-28, 10:14:01.778001, 27865.00, 27917.75, 27836.50, 27911.00, 7250, 6754, 27882.56, 27888.42, 27877.13, 3393, 3857, 0.00, 0.00
2026-7-28, 10:18:56.084005, 27911.00, 27966.00, 27896.00, 27950.50, 7250, 6361, 27930.88, 27937.50, 27931.00, 3630, 3620, 0.00, 0.00
2026-7-28, 10:22:54.821000, 27951.50, 28010.00, 27947.00, 27998.50, 7250, 6448, 27976.75, 27985.17, 27978.50, 3545, 3705, 0.00, 0.00
2026-7-28, 10:27:04.932000, 27997.50, 27999.50, 27948.75, 27956.75, 7250, 6711, 27975.63, 27968.33, 27974.13, 3722, 3528, 0.00, 0.00
2026-7-28, 10:31:53.585000, 27957.75, 28012.00, 27955.00, 28010.75, 7250, 6356, 27983.88, 27992.58, 27983.50, 3532, 3718, 0.00, 0.00
2026-7-28, 10:38:20.829000, 28009.75, 28042.25, 27989.25, 28042.25, 7250, 6870, 28020.88, 28024.58, 28015.75, 3388, 3862, 0.00, 0.00
2026-7-28, 10:45:32.876000, 28042.00, 28062.50, 28014.75, 28021.75, 7250, 6757, 28035.25, 28033.00, 28038.63, 3562, 3688, 0.00, 0.00
2026-7-28, 10:51:52.612000, 28023.50, 28062.50, 28010.50, 28042.75, 7250, 6863, 28034.81, 28038.58, 28036.50, 3634, 3616, 0.00, 0.00
2026-7-28, 10:59:06.100001, 28043.00, 28068.75, 28033.50, 28053.25, 7250, 6603, 28049.63, 28051.83, 28051.13, 3606, 3644, 0.00, 0.00
2026-7-28, 11:05:55.928001, 28053.25, 28056.25, 28005.50, 28015.75, 7250, 6766, 28032.69, 28025.83, 28030.88, 3640, 3610, 0.00, 0.00
2026-7-28, 11:12:26.725000, 28015.75, 28045.25, 27992.25, 28029.00, 7250, 6705, 28020.56, 28022.17, 28018.75, 3698, 3552, 0.00, 0.00
2026-7-28, 11:20:37.524000, 28028.75, 28034.50, 27966.50, 27970.00, 7250, 6713, 27999.94, 27990.33, 28000.50, 3961, 3289, 0.00, 0.00
2026-7-28, 11:30:27.448002, 27970.25, 28014.00, 27953.50, 28011.75, 7250, 6743, 27987.38, 27993.08, 27983.75, 3427, 3823, 0.00, 0.00
2026-7-28, 11:39:42.179001, 28012.25, 28043.75, 27993.00, 28016.75, 7250, 6676, 28016.44, 28017.83, 28018.38, 3684, 3566, 0.00, 0.00
2026-7-28, 11:47:57.405007, 28016.75, 28080.00, 28001.00, 28073.25, 7250, 6386, 28042.75, 28051.42, 28040.50, 3431, 3819, 0.00, 0.00
2026-7-28, 11:56:43.750001, 28073.25, 28078.00, 28010.50, 28011.00, 7250, 6786, 28043.19, 28033.17, 28044.25, 3895, 3355, 0.00, 0.00
2026-7-28, 12:06:19.612001, 28011.25, 28031.25, 27969.00, 27980.25, 7250, 6533, 27997.94, 27993.50, 28000.13, 3539, 3711, 0.00, 0.00
2026-7-28, 12:13:40.768001, 27980.25, 28045.75, 27973.50, 28019.50, 7250, 6526, 28004.75, 28012.92, 28009.63, 3192, 4058, 0.00, 0.00
2026-7-28, 12:21:33.732004, 28019.75, 28023.50, 27975.00, 28020.00, 7250, 6712, 28009.56, 28006.17, 27999.25, 3543, 3707, 0.00, 0.00
2026-7-28, 12:33:20.509019, 28020.00, 28043.50, 27949.00, 27951.00, 7250, 6338, 27990.88, 27981.17, 27996.25, 3553, 3697, 0.00, 0.00
2026-7-28, 12:44:38.596000, 27951.00, 27987.00, 27935.75, 27940.50, 7250, 6401, 27953.56, 27954.42, 27961.38, 3597, 3653, 0.00, 0.00
2026-7-28, 12:54:41.136001, 27941.75, 27999.50, 27925.00, 27971.50, 7250, 6689, 27959.44, 27965.33, 27962.25, 3457, 3793, 0.00, 0.00
2026-7-28, 13:05:07.353002, 27971.50, 27974.00, 27914.00, 27932.75, 7250, 6541, 27948.06, 27940.25, 27944.00, 3734, 3516, 0.00, 0.00
2026-7-28, 13:15:57.025000, 27932.75, 27947.75, 27912.50, 27921.50, 7250, 6757, 27928.63, 27927.25, 27930.13, 3716, 3534, 0.00, 0.00
2026-7-28, 13:29:30.676000, 27921.50, 27963.75, 27918.00, 27922.25, 7250, 6821, 27931.38, 27934.67, 27940.88, 3656, 3594, 0.00, 0.00
2026-7-28, 13:42:24.386002, 27922.00, 27978.00, 27921.50, 27966.25, 7250, 6690, 27946.94, 27955.25, 27949.75, 3680, 3570, 0.00, 0.00
2026-7-28, 13:56:05.655000, 27966.50, 28021.75, 27959.25, 27998.75, 7250, 6686, 27986.56, 27993.25, 27990.50, 3773, 3477, 0.00, 0.00
2026-7-28, 14:06:52.849000, 27998.00, 28010.25, 27965.25, 27980.25, 7250, 6858, 27988.44, 27985.25, 27987.75, 3858, 3392, 0.00, 0.00
2026-7-28, 14:18:46.888001, 27980.75, 28021.25, 27979.25, 28017.75, 7250, 6684, 27999.75, 28006.08, 28000.25, 3822, 3428, 0.00, 0.00
2026-7-28, 14:29:59.973004, 28017.75, 28023.75, 27943.75, 27947.75, 7250, 6590, 27983.25, 27971.75, 27983.75, 4096, 3154, 0.00, 0.00
2026-7-28, 14:38:21.782000, 27947.75, 27962.00, 27929.00, 27948.00, 7250, 6892, 27946.69, 27946.33, 27945.50, 3977, 3273, 0.00, 0.00
2026-7-28, 14:48:38.627000, 27948.75, 27988.25, 27934.75, 27936.00, 7250, 6744, 27951.94, 27953.00, 27961.50, 3739, 3511, 0.00, 0.00
2026-7-28, 14:55:00.400003, 27936.00, 27958.75, 27929.00, 27939.00, 7250, 6600, 27940.69, 27942.25, 27943.88, 3749, 3501, 0.00, 0.00
2026-7-28, 14:59:14.106003, 27939.00, 27941.25, 27911.00, 27924.75, 7250, 6315, 27929.00, 27925.67, 27926.13, 3712, 3538, 0.00, 0.00
2026-7-28, 15:00:10.004000, 27925.75, 27967.75, 27884.25, 27911.00, 7250, 6270, 27922.19, 27921.00, 27926.00, 3723, 3527, 0.00, 0.00
2026-7-28, 15:06:46.621001, 27911.25, 27987.00, 27894.75, 27986.25, 7250, 6589, 27944.81, 27956.00, 27940.88, 3522, 3728, 0.00, 0.00
2026-7-28, 15:28:56.275001, 27986.25, 28013.25, 27935.75, 27980.25, 7250, 6515, 27978.88, 27976.42, 27974.50, 3494, 3756, 0.00, 0.00
2026-7-28, 17:13:49.354000, 27980.25, 27980.25, 27811.50, 27818.00, 7250, 6570, 27897.50, 27869.92, 27895.88, 4076, 3174, 0.00, 0.00
2026-7-28, 17:51:05.793000, 27816.50, 27836.50, 27728.50, 27758.50, 7250, 6620, 27785.00, 27774.50, 27782.50, 3771, 3479, 0.00, 0.00
2026-7-28, 18:11:30.444004, 27758.50, 27950.00, 27752.75, 27949.00, 7250, 6606, 27852.56, 27883.92, 27851.38, 3226, 4024, 27747.75, 0.00
2026-7-28, 18:44:20.738005, 27949.00, 28104.50, 27949.00, 28101.00, 7250, 6398, 28025.88, 28051.50, 28026.75, 3287, 3963, 0.00, 0.00
2026-7-28, 19:00:00.034004, 28101.00, 28178.25, 28077.25, 28139.00, 7250, 6864, 28123.88, 28131.50, 28127.75, 3433, 3817, 0.00, 0.00
2026-7-28, 19:22:35.818000, 28136.75, 28136.75, 28000.25, 28004.25, 7250, 6859, 28069.50, 28047.08, 28068.50, 3852, 3398, 0.00, 0.00
2026-7-28, 19:59:38.160000, 28002.25, 28041.25, 27896.25, 27969.25, 7250, 6561, 27977.25, 27968.92, 27968.75, 3675, 3575, 0.00, 0.00
2026-7-28, 20:31:11.703005, 27969.75, 27982.25, 27770.25, 27803.50, 7250, 6448, 27881.44, 27852.00, 27876.25, 3777, 3473, 0.00, 0.00
2026-7-28, 21:01:26.333000, 27806.25, 27912.75, 27794.50, 27897.75, 7250, 6327, 27852.81, 27868.33, 27853.63, 3640, 3610, 0.00, 0.00
2026-7-28, 21:32:25.557000, 27898.25, 27905.75, 27788.00, 27817.00, 7250, 6493, 27852.25, 27836.92, 27846.88, 3610, 3640, 0.00, 0.00
2026-7-28, 22:21:57.655000, 27815.75, 27822.75, 27679.75, 27693.25, 7250, 6405, 27752.88, 27731.92, 27751.25, 3877, 3373, 0.00, 0.00
2026-7-28, 23:06:03.062000, 27692.25, 27720.00, 27640.00, 27690.00, 7250, 6688, 27685.56, 27683.33, 27680.00, 3650, 3600, 0.00, 0.00
2026-7-28, 23:50:16.091003, 27690.00, 27834.75, 27685.00, 27812.25, 7250, 6618, 27755.50, 27777.33, 27759.88, 3425, 3825, 0.00, 0.00
2026-7-29, 00:29:27.758003, 27812.25, 27852.75, 27736.25, 27781.75, 7250, 6635, 27795.75, 27790.25, 27794.50, 3661, 3589, 0.00, 0.00
2026-7-29, 01:19:11.487000, 27780.00, 27945.50, 27755.25, 27931.50, 7250, 6549, 27853.06, 27877.42, 27850.38, 3447, 3803, 0.00, 0.00
2026-7-29, 02:00:22.704000, 27931.50, 27962.75, 27891.25, 27893.25, 7250, 6527, 27919.69, 27915.75, 27927.00, 3752, 3498, 0.00, 0.00
2026-7-29, 02:55:18.822000, 27894.00, 27937.00, 27820.00, 27937.00, 7250, 6628, 27897.00, 27898.00, 27878.50, 3647, 3603, 0.00, 0.00
2026-7-29, 03:46:46.008002, 27937.00, 28031.00, 27896.00, 28031.00, 7250, 6511, 27973.75, 27986.00, 27963.50, 3447, 3803, 0.00, 0.00
2026-7-29, 04:49:04.753002, 28031.00, 28060.00, 27971.75, 27973.50, 7250, 6604, 28009.06, 28001.75, 28015.88, 3725, 3525, 0.00, 0.00
2026-7-29, 05:37:21.862000, 27973.25, 28023.75, 27931.50, 28009.75, 7250, 6798, 27984.56, 27988.33, 27977.63, 3551, 3699, 0.00, 0.00
2026-7-29, 06:26:37.794000, 28009.50, 28022.25, 27900.00, 27907.25, 7250, 6837, 27959.75, 27943.17, 27961.13, 3696, 3554, 0.00, 0.00
2026-7-29, 07:16:21.265003, 27907.50, 27914.25, 27844.25, 27898.00, 7250, 6862, 27891.00, 27885.50, 27879.25, 3578, 3672, 0.00, 0.00
2026-7-29, 07:41:47.287000, 27897.25, 27933.25, 27869.50, 27880.75, 7250, 6788, 27895.19, 27894.50, 27901.38, 3546, 3704, 0.00, 0.00
2026-7-29, 08:17:07.468000, 27880.00, 27942.50, 27856.00, 27914.00, 6027, 5218, 27898.13, 27904.17, 27899.25, 2941, 3086, 0.00, 0.00
2026-7-29, 08:30:00.000000, 27914.50, 27950.00, 27842.00, 27854.75, 7250, 6991, 27890.31, 27882.25, 27896.00, 3838, 3412, 0.00, 0.00
2026-7-29, 08:31:50.579003, 27855.00, 27978.25, 27836.50, 27977.75, 7250, 6749, 27911.88, 27930.83, 27907.38, 3520, 3730, 0.00, 0.00
2026-7-29, 08:34:08.923000, 27978.00, 27996.00, 27899.50, 27901.25, 7250, 6685, 27943.69, 27932.25, 27947.75, 3785, 3465, 0.00, 0.00
2026-7-29, 08:37:06.659001, 27901.00, 27938.75, 27858.00, 27892.25, 7250, 6923, 27897.50, 27896.33, 27898.38, 3726, 3524, 0.00, 0.00
2026-7-29, 08:40:33.740000, 27892.25, 27948.00, 27865.50, 27931.50, 7250, 6883, 27909.31, 27915.00, 27906.75, 3491, 3759, 0.00, 0.00
2026-7-29, 08:45:05.969000, 27933.00, 27935.00, 27816.75, 27839.75, 7250, 6795, 27881.13, 27863.83, 27875.88, 3851, 3399, 0.00, 0.00
2026-7-29, 08:49:02.501003, 27839.75, 27857.00, 27727.25, 27736.50, 7250, 6926, 27790.13, 27773.58, 27792.13, 3946, 3304, 0.00, 0.00
2026-7-29, 08:52:29.203001, 27736.50, 27780.25, 27698.50, 27711.25, 7250, 6902, 27731.63, 27730.00, 27739.38, 3520, 3730, 27693.50, 0.00
2026-7-29, 08:55:51.284000, 27711.00, 27748.50, 27667.75, 27714.25, 7250, 6863, 27710.38, 27710.17, 27708.13, 3621, 3629, 0.00, 0.00
2026-7-29, 08:59:20.150002, 27714.00, 27774.00, 27707.25, 27753.25, 7250, 6772, 27737.13, 27744.83, 27740.63, 3478, 3772, 0.00, 0.00
2026-7-29, 09:02:05.187001, 27753.50, 27823.00, 27748.50, 27823.00, 7250, 6963, 27787.00, 27798.17, 27785.75, 3373, 3877, 0.00, 0.00
2026-7-29, 09:05:30.046003, 27823.00, 27826.50, 27717.25, 27746.00, 7250, 6938, 27778.19, 27763.25, 27771.88, 3674, 3576, 0.00, 0.00
2026-7-29, 09:09:13.469001, 27745.75, 27747.50, 27661.75, 27672.50, 7250, 6956, 27706.88, 27693.92, 27704.63, 3859, 3391, 0.00, 0.00
2026-7-29, 09:12:59.023041, 27672.75, 27682.25, 27635.75, 27673.50, 7250, 6868, 27666.06, 27663.83, 27659.00, 3621, 3629, 0.00, 0.00
2026-7-29, 09:16:13.122000, 27673.75, 27690.00, 27643.50, 27665.75, 7250, 6844, 27668.25, 27666.42, 27666.75, 3564, 3686, 0.00, 0.00
2026-7-29, 09:20:28.329000, 27666.75, 27695.75, 27605.50, 27619.75, 7250, 6625, 27646.94, 27640.33, 27650.63, 3878, 3372, 0.00, 0.00
2026-7-29, 09:24:58.476000, 27619.50, 27623.00, 27538.75, 27560.75, 7250, 6787, 27585.50, 27574.17, 27580.88, 3807, 3443, 0.00, 0.00
2026-7-29, 09:28:00.233002, 27561.00, 27613.50, 27555.00, 27605.75, 7250, 6737, 27583.81, 27591.42, 27584.25, 3432, 3818, 27550.00, 0.00
2026-7-29, 09:32:01.806000, 27605.50, 27652.25, 27594.00, 27616.25, 7250, 6654, 27617.00, 27620.83, 27623.13, 3626, 3624, 0.00, 0.00
2026-7-29, 09:36:07.246001, 27616.00, 27624.50, 27523.00, 27529.50, 7250, 6788, 27573.25, 27559.00, 27573.75, 3930, 3320, 0.00, 0.00
2026-7-29, 09:40:46.159000, 27530.25, 27572.25, 27510.00, 27540.75, 7250, 6747, 27538.31, 27541.00, 27541.13, 3589, 3661, 0.00, 0.00
2026-7-29, 09:45:01.786000, 27541.50, 27575.25, 27518.25, 27559.00, 7250, 6931, 27548.50, 27550.83, 27546.75, 3630, 3620, 0.00, 0.00
2026-7-29, 09:49:58.807006, 27559.25, 27615.75, 27557.25, 27585.75, 7250, 6768, 27579.50, 27586.25, 27586.50, 3524, 3726, 0.00, 0.00
2026-7-29, 09:54:38.628000, 27585.50, 27614.75, 27551.25, 27604.00, 7250, 6742, 27588.88, 27590.00, 27583.00, 3554, 3696, 0.00, 0.00
2026-7-29, 10:00:03.885000, 27604.75, 27647.25, 27581.00, 27626.75, 7250, 6876, 27614.94, 27618.33, 27614.13, 3535, 3715, 0.00, 0.00
2026-7-29, 10:04:32.001000, 27626.75, 27657.50, 27590.50, 27646.75, 7250, 6909, 27630.38, 27631.58, 27624.00, 3536, 3714, 0.00, 0.00
2026-7-29, 10:08:36.352000, 27646.75, 27650.25, 27565.75, 27590.25, 7250, 6826, 27613.25, 27602.08, 27608.00, 3827, 3423, 0.00, 0.00
2026-7-29, 10:13:52.475000, 27589.50, 27625.00, 27558.00, 27562.00, 7250, 6945, 27583.63, 27581.67, 27591.50, 3633, 3617, 0.00, 0.00
2026-7-29, 10:19:55.890024, 27562.00, 27617.50, 27547.00, 27585.25, 7250, 6981, 27577.94, 27583.25, 27582.25, 3523, 3727, 0.00, 0.00
2026-7-29, 10:26:31.092000, 27584.75, 27588.00, 27540.00, 27573.25, 7250, 6835, 27571.50, 27567.08, 27564.00, 3527, 3723, 0.00, 0.00
2026-7-29, 10:34:14.213000, 27574.75, 27596.75, 27528.25, 27532.50, 7250, 6859, 27558.06, 27552.50, 27562.50, 3637, 3613, 0.00, 0.00
2026-7-29, 10:42:57.995001, 27532.50, 27566.50, 27518.00, 27555.25, 7250, 6743, 27543.06, 27546.58, 27542.25, 3545, 3705, 0.00, 0.00
2026-7-29, 10:52:25.460000, 27553.75, 27562.00, 27464.50, 27488.75, 7250, 6628, 27517.25, 27505.08, 27513.25, 4043, 3207, 0.00, 0.00
2026-7-29, 10:57:51.389002, 27488.75, 27542.00, 27463.00, 27469.50, 7250, 6763, 27490.81, 27491.50, 27502.50, 3669, 3581, 0.00, 0.00
2026-7-29, 11:04:09.656000, 27470.00, 27471.00, 27426.00, 27459.00, 7250, 6578, 27456.50, 27452.00, 27448.50, 3519, 3731, 0.00, 0.00
2026-7-29, 11:10:13.211002, 27459.00, 27466.75, 27409.25, 27446.75, 7250, 6777, 27445.44, 27440.92, 27438.00, 3722, 3528, 0.00, 0.00
2026-7-29, 11:19:11.581000, 27446.25, 27536.25, 27437.25, 27523.50, 7250, 6616, 27485.81, 27499.00, 27486.75, 3505, 3745, 0.00, 0.00
2026-7-29, 11:26:16.980001, 27523.50, 27586.00, 27517.50, 27542.75, 7250, 6412, 27542.44, 27548.75, 27551.75, 3803, 3447, 0.00, 0.00
2026-7-29, 11:33:06.687000, 27543.25, 27560.00, 27495.50, 27523.25, 7250, 6620, 27530.50, 27526.25, 27527.75, 3774, 3476, 0.00, 0.00
2026-7-29, 11:40:54.750000, 27523.00, 27556.00, 27485.25, 27553.50, 7250, 6802, 27529.44, 27531.58, 27520.63, 3595, 3655, 0.00, 0.00
2026-7-29, 11:50:00.847007, 27553.25, 27593.00, 27533.50, 27589.75, 7250, 6813, 27567.38, 27572.08, 27563.25, 3540, 3710, 0.00, 0.00
2026-7-29, 11:59:09.651001, 27589.50, 27665.00, 27586.75, 27640.00, 7250, 6474, 27620.31, 27630.58, 27625.88, 3683, 3567, 0.00, 0.00
2026-7-29, 12:05:44.588008, 27640.00, 27719.00, 27634.25, 27715.25, 7250, 6424, 27677.13, 27689.50, 27676.63, 3697, 3553, 0.00, 0.00
2026-7-29, 12:13:25.223000, 27715.25, 27739.75, 27707.50, 27730.25, 7250, 6501, 27723.19, 27725.83, 27723.63, 3731, 3519, 0.00, 0.00
2026-7-29, 12:20:20.470000, 27730.50, 27750.00, 27676.75, 27676.75, 7250, 6573, 27708.50, 27701.17, 27713.38, 4159, 3091, 0.00, 0.00
2026-7-29, 12:28:10.125001, 27676.75, 27695.00, 27629.50, 27651.25, 7250, 6843, 27663.13, 27658.58, 27662.25, 3821, 3429, 0.00, 0.00
2026-7-29, 12:37:19.030000, 27652.50, 27704.50, 27647.00, 27701.50, 7250, 6921, 27676.38, 27684.33, 27675.75, 3504, 3746, 0.00, 0.00
2026-7-29, 12:50:18.702000, 27701.25, 27831.00, 27677.75, 27831.00, 7250, 6058, 27760.25, 27779.92, 27754.38, 3551, 3699, 0.00, 0.00
2026-7-29, 13:00:04.505016, 27831.50, 27879.25, 27766.00, 27879.00, 7250, 6113, 27838.94, 27841.42, 27822.63, 3088, 4162, 0.00, 0.00
2026-7-29, 13:02:03.341001, 27879.25, 27888.50, 27778.75, 27804.75, 7250, 6656, 27837.81, 27824.00, 27833.63, 3727, 3523, 0.00, 27893.50
2026-7-29, 13:05:32.795000, 27805.50, 27886.25, 27794.50, 27852.00, 7250, 6774, 27834.56, 27844.25, 27840.38, 3624, 3626, 0.00, 27891.25
2026-7-29, 13:08:48.166000, 27852.00, 27872.25, 27798.75, 27809.25, 7250, 7021, 27833.06, 27826.75, 27835.50, 3661, 3589, 0.00, 0.00
2026-7-29, 13:13:52.051002, 27809.00, 27843.50, 27753.25, 27755.50, 7250, 6843, 27790.31, 27784.08, 27798.38, 3615, 3635, 0.00, 0.00
2026-7-29, 13:19:17.251002, 27755.25, 27775.00, 27728.50, 27748.50, 7250, 6747, 27751.81, 27750.67, 27751.75, 3508, 3742, 0.00, 0.00
2026-7-29, 13:25:15.724000, 27749.00, 27820.00, 27727.50, 27772.50, 7250, 6732, 27767.25, 27773.33, 27773.75, 3581, 3669, 0.00, 0.00
2026-7-29, 13:31:57.020002, 27773.00, 27797.00, 27709.00, 27794.00, 7250, 6749, 27768.25, 27766.67, 27753.00, 3635, 3615, 0.00, 0.00
2026-7-29, 13:37:02.969000, 27793.50, 27908.00, 27779.00, 27905.25, 7250, 6419, 27846.44, 27864.08, 27843.50, 3200, 4050, 0.00, 0.00
2026-7-29, 13:40:31.760000, 27905.00, 27958.50, 27898.50, 27958.50, 7250, 6773, 27930.13, 27938.50, 27928.50, 3519, 3731, 0.00, 0.00
2026-7-29, 13:44:07.903000, 27959.00, 28034.50, 27955.50, 28034.50, 7250, 6382, 27995.88, 28008.17, 27995.00, 3565, 3685, 0.00, 0.00
2026-7-29, 13:47:43.677000, 28034.75, 28054.75, 27993.75, 28041.25, 7250, 6876, 28031.13, 28029.92, 28024.25, 3683, 3567, 0.00, 0.00
2026-7-29, 13:52:20.011000, 28041.25, 28096.75, 28024.50, 28024.50, 7250, 6710, 28046.75, 28048.58, 28060.63, 3644, 3606, 0.00, 0.00
2026-7-29, 13:57:06.101038, 28024.50, 28080.00, 28021.00, 28080.00, 7250, 6830, 28051.38, 28060.33, 28050.50, 3642, 3608, 0.00, 0.00
2026-7-29, 14:01:49.883007, 28080.00, 28099.50, 27967.00, 27979.25, 7250, 6806, 28031.44, 28015.25, 28033.25, 3767, 3483, 0.00, 0.00
2026-7-29, 14:05:33.825002, 27979.50, 27991.50, 27890.00, 27899.25, 7250, 6858, 27940.06, 27926.92, 27940.75, 3897, 3353, 0.00, 0.00
2026-7-29, 14:09:30.490000, 27900.00, 27928.00, 27839.50, 27894.75, 7250, 6697, 27890.56, 27887.42, 27883.75, 3604, 3646, 0.00, 0.00
2026-7-29, 14:12:36.391007, 27894.75, 27938.00, 27851.75, 27854.50, 7250, 6819, 27884.75, 27881.42, 27894.88, 3762, 3488, 0.00, 0.00
2026-7-29, 14:17:31.611000, 27854.00, 27858.25, 27726.50, 27736.50, 7250, 6855, 27793.81, 27773.75, 27792.38, 3927, 3323, 0.00, 0.00
2026-7-29, 14:21:11.312033, 27736.25, 27749.00, 27680.00, 27714.75, 7250, 6793, 27720.00, 27714.58, 27714.50, 3855, 3395, 0.00, 0.00
2026-7-29, 14:24:19.025002, 27714.50, 27725.25, 27640.75, 27676.75, 7250, 6768, 27689.31, 27680.92, 27683.00, 3602, 3648, 27635.75, 0.00
2026-7-29, 14:28:00.709000, 27678.00, 27744.00, 27669.75, 27706.50, 7250, 6862, 27699.56, 27706.75, 27706.88, 3571, 3679, 0.00, 0.00
2026-7-29, 14:31:51.742003, 27706.50, 27724.75, 27572.00, 27587.00, 7250, 6837, 27647.56, 27627.92, 27648.38, 3795, 3455, 0.00, 0.00
2026-7-29, 14:35:28.159000, 27586.00, 27630.75, 27504.25, 27521.75, 7250, 6807, 27560.69, 27552.25, 27567.50, 3756, 3494, 0.00, 0.00
2026-7-29, 14:39:03.997004, 27522.00, 27542.00, 27472.00, 27519.75, 7250, 6601, 27513.94, 27511.25, 27507.00, 3597, 3653, 0.00, 0.00
2026-7-29, 14:41:58.834021, 27519.75, 27527.00, 27458.75, 27476.75, 7250, 6851, 27495.56, 27487.50, 27492.88, 3708, 3542, 0.00, 0.00
2026-7-29, 14:45:31.915000, 27476.75, 27484.75, 27421.00, 27473.50, 7250, 6793, 27464.00, 27459.75, 27452.88, 3516, 3734, 0.00, 0.00
2026-7-29, 14:48:45.081001, 27473.50, 27512.25, 27423.00, 27443.50, 7250, 6927, 27463.06, 27459.58, 27467.63, 3762, 3488, 0.00, 0.00
2026-7-29, 14:51:59.993000, 27443.50, 27449.00, 27394.00, 27400.00, 7250, 6720, 27421.63, 27414.33, 27421.50, 3895, 3355, 0.00, 0.00
2026-7-29, 14:55:00.309002, 27400.00, 27400.00, 27351.75, 27360.25, 7250, 6715, 27378.00, 27370.67, 27375.88, 3716, 3534, 0.00, 0.00
2026-7-29, 14:57:48.042001, 27360.25, 27362.75, 27317.50, 27329.75, 7250, 6611, 27342.56, 27336.67, 27340.13, 3633, 3617, 27312.50, 0.00
2026-7-29, 14:59:36.875000, 27329.25, 27370.75, 27328.25, 27348.00, 7250, 6332, 27344.06, 27349.00, 27349.50, 3627, 3623, 0.00, 0.00
2026-7-29, 15:00:00.283000, 27345.50, 27362.25, 27270.00, 27329.75, 7250, 6374, 27326.88, 27320.67, 27316.13, 3748, 3502, 0.00, 0.00
2026-7-29, 15:01:31.629001, 27330.00, 27343.50, 27201.50, 27216.75, 7250, 6335, 27272.94, 27253.92, 27272.50, 3903, 3347, 0.00, 0.00
2026-7-29, 15:04:18.597002, 27216.75, 27364.00, 27206.75, 27289.75, 7250, 6275, 27269.31, 27286.83, 27285.38, 3242, 4008, 27201.75, 0.00
2026-7-29, 15:09:01.423000, 27289.75, 27338.75, 27231.75, 27314.50, 7250, 6359, 27293.69, 27295.00, 27285.25, 3592, 3658, 0.00, 0.00
2026-7-29, 15:17:19.921000, 27314.50, 27318.50, 27207.00, 27282.75, 7250, 6381, 27280.69, 27269.42, 27262.75, 3557, 3693, 0.00, 0.00
2026-7-29, 15:37:07.203000, 27282.00, 27347.75, 27202.00, 27340.00, 7250, 6329, 27292.94, 27296.58, 27274.88, 3548, 3702, 0.00, 0.00
2026-7-29, 17:02:39.581000, 27340.00, 27489.50, 27321.50, 27468.00, 7250, 6136, 27404.75, 27426.33, 27405.50, 3491, 3759, 0.00, 0.00
2026-7-29, 17:17:02.102002, 27467.75, 27484.00, 27395.50, 27429.75, 7250, 6591, 27444.25, 27436.42, 27439.75, 3880, 3370, 0.00, 0.00
2026-7-29, 17:52:20.678000, 27431.50, 27538.00, 27418.75, 27535.50, 7250, 6697, 27480.94, 27497.42, 27478.38, 3406, 3844, 0.00, 0.00
2026-7-29, 18:28:35.228000, 27538.75, 27559.25, 27490.50, 27490.50, 7250, 6865, 27519.75, 27513.42, 27524.88, 3699, 3551, 0.00, 0.00
2026-7-29, 19:02:15.579002, 27490.25, 27608.00, 27472.25, 27572.00, 7250, 6789, 27535.63, 27550.75, 27540.13, 3512, 3738, 0.00, 0.00
2026-7-29, 19:25:17.299000, 27571.75, 27611.00, 27489.75, 27546.00, 7250, 6742, 27554.63, 27548.92, 27550.38, 3755, 3495, 0.00, 0.00
2026-7-29, 19:54:38.304001, 27546.00, 27664.25, 27510.25, 27583.75, 7250, 6698, 27576.06, 27586.08, 27587.25, 3576, 3674, 0.00, 0.00
2026-7-29, 20:21:46.755000, 27584.25, 27696.75, 27584.25, 27672.50, 7250, 6522, 27634.44, 27651.17, 27640.50, 3360, 3890, 0.00, 0.00
2026-7-29, 21:00:48.176000, 27673.00, 27687.50, 27559.50, 27590.25, 7250, 6601, 27627.56, 27612.42, 27623.50, 3797, 3453, 0.00, 0.00
2026-7-29, 21:45:41.239000, 27590.00, 27631.00, 27471.25, 27506.00, 7250, 6834, 27549.56, 27536.08, 27551.13, 3807, 3443, 0.00, 0.00
2026-7-29, 22:30:09.037000, 27505.25, 27563.50, 27459.50, 27532.00, 7250, 6697, 27515.06, 27518.33, 27511.50, 3587, 3663, 0.00, 0.00
2026-7-29, 23:27:42.587001, 27532.00, 27543.75, 27421.00, 27484.25, 7250, 6745, 27495.25, 27483.00, 27482.38, 3827, 3423, 0.00, 0.00
2026-7-30, 00:31:36.756001, 27484.00, 27546.25, 27443.00, 27443.00, 7250, 6823, 27479.06, 27477.42, 27494.63, 3691, 3559, 0.00, 0.00
2026-7-30, 01:40:28.586030, 27442.75, 27521.75, 27415.00, 27421.25, 7250, 6661, 27450.19, 27452.67, 27468.38, 3620, 3630, 0.00, 0.00
2026-7-30, 02:20:24.144001, 27421.50, 27447.50, 27351.25, 27363.25, 7250, 6640, 27395.88, 27387.33, 27399.38, 3776, 3474, 0.00, 0.00
2026-7-30, 03:01:12.926015, 27363.25, 27524.75, 27337.50, 27514.75, 7250, 6671, 27435.06, 27459.00, 27431.13, 3672, 3578, 0.00, 0.00
2026-7-30, 03:36:43.868000, 27513.00, 27586.00, 27460.50, 27567.75, 7250, 6709, 27531.81, 27538.08, 27523.25, 3666, 3584, 0.00, 0.00
2026-7-30, 04:38:16.433000, 27569.00, 27627.25, 27488.25, 27615.75, 7250, 6353, 27575.06, 27577.08, 27557.75, 3962, 3288, 0.00, 0.00
2026-7-30, 05:29:53.043000, 27615.50, 27686.50, 27606.50, 27666.75, 7250, 6613, 27643.81, 27653.25, 27646.50, 3586, 3664, 0.00, 0.00
2026-7-30, 06:11:31.171000, 27664.50, 27730.00, 27655.25, 27708.75, 7250, 6528, 27689.63, 27698.00, 27692.63, 3695, 3555, 0.00, 0.00
2026-7-30, 06:44:17.491000, 27710.00, 27766.25, 27695.75, 27747.50, 7250, 6462, 27729.88, 27736.50, 27731.00, 3542, 3708, 0.00, 0.00
2026-7-30, 07:17:30.977000, 27747.50, 27787.75, 27714.00, 27775.25, 7250, 6435, 27756.13, 27759.00, 27750.88, 3526, 3724, 0.00, 0.00
2026-7-30, 07:36:59.141000, 27775.25, 27817.75, 27755.00, 27817.75, 7250, 6465, 27791.44, 27796.83, 27786.38, 3571, 3679, 0.00, 0.00
2026-7-30, 07:58:40.013007, 27817.75, 27860.00, 27793.00, 27855.25, 7250, 5826, 27831.50, 27836.08, 27826.50, 3954, 3296, 0.00, 0.00
2026-7-30, 08:06:08.523000, 27855.00, 27876.25, 27827.25, 27855.25, 7250, 5921, 27853.44, 27852.92, 27851.75, 4195, 3055, 0.00, 0.00
2026-7-30, 08:19:14.856001, 27855.00, 27883.25, 27834.75, 27876.25, 6715, 5684, 27862.31, 27864.75, 27859.00, 3290, 3425, 27829.75, 0.00
2026-7-30, 08:30:00.000000, 27877.25, 27891.50, 27835.50, 27878.25, 7250, 6636, 27870.63, 27868.42, 27863.50, 3520, 3730, 0.00, 0.00
2026-7-30, 08:31:11.376000, 27878.25, 27892.00, 27825.50, 27825.50, 7250, 6762, 27855.31, 27847.67, 27858.75, 3699, 3551, 0.00, 0.00
2026-7-30, 08:33:29.121004, 27825.25, 27903.00, 27813.25, 27891.00, 7250, 6936, 27858.13, 27869.08, 27858.13, 3523, 3727, 0.00, 0.00
2026-7-30, 08:35:56.980009, 27891.25, 27919.50, 27847.50, 27881.50, 7250, 6644, 27884.94, 27882.83, 27883.50, 3866, 3384, 0.00, 0.00
2026-7-30, 08:37:59.164000, 27880.50, 27908.25, 27849.75, 27887.00, 7250, 6673, 27881.38, 27881.67, 27879.00, 3847, 3403, 0.00, 0.00
2026-7-30, 08:40:48.837002, 27886.75, 27963.50, 27867.25, 27962.75, 7250, 6835, 27920.06, 27931.17, 27915.38, 3418, 3832, 27862.25, 0.00
2026-7-30, 08:43:58.775000, 27962.75, 28021.75, 27961.00, 28018.75, 7250, 6775, 27991.06, 28000.50, 27991.38, 3510, 3740, 0.00, 0.00
2026-7-30, 08:46:05.009002, 28018.75, 28050.75, 28006.75, 28044.00, 7250, 6460, 28030.06, 28033.83, 28028.75, 3755, 3495, 0.00, 0.00
2026-7-30, 08:49:09.292000, 28043.50, 28114.75, 28040.50, 28113.25, 7250, 5883, 28078.00, 28089.50, 28077.63, 2780, 4470, 0.00, 0.00
2026-7-30, 08:51:09.220004, 28113.25, 28125.50, 28049.00, 28095.50, 7250, 6759, 28095.81, 28090.00, 28087.25, 3685, 3565, 0.00, 0.00
2026-7-30, 08:53:38.301000, 28096.50, 28137.75, 28077.50, 28101.75, 7250, 6748, 28103.38, 28105.67, 28107.63, 3624, 3626, 0.00, 0.00
2026-7-30, 08:56:45.878002, 28101.75, 28162.25, 28091.00, 28139.00, 7250, 6797, 28123.50, 28130.75, 28126.63, 3418, 3832, 0.00, 0.00
2026-7-30, 09:00:07.325000, 28139.25, 28183.75, 28127.75, 28181.75, 7250, 6309, 28158.13, 28164.42, 28155.75, 3028, 4222, 0.00, 0.00
2026-7-30, 09:02:23.935001, 28181.25, 28181.25, 28137.50, 28139.00, 7250, 6940, 28159.75, 28152.58, 28159.38, 3794, 3456, 0.00, 28186.25
2026-7-30, 09:05:38.287002, 28139.00, 28151.50, 28095.00, 28108.25, 7250, 6621, 28123.44, 28118.25, 28123.25, 3975, 3275, 0.00, 0.00
2026-7-30, 09:08:16.032000, 28108.00, 28108.00, 28066.75, 28080.75, 7250, 6756, 28090.88, 28085.17, 28087.38, 3712, 3538, 0.00, 0.00
2026-7-30, 09:11:09.795000, 28080.50, 28116.75, 28068.50, 28100.50, 7250, 6855, 28091.56, 28095.25, 28092.63, 3560, 3690, 0.00, 0.00
2026-7-30, 09:14:50.981000, 28099.50, 28140.00, 28082.50, 28083.00, 7250, 6856, 28101.25, 28101.83, 28111.25, 3681, 3569, 0.00, 0.00
2026-7-30, 09:18:31.947000, 28083.00, 28166.25, 28080.25, 28151.75, 7250, 6841, 28120.31, 28132.75, 28123.25, 3424, 3826, 0.00, 0.00
2026-7-30, 09:22:23.858000, 28149.75, 28175.25, 28136.00, 28161.25, 7250, 6506, 28155.56, 28157.50, 28155.63, 3670, 3580, 0.00, 0.00
2026-7-30, 09:26:32.475000, 28161.00, 28240.00, 28159.00, 28224.50, 7250, 6105, 28196.13, 28207.83, 28199.50, 2790, 4460, 0.00, 0.00
2026-7-30, 09:29:05.052002, 28224.50, 28246.50, 28188.50, 28238.00, 7250, 6870, 28224.38, 28224.33, 28217.50, 3632, 3618, 0.00, 28251.50
2026-7-30, 09:33:00.179001, 28238.00, 28242.75, 28202.50, 28231.00, 7250, 6818, 28228.56, 28225.42, 28222.63, 3794, 3456, 0.00, 0.00
2026-7-30, 09:37:22.594006, 28231.00, 28244.50, 28191.25, 28193.00, 7250, 6746, 28214.94, 28209.58, 28217.88, 3759, 3491, 0.00, 0.00
2026-7-30, 09:43:23.246001, 28193.25, 28196.00, 28151.00, 28171.50, 7250, 6728, 28177.94, 28172.83, 28173.50, 3818, 3432, 0.00, 0.00
2026-7-30, 09:47:23.126001, 28171.50, 28176.25, 28121.25, 28125.00, 7250, 6640, 28148.50, 28140.83, 28148.75, 3907, 3343, 0.00, 0.00
2026-7-30, 09:51:18.711000, 28124.00, 28130.00, 28046.00, 28055.75, 7250, 6662, 28088.94, 28077.25, 28088.00, 3851, 3399, 0.00, 0.00
2026-7-30, 09:55:29.875009, 28055.75, 28082.00, 28022.50, 28082.00, 7250, 6831, 28060.56, 28062.17, 28052.25, 3497, 3753, 28017.50, 0.00
2026-7-30, 09:59:09.255000, 28081.25, 28094.75, 28012.75, 28041.50, 7250, 6749, 28057.56, 28049.67, 28053.75, 3772, 3478, 0.00, 0.00
2026-7-30, 10:02:31.114000, 28042.00, 28122.00, 28035.25, 28107.25, 7250, 6086, 28076.63, 28088.17, 28078.63, 2911, 4339, 0.00, 0.00
2026-7-30, 10:05:54.052000, 28107.50, 28137.75, 28054.75, 28094.75, 7250, 6885, 28098.69, 28095.75, 28096.25, 3574, 3676, 0.00, 0.00
2026-7-30, 10:10:28.231003, 28095.00, 28101.00, 28006.25, 28016.50, 7250, 6457, 28054.69, 28041.25, 28053.63, 4049, 3201, 0.00, 0.00
2026-7-30, 10:15:22.548000, 28016.75, 28076.25, 28013.25, 28042.25, 7250, 6244, 28037.13, 28043.92, 28044.75, 3950, 3300, 0.00, 0.00
2026-7-30, 10:20:21.571000, 28041.50, 28099.50, 28002.75, 28002.75, 7250, 6836, 28036.63, 28035.00, 28051.13, 3697, 3553, 0.00, 0.00
2026-7-30, 10:26:09.583029, 28002.75, 28052.00, 27996.25, 28033.00, 7250, 6668, 28021.00, 28027.08, 28024.13, 3676, 3574, 0.00, 0.00
2026-7-30, 10:31:58.504001, 28033.00, 28089.25, 28028.25, 28045.00, 7250, 6780, 28048.88, 28054.17, 28058.75, 3733, 3517, 0.00, 0.00
2026-7-30, 10:38:07.989000, 28045.00, 28108.50, 28036.50, 28097.25, 7250, 6722, 28071.81, 28080.75, 28072.50, 3611, 3639, 0.00, 0.00
2026-7-30, 10:44:51.663014, 28097.25, 28133.75, 28076.50, 28098.00, 7250, 6890, 28101.38, 28102.75, 28105.13, 3623, 3627, 0.00, 0.00
2026-7-30, 10:51:28.128000, 28098.00, 28131.25, 28049.25, 28105.50, 7250, 6774, 28096.00, 28095.33, 28090.25, 3539, 3711, 0.00, 0.00
2026-7-30, 10:58:19.947000, 28105.00, 28126.75, 28059.00, 28121.25, 7250, 6406, 28103.00, 28102.33, 28092.88, 3429, 3821, 0.00, 0.00
2026-7-30, 11:03:58.035000, 28120.00, 28165.75, 28119.25, 28164.50, 7250, 6546, 28142.38, 28149.83, 28142.50, 3402, 3848, 0.00, 0.00
2026-7-30, 11:11:47.395000, 28164.50, 28192.75, 28163.50, 28171.00, 7250, 6722, 28172.94, 28175.75, 28178.13, 3695, 3555, 0.00, 0.00
2026-7-30, 11:20:07.108001, 28170.50, 28186.25, 28133.00, 28137.50, 7250, 6871, 28156.81, 28152.25, 28159.63, 3742, 3508, 0.00, 0.00
2026-7-30, 11:30:32.580000, 28136.50, 28146.75, 28092.00, 28092.50, 7250, 6905, 28116.94, 28110.42, 28119.38, 3727, 3523, 0.00, 0.00
2026-7-30, 11:40:32.009000, 28091.75, 28107.50, 28054.50, 28102.50, 7250, 6262, 28089.06, 28088.17, 28081.00, 3302, 3948, 0.00, 0.00
2026-7-30, 11:46:26.654000, 28102.00, 28136.50, 28078.25, 28126.50, 7250, 6755, 28110.81, 28113.75, 28107.38, 3349, 3901, 0.00, 0.00
2026-7-30, 11:56:09.886001, 28126.75, 28174.00, 28114.00, 28163.25, 7250, 6850, 28144.50, 28150.42, 28144.00, 3555, 3695, 0.00, 0.00
2026-7-30, 12:05:29.984007, 28163.00, 28189.00, 28153.25, 28188.75, 7250, 6670, 28173.50, 28177.00, 28171.13, 3566, 3684, 0.00, 0.00
2026-7-30, 12:17:16.089001, 28188.75, 28207.75, 28164.25, 28169.50, 7250, 6732, 28182.56, 28180.50, 28186.00, 3729, 3521, 0.00, 0.00
2026-7-30, 12:29:43.872000, 28169.25, 28184.00, 28139.50, 28159.25, 7250, 6758, 28163.00, 28160.92, 28161.75, 3875, 3375, 0.00, 0.00
2026-7-30, 12:41:12.702000, 28159.00, 28208.50, 28159.00, 28187.25, 7250, 6688, 28178.44, 28184.92, 28183.75, 3616, 3634, 0.00, 0.00
2026-7-30, 12:52:26.817000, 28187.25, 28202.25, 28165.50, 28184.00, 7250, 6835, 28184.75, 28183.92, 28183.88, 3843, 3407, 0.00, 0.00
2026-7-30, 13:08:41.111000, 28184.00, 28205.00, 28162.25, 28185.00, 7250, 6796, 28184.06, 28184.08, 28183.63, 3789, 3461, 0.00, 0.00
2026-7-30, 13:22:52.804002, 28185.00, 28199.00, 28158.00, 28165.00, 7250, 6666, 28176.75, 28174.00, 28178.50, 3917, 3333, 0.00, 0.00
2026-7-30, 13:38:48.314000, 28165.25, 28189.50, 28148.50, 28170.75, 7250, 6644, 28168.50, 28169.58, 28169.00, 3680, 3570, 0.00, 0.00
2026-7-30, 13:52:46.469000, 28170.75, 28211.50, 28154.75, 28199.75, 7250, 6392, 28184.19, 28188.67, 28183.13, 3228, 4022, 0.00, 0.00
2026-7-30, 14:02:43.501000, 28199.75, 28267.25, 28191.25, 28267.25, 7250, 6655, 28231.38, 28241.92, 28229.25, 3234, 4016, 0.00, 0.00
2026-7-30, 14:10:10.054060, 28267.25, 28296.50, 28264.50, 28274.25, 7250, 6157, 28275.63, 28278.42, 28280.50, 3344, 3906, 0.00, 0.00
2026-7-30, 14:15:01.100000, 28274.25, 28297.75, 28257.25, 28265.25, 7250, 6677, 28273.63, 28273.42, 28277.50, 3743, 3507, 0.00, 0.00
2026-7-30, 14:22:48.617001, 28265.00, 28273.75, 28235.00, 28245.25, 7250, 6806, 28254.75, 28251.33, 28254.38, 3849, 3401, 0.00, 0.00
2026-7-30, 14:32:30.774002, 28245.25, 28257.25, 28219.75, 28235.50, 7250, 6726, 28239.44, 28237.50, 28238.50, 3803, 3447, 0.00, 0.00
2026-7-30, 14:41:40.384000, 28235.25, 28244.75, 28217.00, 28224.50, 7250, 6741, 28230.38, 28228.75, 28230.88, 4009, 3241, 0.00, 0.00
2026-7-30, 14:50:00.046031, 28224.25, 28239.50, 28207.00, 28214.00, 7250, 6779, 28221.19, 28220.17, 28223.25, 3924, 3326, 0.00, 0.00
2026-7-30, 14:54:39.838000, 28213.75, 28241.00, 28202.50, 28232.50, 7250, 6705, 28222.44, 28225.33, 28221.75, 3527, 3723, 0.00, 0.00
2026-7-30, 14:57:48.821002, 28232.50, 28262.50, 28230.25, 28247.25, 7250, 6382, 28243.13, 28246.67, 28246.38, 3414, 3836, 0.00, 0.00
2026-7-30, 14:59:25.604000, 28246.75, 28255.50, 28219.75, 28219.75, 7250, 6090, 28235.44, 28231.67, 28237.63, 3796, 3454, 0.00, 0.00
2026-7-30, 14:59:56.907021, 28219.75, 28290.00, 28205.50, 28290.00, 7250, 6001, 28251.31, 28261.83, 28247.75, 3409, 3841, 28200.50, 0.00
2026-7-30, 15:01:00.396000, 28290.00, 28367.00, 28286.00, 28312.50, 7250, 6158, 28313.88, 28321.83, 28326.50, 3322, 3928, 0.00, 0.00
2026-7-30, 15:06:27.020001, 28312.50, 28357.25, 28284.00, 28356.00, 7250, 5989, 28327.44, 28332.42, 28320.63, 3115, 4135, 0.00, 0.00
2026-7-30, 15:19:59.883000, 28354.50, 28414.50, 28311.00, 28339.25, 7250, 5958, 28354.81, 28354.92, 28362.75, 3630, 3620, 0.00, 0.00
2026-7-30, 15:35:52.366001, 28339.00, 28413.75, 28300.00, 28405.00, 7250, 6206, 28364.44, 28372.92, 28356.88, 3764, 3486, 0.00, 28418.75
2026-7-30, 17:04:49.695003, 28405.00, 28409.75, 28331.00, 28398.25, 7250, 6592, 28386.00, 28379.67, 28370.38, 3673, 3577, 0.00, 0.00
2026-7-30, 18:01:24.507000, 28398.75, 28445.00, 28362.25, 28414.00, 7250, 6525, 28405.00, 28407.08, 28403.63, 3743, 3507, 0.00, 0.00
2026-7-30, 19:02:32.499000, 28412.50, 28509.75, 28401.50, 28503.50, 7250, 6632, 28456.81, 28471.58, 28455.63, 3309, 3941, 0.00, 0.00
2026-7-30, 19:36:42.332000, 28501.50, 28572.00, 28468.75, 28556.00, 7250, 6650, 28524.56, 28532.25, 28520.38, 3386, 3864, 0.00, 0.00
2026-7-30, 20:25:35.820001, 28556.25, 28571.50, 28441.00, 28460.75, 7250, 6668, 28507.38, 28491.08, 28506.25, 4109, 3141, 0.00, 0.00
2026-7-30, 21:09:20.171000, 28462.25, 28473.25, 28389.50, 28427.75, 7250, 6511, 28438.19, 28430.17, 28431.38, 3669, 3581, 0.00, 0.00
2026-7-30, 22:07:31.782000, 28426.25, 28498.75, 28398.00, 28494.50, 7250, 6784, 28454.38, 28463.75, 28448.38, 3363, 3887, 0.00, 0.00
2026-7-30, 23:24:21.304000, 28495.00, 28585.75, 28493.00, 28571.75, 7250, 6639, 28536.38, 28550.17, 28539.38, 3360, 3890, 0.00, 0.00
2026-7-31, 00:41:08.294001, 28571.75, 28611.75, 28500.00, 28500.25, 7250, 6477, 28545.94, 28537.33, 28555.88, 3655, 3595, 0.00, 0.00
2026-7-31, 01:35:44.812006, 28500.00, 28514.00, 28450.00, 28481.00, 7250, 6258, 28486.25, 28481.67, 28482.00, 3595, 3655, 0.00, 0.00
2026-7-31, 02:05:07.076000, 28480.50, 28584.25, 28480.50, 28570.25, 7250, 6642, 28528.88, 28545.00, 28532.38, 3580, 3670, 0.00, 0.00
2026-7-31, 02:56:42.950000, 28569.75, 28611.00, 28524.75, 28584.00, 7250, 6644, 28572.38, 28573.25, 28567.88, 3569, 3681, 0.00, 0.00
2026-7-31, 03:47:05.249000, 28584.00, 28640.75, 28535.00, 28535.00, 7250, 6188, 28573.69, 28570.25, 28587.88, 3449, 3801, 0.00, 0.00
2026-7-31, 04:38:56.317021, 28535.00, 28591.25, 28519.50, 28568.25, 7250, 6607, 28553.50, 28559.67, 28555.38, 3616, 3634, 0.00, 0.00
2026-7-31, 05:53:47.973001, 28568.50, 28626.00, 28523.00, 28536.50, 7250, 6742, 28563.50, 28561.83, 28574.50, 3639, 3611, 0.00, 0.00
2026-7-31, 06:47:38.952000, 28536.75, 28560.75, 28448.00, 28475.75, 7250, 6547, 28505.31, 28494.83, 28504.38, 3668, 3582, 0.00, 0.00
2026-7-31, 07:24:47.027003, 28475.50, 28506.00, 28432.25, 28459.50, 7250, 6480, 28468.31, 28465.92, 28469.13, 3685, 3565, 0.00, 0.00
2026-7-31, 07:51:18.360002, 28459.75, 28536.25, 28457.75, 28535.75, 7250, 6629, 28497.38, 28509.92, 28497.00, 3644, 3606, 0.00, 0.00
2026-7-31, 08:15:00.147001, 28535.50, 28584.00, 28529.00, 28576.00, 7193, 6579, 28556.13, 28563.00, 28556.50, 3576, 3617, 0.00, 0.00
2026-7-31, 08:30:00.000000, 28576.75, 28615.00, 28542.50, 28611.75, 7250, 6778, 28586.50, 28589.75, 28578.75, 3615, 3635, 0.00, 28620.00
2026-7-31, 08:31:26.981000, 28611.75, 28692.75, 28597.50, 28689.75, 7250, 6663, 28647.94, 28660.00, 28645.13, 3338, 3912, 0.00, 0.00
2026-7-31, 08:33:17.636000, 28689.00, 28725.75, 28675.25, 28708.75, 7250, 6740, 28699.69, 28703.25, 28700.50, 3580, 3670, 0.00, 0.00
2026-7-31, 08:35:43.755000, 28709.75, 28714.75, 28639.75, 28649.00, 7250, 6886, 28678.31, 28667.83, 28677.25, 3782, 3468, 0.00, 0.00
2026-7-31, 08:38:12.268000, 28649.00, 28651.00, 28556.00, 28562.75, 7250, 6687, 28604.69, 28589.92, 28603.50, 3800, 3450, 0.00, 0.00
2026-7-31, 08:39:56.500000, 28562.50, 28578.25, 28501.00, 28511.25, 7250, 6791, 28538.25, 28530.17, 28539.63, 3675, 3575, 0.00, 0.00
2026-7-31, 08:42:26.649000, 28512.00, 28512.75, 28435.25, 28461.25, 7250, 6910, 28480.31, 28469.75, 28474.00, 3657, 3593, 0.00, 0.00
2026-7-31, 08:44:34.223000, 28460.75, 28472.75, 28385.75, 28389.75, 7250, 6879, 28427.25, 28416.08, 28429.25, 3818, 3432, 0.00, 0.00
2026-7-31, 08:46:33.557002, 28389.75, 28419.25, 28341.00, 28341.25, 7250, 6813, 28372.81, 28367.17, 28380.13, 3996, 3254, 0.00, 0.00
2026-7-31, 08:48:41.735002, 28341.25, 28382.75, 28318.00, 28379.25, 7250, 6733, 28355.31, 28360.00, 28350.38, 3665, 3585, 0.00, 0.00
2026-7-31, 08:50:36.819000, 28379.50, 28407.50, 28327.00, 28327.00, 7250, 6827, 28360.25, 28353.83, 28367.25, 3550, 3700, 0.00, 0.00
2026-7-31, 08:53:02.204005, 28326.75, 28364.00, 28295.50, 28336.00, 7250, 6680, 28330.56, 28331.83, 28329.75, 3617, 3633, 0.00, 0.00
2026-7-31, 08:55:14.634001, 28335.75, 28414.50, 28311.25, 28384.00, 7250, 6831, 28361.38, 28369.92, 28362.88, 3464, 3786, 0.00, 0.00
2026-7-31, 08:57:24.025000, 28382.75, 28407.25, 28314.25, 28316.50, 7250, 6598, 28355.19, 28346.00, 28360.75, 3882, 3368, 0.00, 0.00
2026-7-31, 09:01:10.126000, 28317.25, 28339.25, 28264.25, 28283.50, 7250, 6860, 28301.06, 28295.67, 28301.75, 3870, 3380, 0.00, 0.00
2026-7-31, 09:04:07.924002, 28283.50, 28283.50, 28222.00, 28238.75, 7250, 6914, 28256.94, 28248.08, 28252.75, 3824, 3426, 0.00, 0.00
2026-7-31, 09:06:21.942000, 28237.75, 28242.75, 28145.50, 28154.75, 7250, 6794, 28195.19, 28181.00, 28194.13, 4032, 3218, 0.00, 0.00
2026-7-31, 09:08:31.498006, 28155.00, 28174.50, 28102.00, 28132.50, 7250, 6769, 28141.00, 28136.33, 28138.25, 3652, 3598, 0.00, 0.00
2026-7-31, 09:10:38.707001, 28132.75, 28192.00, 28107.25, 28141.50, 7250, 6783, 28143.38, 28146.92, 28149.63, 3526, 3724, 0.00, 0.00
2026-7-31, 09:12:54.289002, 28141.75, 28163.75, 28100.50, 28127.50, 7250, 6898, 28133.38, 28130.58, 28132.13, 3727, 3523, 0.00, 0.00
2026-7-31, 09:15:32.025002, 28127.50, 28161.00, 28079.75, 28138.50, 7250, 6468, 28126.69, 28126.42, 28120.38, 3861, 3389, 0.00, 0.00
2026-7-31, 09:18:01.594000, 28138.25, 28214.50, 28131.00, 28178.50, 7250, 6662, 28165.56, 28174.67, 28172.75, 3538, 3712, 0.00, 0.00
2026-7-31, 09:20:17.712010, 28178.50, 28248.00, 28174.75, 28236.75, 7250, 6820, 28209.50, 28219.83, 28211.38, 3466, 3784, 0.00, 0.00
2026-7-31, 09:23:06.351005, 28236.50, 28238.75, 28163.75, 28183.00, 7250, 6896, 28205.50, 28195.17, 28201.25, 3801, 3449, 0.00, 0.00
2026-7-31, 09:26:31.292003, 28183.25, 28261.25, 28162.50, 28243.50, 7250, 6451, 28212.63, 28222.42, 28211.88, 3221, 4029, 0.00, 0.00
2026-7-31, 09:30:11.581000, 28243.50, 28281.75, 28220.50, 28235.00, 7250, 6910, 28245.19, 28245.75, 28251.13, 3686, 3564, 0.00, 0.00
2026-7-31, 09:33:57.257008, 28235.00, 28292.75, 28211.75, 28278.00, 7250, 7002, 28254.38, 28260.83, 28252.25, 3611, 3639, 0.00, 0.00
2026-7-31, 09:39:06.884000, 28280.25, 28296.00, 28211.75, 28273.75, 7250, 6791, 28265.44, 28260.50, 28253.88, 3658, 3592, 0.00, 0.00
2026-7-31, 09:44:11.588000, 28275.00, 28305.75, 28237.00, 28280.50, 7250, 6473, 28274.56, 28274.42, 28271.38, 3754, 3496, 0.00, 0.00
2026-7-31, 09:48:01.365000, 28280.25, 28345.50, 28271.75, 28331.00, 7250, 6860, 28307.13, 28316.08, 28308.63, 3453, 3797, 0.00, 0.00
2026-7-31, 09:52:42.186004, 28330.75, 28345.50, 28255.25, 28319.00, 7250, 6975, 28312.63, 28306.58, 28300.38, 3768, 3482, 0.00, 0.00
2026-7-31, 09:57:52.888000, 28318.50, 28326.25, 28280.25, 28301.75, 7250, 6457, 28306.69, 28302.75, 28303.25, 4118, 3132, 0.00, 0.00
2026-7-31, 10:02:52.809000, 28301.00, 28342.25, 28270.00, 28272.75, 7250, 6890, 28296.50, 28295.00, 28306.13, 3584, 3666, 28265.00, 0.00
2026-7-31, 10:09:12.898005, 28273.00, 28285.75, 28214.75, 28268.00, 7250, 6939, 28260.38, 28256.17, 28250.25, 3687, 3563, 0.00, 0.00
2026-7-31, 10:13:54.011000, 28268.25, 28339.25, 28236.25, 28256.00, 7250, 6908, 28274.94, 28277.17, 28287.75, 3524, 3726, 0.00, 0.00
2026-7-31, 10:19:01.040003, 28256.00, 28271.75, 28192.50, 28200.25, 7250, 6818, 28230.13, 28221.50, 28232.13, 3739, 3511, 0.00, 0.00
2026-7-31, 10:25:17.200000, 28200.75, 28207.25, 28122.25, 28151.00, 7250, 6676, 28170.31, 28160.17, 28164.75, 3791, 3459, 0.00, 0.00
2026-7-31, 10:29:12.921000, 28150.75, 28179.25, 28135.00, 28140.00, 7250, 7040, 28151.25, 28151.42, 28157.13, 3551, 3699, 0.00, 0.00
2026-7-31, 10:34:02.170003, 28140.00, 28248.25, 28115.50, 28243.50, 7250, 6757, 28186.81, 28202.42, 28181.88, 3459, 3791, 0.00, 0.00
2026-7-31, 10:38:22.828000, 28243.50, 28261.00, 28164.00, 28196.00, 7250, 6904, 28216.13, 28207.00, 28212.50, 3737, 3513, 0.00, 0.00
2026-7-31, 10:43:39.211009, 28196.00, 28225.75, 28164.00, 28211.50, 7250, 7053, 28199.31, 28200.42, 28194.88, 3679, 3571, 0.00, 0.00
2026-7-31, 10:50:31.643004, 28211.50, 28291.00, 28210.25, 28273.75, 7250, 6775, 28246.63, 28258.33, 28250.63, 3330, 3920, 0.00, 0.00
2026-7-31, 10:56:06.012000, 28273.50, 28308.50, 28251.25, 28293.00, 7250, 6525, 28281.56, 28284.25, 28279.88, 3675, 3575, 0.00, 0.00
2026-7-31, 11:02:11.441010, 28293.00, 28307.75, 28243.75, 28272.50, 7250, 6665, 28279.25, 28274.67, 28275.75, 3636, 3614, 0.00, 0.00
2026-7-31, 11:10:35.163000, 28273.00, 28310.25, 28256.00, 28292.75, 7250, 6815, 28283.00, 28286.33, 28283.13, 3514, 3736, 0.00, 0.00
2026-7-31, 11:19:19.344002, 28292.50, 28342.50, 28285.75, 28330.50, 7250, 6860, 28312.81, 28319.58, 28314.13, 3514, 3736, 0.00, 0.00
2026-7-31, 11:28:15.514000, 28331.25, 28388.75, 28327.25, 28378.50, 7250, 6650, 28356.44, 28364.83, 28358.00, 3294, 3956, 0.00, 0.00
2026-7-31, 11:36:03.892000, 28378.00, 28383.75, 28313.75, 28315.25, 7250, 6858, 28347.69, 28337.58, 28348.75, 3922, 3328, 0.00, 0.00
2026-7-31, 11:45:05.460001, 28314.75, 28383.75, 28308.50, 28363.25, 7250, 6884, 28342.56, 28351.83, 28346.13, 3519, 3731, 0.00, 0.00
2026-7-31, 11:55:15.605002, 28363.25, 28409.50, 28352.25, 28392.50, 7250, 6700, 28379.38, 28384.75, 28380.88, 3380, 3870, 0.00, 0.00
2026-7-31, 12:05:10.040000, 28392.25, 28422.00, 28364.75, 28403.25, 7250, 6763, 28395.56, 28396.67, 28393.38, 3468, 3782, 0.00, 0.00
2026-7-31, 12:17:30.284000, 28403.75, 28477.50, 28396.00, 28464.50, 7250, 6667, 28435.44, 28446.00, 28436.75, 3390, 3860, 0.00, 0.00
2026-7-31, 12:27:24.506002, 28464.50, 28490.75, 28449.00, 28486.50, 7250, 6533, 28472.69, 28475.42, 28469.88, 3406, 3844, 0.00, 0.00
2026-7-31, 12:36:10.664000, 28487.25, 28503.00, 28443.25, 28460.25, 7250, 6617, 28473.44, 28468.83, 28473.13, 3706, 3544, 0.00, 0.00
2026-7-31, 12:44:31.515000, 28459.00, 28475.75, 28415.75, 28444.75, 7250, 6727, 28448.81, 28445.42, 28445.75, 3623, 3627, 0.00, 0.00
2026-7-31, 12:53:04.129000, 28447.25, 28459.75, 28414.75, 28420.75, 7250, 6791, 28435.63, 28431.75, 28437.25, 3742, 3508, 0.00, 0.00
2026-7-31, 13:05:38.672000, 28422.50, 28452.25, 28395.25, 28421.50, 7250, 6819, 28422.88, 28423.00, 28423.75, 3800, 3450, 0.00, 0.00
2026-7-31, 13:16:06.259000, 28421.00, 28446.00, 28413.00, 28435.00, 7250, 6933, 28428.75, 28431.33, 28429.50, 3642, 3608, 0.00, 0.00
2026-7-31, 13:30:40.662000, 28435.00, 28448.00, 28415.50, 28439.25, 7250, 6972, 28434.44, 28434.25, 28431.75, 3577, 3673, 0.00, 0.00
2026-7-31, 13:49:23.641012, 28439.25, 28462.00, 28416.50, 28435.75, 7250, 6748, 28438.38, 28438.08, 28439.25, 3737, 3513, 0.00, 0.00
2026-7-31, 14:02:54.774000, 28436.00, 28446.00, 28405.50, 28443.00, 7250, 6757, 28432.63, 28431.50, 28425.75, 3712, 3538, 0.00, 0.00
2026-7-31, 14:17:21.668000, 28444.25, 28498.00, 28441.00, 28463.50, 7250, 6620, 28461.69, 28467.50, 28469.50, 3548, 3702, 0.00, 0.00
2026-7-31, 14:25:16.980000, 28463.75, 28480.50, 28441.75, 28467.50, 7250, 6679, 28463.38, 28463.25, 28461.13, 3837, 3413, 0.00, 0.00
2026-7-31, 14:36:25.568002, 28467.50, 28498.00, 28434.50, 28487.25, 7250, 6777, 28471.81, 28473.25, 28466.25, 3745, 3505, 0.00, 0.00
2026-7-31, 14:45:53.322000, 28487.00, 28518.50, 28476.75, 28478.25, 7250, 6911, 28490.13, 28491.17, 28497.63, 3721, 3529, 0.00, 0.00
2026-7-31, 14:51:31.008005, 28478.25, 28524.00, 28461.75, 28471.00, 7250, 6705, 28483.75, 28485.58, 28492.88, 3763, 3487, 0.00, 0.00
2026-7-31, 14:55:28.862000, 28472.25, 28482.00, 28435.00, 28441.50, 7250, 6742, 28457.69, 28452.83, 28458.50, 3590, 3660, 0.00, 0.00
2026-7-31, 14:59:22.046002, 28441.50, 28445.00, 28390.25, 28390.25, 7250, 6316, 28416.75, 28408.50, 28417.63, 4085, 3165, 0.00, 0.00
2026-7-31, 14:59:56.450150, 28390.25, 28434.25, 28380.00, 28410.50, 7250, 6628, 28403.75, 28408.25, 28407.13, 3754, 3496, 0.00, 0.00
2026-7-31, 15:00:54.115002, 28410.50, 28412.75, 28340.50, 28361.00, 7250, 6414, 28381.19, 28371.42, 28376.63, 3661, 3589, 28335.50, 0.00
2026-7-31, 15:06:09.623002, 28361.00, 28404.00, 28360.00, 28373.75, 7250, 6437, 28374.69, 28379.25, 28382.00, 3768, 3482, 0.00, 0.00
2026-7-31, 15:29:32.362001, 28373.25, 28395.50, 28279.00, 28297.00, 7250, 6150, 28336.19, 28323.83, 28337.25, 3920, 3330, 0.00, 0.00
2026-7-31, 15:59:32.854001, 28295.75, 28297.00, 28258.25, 28287.00, 314, 214, 28284.50, 28280.75, 28277.63, 178, 136, 0.00, 0.00
2026-8-2, 17:00:00.000000, 28565.00, 28641.25, 28549.25, 28620.00, 7250, 6082, 28593.88, 28603.50, 28595.25, 3765, 3485, 0.00, 0.00
2026-8-2, 17:24:21.504000, 28619.00, 28629.25, 28545.00, 28592.25, 7250, 6774, 28596.38, 28588.83, 28587.13, 3674, 3576, 0.00, 0.00
2026-8-2, 18:33:19.989003, 28592.50, 28637.50, 28554.50, 28602.00, 7250, 6922, 28596.63, 28598.00, 28596.00, 3517, 3733, 0.00, 0.00
2026-8-2, 19:10:14.987000, 28600.50, 28630.50, 28537.50, 28601.25, 7250, 6810, 28592.44, 28589.75, 28584.00, 3599, 3651, 0.00, 0.00
2026-8-2, 19:44:39.421007, 28601.50, 28635.00, 28564.25, 28606.00, 7250, 6391, 28601.69, 28601.75, 28599.63, 3461, 3789, 0.00, 0.00
2026-8-2, 20:27:19.317002, 28606.00, 28681.50, 28578.00, 28654.00, 7250, 6563, 28629.88, 28637.83, 28629.75, 3477, 3773, 0.00, 0.00
2026-8-2, 21:26:43.521010, 28654.25, 28698.25, 28633.75, 28657.50, 7250, 6657, 28660.94, 28663.17, 28666.00, 3548, 3702, 0.00, 0.00
2026-8-2, 23:05:13.191000, 28657.75, 28688.50, 28617.00, 28655.25, 7250, 6785, 28654.63, 28653.58, 28652.75, 3605, 3645, 0.00, 0.00
2026-8-3, 01:03:57.556004, 28655.25, 28661.00, 28563.75, 28617.00, 7250, 6622, 28624.25, 28613.92, 28612.38, 3721, 3529, 0.00, 0.00
2026-8-3, 02:10:19.020000, 28618.75, 28634.50, 28526.50, 28536.75, 7250, 6583, 28579.13, 28565.92, 28580.50, 3814, 3436, 0.00, 0.00
2026-8-3, 03:07:30.876001, 28537.00, 28580.00, 28471.75, 28580.00, 7250, 6307, 28542.19, 28543.92, 28525.88, 3553, 3697, 0.00, 0.00
2026-8-3, 03:56:09.894005, 28580.00, 28601.00, 28521.00, 28543.50, 7250, 6463, 28561.38, 28555.17, 28561.00, 3739, 3511, 0.00, 0.00
2026-8-3, 05:09:36.058001, 28543.25, 28547.00, 28465.25, 28486.50, 7250, 6682, 28510.50, 28499.58, 28506.13, 3888, 3362, 0.00, 0.00
2026-8-3, 06:12:45.071000, 28486.50, 28513.00, 28403.50, 28413.00, 7250, 6481, 28454.00, 28443.17, 28458.25, 3784, 3466, 0.00, 0.00
2026-8-3, 06:57:25.275000, 28412.75, 28458.75, 28383.50, 28440.75, 7250, 6667, 28423.94, 28427.67, 28421.13, 3651, 3599, 0.00, 0.00
2026-8-3, 07:25:41.926000, 28443.00, 28491.50, 28421.75, 28460.00, 7250, 6595, 28454.06, 28457.75, 28456.63, 3493, 3757, 0.00, 0.00
2026-8-3, 08:01:04.935000, 28459.75, 28494.25, 28426.00, 28427.00, 7250, 6779, 28451.75, 28449.08, 28460.13, 3865, 3385, 0.00, 0.00
2026-8-3, 08:26:35.487007, 28426.75, 28434.25, 28396.50, 28417.75, 3339, 3065, 28418.81, 28416.17, 28415.38, 1639, 1700, 0.00, 0.00
2026-8-3, 08:30:00.001000, 28419.00, 28435.25, 28350.00, 28367.25, 7250, 6767, 28392.88, 28384.17, 28392.63, 3842, 3408, 0.00, 0.00
2026-8-3, 08:31:01.504000, 28367.50, 28382.25, 28313.50, 28343.25, 7250, 6690, 28351.63, 28346.33, 28347.88, 3585, 3665, 28308.50, 0.00
2026-8-3, 08:33:02.979000, 28342.00, 28428.00, 28324.75, 28415.00, 7250, 6832, 28377.44, 28389.25, 28376.38, 3302, 3948, 28319.75, 0.00
2026-8-3, 08:35:30.115001, 28415.00, 28540.00, 28413.50, 28530.50, 7250, 6792, 28474.75, 28494.67, 28476.75, 3378, 3872, 0.00, 0.00
2026-8-3, 08:37:26.010000, 28532.00, 28536.50, 28464.00, 28514.75, 7250, 6919, 28511.81, 28505.08, 28500.25, 3585, 3665, 0.00, 0.00
2026-8-3, 08:40:06.655000, 28516.25, 28518.00, 28420.00, 28434.75, 7250, 6916, 28472.25, 28457.58, 28469.00, 3805, 3445, 0.00, 0.00
2026-8-3, 08:43:00.701004, 28434.75, 28525.50, 28416.75, 28487.50, 7250, 6737, 28466.13, 28476.58, 28471.13, 3436, 3814, 0.00, 0.00
2026-8-3, 08:46:22.124007, 28487.50, 28539.00, 28443.25, 28500.00, 7250, 6493, 28492.44, 28494.08, 28491.13, 3592, 3658, 0.00, 0.00
2026-8-3, 08:49:12.025000, 28500.75, 28516.50, 28456.50, 28516.00, 7250, 6907, 28497.44, 28496.33, 28486.50, 3611, 3639, 0.00, 0.00
2026-8-3, 08:53:54.572002, 28516.00, 28582.50, 28493.50, 28576.75, 7250, 6780, 28542.19, 28550.92, 28538.00, 3309, 3941, 0.00, 0.00
2026-8-3, 08:57:32.012001, 28577.00, 28628.00, 28571.25, 28602.00, 7250, 6620, 28594.56, 28600.42, 28599.63, 3657, 3593, 0.00, 0.00
2026-8-3, 09:00:58.693000, 28603.00, 28611.00, 28534.50, 28542.50, 7250, 6993, 28572.75, 28562.67, 28572.75, 3941, 3309, 0.00, 0.00
2026-8-3, 09:04:23.772000, 28542.25, 28597.50, 28529.50, 28569.00, 7250, 7012, 28559.56, 28565.33, 28563.50, 3599, 3651, 0.00, 0.00
2026-8-3, 09:09:00.025001, 28569.25, 28616.25, 28562.00, 28593.00, 7250, 7014, 28585.13, 28590.42, 28589.13, 3635, 3615, 0.00, 0.00
2026-8-3, 09:13:20.322003, 28593.00, 28625.25, 28557.50, 28625.25, 7250, 6995, 28600.25, 28602.67, 28591.38, 3543, 3707, 0.00, 0.00
2026-8-3, 09:18:33.027001, 28625.50, 28660.75, 28605.75, 28653.50, 7250, 6788, 28636.38, 28640.00, 28633.25, 3358, 3892, 0.00, 0.00
2026-8-3, 09:23:17.178000, 28654.00, 28680.50, 28638.75, 28655.75, 7250, 6846, 28657.25, 28658.33, 28659.63, 3650, 3600, 0.00, 28685.50
2026-8-3, 09:28:17.873000, 28655.50, 28692.00, 28653.25, 28683.50, 7250, 6714, 28671.06, 28676.25, 28672.63, 3525, 3725, 0.00, 0.00
2026-8-3, 09:33:30.264000, 28683.00, 28725.00, 28671.50, 28723.75, 7250, 6588, 28700.81, 28706.75, 28698.25, 3344, 3906, 0.00, 0.00
2026-8-3, 09:39:13.881000, 28724.00, 28735.00, 28702.50, 28706.75, 7250, 6949, 28717.06, 28714.75, 28718.75, 3763, 3487, 0.00, 0.00
2026-8-3, 09:45:53.554000, 28705.75, 28760.50, 28699.75, 28759.00, 7250, 6789, 28731.25, 28739.75, 28730.13, 3316, 3934, 0.00, 0.00
2026-8-3, 09:51:22.528000, 28759.50, 28798.25, 28755.25, 28779.25, 7250, 6578, 28773.06, 28777.58, 28776.75, 3337, 3913, 0.00, 0.00
2026-8-3, 09:54:49.469007, 28779.00, 28803.75, 28778.00, 28792.75, 7250, 6836, 28788.38, 28791.50, 28790.88, 3533, 3717, 0.00, 0.00
2026-8-3, 10:00:10.622001, 28792.75, 28799.00, 28760.25, 28787.00, 7250, 6649, 28784.75, 28782.08, 28779.63, 3816, 3434, 0.00, 0.00
2026-8-3, 10:07:43.864000, 28786.75, 28790.00, 28747.50, 28770.75, 7250, 6850, 28773.75, 28769.42, 28768.75, 3789, 3461, 0.00, 0.00
2026-8-3, 10:15:50.709000, 28771.00, 28798.75, 28765.25, 28779.25, 7250, 6879, 28778.56, 28781.08, 28782.00, 3554, 3696, 0.00, 0.00
2026-8-3, 10:25:01.628000, 28778.75, 28793.00, 28722.00, 28741.00, 7250, 6841, 28758.69, 28752.00, 28757.50, 4055, 3195, 0.00, 0.00
2026-8-3, 10:30:16.153017, 28741.00, 28780.00, 28740.50, 28749.75, 7250, 6823, 28752.81, 28756.75, 28760.25, 3588, 3662, 0.00, 0.00
2026-8-3, 10:38:00.400000, 28749.00, 28793.50, 28746.25, 28782.00, 7250, 6783, 28767.69, 28773.92, 28769.88, 3397, 3853, 0.00, 0.00
2026-8-3, 10:48:33.574000, 28782.00, 28814.50, 28775.00, 28793.25, 7250, 6809, 28791.19, 28794.25, 28794.75, 3556, 3694, 0.00, 0.00
2026-8-3, 10:58:43.163001, 28793.25, 28820.75, 28782.25, 28810.00, 7250, 6814, 28801.56, 28804.33, 28801.50, 3630, 3620, 0.00, 0.00
2026-8-3, 11:07:52.976001, 28810.00, 28847.25, 28799.50, 28843.75, 7250, 6757, 28825.13, 28830.17, 28823.38, 3555, 3695, 0.00, 0.00
2026-8-3, 11:19:21.081000, 28843.00, 28846.50, 28825.25, 28840.00, 7250, 6469, 28838.69, 28837.25, 28835.88, 3659, 3591, 0.00, 0.00
2026-8-3, 11:30:39.839000, 28839.50, 28844.75, 28811.75, 28827.25, 7250, 6640, 28830.81, 28827.92, 28828.25, 3602, 3648, 0.00, 0.00
2026-8-3, 11:43:49.526000, 28827.75, 28843.75, 28816.50, 28816.75, 7250, 6850, 28826.19, 28825.67, 28830.13, 3696, 3554, 0.00, 0.00
2026-8-3, 12:00:28.596004, 28816.75, 28863.75, 28813.00, 28859.50, 7250, 6826, 28838.25, 28845.42, 28838.38, 3410, 3840, 0.00, 0.00
2026-8-3, 12:14:30.221001, 28859.50, 28881.75, 28855.75, 28880.00, 7250, 6528, 28869.25, 28872.50, 28868.75, 3797, 3453, 0.00, 0.00
2026-8-3, 12:26:49.702002, 28880.00, 28894.00, 28875.00, 28882.00, 7250, 6649, 28882.75, 28883.67, 28884.50, 3624, 3626, 0.00, 0.00
2026-8-3, 12:40:07.749000, 28882.00, 28900.00, 28874.50, 28900.00, 7250, 6571, 28889.13, 28891.50, 28887.25, 3396, 3854, 0.00, 0.00
2026-8-3, 12:55:16.574023, 28900.00, 28933.50, 28899.50, 28930.00, 7250, 6671, 28915.75, 28921.00, 28916.50, 3247, 4003, 0.00, 0.00
2026-8-3, 13:02:36.938000, 28931.00, 28961.75, 28928.75, 28961.50, 7250, 6542, 28945.75, 28950.67, 28945.25, 3359, 3891, 0.00, 0.00
2026-8-3, 13:10:40.446001, 28961.25, 28964.25, 28924.00, 28924.50, 7250, 6706, 28943.50, 28937.58, 28944.13, 3892, 3358, 0.00, 0.00
2026-8-3, 13:20:18.264002, 28924.25, 28934.75, 28890.25, 28895.25, 7250, 6680, 28911.13, 28906.75, 28912.50, 3894, 3356, 0.00, 0.00
2026-8-3, 13:30:04.540006, 28895.25, 28907.00, 28882.75, 28904.75, 7250, 6851, 28897.44, 28898.17, 28894.88, 3611, 3639, 0.00, 0.00
2026-8-3, 13:42:04.947000, 28904.50, 28926.00, 28892.25, 28917.50, 7250, 6946, 28910.06, 28911.92, 28909.13, 3504, 3746, 0.00, 0.00
2026-8-3, 13:54:44.100001, 28917.50, 28943.75, 28904.25, 28922.00, 7250, 6818, 28921.88, 28923.33, 28924.00, 3671, 3579, 0.00, 0.00
2026-8-3, 14:06:00.027001, 28922.00, 28929.50, 28895.00, 28917.50, 7250, 6893, 28916.00, 28914.00, 28912.25, 3632, 3618, 0.00, 0.00
2026-8-3, 14:18:09.552000, 28917.25, 28926.50, 28908.00, 28923.00, 7250, 6775, 28918.69, 28919.17, 28917.25, 3799, 3451, 0.00, 0.00
2026-8-3, 14:30:41.375000, 28923.50, 28924.25, 28899.50, 28908.50, 7250, 6707, 28913.94, 28910.75, 28911.88, 3800, 3450, 0.00, 0.00
2026-8-3, 14:42:50.509001, 28908.50, 28934.00, 28902.00, 28927.75, 7250, 6870, 28918.06, 28921.25, 28918.00, 3485, 3765, 0.00, 0.00
2026-8-3, 14:51:09.884000, 28927.50, 28935.50, 28878.25, 28882.00, 7250, 6846, 28905.81, 28898.58, 28906.88, 4043, 3207, 0.00, 0.00
2026-8-3, 14:55:37.082001, 28882.00, 28904.75, 28865.25, 28890.25, 7250, 6733, 28885.56, 28886.75, 28885.00, 3759, 3491, 0.00, 0.00
2026-8-3, 14:59:13.539002, 28890.25, 28900.00, 28881.25, 28895.50, 7250, 6176, 28891.75, 28892.25, 28890.63, 3530, 3720, 0.00, 0.00
2026-8-3, 14:59:59.194001, 28895.50, 28908.75, 28878.25, 28903.50, 7250, 6553, 28896.50, 28896.83, 28893.50, 3439, 3811, 0.00, 0.00
2026-8-3, 15:08:42.582001, 28903.50, 28945.00, 28903.25, 28922.25, 7250, 6676, 28918.50, 28923.50, 28924.13, 3488, 3762, 0.00, 0.00
2026-8-3, 15:58:29.703000, 28922.25, 28962.25, 28919.00, 28954.75, 7250, 6674, 28939.56, 28945.33, 28940.63, 3720, 3530, 0.00, 0.00
2026-8-3, 18:37:02.913000, 28953.50, 28976.25, 28900.50, 28908.75, 7250, 6675, 28934.75, 28928.50, 28938.38, 3842, 3408, 0.00, 0.00
2026-8-3, 19:27:23.243000, 28908.25, 28912.50, 28852.25, 28858.25, 7250, 6790, 28882.81, 28874.33, 28882.38, 3742, 3508, 0.00, 0.00
2026-8-3, 20:02:43.415001, 28858.25, 28934.75, 28831.75, 28929.50, 7250, 6759, 28888.56, 28898.67, 28883.25, 3339, 3911, 0.00, 0.00
2026-8-3, 20:42:08.114000, 28931.50, 29048.00, 28928.00, 28998.25, 7250, 6567, 28976.44, 28991.42, 28988.00, 3329, 3921, 0.00, 0.00
2026-8-3, 21:08:39.221000, 28998.00, 29001.25, 28942.50, 28970.25, 7250, 6731, 28978.00, 28971.33, 28971.88, 3837, 3413, 0.00, 0.00
2026-8-3, 22:00:02.100000, 28970.75, 29006.25, 28931.75, 28974.50, 7250, 6714, 28970.81, 28970.83, 28969.00, 3710, 3540, 0.00, 0.00
2026-8-3, 23:11:55.508002, 28974.50, 29074.75, 28968.50, 29052.00, 7250, 6870, 29017.44, 29031.75, 29021.63, 3574, 3676, 0.00, 0.00
2026-8-4, 00:51:27.783001, 29052.00, 29100.25, 29042.50, 29095.25, 7250, 6570, 29072.50, 29079.33, 29071.38, 3551, 3699, 0.00, 0.00
2026-8-4, 02:04:04.074001, 29095.25, 29119.25, 29036.50, 29087.50, 7250, 6575, 29084.63, 29081.08, 29077.88, 3641, 3609, 0.00, 0.00
2026-8-4, 02:52:11.952002, 29087.25, 29131.50, 29039.00, 29065.75, 7250, 6567, 29080.88, 29078.75, 29085.25, 3637, 3613, 0.00, 0.00
2026-8-4, 03:48:52.824005, 29065.75, 29089.25, 29007.50, 29064.00, 7250, 6658, 29056.63, 29053.58, 29048.38, 3686, 3564, 0.00, 0.00
2026-8-4, 04:53:21.293000, 29063.00, 29143.00, 29059.25, 29138.25, 7250, 6573, 29100.88, 29113.50, 29101.13, 3420, 3830, 0.00, 0.00
2026-8-4, 05:48:27.583000, 29140.00, 29174.50, 29103.25, 29161.75, 7250, 6526, 29144.88, 29146.50, 29138.88, 3485, 3765, 0.00, 0.00
2026-8-4, 06:39:31.429000, 29162.00, 29245.75, 29150.25, 29235.00, 7250, 6495, 29198.25, 29210.33, 29198.00, 3584, 3666, 0.00, 0.00
2026-8-4, 06:58:58.618000, 29235.00, 29239.75, 29199.00, 29212.00, 7250, 6186, 29221.44, 29216.92, 29219.38, 3904, 3346, 0.00, 0.00
2026-8-4, 07:38:48.250000, 29210.75, 29236.50, 29188.00, 29228.00, 7250, 6809, 29215.81, 29217.50, 29212.25, 3560, 3690, 0.00, 0.00
2026-8-4, 08:18:32.090001, 29228.00, 29282.25, 29220.00, 29220.50, 7250, 6748, 29237.69, 29240.92, 29251.13, 3399, 3851, 0.00, 0.00
2026-8-4, 08:29:23.507000, 29221.25, 29237.50, 29218.50, 29233.75, 572, 544, 29227.75, 29229.92, 29228.00, 260, 312, 0.00, 0.00
2026-8-4, 08:30:00.000000, 29234.75, 29311.25, 29208.25, 29294.75, 7250, 6692, 29262.25, 29271.42, 29259.75, 3369, 3881, 0.00, 0.00
2026-8-4, 08:31:09.760002, 29294.50, 29348.50, 29293.50, 29345.75, 7250, 6875, 29320.56, 29329.25, 29321.00, 3373, 3877, 0.00, 0.00
2026-8-4, 08:33:23.297000, 29345.25, 29409.25, 29345.00, 29405.75, 7250, 6621, 29376.31, 29386.67, 29377.13, 3226, 4024, 0.00, 0.00
2026-8-4, 08:35:33.985003, 29406.00, 29413.00, 29359.00, 29366.75, 7250, 6647, 29386.19, 29379.58, 29386.00, 3718, 3532, 0.00, 29418.00
2026-8-4, 08:37:50.526000, 29368.00, 29415.25, 29353.50, 29407.00, 7250, 6774, 29385.94, 29391.92, 29384.38, 3600, 3650, 0.00, 0.00
2026-8-4, 08:40:17.871002, 29406.75, 29452.75, 29383.75, 29446.50, 7250, 6493, 29422.44, 29427.67, 29418.25, 3456, 3794, 0.00, 0.00
2026-8-4, 08:43:00.068000, 29446.75, 29457.25, 29394.25, 29447.75, 7250, 6848, 29436.50, 29433.08, 29425.75, 3549, 3701, 0.00, 0.00
2026-8-4, 08:45:27.773000, 29448.00, 29461.25, 29427.25, 29443.75, 7250, 6940, 29445.06, 29444.08, 29444.25, 3608, 3642, 0.00, 0.00
2026-8-4, 08:48:55.592002, 29443.75, 29501.25, 29437.00, 29487.50, 7250, 6792, 29467.38, 29475.25, 29469.13, 3321, 3929, 0.00, 0.00
2026-8-4, 08:51:56.970000, 29487.75, 29503.75, 29456.00, 29456.00, 7250, 6765, 29475.88, 29471.92, 29479.88, 3690, 3560, 0.00, 0.00
2026-8-4, 08:56:06.460002, 29456.00, 29469.25, 29425.00, 29467.75, 7250, 6618, 29454.50, 29454.00, 29447.13, 3736, 3514, 0.00, 0.00
2026-8-4, 09:00:00.103001, 29466.25, 29497.75, 29432.00, 29480.00, 7250, 6636, 29469.00, 29469.92, 29464.88, 3646, 3604, 0.00, 0.00
2026-8-4, 09:03:20.135000, 29479.75, 29523.25, 29468.00, 29519.00, 7250, 6741, 29497.50, 29503.42, 29495.63, 3492, 3758, 0.00, 0.00
2026-8-4, 09:07:03.042000, 29519.50, 29533.00, 29503.25, 29515.75, 7250, 6780, 29517.88, 29517.33, 29518.13, 3696, 3554, 0.00, 0.00
2026-8-4, 09:11:37.282001, 29515.75, 29548.25, 29515.75, 29525.75, 7250, 6732, 29526.38, 29529.92, 29532.00, 3509, 3741, 0.00, 0.00
2026-8-4, 09:16:31.421000, 29526.25, 29536.25, 29491.00, 29503.25, 7250, 6796, 29514.19, 29510.17, 29513.63, 3762, 3488, 0.00, 0.00
2026-8-4, 09:20:25.782009, 29503.25, 29522.75, 29484.00, 29521.00, 7250, 6888, 29507.75, 29509.25, 29503.38, 3610, 3640, 0.00, 0.00
2026-8-4, 09:25:16.303001, 29520.75, 29568.50, 29515.25, 29557.00, 7250, 6719, 29540.38, 29546.92, 29541.88, 3252, 3998, 0.00, 0.00
2026-8-4, 09:29:39.676002, 29557.00, 29567.25, 29524.75, 29559.75, 7250, 6842, 29552.19, 29550.58, 29546.00, 3697, 3553, 0.00, 29572.25
2026-8-4, 09:33:23.201001, 29559.75, 29572.75, 29519.00, 29550.50, 7250, 6761, 29550.50, 29547.42, 29545.88, 3706, 3544, 0.00, 0.00
2026-8-4, 09:38:22.125000, 29545.50, 29551.50, 29517.25, 29546.75, 7250, 6829, 29540.25, 29538.50, 29534.38, 3642, 3608, 0.00, 0.00
2026-8-4, 09:44:06.973000, 29547.25, 29561.50, 29528.25, 29539.75, 7250, 6815, 29544.19, 29543.17, 29544.88, 3576, 3674, 0.00, 0.00
2026-8-4, 09:51:53.089000, 29539.50, 29552.00, 29523.50, 29548.00, 7250, 6701, 29540.75, 29541.17, 29537.75, 3896, 3354, 0.00, 0.00
2026-8-4, 09:59:51.177001, 29548.00, 29589.50, 29544.00, 29578.25, 7250, 6590, 29564.94, 29570.58, 29566.75, 3438, 3812, 0.00, 0.00
2026-8-4, 10:05:31.472000, 29578.75, 29609.25, 29566.50, 29608.25, 7250, 6592, 29590.69, 29594.67, 29587.88, 3327, 3923, 0.00, 0.00
2026-8-4, 10:12:29.517001, 29608.25, 29629.25, 29606.00, 29623.50, 7250, 6498, 29616.75, 29619.58, 29617.63, 3549, 3701, 0.00, 0.00
2026-8-4, 10:17:40.345001, 29623.75, 29660.50, 29617.25, 29655.75, 7250, 6862, 29639.31, 29644.50, 29638.88, 3389, 3861, 0.00, 0.00
2026-8-4, 10:23:30.572001, 29655.75, 29663.50, 29634.00, 29636.25, 7250, 6806, 29647.38, 29644.58, 29648.75, 3900, 3350, 0.00, 0.00
2026-8-4, 10:30:40.447001, 29636.50, 29674.50, 29622.00, 29671.75, 7250, 6694, 29651.19, 29656.08, 29648.25, 3496, 3754, 0.00, 0.00
2026-8-4, 10:38:34.298004, 29671.75, 29683.00, 29655.75, 29683.00, 7250, 6818, 29673.38, 29673.92, 29669.38, 3592, 3658, 0.00, 0.00
2026-8-4, 10:45:03.553072, 29683.00, 29696.75, 29676.25, 29692.25, 7250, 6779, 29687.06, 29688.42, 29686.50, 3715, 3535, 0.00, 0.00
2026-8-4, 10:53:19.372000, 29692.00, 29700.00, 29667.50, 29689.50, 7250, 6746, 29687.25, 29685.67, 29683.75, 3778, 3472, 0.00, 0.00
2026-8-4, 11:01:47.783000, 29689.50, 29697.50, 29661.25, 29684.00, 7250, 6766, 29683.06, 29680.92, 29679.38, 3799, 3451, 0.00, 0.00
2026-8-4, 11:13:46.029000, 29683.75, 29717.00, 29673.00, 29713.25, 7250, 6860, 29696.75, 29701.08, 29695.00, 3487, 3763, 0.00, 0.00
2026-8-4, 11:24:00.001002, 29713.25, 29726.00, 29695.00, 29723.50, 7250, 6825, 29714.44, 29714.83, 29710.50, 3711, 3539, 0.00, 0.00
2026-8-4, 11:35:20.579000, 29723.25, 29731.75, 29705.25, 29729.75, 7250, 6767, 29722.50, 29722.25, 29718.50, 3628, 3622, 0.00, 0.00
2026-8-4, 11:45:11.057001, 29729.75, 29744.50, 29728.75, 29737.25, 7250, 6705, 29735.06, 29736.83, 29736.63, 3681, 3569, 0.00, 0.00
2026-8-4, 11:55:27.666000, 29737.75, 29772.50, 29732.00, 29770.50, 7250, 6393, 29753.19, 29758.33, 29752.25, 3394, 3856, 0.00, 0.00
2026-8-4, 12:03:57.963002, 29770.50, 29799.75, 29770.00, 29799.50, 7250, 6538, 29784.94, 29789.75, 29784.88, 3513, 3737, 0.00, 0.00
2026-8-4, 12:12:26.530001, 29799.50, 29805.25, 29780.50, 29788.25, 7250, 6679, 29793.38, 29791.33, 29792.88, 3661, 3589, 0.00, 0.00
2026-8-4, 12:22:59.900001, 29788.25, 29825.75, 29785.50, 29809.75, 7250, 6667, 29802.31, 29807.00, 29805.63, 3414, 3836, 0.00, 0.00
2026-8-4, 12:31:15.746000, 29809.50, 29855.50, 29803.50, 29852.50, 7250, 6546, 29830.25, 29837.17, 29829.50, 3307, 3943, 0.00, 0.00
2026-8-4, 12:41:06.464000, 29852.50, 29893.00, 29850.25, 29892.25, 7250, 6629, 29872.00, 29878.50, 29871.63, 3327, 3923, 0.00, 0.00
2026-8-4, 12:48:45.284003, 29892.25, 29898.75, 29833.50, 29835.50, 7250, 6851, 29865.00, 29855.92, 29866.13, 4015, 3235, 0.00, 29903.75
2026-8-4, 12:55:06.661000, 29834.75, 29865.00, 29808.00, 29851.00, 7250, 6909, 29839.69, 29841.33, 29836.50, 3676, 3574, 0.00, 0.00
2026-8-4, 13:02:14.729004, 29851.00, 29851.00, 29810.00, 29836.00, 7250, 6871, 29837.00, 29832.33, 29830.50, 3729, 3521, 0.00, 0.00
2026-8-4, 13:11:19.212001, 29836.25, 29874.50, 29823.75, 29864.50, 7250, 6692, 29849.75, 29854.25, 29849.13, 3503, 3747, 0.00, 0.00
2026-8-4, 13:21:43.082001, 29864.50, 29893.00, 29858.75, 29872.75, 7250, 6775, 29872.25, 29874.83, 29875.88, 3656, 3594, 0.00, 0.00
2026-8-4, 13:35:13.285013, 29872.75, 29880.00, 29839.75, 29877.25, 7250, 6727, 29867.44, 29865.67, 29859.88, 3780, 3470, 0.00, 0.00
2026-8-4, 13:46:20.586017, 29877.25, 29895.50, 29874.75, 29880.00, 7250, 6836, 29881.88, 29883.42, 29885.13, 3832, 3418, 0.00, 0.00
2026-8-4, 13:59:32.227000, 29880.00, 29925.75, 29877.75, 29905.25, 7250, 6650, 29897.19, 29902.92, 29901.75, 3499, 3751, 0.00, 0.00
2026-8-4, 14:06:11.426000, 29905.50, 29939.25, 29903.50, 29930.25, 7250, 6690, 29919.63, 29924.33, 29921.38, 3453, 3797, 0.00, 0.00
2026-8-4, 14:15:38.044000, 29930.00, 29945.25, 29909.25, 29909.75, 7250, 6675, 29923.56, 29921.42, 29927.25, 3640, 3610, 0.00, 0.00
2026-8-4, 14:25:50.351003, 29909.75, 29916.50, 29888.75, 29915.25, 7250, 6511, 29907.56, 29906.83, 29902.63, 3638, 3612, 0.00, 0.00
2026-8-4, 14:33:30.762000, 29914.75, 29942.00, 29902.50, 29939.75, 7250, 6850, 29924.75, 29928.08, 29922.25, 3595, 3655, 0.00, 0.00
2026-8-4, 14:43:52.492002, 29939.75, 29956.50, 29904.00, 29905.25, 7250, 6637, 29926.38, 29921.92, 29930.25, 3618, 3632, 0.00, 0.00
2026-8-4, 14:50:00.459000, 29907.00, 29912.00, 29885.00, 29901.50, 7250, 6667, 29901.38, 29899.50, 29898.50, 3779, 3471, 0.00, 0.00
2026-8-4, 14:53:20.025000, 29901.75, 29902.50, 29861.25, 29861.75, 7250, 6841, 29881.81, 29875.17, 29881.88, 4020, 3230, 0.00, 0.00
2026-8-4, 14:56:11.275000, 29861.50, 29888.75, 29851.25, 29881.25, 7250, 6912, 29870.69, 29873.75, 29870.00, 3706, 3544, 0.00, 0.00
2026-8-4, 14:59:06.118000, 29881.50, 29894.50, 29860.50, 29861.75, 7250, 6387, 29874.56, 29872.25, 29877.50, 3521, 3729, 0.00, 0.00
2026-8-4, 14:59:52.040006, 29861.75, 29897.25, 29847.50, 29892.00, 7250, 6437, 29874.63, 29878.92, 29872.38, 3302, 3948, 0.00, 0.00
2026-8-4, 15:00:05.998000, 29890.75, 29902.25, 29851.50, 29896.00, 7250, 6402, 29885.13, 29883.25, 29876.88, 3702, 3548, 0.00, 0.00
2026-8-4, 15:05:10.531001, 29897.00, 29949.75, 29814.00, 29816.25, 7250, 6387, 29869.25, 29860.00, 29881.88, 4045, 3205, 0.00, 0.00
2026-8-4, 15:15:41.569002, 29815.75, 29836.00, 29761.25, 29829.75, 7250, 6271, 29810.69, 29809.00, 29798.63, 3846, 3404, 0.00, 0.00
2026-8-4, 15:23:21.751000, 29828.00, 29829.75, 29764.50, 29805.00, 7250, 6722, 29806.81, 29799.75, 29797.13, 4076, 3174, 0.00, 0.00
2026-8-4, 15:46:54.392002, 29805.25, 29844.25, 29776.50, 29823.75, 7250, 6739, 29812.44, 29814.83, 29810.38, 3791, 3459, 0.00, 0.00
2026-8-4, 17:41:32.558000, 29824.25, 29857.25, 29792.25, 29844.75, 7250, 6754, 29829.63, 29831.42, 29824.75, 3540, 3710, 0.00, 0.00
2026-8-4, 18:53:10.555000, 29843.00, 29877.00, 29818.75, 29845.75, 7250, 6762, 29846.13, 29847.17, 29847.88, 3593, 3657, 0.00, 0.00
2026-8-4, 19:43:51.223028, 29845.75, 29862.50, 29797.00, 29835.75, 7250, 6624, 29835.25, 29831.75, 29829.75, 3740, 3510, 0.00, 0.00
2026-8-4, 20:32:55.870000, 29836.25, 29889.25, 29814.25, 29847.00, 7250, 6636, 29846.69, 29850.17, 29851.75, 3422, 3828, 0.00, 0.00
2026-8-4, 21:30:52.027000, 29846.50, 29898.25, 29843.00, 29888.25, 7250, 6843, 29869.00, 29876.50, 29870.63, 3648, 3602, 0.00, 0.00
2026-8-4, 23:13:55.568000, 29886.25, 29949.00, 29859.75, 29928.25, 7250, 6680, 29905.81, 29912.33, 29904.38, 3406, 3844, 0.00, 0.00
2026-8-5, 00:39:05.198000, 29928.50, 29990.00, 29925.50, 29950.75, 7250, 6451, 29948.69, 29955.42, 29957.75, 3677, 3573, 0.00, 0.00
2026-8-5, 01:32:18.782001, 29950.75, 29987.00, 29889.50, 29889.50, 7250, 6632, 29929.19, 29922.00, 29938.25, 3848, 3402, 0.00, 0.00
2026-8-5, 02:35:37.209001, 29889.25, 29926.00, 29819.50, 29821.25, 7250, 6510, 29864.00, 29855.58, 29872.75, 3948, 3302, 0.00, 0.00
2026-8-5, 03:27:20.472000, 29822.25, 29853.75, 29797.75, 29814.25, 7250, 6276, 29822.00, 29821.92, 29825.75, 3772, 3478, 0.00, 0.00
2026-8-5, 04:18:12.462005, 29814.25, 29893.50, 29814.25, 29841.50, 7250, 6521, 29840.88, 29849.75, 29853.88, 3571, 3679, 0.00, 0.00
2026-8-5, 05:14:49.887000, 29842.25, 29921.00, 29834.50, 29908.00, 7250, 6592, 29876.44, 29887.83, 29877.75, 3313, 3937, 0.00, 0.00
2026-8-5, 06:19:27.416000, 29908.50, 29943.50, 29890.50, 29895.75, 7250, 6349, 29909.56, 29909.92, 29917.00, 3615, 3635, 0.00, 0.00
2026-8-5, 07:06:12.757000, 29895.75, 29950.00, 29892.25, 29942.75, 7250, 6204, 29920.19, 29928.33, 29921.13, 3434, 3816, 0.00, 0.00
2026-8-5, 07:38:23.351000, 29943.00, 29949.50, 29908.25, 29909.25, 7250, 6556, 29927.50, 29922.33, 29928.88, 3735, 3515, 0.00, 0.00
2026-8-5, 08:21:15.519001, 29909.00, 29978.50, 29894.75, 29975.25, 5294, 4838, 29939.38, 29949.50, 29936.63, 2432, 2862, 0.00, 0.00
2026-8-5, 08:30:00.000000, 29975.00, 29996.75, 29947.25, 29975.50, 7250, 6152, 29973.63, 29973.17, 29972.00, 3476, 3774, 0.00, 0.00
2026-8-5, 08:31:02.032001, 29975.75, 29991.25, 29935.50, 29981.00, 7250, 6890, 29970.88, 29969.25, 29963.38, 3675, 3575, 0.00, 29996.25
2026-8-5, 08:33:11.061001, 29981.00, 30017.50, 29968.75, 30015.50, 7250, 6781, 29995.69, 30000.58, 29993.13, 3443, 3807, 0.00, 0.00
2026-8-5, 08:35:51.026001, 30015.50, 30023.50, 29910.25, 29939.00, 7250, 6747, 29972.06, 29957.58, 29966.88, 3916, 3334, 0.00, 0.00
2026-8-5, 08:37:56.516000, 29938.50, 30032.50, 29936.75, 30004.25, 7250, 6822, 29978.00, 29991.17, 29984.63, 3359, 3891, 0.00, 0.00
2026-8-5, 08:40:14.682000, 30004.25, 30046.50, 29982.50, 30043.50, 7250, 6799, 30019.19, 30024.17, 30014.50, 3523, 3727, 0.00, 0.00
2026-8-5, 08:43:32.840000, 30044.50, 30074.00, 30017.25, 30044.00, 7250, 6661, 30044.94, 30045.08, 30045.63, 3690, 3560, 0.00, 0.00
2026-8-5, 08:46:27.904000, 30044.00, 30070.25, 30005.00, 30016.00, 7250, 6595, 30033.81, 30030.42, 30037.63, 3778, 3472, 0.00, 0.00
2026-8-5, 08:50:12.305003, 30016.00, 30035.50, 29984.00, 30026.50, 7250, 6806, 30015.50, 30015.33, 30009.75, 3793, 3457, 0.00, 0.00
2026-8-5, 08:53:31.058000, 30027.25, 30037.00, 29967.75, 30008.50, 7250, 6873, 30010.13, 30004.42, 30002.38, 3793, 3457, 0.00, 0.00
2026-8-5, 08:57:26.329000, 30009.00, 30058.50, 29958.00, 29958.50, 7250, 6676, 29996.00, 29991.67, 30008.25, 3684, 3566, 0.00, 0.00
2026-8-5, 09:01:35.229000, 29959.25, 29972.50, 29918.50, 29944.50, 7250, 6923, 29948.69, 29945.17, 29945.50, 3747, 3503, 0.00, 0.00
2026-8-5, 09:04:20.629000, 29945.00, 30015.25, 29929.50, 29997.50, 7250, 6943, 29971.81, 29980.75, 29972.38, 3621, 3629, 0.00, 0.00
2026-8-5, 09:07:33.940002, 29997.50, 30029.50, 29969.00, 29990.50, 7250, 6901, 29996.63, 29996.33, 29999.25, 3625, 3625, 0.00, 0.00
2026-8-5, 09:13:04.593000, 29990.00, 30026.00, 29962.00, 29962.25, 7250, 6815, 29985.06, 29983.42, 29994.00, 3716, 3534, 0.00, 0.00
2026-8-5, 09:20:03.997000, 29962.75, 29977.75, 29901.25, 29923.25, 7250, 6911, 29941.25, 29934.08, 29939.50, 3891, 3359, 0.00, 0.00
2026-8-5, 09:24:02.362000, 29923.00, 29989.25, 29917.00, 29950.00, 7250, 7018, 29944.81, 29952.08, 29953.13, 3635, 3615, 0.00, 0.00
2026-8-5, 09:27:48.566000, 29950.50, 29958.25, 29871.75, 29887.50, 7250, 6810, 29917.00, 29905.83, 29915.00, 3910, 3340, 0.00, 0.00
2026-8-5, 09:31:06.847000, 29887.75, 29910.00, 29853.25, 29884.00, 7250, 6978, 29883.75, 29882.42, 29881.63, 3649, 3601, 0.00, 0.00
2026-8-5, 09:35:01.022000, 29883.75, 29914.00, 29841.00, 29870.00, 7250, 6773, 29877.19, 29875.00, 29877.50, 3881, 3369, 0.00, 0.00
2026-8-5, 09:39:06.680001, 29870.00, 29878.25, 29824.75, 29849.00, 7250, 6773, 29855.50, 29850.67, 29851.50, 3648, 3602, 0.00, 0.00
2026-8-5, 09:42:07.357002, 29849.00, 29886.25, 29830.00, 29876.75, 7250, 6761, 29860.50, 29864.33, 29858.13, 3537, 3713, 0.00, 0.00
2026-8-5, 09:46:49.392048, 29876.75, 29905.50, 29849.25, 29853.00, 7250, 6597, 29871.13, 29869.25, 29877.38, 3598, 3652, 0.00, 0.00
2026-8-5, 09:51:25.442008, 29853.25, 29865.25, 29788.00, 29795.25, 7250, 6365, 29825.44, 29816.17, 29826.63, 3783, 3467, 0.00, 0.00
2026-8-5, 09:54:12.324007, 29795.25, 29863.25, 29792.00, 29853.75, 7250, 6443, 29826.06, 29836.33, 29827.63, 3635, 3615, 0.00, 0.00
2026-8-5, 09:58:10.022000, 29854.50, 29881.25, 29830.00, 29835.75, 7250, 6847, 29850.38, 29849.00, 29855.63, 3689, 3561, 0.00, 0.00
2026-8-5, 10:03:58.255002, 29835.75, 29886.25, 29826.00, 29872.75, 7250, 6882, 29855.19, 29861.67, 29856.13, 3435, 3815, 0.00, 0.00
2026-8-5, 10:10:04.916000, 29872.00, 29890.75, 29817.75, 29819.75, 7250, 6852, 29850.06, 29842.75, 29854.25, 3775, 3475, 0.00, 0.00
2026-8-5, 10:16:00.085000, 29819.50, 29825.25, 29763.50, 29815.25, 7250, 6659, 29805.88, 29801.33, 29794.38, 3801, 3449, 0.00, 0.00
2026-8-5, 10:19:18.369001, 29815.25, 29847.50, 29809.25, 29811.00, 7250, 6673, 29820.75, 29822.58, 29828.38, 3596, 3654, 0.00, 0.00
2026-8-5, 10:25:05.668000, 29810.75, 29856.50, 29794.25, 29854.00, 7250, 6752, 29828.88, 29834.92, 29825.38, 3535, 3715, 0.00, 0.00
2026-8-5, 10:31:35.884001, 29854.00, 29860.75, 29813.00, 29820.75, 7250, 6965, 29837.13, 29831.50, 29836.88, 3573, 3677, 0.00, 0.00
2026-8-5, 10:41:39.026000, 29819.75, 29841.75, 29788.00, 29797.25, 7250, 6959, 29811.69, 29809.00, 29814.88, 3682, 3568, 0.00, 0.00
2026-8-5, 10:50:56.515000, 29798.25, 29801.75, 29728.00, 29730.00, 7250, 6222, 29764.50, 29753.25, 29764.88, 3830, 3420, 0.00, 0.00
2026-8-5, 10:57:11.027005, 29730.00, 29764.75, 29713.25, 29722.50, 7250, 6326, 29732.63, 29733.50, 29739.00, 3565, 3685, 0.00, 0.00
2026-8-5, 11:02:20.683001, 29722.00, 29766.00, 29703.25, 29706.50, 7250, 6807, 29724.44, 29725.25, 29734.63, 3580, 3670, 0.00, 0.00
2026-8-5, 11:09:29.075000, 29707.00, 29761.50, 29702.00, 29748.25, 7250, 6703, 29729.69, 29737.25, 29731.75, 3549, 3701, 0.00, 0.00
2026-8-5, 11:18:27.547000, 29748.25, 29795.25, 29732.25, 29771.75, 7250, 6670, 29761.88, 29766.42, 29763.75, 3503, 3747, 0.00, 0.00
2026-8-5, 11:24:31.185001, 29771.75, 29839.75, 29759.50, 29807.75, 7250, 6756, 29794.69, 29802.33, 29799.63, 3362, 3888, 0.00, 0.00
2026-8-5, 11:31:09.247002, 29807.75, 29821.00, 29770.00, 29819.00, 7250, 6687, 29804.44, 29803.33, 29795.50, 3711, 3539, 0.00, 0.00
2026-8-5, 11:41:24.963002, 29819.00, 29826.25, 29778.50, 29814.50, 7250, 6801, 29809.56, 29806.42, 29802.38, 3605, 3645, 0.00, 0.00
2026-8-5, 11:54:32.368000, 29814.25, 29822.50, 29753.75, 29779.75, 7250, 6714, 29792.56, 29785.33, 29788.13, 3711, 3539, 0.00, 0.00
2026-8-5, 12:07:39.302000, 29779.25, 29784.25, 29744.25, 29761.50, 7250, 6894, 29767.31, 29763.33, 29764.25, 3530, 3720, 0.00, 0.00
2026-8-5, 12:22:09.004001, 29761.50, 29782.00, 29738.75, 29766.25, 7250, 6639, 29762.13, 29762.33, 29760.38, 3672, 3578, 0.00, 0.00
2026-8-5, 12:36:10.105001, 29766.25, 29779.25, 29734.25, 29760.00, 7250, 6528, 29759.94, 29757.83, 29756.75, 3521, 3729, 0.00, 0.00
2026-8-5, 12:52:48.561001, 29760.00, 29788.50, 29745.00, 29757.75, 7250, 6694, 29762.81, 29763.75, 29766.75, 3439, 3811, 0.00, 0.00
2026-8-5, 13:08:05.641001, 29757.75, 29784.50, 29754.50, 29776.00, 7250, 6815, 29768.19, 29771.67, 29769.50, 3406, 3844, 0.00, 0.00
2026-8-5, 13:26:58.419001, 29775.75, 29778.50, 29727.25, 29735.50, 7250, 6827, 29754.25, 29747.08, 29752.88, 3592, 3658, 0.00, 0.00
2026-8-5, 13:41:36.762002, 29735.50, 29765.00, 29722.75, 29734.50, 7250, 6791, 29739.44, 29740.75, 29743.88, 3542, 3708, 0.00, 0.00
2026-8-5, 13:59:06.259000, 29735.25, 29778.25, 29718.50, 29768.00, 7250, 6829, 29750.00, 29754.92, 29748.38, 3533, 3717, 0.00, 0.00
2026-8-5, 14:11:52.776003, 29768.00, 29779.25, 29753.75, 29769.00, 7250, 6841, 29767.50, 29767.33, 29766.50, 3676, 3574, 0.00, 0.00
2026-8-5, 14:27:50.810002, 29769.00, 29770.25, 29711.75, 29717.25, 7250, 6502, 29742.06, 29733.08, 29741.00, 3870, 3380, 0.00, 0.00
2026-8-5, 14:39:13.859002, 29717.25, 29734.25, 29689.75, 29707.00, 7250, 6711, 29712.06, 29710.33, 29712.00, 3873, 3377, 0.00, 0.00
2026-8-5, 14:49:13.876000, 29706.25, 29735.00, 29695.75, 29699.00, 7250, 7051, 29709.00, 29709.92, 29715.38, 3700, 3550, 0.00, 0.00
2026-8-5, 14:55:40.133002, 29699.00, 29699.50, 29653.25, 29662.00, 7250, 6518, 29678.44, 29671.58, 29676.38, 3922, 3328, 0.00, 0.00
2026-8-5, 14:59:13.656001, 29661.75, 29666.50, 29592.75, 29594.50, 7250, 6332, 29628.88, 29617.92, 29629.63, 3723, 3527, 0.00, 0.00
2026-8-5, 14:59:56.023003, 29594.50, 29615.50, 29575.75, 29600.50, 7250, 6273, 29596.56, 29597.25, 29595.63, 3837, 3413, 0.00, 0.00
2026-8-5, 15:01:41.383002, 29600.50, 29614.75, 29536.75, 29543.50, 7250, 6134, 29573.88, 29565.00, 29575.75, 4135, 3115, 0.00, 0.00
2026-8-5, 15:05:26.403002, 29543.50, 29603.75, 29530.75, 29595.75, 7250, 6001, 29568.44, 29576.75, 29567.25, 3651, 3599, 0.00, 0.00
2026-8-5, 15:13:31.561001, 29595.75, 29618.25, 29561.75, 29584.25, 7250, 6207, 29590.00, 29588.08, 29590.00, 3562, 3688, 0.00, 0.00
2026-8-5, 15:39:59.397001, 29584.00, 29659.25, 29563.50, 29655.00, 7250, 6455, 29615.44, 29625.92, 29611.38, 3462, 3788, 0.00, 0.00
2026-8-5, 17:33:00.464006, 29655.25, 29679.50, 29582.25, 29588.50, 7250, 6607, 29626.38, 29616.75, 29630.88, 3854, 3396, 0.00, 0.00
2026-8-5, 18:37:27.430016, 29588.50, 29608.25, 29546.75, 29604.50, 7250, 6697, 29587.00, 29586.50, 29577.50, 3482, 3768, 0.00, 0.00
2026-8-5, 19:25:05.589001, 29604.50, 29607.00, 29503.00, 29510.50, 7250, 6776, 29556.25, 29540.17, 29555.00, 3798, 3452, 0.00, 0.00
2026-8-5, 20:12:24.495002, 29510.50, 29525.00, 29454.25, 29515.00, 7250, 6637, 29501.19, 29498.08, 29489.63, 3551, 3699, 0.00, 0.00
2026-8-5, 20:50:35.295002, 29515.00, 29606.00, 29490.75, 29601.75, 7250, 6795, 29553.38, 29566.17, 29548.38, 3230, 4020, 0.00, 0.00
2026-8-5, 21:43:41.757000, 29601.50, 29621.00, 29525.00, 29566.00, 7250, 6795, 29578.38, 29570.67, 29573.00, 3552, 3698, 0.00, 0.00
2026-8-5, 22:49:11.769000, 29566.00, 29600.00, 29535.50, 29581.50, 7250, 6762, 29570.75, 29572.33, 29567.75, 3641, 3609, 0.00, 0.00
2026-8-6, 00:28:25.216000, 29581.75, 29583.75, 29485.00, 29526.00, 7250, 6703, 29544.13, 29531.58, 29534.38, 3719, 3531, 0.00, 0.00
2026-8-6, 01:30:53.700005, 29525.75, 29563.00, 29486.25, 29522.00, 7250, 6809, 29524.25, 29523.75, 29524.63, 3398, 3852, 0.00, 0.00
2026-8-6, 02:46:35.359000, 29523.00, 29538.25, 29443.75, 29512.50, 7250, 6712, 29504.38, 29498.17, 29491.00, 3742, 3508, 0.00, 0.00
2026-8-6, 03:39:28.054000, 29512.25, 29533.75, 29437.50, 29526.00, 7250, 6555, 29502.38, 29499.08, 29485.63, 3342, 3908, 0.00, 0.00
2026-8-6, 05:03:48.656001, 29525.75, 29525.75, 29378.00, 29398.00, 7250, 6375, 29456.88, 29433.92, 29451.88, 3947, 3303, 0.00, 0.00
2026-8-6, 06:04:59.707000, 29398.50, 29503.75, 29364.75, 29493.25, 7250, 6424, 29440.06, 29453.92, 29434.25, 3314, 3936, 0.00, 0.00
2026-8-6, 06:35:09.136003, 29493.25, 29516.50, 29423.25, 29439.75, 7250, 6516, 29468.19, 29459.83, 29469.88, 3388, 3862, 0.00, 0.00
2026-8-6, 07:06:45.810000, 29440.00, 29462.50, 29387.50, 29459.25, 7250, 6291, 29437.31, 29436.42, 29425.00, 3525, 3725, 0.00, 0.00
2026-8-6, 07:36:10.347000, 29461.00, 29463.50, 29361.25, 29363.00, 7250, 6769, 29412.19, 29395.92, 29412.38, 3784, 3466, 0.00, 0.00
2026-8-6, 08:07:41.829000, 29362.50, 29369.00, 29333.25, 29342.25, 7250, 6647, 29351.75, 29348.17, 29351.13, 3790, 3460, 0.00, 0.00
2026-8-6, 08:25:20.724000, 29342.00, 29355.00, 29326.25, 29334.50, 3280, 3017, 29339.44, 29338.58, 29340.63, 1713, 1567, 0.00, 0.00
2026-8-6, 08:30:00.001000, 29335.00, 29373.75, 29301.25, 29308.50, 7250, 6771, 29329.63, 29327.83, 29337.50, 3764, 3486, 0.00, 0.00
2026-8-6, 08:31:37.049000, 29307.50, 29320.50, 29241.25, 29271.50, 7250, 6551, 29285.19, 29277.75, 29280.88, 3863, 3387, 0.00, 0.00
2026-8-6, 08:33:30.653002, 29271.50, 29371.75, 29261.50, 29345.75, 7250, 6640, 29312.63, 29326.33, 29316.63, 3341, 3909, 0.00, 0.00
2026-8-6, 08:35:33.558000, 29347.00, 29439.50, 29323.25, 29427.00, 7250, 6449, 29384.19, 29396.58, 29381.38, 3200, 4050, 0.00, 0.00
2026-8-6, 08:37:13.947000, 29426.50, 29448.50, 29382.25, 29400.25, 7250, 6656, 29414.38, 29410.33, 29415.38, 3631, 3619, 0.00, 0.00
2026-8-6, 08:39:50.062000, 29400.00, 29459.00, 29376.00, 29445.25, 7250, 6794, 29420.06, 29426.75, 29417.50, 3349, 3901, 0.00, 0.00
2026-8-6, 08:42:24.539000, 29445.50, 29481.50, 29412.25, 29477.50, 7250, 6880, 29454.19, 29457.08, 29446.88, 3390, 3860, 0.00, 0.00
2026-8-6, 08:45:41.020000, 29476.50, 29526.50, 29447.50, 29525.25, 7250, 6824, 29493.94, 29499.75, 29487.00, 3439, 3811, 0.00, 0.00
2026-8-6, 08:48:42.858000, 29525.25, 29551.00, 29505.25, 29542.00, 7250, 6853, 29530.88, 29532.75, 29528.13, 3533, 3717, 0.00, 0.00
2026-8-6, 08:52:17.177001, 29542.00, 29543.75, 29486.50, 29520.50, 7250, 6965, 29523.19, 29516.92, 29515.13, 3752, 3498, 0.00, 0.00
2026-8-6, 08:56:03.251001, 29520.50, 29538.75, 29488.50, 29526.25, 7250, 6813, 29518.50, 29517.83, 29513.63, 3584, 3666, 0.00, 0.00
2026-8-6, 08:59:54.049001, 29526.25, 29558.50, 29497.50, 29514.50, 7250, 6954, 29524.19, 29523.50, 29528.00, 3578, 3672, 0.00, 0.00
2026-8-6, 09:03:18.594000, 29516.25, 29578.25, 29488.00, 29575.00, 7250, 6800, 29539.38, 29547.08, 29533.13, 3497, 3753, 0.00, 0.00
2026-8-6, 09:07:17.067016, 29575.00, 29613.00, 29555.00, 29611.00, 7250, 6847, 29588.50, 29593.00, 29584.00, 3438, 3812, 0.00, 0.00
2026-8-6, 09:11:35.493000, 29611.00, 29620.25, 29586.75, 29617.50, 7250, 6832, 29608.88, 29608.17, 29603.50, 3649, 3601, 0.00, 0.00
2026-8-6, 09:16:24.374000, 29617.25, 29656.25, 29606.25, 29642.50, 7250, 6734, 29630.56, 29635.00, 29631.25, 3556, 3694, 0.00, 0.00
2026-8-6, 09:21:12.877000, 29642.00, 29667.00, 29595.75, 29609.25, 7250, 6845, 29628.50, 29624.00, 29631.38, 3711, 3539, 0.00, 0.00
2026-8-6, 09:26:03.591000, 29608.75, 29613.50, 29564.75, 29589.50, 7250, 6801, 29594.13, 29589.25, 29589.13, 3598, 3652, 0.00, 0.00
2026-8-6, 09:30:01.050003, 29589.00, 29638.75, 29576.00, 29634.75, 7250, 6815, 29609.63, 29616.50, 29607.38, 3454, 3796, 0.00, 0.00
2026-8-6, 09:34:45.928000, 29634.75, 29650.75, 29560.25, 29560.25, 7250, 6891, 29601.50, 29590.42, 29605.50, 3760, 3490, 0.00, 0.00
2026-8-6, 09:39:30.237001, 29560.25, 29622.25, 29545.25, 29610.25, 7250, 6775, 29584.50, 29592.58, 29583.75, 3589, 3661, 0.00, 0.00
2026-8-6, 09:44:18.244003, 29610.25, 29611.75, 29533.75, 29564.75, 7250, 6771, 29580.13, 29570.08, 29572.75, 3814, 3436, 0.00, 0.00
2026-8-6, 09:49:52.279000, 29564.50, 29619.00, 29548.50, 29610.25, 7250, 6858, 29585.56, 29592.58, 29583.75, 3437, 3813, 0.00, 0.00
2026-8-6, 09:56:10.540000, 29610.75, 29677.50, 29602.50, 29654.00, 7250, 6824, 29636.19, 29644.67, 29640.00, 3380, 3870, 0.00, 0.00
2026-8-6, 10:01:37.514003, 29654.00, 29663.00, 29598.75, 29659.25, 7250, 6629, 29643.75, 29640.33, 29630.88, 3710, 3540, 0.00, 0.00
2026-8-6, 10:07:46.110000, 29658.75, 29686.25, 29645.25, 29657.50, 7250, 6712, 29661.94, 29663.00, 29665.75, 3547, 3703, 0.00, 0.00
2026-8-6, 10:13:59.782001, 29657.50, 29663.25, 29581.25, 29584.00, 7250, 6814, 29621.50, 29609.50, 29622.25, 3746, 3504, 0.00, 0.00
2026-8-6, 10:19:55.719007, 29584.00, 29605.75, 29564.25, 29599.25, 7250, 6744, 29588.31, 29589.75, 29585.00, 3483, 3767, 0.00, 0.00
2026-8-6, 10:26:14.295005, 29599.25, 29628.00, 29568.00, 29577.50, 7250, 6775, 29593.19, 29591.17, 29598.00, 3620, 3630, 0.00, 0.00
2026-8-6, 10:33:45.832000, 29577.50, 29582.25, 29540.25, 29579.75, 7250, 6815, 29569.94, 29567.42, 29561.25, 3619, 3631, 0.00, 0.00
2026-8-6, 10:40:43.349000, 29579.50, 29594.75, 29530.75, 29593.75, 7250, 6884, 29574.69, 29573.08, 29562.75, 3499, 3751, 0.00, 0.00
2026-8-6, 10:48:21.372003, 29593.75, 29624.50, 29543.25, 29544.50, 7250, 6720, 29576.50, 29570.75, 29583.88, 3819, 3431, 0.00, 0.00
2026-8-6, 10:53:44.340000, 29544.75, 29559.50, 29515.75, 29536.50, 7250, 6848, 29539.13, 29537.25, 29537.63, 3703, 3547, 0.00, 0.00
2026-8-6, 10:58:37.373000, 29535.75, 29542.50, 29480.50, 29508.00, 7250, 6848, 29516.69, 29510.33, 29511.50, 3620, 3630, 0.00, 0.00
2026-8-6, 11:03:45.221001, 29507.75, 29542.75, 29478.25, 29518.00, 7250, 6937, 29511.69, 29513.00, 29510.50, 3473, 3777, 0.00, 0.00
2026-8-6, 11:11:16.755000, 29518.00, 29520.25, 29452.75, 29478.25, 7250, 6852, 29492.31, 29483.75, 29486.50, 3758, 3492, 0.00, 0.00
2026-8-6, 11:18:17.131005, 29478.50, 29504.50, 29448.50, 29472.25, 7250, 6848, 29475.94, 29475.08, 29476.50, 3547, 3703, 0.00, 0.00
2026-8-6, 11:26:00.159000, 29471.50, 29507.00, 29462.25, 29486.25, 7250, 6886, 29481.75, 29485.17, 29484.63, 3426, 3824, 0.00, 0.00
2026-8-6, 11:35:22.627000, 29485.50, 29527.25, 29467.25, 29489.25, 7250, 6888, 29492.31, 29494.58, 29497.25, 3573, 3677, 0.00, 0.00
2026-8-6, 11:45:34.192000, 29489.25, 29533.50, 29468.50, 29527.25, 7250, 6954, 29504.63, 29509.75, 29501.00, 3534, 3716, 0.00, 0.00
2026-8-6, 11:56:53.801000, 29526.25, 29574.25, 29520.25, 29560.00, 7250, 6871, 29545.19, 29551.50, 29547.25, 3383, 3867, 0.00, 0.00
2026-8-6, 12:06:44.594000, 29560.25, 29567.25, 29512.25, 29543.75, 7250, 6836, 29545.88, 29541.08, 29539.75, 3548, 3702, 0.00, 0.00
2026-8-6, 12:19:42.919000, 29544.00, 29551.50, 29518.75, 29532.00, 7250, 6880, 29536.56, 29534.08, 29535.13, 3596, 3654, 0.00, 0.00
2026-8-6, 12:36:46.811000, 29532.50, 29538.25, 29493.75, 29514.25, 7250, 6820, 29519.69, 29515.42, 29516.00, 3595, 3655, 0.00, 0.00
2026-8-6, 12:51:46.759000, 29514.75, 29538.00, 29507.25, 29522.50, 7250, 6721, 29520.63, 29522.58, 29522.63, 3414, 3836, 0.00, 0.00
2026-8-6, 13:07:20.712000, 29523.25, 29572.00, 29498.50, 29571.75, 7250, 6869, 29541.38, 29547.42, 29535.25, 3547, 3703, 0.00, 0.00
2026-8-6, 13:17:07.929001, 29571.75, 29575.50, 29547.25, 29553.75, 7250, 6832, 29562.06, 29558.83, 29561.38, 3535, 3715, 0.00, 0.00
2026-8-6, 13:32:24.005001, 29553.75, 29557.25, 29500.50, 29526.75, 7250, 6851, 29534.56, 29528.17, 29528.88, 3599, 3651, 0.00, 0.00
2026-8-6, 13:48:19.795000, 29526.25, 29555.00, 29506.00, 29555.00, 7250, 6850, 29535.56, 29538.67, 29530.50, 3427, 3823, 0.00, 0.00
2026-8-6, 14:04:24.137000, 29555.00, 29570.25, 29525.75, 29530.00, 7250, 6939, 29545.25, 29542.00, 29548.00, 3535, 3715, 0.00, 0.00
2026-8-6, 14:18:08.128000, 29529.50, 29551.25, 29494.50, 29494.50, 7250, 6863, 29517.44, 29513.42, 29522.88, 3613, 3637, 0.00, 0.00
2026-8-6, 14:30:08.784000, 29494.75, 29545.50, 29489.25, 29497.00, 7250, 6934, 29506.63, 29510.58, 29517.38, 3646, 3604, 0.00, 0.00
2026-8-6, 14:44:17.158001, 29497.00, 29511.50, 29475.00, 29478.50, 7250, 6812, 29490.50, 29488.33, 29493.25, 3624, 3626, 0.00, 0.00
2026-8-6, 14:53:28.040045, 29478.50, 29536.25, 29478.50, 29519.50, 7250, 6972, 29503.19, 29511.42, 29507.38, 3254, 3996, 0.00, 0.00
2026-8-6, 14:58:34.004000, 29519.25, 29521.00, 29478.00, 29495.75, 7250, 6528, 29503.50, 29498.25, 29499.50, 3532, 3718, 0.00, 0.00
2026-8-6, 14:59:57.063001, 29495.75, 29550.00, 29493.25, 29540.75, 7250, 6479, 29519.94, 29528.00, 29521.63, 3521, 3729, 0.00, 0.00
2026-8-6, 15:04:40.624003, 29540.50, 29552.00, 29480.75, 29500.00, 7250, 6404, 29518.31, 29510.92, 29516.38, 3739, 3511, 0.00, 0.00
2026-8-6, 15:33:06.902000, 29500.75, 29581.75, 29480.25, 29566.00, 7250, 6829, 29532.19, 29542.67, 29531.00, 3605, 3645, 0.00, 0.00
2026-8-6, 18:00:38.479001, 29566.00, 29618.75, 29525.00, 29531.75, 7250, 6918, 29560.38, 29558.50, 29571.88, 3604, 3646, 0.00, 0.00
2026-8-6, 19:18:01.362000, 29534.25, 29575.00, 29497.25, 29558.50, 7250, 6851, 29541.25, 29543.58, 29536.13, 3586, 3664, 0.00, 0.00
2026-8-6, 19:53:20.090000, 29557.50, 29582.00, 29482.50, 29563.50, 7250, 6767, 29546.38, 29542.67, 29532.25, 3511, 3739, 0.00, 0.00
2026-8-6, 20:34:30.041000, 29564.25, 29566.00, 29489.50, 29527.25, 7250, 6235, 29536.75, 29527.58, 29527.75, 3388, 3862, 0.00, 0.00
2026-8-6, 21:30:08.198000, 29525.50, 29548.00, 29475.50, 29494.25, 7250, 6767, 29510.81, 29505.92, 29511.75, 3665, 3585, 0.00, 0.00
2026-8-6, 23:10:33.496000, 29495.00, 29556.75, 29453.50, 29540.50, 7250, 5616, 29511.44, 29516.92, 29505.13, 3226, 4024, 0.00, 0.00
2026-8-7, 00:10:05.998000, 29539.50, 29583.50, 29519.75, 29541.25, 7250, 6116, 29546.00, 29548.17, 29551.63, 3187, 4063, 0.00, 0.00
2026-8-7, 01:44:16.308000, 29540.25, 29613.00, 29533.00, 29603.50, 7250, 6286, 29572.44, 29583.17, 29573.00, 3176, 4074, 0.00, 0.00
2026-8-7, 03:05:07.944000, 29603.50, 29649.00, 29596.75, 29631.75, 7250, 6494, 29620.25, 29625.83, 29622.88, 3492, 3758, 0.00, 0.00
2026-8-7, 04:09:19.282000, 29632.25, 29649.00, 29591.25, 29640.25, 7250, 6816, 29628.19, 29626.83, 29620.13, 3591, 3659, 0.00, 0.00
2026-8-7, 06:11:32.004000, 29641.25, 29673.25, 29604.25, 29667.00, 7250, 6692, 29646.44, 29648.17, 29638.75, 3682, 3568, 0.00, 0.00
2026-8-7, 07:03:35.173003, 29667.25, 29772.25, 29618.50, 29733.50, 7250, 6413, 29697.88, 29708.08, 29695.38, 3466, 3784, 0.00, 0.00
2026-8-7, 07:31:15.843006, 29733.50, 29799.75, 29705.25, 29799.00, 7250, 6575, 29759.38, 29768.00, 29752.50, 3438, 3812, 0.00, 0.00
2026-8-7, 07:41:00.190001, 29799.00, 29855.25, 29787.00, 29852.00, 7250, 6272, 29823.31, 29831.42, 29821.13, 3608, 3642, 0.00, 0.00
2026-8-7, 07:50:27.128000, 29852.00, 29867.75, 29802.25, 29814.00, 7250, 6500, 29834.00, 29828.00, 29835.00, 3926, 3324, 0.00, 0.00
2026-8-7, 08:01:50.450014, 29814.00, 29815.50, 29740.00, 29744.75, 7250, 6745, 29778.56, 29766.75, 29777.75, 3844, 3406, 0.00, 0.00
2026-8-7, 08:14:04.412001, 29744.50, 29745.25, 29691.50, 29694.50, 7250, 6768, 29718.94, 29710.42, 29718.38, 3776, 3474, 0.00, 0.00
2026-8-7, 08:28:05.442001, 29694.50, 29715.50, 29685.00, 29714.00, 2070, 1804, 29702.25, 29704.83, 29700.25, 996, 1074, 29680.00, 0.00
2026-8-7, 08:30:00.000000, 29714.75, 29742.00, 29681.00, 29727.00, 7250, 6813, 29716.19, 29716.67, 29711.50, 3605, 3645, 0.00, 0.00
2026-8-7, 08:31:25.473000, 29727.75, 29812.25, 29702.50, 29802.00, 7250, 6855, 29761.13, 29772.25, 29757.38, 3216, 4034, 0.00, 0.00
2026-8-7, 08:33:20.225000, 29801.25, 29813.25, 29747.50, 29777.25, 7250, 6981, 29784.81, 29779.33, 29780.38, 3834, 3416, 0.00, 29818.25
2026-8-7, 08:35:52.049005, 29777.25, 29791.75, 29696.50, 29742.50, 7250, 6938, 29752.00, 29743.58, 29744.13, 3740, 3510, 0.00, 0.00
2026-8-7, 08:38:18.870008, 29742.50, 29777.25, 29708.50, 29726.50, 7250, 6823, 29738.69, 29737.42, 29742.88, 3734, 3516, 0.00, 0.00
2026-8-7, 08:41:28.373001, 29726.50, 29795.50, 29704.25, 29779.50, 7250, 6865, 29751.44, 29759.75, 29749.88, 3483, 3767, 0.00, 0.00
2026-8-7, 08:44:45.379000, 29779.00, 29820.00, 29709.00, 29747.50, 7250, 6930, 29763.88, 29758.83, 29764.50, 3573, 3677, 0.00, 0.00
2026-8-7, 08:47:15.779007, 29747.00, 29793.00, 29733.50, 29768.00, 7250, 7011, 29760.38, 29764.83, 29763.25, 3692, 3558, 0.00, 0.00
2026-8-7, 08:51:45.406001, 29767.75, 29800.00, 29705.00, 29709.25, 7250, 6917, 29745.50, 29738.08, 29752.50, 3832, 3418, 0.00, 0.00
2026-8-7, 08:56:25.251000, 29710.75, 29715.75, 29643.75, 29670.00, 7250, 6870, 29685.06, 29676.50, 29679.75, 3970, 3280, 0.00, 0.00
2026-8-7, 08:59:08.842000, 29670.00, 29713.25, 29646.25, 29672.75, 7250, 6939, 29675.56, 29677.42, 29679.75, 3492, 3758, 0.00, 0.00
2026-8-7, 09:01:57.081000, 29672.25, 29679.25, 29613.50, 29632.75, 7250, 6927, 29649.44, 29641.83, 29646.38, 3804, 3446, 0.00, 0.00
2026-8-7, 09:05:13.985000, 29633.00, 29684.75, 29624.25, 29640.75, 7250, 6960, 29645.69, 29649.92, 29654.50, 3472, 3778, 0.00, 0.00
2026-8-7, 09:09:27.012030, 29641.00, 29649.00, 29564.50, 29573.25, 7250, 6804, 29606.94, 29595.58, 29606.75, 3831, 3419, 0.00, 0.00
2026-8-7, 09:12:41.996000, 29573.25, 29617.50, 29567.75, 29575.50, 7250, 6930, 29583.50, 29586.92, 29592.63, 3597, 3653, 0.00, 0.00
2026-8-7, 09:15:36.576000, 29575.75, 29675.75, 29575.25, 29652.50, 7250, 6821, 29619.81, 29634.50, 29625.50, 3441, 3809, 0.00, 0.00
2026-8-7, 09:18:21.953000, 29652.75, 29731.00, 29647.75, 29716.50, 7250, 6802, 29687.00, 29698.42, 29689.38, 3352, 3898, 0.00, 0.00
2026-8-7, 09:21:53.798000, 29717.00, 29759.00, 29687.00, 29747.75, 7250, 6916, 29727.69, 29731.25, 29723.00, 3477, 3773, 0.00, 0.00
2026-8-7, 09:26:11.602002, 29747.75, 29779.50, 29731.00, 29739.75, 7250, 6907, 29749.50, 29750.08, 29755.25, 3613, 3637, 0.00, 0.00
2026-8-7, 09:30:59.827000, 29738.75, 29754.50, 29695.75, 29704.50, 7250, 6959, 29723.38, 29718.25, 29725.13, 3864, 3386, 0.00, 0.00
2026-8-7, 09:36:06.664003, 29704.50, 29736.00, 29669.50, 29675.25, 7250, 6585, 29696.31, 29693.58, 29702.75, 3607, 3643, 0.00, 0.00
2026-8-7, 09:40:01.621002, 29675.50, 29720.50, 29660.00, 29680.50, 7250, 7030, 29684.13, 29687.00, 29690.25, 3581, 3669, 0.00, 0.00
2026-8-7, 09:45:09.388001, 29680.50, 29732.00, 29672.50, 29712.00, 7250, 6929, 29699.25, 29705.50, 29702.25, 3480, 3770, 0.00, 0.00
2026-8-7, 09:50:26.020000, 29712.25, 29726.75, 29667.75, 29700.50, 7250, 6957, 29701.81, 29698.33, 29697.25, 3695, 3555, 0.00, 0.00
2026-8-7, 09:56:24.133001, 29700.25, 29740.75, 29690.00, 29728.25, 7250, 6928, 29714.81, 29719.67, 29715.38, 3482, 3768, 0.00, 0.00
2026-8-7, 10:03:28.195000, 29729.00, 29782.50, 29719.00, 29768.25, 7250, 6650, 29749.69, 29756.58, 29750.75, 3279, 3971, 0.00, 0.00
2026-8-7, 10:11:47.890000, 29768.00, 29773.00, 29738.25, 29771.50, 7250, 6894, 29762.69, 29760.92, 29755.63, 3608, 3642, 0.00, 0.00
2026-8-7, 10:20:50.339000, 29771.75, 29823.75, 29752.75, 29815.00, 7250, 6451, 29790.81, 29797.17, 29788.25, 3024, 4226, 0.00, 0.00
2026-8-7, 10:26:54.024000, 29814.00, 29855.25, 29813.25, 29843.75, 7250, 6852, 29831.56, 29837.42, 29834.25, 3247, 4003, 0.00, 0.00
2026-8-7, 10:33:22.556000, 29844.00, 29847.25, 29806.75, 29807.50, 7250, 6880, 29826.38, 29820.50, 29827.00, 3705, 3545, 0.00, 0.00
2026-8-7, 10:41:41.061000, 29807.50, 29843.25, 29794.25, 29837.75, 7250, 6724, 29820.69, 29825.08, 29818.75, 3266, 3984, 0.00, 0.00
2026-8-7, 10:51:54.023000, 29836.75, 29837.25, 29795.00, 29814.00, 7250, 6917, 29820.75, 29815.42, 29816.13, 3695, 3555, 0.00, 0.00
2026-8-7, 11:02:17.836000, 29813.75, 29830.00, 29795.75, 29810.50, 7250, 6887, 29812.50, 29812.08, 29812.88, 3566, 3684, 0.00, 0.00
2026-8-7, 11:16:44.446000, 29811.00, 29819.00, 29743.75, 29744.50, 7250, 6810, 29779.56, 29769.08, 29781.38, 3903, 3347, 0.00, 0.00
2026-8-7, 11:25:00.268004, 29744.50, 29753.50, 29688.75, 29692.25, 7250, 6766, 29719.75, 29711.50, 29721.13, 3668, 3582, 0.00, 0.00
2026-8-7, 11:30:17.036000, 29692.00, 29738.75, 29668.75, 29729.25, 7250, 6766, 29707.19, 29712.25, 29703.75, 3495, 3755, 0.00, 0.00
2026-8-7, 11:35:08.760000, 29729.25, 29761.25, 29719.25, 29758.25, 7250, 6781, 29742.00, 29746.25, 29740.25, 3488, 3762, 0.00, 0.00
2026-8-7, 11:45:01.556000, 29758.50, 29780.75, 29740.00, 29747.00, 7250, 6591, 29756.56, 29755.92, 29760.38, 3519, 3731, 0.00, 0.00
2026-8-7, 11:55:32.764002, 29747.25, 29765.00, 29726.75, 29764.00, 7250, 6649, 29750.75, 29751.92, 29745.88, 3353, 3897, 0.00, 0.00
2026-8-7, 12:07:58.782002, 29764.00, 29768.00, 29727.25, 29728.25, 7250, 6668, 29746.88, 29741.17, 29747.63, 3593, 3657, 0.00, 0.00
2026-8-7, 12:25:20.459000, 29727.75, 29764.25, 29726.25, 29748.50, 7250, 6598, 29741.69, 29746.33, 29745.25, 3364, 3886, 0.00, 0.00
2026-8-7, 12:44:07.393001, 29748.50, 29759.25, 29734.50, 29751.75, 7250, 6749, 29748.50, 29748.50, 29746.88, 3646, 3604, 0.00, 0.00
2026-8-7, 13:08:29.492000, 29752.00, 29753.25, 29707.50, 29714.25, 7250, 6736, 29731.75, 29725.00, 29730.38, 3878, 3372, 0.00, 0.00
2026-8-7, 13:27:21.183009, 29714.50, 29724.25, 29678.75, 29685.00, 7250, 6716, 29700.63, 29696.00, 29701.50, 3691, 3559, 0.00, 0.00
2026-8-7, 13:45:29.054002, 29685.00, 29740.00, 29676.50, 29738.25, 7250, 6874, 29709.94, 29718.25, 29708.25, 3366, 3884, 0.00, 0.00
2026-8-7, 14:00:45.161000, 29739.00, 29794.75, 29737.25, 29793.25, 7250, 6570, 29766.06, 29775.08, 29766.00, 3221, 4029, 0.00, 0.00
2026-8-7, 14:10:02.791001, 29793.25, 29823.00, 29793.25, 29800.50, 7250, 6878, 29802.50, 29805.58, 29808.13, 3567, 3683, 0.00, 0.00
2026-8-7, 14:19:29.032000, 29799.75, 29815.00, 29785.25, 29788.50, 7250, 6905, 29797.13, 29796.25, 29800.13, 3612, 3638, 0.00, 0.00
2026-8-7, 14:33:11.053016, 29788.50, 29801.50, 29772.25, 29787.75, 7250, 6857, 29787.50, 29787.17, 29786.88, 3551, 3699, 0.00, 0.00
2026-8-7, 14:46:35.883003, 29787.75, 29833.25, 29778.00, 29830.25, 7250, 6729, 29807.31, 29813.83, 29805.63, 3353, 3897, 0.00, 0.00
2026-8-7, 14:54:40.045018, 29830.50, 29860.00, 29817.75, 29855.00, 7250, 6482, 29840.81, 29844.25, 29838.88, 3268, 3982, 0.00, 0.00
2026-8-7, 14:58:59.844000, 29855.00, 29860.25, 29826.75, 29835.25, 7250, 6631, 29844.31, 29840.75, 29843.50, 3959, 3291, 0.00, 0.00
2026-8-7, 14:59:55.072003, 29835.25, 29850.75, 29822.00, 29825.75, 7250, 6715, 29833.44, 29832.83, 29836.38, 3362, 3888, 29817.00, 0.00
2026-8-7, 15:03:42.724001, 29825.75, 29829.00, 29802.50, 29817.50, 7250, 6627, 29818.69, 29816.33, 29815.75, 3502, 3748, 0.00, 0.00
2026-8-7, 15:47:11.204000, 29817.25, 29845.00, 29814.25, 29839.50, 1555, 1240, 29829.00, 29832.92, 29829.63, 689, 866, 0.00, 0.00
2026-8-9, 17:00:00.000000, 29851.25, 29896.75, 29805.25, 29839.50, 7250, 6801, 29848.19, 29847.17, 29851.00, 3739, 3511, 0.00, 0.00
2026-8-9, 17:48:12.688001, 29839.50, 29882.25, 29796.25, 29871.25, 7250, 6891, 29847.31, 29849.92, 29839.25, 3566, 3684, 0.00, 0.00
2026-8-9, 19:08:03.284000, 29872.75, 29906.50, 29788.50, 29804.25, 7250, 6755, 29843.00, 29833.08, 29847.50, 3703, 3547, 0.00, 0.00
2026-8-9, 19:57:33.027003, 29804.25, 29895.00, 29791.00, 29875.00, 7250, 6790, 29841.31, 29853.67, 29843.00, 3411, 3839, 0.00, 0.00
2026-8-9, 21:13:45.675001, 29875.25, 29904.00, 29848.25, 29873.00, 7250, 6869, 29875.13, 29875.08, 29876.13, 3618, 3632, 0.00, 0.00
2026-8-9, 23:41:19.033000, 29872.75, 29962.75, 29867.25, 29940.25, 7250, 6726, 29910.75, 29923.42, 29915.00, 3256, 3994, 0.00, 0.00
2026-8-10, 01:20:28.638030, 29940.25, 29968.00, 29886.25, 29962.75, 7250, 6744, 29939.31, 29939.00, 29927.13, 3618, 3632, 0.00, 0.00
2026-8-10, 02:44:12.675000, 29962.75, 29984.00, 29935.75, 29945.50, 7250, 6834, 29957.00, 29955.08, 29959.88, 3651, 3599, 0.00, 0.00
2026-8-10, 04:39:03.370003, 29946.25, 29959.00, 29851.50, 29876.00, 7250, 6798, 29908.19, 29895.50, 29905.25, 3769, 3481, 0.00, 0.00
2026-8-10, 06:15:00.920002, 29876.00, 29919.75, 29846.00, 29853.25, 7250, 6482, 29873.75, 29873.00, 29882.88, 3500, 3750, 0.00, 0.00
2026-8-10, 07:13:27.592003, 29853.25, 29853.50, 29773.00, 29778.00, 7250, 6736, 29814.44, 29801.50, 29813.25, 4025, 3225, 0.00, 0.00
2026-8-10, 07:54:37.881000, 29779.00, 29823.75, 29771.75, 29801.00, 7250, 6881, 29793.88, 29798.83, 29797.75, 3593, 3657, 0.00, 0.00
2026-8-10, 08:27:23.501001, 29800.75, 29809.25, 29789.50, 29805.50, 1481, 1373, 29801.25, 29801.42, 29799.38, 713, 768, 0.00, 0.00
2026-8-10, 08:30:00.003000, 29805.50, 29836.50, 29788.00, 29823.25, 7250, 6887, 29813.31, 29815.92, 29812.25, 3534, 3716, 0.00, 0.00
2026-8-10, 08:32:41.231002, 29823.25, 29841.75, 29730.75, 29737.75, 7250, 6475, 29783.38, 29770.08, 29786.25, 3791, 3459, 0.00, 0.00
2026-8-10, 08:35:06.064000, 29738.50, 29811.25, 29727.75, 29762.25, 7250, 6928, 29759.94, 29767.08, 29769.50, 3663, 3587, 0.00, 0.00
2026-8-10, 08:37:33.590000, 29761.50, 29783.00, 29734.00, 29745.75, 7250, 6349, 29756.06, 29754.25, 29758.50, 4052, 3198, 0.00, 0.00
2026-8-10, 08:40:49.546004, 29745.75, 29785.25, 29718.75, 29780.00, 7250, 6512, 29757.44, 29761.33, 29752.00, 3337, 3913, 0.00, 0.00
2026-8-10, 08:44:13.950000, 29779.75, 29811.75, 29767.50, 29802.25, 7250, 6967, 29790.31, 29793.83, 29789.63, 3488, 3762, 0.00, 0.00
2026-8-10, 08:48:55.967005, 29802.25, 29832.75, 29774.00, 29786.75, 7250, 6866, 29798.94, 29797.83, 29803.38, 3794, 3456, 0.00, 0.00
2026-8-10, 08:52:31.398001, 29786.75, 29799.00, 29754.50, 29787.00, 7250, 6945, 29781.81, 29780.17, 29776.75, 3655, 3595, 0.00, 0.00
2026-8-10, 08:57:14.027000, 29786.75, 29831.50, 29770.00, 29828.50, 7250, 6966, 29804.19, 29810.00, 29800.75, 3569, 3681, 0.00, 0.00
2026-8-10, 09:02:23.817000, 29828.50, 29862.75, 29796.25, 29861.50, 7250, 6866, 29837.25, 29840.17, 29829.50, 3357, 3893, 0.00, 0.00
2026-8-10, 09:08:16.382000, 29863.00, 29892.00, 29840.25, 29884.75, 7250, 6560, 29870.00, 29872.33, 29866.13, 3676, 3574, 0.00, 0.00
2026-8-10, 09:13:56.105002, 29884.75, 29900.00, 29855.25, 29873.25, 7250, 6854, 29878.31, 29876.17, 29877.63, 3790, 3460, 0.00, 0.00
2026-8-10, 09:20:22.411000, 29872.00, 29884.50, 29814.75, 29851.25, 7250, 6867, 29855.63, 29850.17, 29849.63, 3858, 3392, 0.00, 0.00
2026-8-10, 09:25:59.850000, 29851.00, 29882.00, 29838.25, 29872.25, 7250, 6857, 29860.88, 29864.17, 29860.13, 3389, 3861, 0.00, 0.00
2026-8-10, 09:33:24.255001, 29872.25, 29892.25, 29846.75, 29869.75, 7250, 6883, 29870.25, 29869.58, 29869.50, 3505, 3745, 0.00, 0.00
2026-8-10, 09:40:36.399000, 29869.00, 29886.00, 29844.25, 29850.00, 7250, 6803, 29862.31, 29860.08, 29865.13, 3670, 3580, 0.00, 0.00
2026-8-10, 09:51:42.528000, 29850.25, 29851.25, 29787.00, 29795.75, 7250, 6877, 29821.06, 29811.33, 29819.13, 3706, 3544, 0.00, 0.00
2026-8-10, 09:57:06.739000, 29795.50, 29811.50, 29771.25, 29799.00, 7250, 6812, 29794.31, 29793.92, 29791.38, 3690, 3560, 0.00, 0.00
2026-8-10, 10:03:00.482000, 29800.25, 29822.50, 29779.00, 29797.00, 7250, 6820, 29799.69, 29799.50, 29800.75, 3487, 3763, 0.00, 0.00
2026-8-10, 10:11:36.684002, 29797.25, 29817.25, 29766.00, 29797.75, 7250, 6816, 29794.56, 29793.67, 29791.63, 3503, 3747, 0.00, 0.00
2026-8-10, 10:20:58.574000, 29798.25, 29798.25, 29753.50, 29773.00, 7250, 6837, 29780.75, 29774.92, 29775.88, 3775, 3475, 0.00, 0.00
2026-8-10, 10:30:35.641000, 29772.50, 29788.50, 29740.75, 29788.25, 7250, 6800, 29772.50, 29772.50, 29764.63, 3522, 3728, 0.00, 0.00
2026-8-10, 10:42:00.779000, 29788.50, 29823.50, 29775.50, 29823.00, 7250, 6693, 29802.63, 29807.33, 29799.50, 3252, 3998, 0.00, 0.00
2026-8-10, 10:52:13.806000, 29822.75, 29858.75, 29822.50, 29842.00, 7250, 6833, 29836.50, 29841.08, 29840.63, 3265, 3985, 0.00, 0.00
2026-8-10, 11:04:36.874000, 29842.25, 29850.00, 29804.75, 29831.75, 7250, 6867, 29832.19, 29828.83, 29827.38, 3633, 3617, 0.00, 29855.00
2026-8-10, 11:18:11.916000, 29832.25, 29843.50, 29744.00, 29759.50, 7250, 6704, 29794.81, 29782.33, 29793.75, 4032, 3218, 0.00, 0.00
2026-8-10, 11:32:04.551000, 29763.00, 29796.00, 29756.00, 29759.25, 7250, 6941, 29768.56, 29770.42, 29776.00, 3790, 3460, 0.00, 0.00
2026-8-10, 11:41:28.240000, 29759.00, 29768.50, 29729.50, 29757.50, 7250, 6599, 29753.63, 29751.83, 29749.00, 3508, 3742, 0.00, 0.00
2026-8-10, 11:50:20.963001, 29757.25, 29783.75, 29741.75, 29773.75, 7250, 6778, 29764.13, 29766.42, 29762.75, 3489, 3761, 0.00, 0.00
2026-8-10, 12:04:58.436000, 29774.00, 29811.25, 29769.75, 29802.25, 7250, 6378, 29789.31, 29794.42, 29790.50, 3075, 4175, 0.00, 0.00
2026-8-10, 12:20:36.018000, 29802.00, 29802.75, 29763.75, 29770.25, 7250, 6645, 29784.69, 29778.92, 29783.25, 3833, 3417, 0.00, 0.00
2026-8-10, 12:41:11.411014, 29770.25, 29778.50, 29744.25, 29754.50, 7250, 6744, 29761.88, 29759.08, 29761.38, 3619, 3631, 0.00, 0.00
2026-8-10, 13:01:10.975008, 29754.25, 29772.75, 29742.50, 29748.25, 7250, 6788, 29754.44, 29754.50, 29757.63, 3592, 3658, 0.00, 0.00
2026-8-10, 13:27:05.406001, 29748.25, 29774.00, 29741.50, 29768.50, 7250, 6652, 29758.06, 29761.33, 29757.75, 3386, 3864, 0.00, 0.00
2026-8-10, 13:48:48.704001, 29768.50, 29793.25, 29759.75, 29785.25, 7250, 6888, 29776.69, 29779.42, 29776.50, 3442, 3808, 0.00, 0.00
2026-8-10, 14:09:52.571002, 29785.25, 29796.00, 29778.00, 29788.00, 7250, 6887, 29786.81, 29787.33, 29787.00, 3634, 3616, 0.00, 0.00
2026-8-10, 14:32:22.735000, 29788.00, 29793.00, 29766.25, 29781.25, 7250, 6765, 29782.13, 29780.17, 29779.63, 3343, 3907, 0.00, 0.00
2026-8-10, 14:49:37.008001, 29781.25, 29784.25, 29732.50, 29744.00, 7250, 6831, 29760.50, 29753.58, 29758.38, 3684, 3566, 0.00, 0.00
2026-8-10, 14:55:05.246000, 29744.25, 29753.50, 29722.50, 29726.00, 7250, 6774, 29736.56, 29734.00, 29738.00, 3535, 3715, 0.00, 0.00
2026-8-10, 14:59:35.002000, 29726.25, 29752.00, 29725.25, 29748.50, 7250, 6649, 29738.00, 29741.92, 29738.63, 2947, 4303, 0.00, 0.00
2026-8-10, 15:00:02.794020, 29748.50, 29754.75, 29737.00, 29751.50, 7250, 6776, 29747.94, 29747.75, 29745.88, 3249, 4001, 0.00, 0.00
2026-8-10, 15:29:52.679000, 29751.75, 29788.50, 29710.50, 29711.75, 7250, 6718, 29740.63, 29736.92, 29749.50, 3664, 3586, 0.00, 0.00
2026-8-10, 18:20:50.968000, 29711.75, 29752.00, 29666.00, 29746.50, 7250, 6723, 29719.06, 29721.50, 29709.00, 3709, 3541, 0.00, 0.00
2026-8-10, 19:13:05.485000, 29746.50, 29797.00, 29725.00, 29768.75, 7250, 6776, 29759.31, 29763.58, 29761.00, 3551, 3699, 0.00, 0.00
2026-8-10, 20:08:23.771003, 29768.75, 29842.50, 29764.50, 29834.50, 7250, 6860, 29802.56, 29813.83, 29803.50, 3396, 3854, 0.00, 0.00
2026-8-10, 21:30:48.248004, 29834.50, 29861.75, 29815.00, 29832.75, 7250, 6770, 29836.00, 29836.50, 29838.38, 3463, 3787, 0.00, 0.00
2026-8-11, 00:05:36.306000, 29831.75, 29854.25, 29757.00, 29757.00, 7250, 6718, 29800.00, 29789.42, 29805.63, 3711, 3539, 0.00, 0.00
2026-8-11, 01:32:17.298004, 29757.25, 29789.25, 29728.00, 29777.75, 7250, 6779, 29763.06, 29765.00, 29758.63, 3655, 3595, 0.00, 0.00
2026-8-11, 02:36:45.168003, 29777.75, 29804.25, 29717.75, 29734.00, 7250, 6506, 29758.44, 29752.00, 29761.00, 3829, 3421, 0.00, 0.00
2026-8-11, 04:03:23.780000, 29734.00, 29832.75, 29718.75, 29804.25, 7250, 6671, 29772.44, 29785.25, 29775.75, 3614, 3636, 0.00, 0.00
2026-8-11, 05:39:54.515000, 29804.25, 29886.75, 29801.75, 29838.25, 7250, 6267, 29832.75, 29842.25, 29844.25, 3255, 3995, 0.00, 0.00
2026-8-11, 06:23:08.243000, 29839.25, 29871.50, 29811.00, 29831.00, 7250, 6655, 29838.19, 29837.83, 29841.25, 3709, 3541, 0.00, 0.00
2026-8-11, 07:23:27.028000, 29832.75, 29857.25, 29813.00, 29837.75, 7250, 6673, 29835.19, 29836.00, 29835.13, 3642, 3608, 0.00, 0.00
2026-8-11, 08:17:41.441001, 29837.75, 29845.75, 29816.00, 29839.00, 4332, 3844, 29834.63, 29833.58, 29830.88, 2139, 2193, 0.00, 0.00
2026-8-11, 08:30:00.000000, 29839.25, 29842.50, 29746.25, 29748.25, 7250, 6873, 29794.06, 29779.00, 29794.38, 3873, 3377, 0.00, 0.00
2026-8-11, 08:31:19.808000, 29749.50, 29779.00, 29731.50, 29740.00, 7250, 6887, 29750.00, 29750.17, 29755.25, 3646, 3604, 0.00, 0.00
2026-8-11, 08:34:09.748000, 29739.75, 29745.00, 29686.50, 29707.00, 7250, 6752, 29719.56, 29712.83, 29715.75, 3799, 3451, 0.00, 0.00
2026-8-11, 08:36:55.134000, 29706.50, 29737.75, 29679.00, 29715.25, 7250, 6935, 29709.63, 29710.67, 29708.38, 3602, 3648, 0.00, 0.00
2026-8-11, 08:40:07.355000, 29716.25, 29756.25, 29714.75, 29746.50, 7250, 6845, 29733.44, 29739.17, 29735.50, 3493, 3757, 0.00, 0.00
2026-8-11, 08:43:23.884000, 29746.25, 29750.25, 29636.75, 29658.25, 7250, 6515, 29697.88, 29681.75, 29693.50, 4095, 3155, 0.00, 0.00
2026-8-11, 08:46:08.132000, 29657.25, 29676.00, 29631.75, 29662.25, 7250, 6928, 29656.81, 29656.67, 29653.88, 3684, 3566, 0.00, 0.00
2026-8-11, 08:48:48.627002, 29662.25, 29696.00, 29643.50, 29686.75, 7250, 6956, 29672.13, 29675.42, 29669.75, 3474, 3776, 0.00, 0.00
2026-8-11, 08:53:02.525001, 29686.50, 29705.75, 29652.25, 29699.25, 7250, 6874, 29685.94, 29685.75, 29679.00, 3539, 3711, 0.00, 0.00
2026-8-11, 08:57:31.375002, 29699.00, 29760.00, 29684.25, 29759.75, 7250, 6573, 29725.75, 29734.67, 29722.13, 3207, 4043, 0.00, 0.00
2026-8-11, 09:01:34.307000, 29759.75, 29783.75, 29744.50, 29780.50, 7250, 6688, 29767.13, 29769.58, 29764.13, 3499, 3751, 0.00, 0.00
2026-8-11, 09:06:49.735008, 29780.50, 29792.50, 29765.00, 29773.75, 7250, 6657, 29777.94, 29777.08, 29778.75, 3670, 3580, 0.00, 0.00
2026-8-11, 09:12:30.608000, 29773.25, 29791.75, 29746.25, 29756.75, 7250, 6780, 29767.00, 29764.92, 29769.00, 3857, 3393, 0.00, 0.00
2026-8-11, 09:18:01.073000, 29757.00, 29773.50, 29737.50, 29755.00, 7250, 6869, 29755.75, 29755.33, 29755.50, 3638, 3612, 0.00, 0.00
2026-8-11, 09:23:01.852001, 29755.00, 29785.25, 29742.25, 29766.50, 7250, 6802, 29762.25, 29764.67, 29763.75, 3503, 3747, 0.00, 0.00
2026-8-11, 09:30:31.423001, 29766.50, 29778.25, 29732.50, 29770.00, 7250, 6844, 29761.81, 29760.25, 29755.38, 3624, 3626, 0.00, 0.00
2026-8-11, 09:37:39.824002, 29770.00, 29770.00, 29728.25, 29742.50, 7250, 6850, 29752.69, 29746.92, 29749.13, 3552, 3698, 0.00, 0.00
2026-8-11, 09:45:02.542001, 29742.25, 29793.00, 29740.50, 29787.75, 7250, 6800, 29765.88, 29773.75, 29766.75, 3358, 3892, 0.00, 0.00
2026-8-11, 09:52:16.340001, 29787.75, 29804.75, 29772.50, 29782.50, 7250, 6924, 29786.88, 29786.58, 29788.63, 3603, 3647, 0.00, 0.00
2026-8-11, 10:00:47.116001, 29782.25, 29792.25, 29732.00, 29734.50, 7250, 6797, 29760.25, 29752.92, 29762.13, 3846, 3404, 0.00, 29797.25
2026-8-11, 10:08:20.024000, 29733.75, 29738.00, 29703.25, 29719.75, 7250, 6855, 29723.69, 29720.33, 29720.63, 3604, 3646, 0.00, 0.00
2026-8-11, 10:14:35.157001, 29720.00, 29735.25, 29697.50, 29727.25, 7250, 6628, 29720.00, 29720.00, 29716.38, 3460, 3790, 0.00, 0.00
2026-8-11, 10:23:02.763001, 29727.00, 29729.25, 29698.50, 29699.50, 7250, 6894, 29713.56, 29709.08, 29713.88, 3617, 3633, 0.00, 0.00
2026-8-11, 10:33:56.444000, 29700.25, 29700.25, 29663.75, 29669.25, 7250, 6845, 29683.38, 29677.75, 29682.00, 3793, 3457, 0.00, 0.00
2026-8-11, 10:40:27.355003, 29669.25, 29695.50, 29665.50, 29680.25, 7250, 6804, 29677.63, 29680.42, 29680.50, 3608, 3642, 0.00, 0.00
2026-8-11, 10:51:12.423005, 29680.25, 29681.50, 29654.50, 29654.75, 7250, 6850, 29667.75, 29663.58, 29668.00, 3874, 3376, 0.00, 0.00
2026-8-11, 11:01:53.015010, 29655.00, 29681.75, 29647.75, 29658.25, 7250, 6947, 29660.69, 29662.58, 29664.75, 3507, 3743, 0.00, 0.00
2026-8-11, 11:14:33.400000, 29658.25, 29669.75, 29622.25, 29622.25, 7250, 6730, 29643.13, 29638.08, 29646.00, 3891, 3359, 0.00, 0.00
2026-8-11, 11:25:26.767001, 29622.00, 29663.25, 29622.00, 29663.25, 7250, 6749, 29642.63, 29649.50, 29642.63, 3253, 3997, 0.00, 0.00
2026-8-11, 11:37:20.400000, 29662.75, 29666.75, 29614.75, 29631.25, 7250, 6788, 29643.88, 29637.58, 29640.75, 3725, 3525, 0.00, 0.00
2026-8-11, 11:49:36.438000, 29631.75, 29643.00, 29620.50, 29624.25, 7250, 6895, 29629.88, 29629.25, 29631.75, 3540, 3710, 0.00, 0.00
2026-8-11, 12:01:27.841002, 29624.25, 29625.75, 29583.00, 29585.75, 7250, 6733, 29604.69, 29598.17, 29604.38, 3785, 3465, 0.00, 0.00
2026-8-11, 12:13:01.622000, 29586.00, 29617.50, 29573.00, 29599.25, 7250, 6864, 29593.94, 29596.58, 29595.25, 3438, 3812, 0.00, 0.00
2026-8-11, 12:23:34.293003, 29599.25, 29629.00, 29595.75, 29622.25, 7250, 6632, 29611.56, 29615.67, 29612.38, 3689, 3561, 0.00, 0.00
2026-8-11, 12:36:15.444000, 29622.50, 29640.75, 29604.75, 29634.00, 7250, 6722, 29625.50, 29626.50, 29622.75, 3519, 3731, 0.00, 0.00
2026-8-11, 12:52:22.511000, 29634.00, 29639.75, 29603.00, 29609.50, 7250, 6786, 29621.56, 29617.42, 29621.38, 3854, 3396, 0.00, 0.00
2026-8-11, 13:07:52.148001, 29609.50, 29614.75, 29577.50, 29581.00, 7250, 6795, 29595.69, 29591.08, 29596.13, 3791, 3459, 0.00, 0.00
2026-8-11, 13:23:24.870001, 29581.00, 29587.25, 29533.50, 29551.50, 7250, 6599, 29563.31, 29557.42, 29560.38, 3982, 3268, 0.00, 0.00
2026-8-11, 13:30:45.750003, 29551.75, 29576.75, 29543.50, 29553.00, 7250, 6642, 29556.25, 29557.75, 29560.13, 3554, 3696, 0.00, 0.00
2026-8-11, 13:44:28.306000, 29552.50, 29599.50, 29548.00, 29583.25, 7250, 6921, 29570.81, 29576.92, 29573.75, 3536, 3714, 0.00, 0.00
2026-8-11, 13:59:46.085000, 29583.25, 29607.75, 29571.50, 29607.25, 7250, 6722, 29592.44, 29595.50, 29589.63, 3423, 3827, 0.00, 0.00
2026-8-11, 14:13:51.800000, 29607.50, 29631.25, 29602.00, 29631.25, 7250, 6727, 29618.00, 29621.50, 29616.63, 3313, 3937, 0.00, 0.00
2026-8-11, 14:30:00.652001, 29631.25, 29660.25, 29620.00, 29646.50, 7250, 6712, 29639.50, 29642.25, 29640.13, 3163, 4087, 0.00, 0.00
2026-8-11, 14:40:35.384021, 29646.50, 29652.00, 29608.50, 29610.75, 7250, 6827, 29629.44, 29623.75, 29630.25, 3373, 3877, 0.00, 0.00
2026-8-11, 14:50:00.147002, 29610.75, 29650.00, 29607.00, 29641.00, 7250, 6853, 29627.19, 29632.67, 29628.50, 3188, 4062, 0.00, 0.00
2026-8-11, 14:55:20.616000, 29641.25, 29646.00, 29612.50, 29621.75, 7250, 6559, 29630.38, 29626.75, 29629.25, 3413, 3837, 0.00, 0.00
2026-8-11, 14:59:46.125000, 29621.25, 29651.75, 29620.00, 29630.50, 7250, 6255, 29630.88, 29634.08, 29635.88, 3310, 3940, 0.00, 0.00
2026-8-11, 15:03:33.863001, 29630.25, 29676.50, 29614.75, 29674.00, 7250, 6423, 29648.88, 29655.08, 29645.63, 3417, 3833, 0.00, 29681.50
2026-8-11, 15:29:56.299002, 29674.00, 29676.00, 29626.75, 29637.00, 7250, 6683, 29653.44, 29646.58, 29651.38, 3791, 3459, 0.00, 0.00
2026-8-11, 18:45:18.855000, 29636.50, 29681.00, 29624.50, 29678.25, 7250, 6760, 29655.06, 29661.25, 29652.75, 3590, 3660, 0.00, 0.00
2026-8-11, 20:12:29.900000, 29679.00, 29710.00, 29639.50, 29701.25, 7250, 6810, 29682.44, 29683.58, 29674.75, 3497, 3753, 0.00, 0.00
2026-8-11, 22:09:47.990000, 29701.00, 29724.25, 29668.25, 29722.00, 7250, 6749, 29703.88, 29704.83, 29696.25, 3586, 3664, 0.00, 0.00
2026-8-12, 01:05:55.927000, 29722.00, 29759.75, 29698.25, 29757.00, 7250, 6266, 29734.25, 29738.33, 29729.00, 3225, 4025, 0.00, 0.00
2026-8-12, 03:01:31.886000, 29755.50, 29848.25, 29755.50, 29823.75, 7250, 6380, 29795.75, 29809.17, 29801.88, 3228, 4022, 0.00, 0.00
2026-8-12, 04:29:16.887001, 29823.75, 29845.25, 29785.00, 29811.25, 7250, 6369, 29816.31, 29813.83, 29815.13, 3772, 3478, 0.00, 0.00
2026-8-12, 05:51:20.126000, 29810.25, 29858.25, 29803.25, 29835.00, 7250, 6683, 29826.69, 29832.17, 29830.75, 3757, 3493, 0.00, 0.00
2026-8-12, 07:16:34.075001, 29835.00, 29960.00, 29750.25, 29835.50, 7250, 6116, 29845.19, 29848.58, 29855.13, 3598, 3652, 0.00, 0.00
2026-8-12, 07:31:25.796000, 29836.00, 29930.75, 29835.50, 29915.00, 7250, 6476, 29879.31, 29893.75, 29883.13, 3489, 3761, 0.00, 0.00
2026-8-12, 07:41:34.431000, 29915.00, 29941.50, 29899.75, 29923.00, 7250, 6492, 29919.81, 29921.42, 29920.63, 3633, 3617, 0.00, 0.00
2026-8-12, 08:07:54.564000, 29923.50, 29981.75, 29923.50, 29979.75, 7250, 6375, 29952.13, 29961.67, 29952.63, 3384, 3866, 0.00, 0.00
2026-8-12, 08:27:47.158004, 29979.75, 29992.75, 29970.00, 29991.75, 2545, 2002, 29983.56, 29984.83, 29981.38, 865, 1680, 0.00, 0.00
2026-8-12, 08:30:00.000000, 29991.25, 30001.75, 29921.00, 29921.75, 7250, 6662, 29958.94, 29948.17, 29961.38, 3712, 3538, 0.00, 0.00
2026-8-12, 08:31:32.551001, 29922.00, 29937.00, 29888.00, 29905.25, 7250, 6464, 29913.06, 29910.08, 29912.50, 3596, 3654, 0.00, 0.00
2026-8-12, 08:33:36.094000, 29905.75, 29920.00, 29870.75, 29904.75, 7250, 6329, 29900.31, 29898.50, 29895.38, 3547, 3703, 0.00, 0.00
2026-8-12, 08:36:07.006000, 29904.00, 29946.25, 29888.00, 29896.00, 7250, 6356, 29908.56, 29910.08, 29917.13, 3226, 4024, 0.00, 0.00
2026-8-12, 08:39:03.626002, 29896.00, 29900.25, 29853.25, 29895.25, 7250, 6682, 29886.19, 29882.92, 29876.75, 3774, 3476, 0.00, 29905.25
2026-8-12, 08:42:30.008000, 29894.50, 29916.50, 29871.00, 29913.50, 7250, 6883, 29898.88, 29900.33, 29893.75, 3505, 3745, 0.00, 0.00
2026-8-12, 08:47:34.235000, 29913.00, 29970.75, 29910.25, 29950.00, 7250, 6745, 29936.00, 29943.67, 29940.50, 3403, 3847, 0.00, 0.00
2026-8-12, 08:51:05.929002, 29950.00, 29954.50, 29886.75, 29887.50, 7250, 6722, 29919.69, 29909.58, 29920.63, 3938, 3312, 0.00, 0.00
2026-8-12, 08:54:38.156001, 29887.50, 29914.75, 29860.75, 29912.00, 7250, 6671, 29893.75, 29895.83, 29887.75, 3752, 3498, 0.00, 0.00
2026-8-12, 08:58:41.488000, 29912.00, 29921.50, 29870.00, 29879.25, 7250, 6421, 29895.69, 29890.25, 29895.75, 3734, 3516, 0.00, 0.00
2026-8-12, 09:03:09.735000, 29879.25, 29910.50, 29847.75, 29894.00, 7250, 6832, 29882.88, 29884.08, 29879.13, 3711, 3539, 0.00, 0.00
2026-8-12, 09:08:09.162001, 29894.25, 29936.00, 29893.75, 29915.75, 7250, 6159, 29909.94, 29915.17, 29914.88, 3152, 4098, 0.00, 0.00
2026-8-12, 09:12:29.047030, 29915.75, 29917.25, 29884.25, 29913.00, 7250, 6794, 29907.56, 29904.83, 29900.75, 3692, 3558, 0.00, 0.00
2026-8-12, 09:18:54.521000, 29912.50, 29925.25, 29864.00, 29923.25, 7250, 6344, 29906.25, 29904.17, 29894.63, 3619, 3631, 0.00, 0.00
2026-8-12, 09:25:02.890006, 29923.25, 29945.75, 29901.50, 29904.75, 7250, 6764, 29918.81, 29917.33, 29923.63, 3694, 3556, 0.00, 0.00
2026-8-12, 09:30:45.037001, 29905.00, 29912.50, 29828.25, 29873.75, 7250, 6610, 29879.88, 29871.50, 29870.38, 3924, 3326, 0.00, 0.00
2026-8-12, 09:34:42.579000, 29874.50, 29929.00, 29862.00, 29927.75, 7250, 6746, 29898.31, 29906.25, 29895.50, 3482, 3768, 0.00, 0.00
2026-8-12, 09:41:37.921001, 29927.75, 29931.50, 29891.00, 29892.25, 7250, 6706, 29910.63, 29904.92, 29911.25, 3666, 3584, 0.00, 0.00
2026-8-12, 09:50:13.389001, 29892.25, 29895.75, 29848.50, 29858.75, 7250, 6884, 29873.81, 29867.67, 29872.13, 3635, 3615, 0.00, 0.00
2026-8-12, 09:56:28.541001, 29858.75, 29879.25, 29839.00, 29850.75, 7250, 6845, 29856.94, 29856.33, 29859.13, 3632, 3618, 0.00, 0.00
2026-8-12, 10:05:03.477001, 29851.00, 29890.25, 29841.25, 29886.00, 7250, 6793, 29867.13, 29872.50, 29865.75, 3500, 3750, 0.00, 0.00
2026-8-12, 10:14:07.723000, 29886.50, 29892.00, 29843.50, 29848.00, 7250, 6880, 29867.50, 29861.17, 29867.75, 3887, 3363, 0.00, 0.00
2026-8-12, 10:26:48.798001, 29848.00, 29879.00, 29819.00, 29842.25, 7250, 6783, 29847.06, 29846.75, 29849.00, 3744, 3506, 0.00, 0.00
2026-8-12, 10:35:33.541001, 29842.25, 29858.25, 29818.50, 29840.00, 7250, 6669, 29839.75, 29838.92, 29838.38, 3573, 3677, 0.00, 0.00
2026-8-12, 10:48:14.993009, 29840.00, 29861.25, 29829.00, 29852.00, 7250, 6780, 29845.56, 29847.42, 29845.13, 3630, 3620, 0.00, 0.00
2026-8-12, 11:03:13.113001, 29852.00, 29877.75, 29844.75, 29873.50, 7250, 6404, 29862.00, 29865.33, 29861.25, 3556, 3694, 0.00, 0.00
2026-8-12, 11:16:43.355002, 29873.50, 29887.75, 29855.25, 29858.50, 7250, 6701, 29868.75, 29867.17, 29871.50, 3644, 3606, 0.00, 0.00
2026-8-12, 11:32:12.883001, 29858.50, 29894.75, 29851.00, 29883.75, 7250, 6587, 29872.00, 29876.50, 29872.88, 3626, 3624, 0.00, 0.00
2026-8-12, 11:45:37.774000, 29883.75, 29918.00, 29879.00, 29907.50, 7250, 6676, 29897.06, 29901.50, 29898.50, 3575, 3675, 0.00, 0.00
2026-8-12, 11:59:52.722001, 29907.50, 29924.50, 29898.00, 29901.25, 7250, 6672, 29907.81, 29907.92, 29911.25, 3628, 3622, 0.00, 0.00
2026-8-12, 12:15:49.242000, 29901.00, 29920.00, 29889.25, 29910.25, 7250, 6733, 29905.13, 29906.50, 29904.63, 3659, 3591, 0.00, 0.00
2026-8-12, 12:31:53.706000, 29910.25, 29924.00, 29906.75, 29918.25, 7250, 6709, 29914.81, 29916.33, 29915.38, 3609, 3641, 0.00, 0.00
2026-8-12, 12:52:33.249000, 29918.25, 29921.75, 29890.25, 29904.25, 7250, 6839, 29908.63, 29905.42, 29906.00, 3973, 3277, 0.00, 0.00
2026-8-12, 13:15:33.397000, 29903.75, 29913.75, 29890.50, 29909.25, 7250, 6836, 29904.31, 29904.50, 29902.13, 3823, 3427, 0.00, 0.00
2026-8-12, 13:37:52.830000, 29909.75, 29932.00, 29890.25, 29894.25, 7250, 6724, 29906.56, 29905.50, 29911.13, 3551, 3699, 0.00, 0.00
2026-8-12, 13:57:35.481005, 29894.25, 29905.00, 29879.00, 29897.25, 7250, 6736, 29893.88, 29893.75, 29892.00, 3596, 3654, 0.00, 0.00
2026-8-12, 14:17:21.202000, 29897.75, 29898.50, 29853.50, 29861.75, 7250, 6562, 29877.88, 29871.25, 29876.00, 3865, 3385, 0.00, 0.00
2026-8-12, 14:32:11.841007, 29861.75, 29865.00, 29831.75, 29849.25, 7250, 6515, 29851.94, 29848.67, 29848.38, 3664, 3586, 0.00, 0.00
2026-8-12, 14:45:00.097000, 29848.75, 29870.00, 29839.50, 29851.25, 7250, 6618, 29852.38, 29853.58, 29854.75, 3521, 3729, 0.00, 0.00
2026-8-12, 14:53:29.302000, 29851.00, 29866.25, 29825.75, 29841.75, 7250, 6702, 29846.19, 29844.58, 29846.00, 3445, 3805, 0.00, 0.00
2026-8-12, 14:58:31.842000, 29841.50, 29859.00, 29835.50, 29854.50, 7250, 6435, 29847.63, 29849.67, 29847.25, 3348, 3902, 0.00, 0.00
2026-8-12, 14:59:59.032000, 29854.75, 29906.00, 29846.50, 29875.75, 7250, 6445, 29870.75, 29876.08, 29876.25, 3619, 3631, 0.00, 0.00
2026-8-12, 15:07:04.437001, 29875.50, 29875.50, 29809.50, 29823.00, 7250, 6688, 29845.88, 29836.00, 29842.50, 3778, 3472, 0.00, 0.00
2026-8-12, 15:37:19.855000, 29822.25, 29831.75, 29780.50, 29799.25, 7250, 6704, 29808.44, 29803.83, 29806.13, 3596, 3654, 0.00, 0.00
2026-8-12, 18:32:34.004003, 29799.00, 29866.75, 29792.00, 29836.75, 7250, 6753, 29823.63, 29831.83, 29829.38, 3468, 3782, 0.00, 0.00
2026-8-12, 19:38:24.519002, 29836.75, 29866.00, 29808.25, 29856.00, 7250, 6832, 29841.75, 29843.42, 29837.13, 3540, 3710, 0.00, 0.00
2026-8-12, 21:01:25.706000, 29855.75, 29891.75, 29833.50, 29871.75, 7250, 6782, 29863.19, 29865.67, 29862.63, 3452, 3798, 0.00, 0.00
2026-8-12, 23:15:15.460000, 29871.00, 29924.00, 29853.75, 29880.00, 7250, 6681, 29882.19, 29885.92, 29888.88, 3568, 3682, 0.00, 0.00
2026-8-13, 01:00:26.625001, 29879.50, 29905.50, 29845.00, 29871.00, 7250, 6607, 29875.25, 29873.83, 29875.25, 3900, 3350, 0.00, 0.00
2026-8-13, 02:31:59.319003, 29870.75, 29882.25, 29827.00, 29855.25, 7250, 6663, 29858.81, 29854.83, 29854.63, 3658, 3592, 0.00, 0.00
2026-8-13, 04:05:08.070001, 29855.25, 29892.25, 29821.00, 29862.00, 7250, 6646, 29857.63, 29858.42, 29856.63, 3525, 3725, 0.00, 0.00
2026-8-13, 06:28:16.583000, 29861.50, 29895.00, 29812.25, 29844.50, 7250, 6568, 29853.31, 29850.58, 29853.63, 3778, 3472, 0.00, 0.00
2026-8-13, 07:30:40.140011, 29844.00, 29879.50, 29820.00, 29876.00, 7250, 6251, 29854.88, 29858.50, 29849.75, 3682, 3568, 0.00, 29884.50
2026-8-13, 07:56:27.522007, 29876.00, 29921.00, 29869.25, 29907.75, 7250, 6827, 29893.50, 29899.33, 29895.13, 3646, 3604, 0.00, 29926.00
2026-8-13, 08:25:04.603000, 29907.50, 29920.00, 29906.00, 29911.00, 2513, 2226, 29911.13, 29912.33, 29913.00, 1390, 1123, 0.00, 0.00
2026-8-13, 08:30:00.001000, 29910.25, 29912.75, 29866.50, 29872.25, 7250, 6804, 29890.44, 29883.83, 29889.63, 3921, 3329, 0.00, 0.00
2026-8-13, 08:31:56.588000, 29872.75, 29947.25, 29863.50, 29946.50, 7250, 6827, 29907.50, 29919.08, 29905.38, 3261, 3989, 0.00, 0.00
2026-8-13, 08:34:59.057001, 29946.75, 30026.00, 29940.00, 30025.00, 7250, 6704, 29984.44, 29997.00, 29983.00, 3023, 4227, 0.00, 0.00
2026-8-13, 08:37:00.055001, 30024.75, 30046.75, 30020.00, 30046.00, 7250, 6801, 30034.38, 30037.58, 30033.38, 3740, 3510, 0.00, 30051.75
2026-8-13, 08:40:21.245000, 30046.00, 30053.50, 30005.25, 30013.00, 7250, 6863, 30029.44, 30023.92, 30029.38, 3898, 3352, 0.00, 30058.50
2026-8-13, 08:44:07.886000, 30013.25, 30096.00, 29995.50, 30090.25, 7250, 6926, 30048.75, 30060.58, 30045.75, 3187, 4063, 0.00, 0.00
2026-8-13, 08:46:43.984000, 30089.75, 30146.00, 30088.75, 30127.00, 7250, 6793, 30112.88, 30120.58, 30117.38, 3353, 3897, 0.00, 0.00
2026-8-13, 08:50:06.940001, 30127.00, 30155.00, 30119.25, 30131.00, 7250, 6666, 30133.06, 30135.08, 30137.13, 3684, 3566, 0.00, 0.00
2026-8-13, 08:53:22.529000, 30130.75, 30153.50, 30122.75, 30153.50, 7250, 6776, 30140.13, 30143.25, 30138.13, 3684, 3566, 0.00, 0.00
2026-8-13, 08:57:48.623007, 30153.50, 30182.25, 30149.00, 30179.00, 7250, 6647, 30165.94, 30170.08, 30165.63, 3349, 3901, 0.00, 0.00
2026-8-13, 09:00:43.600001, 30179.00, 30188.00, 30159.25, 30183.75, 7250, 6660, 30177.50, 30177.00, 30173.63, 3713, 3537, 0.00, 0.00
2026-8-13, 09:05:21.572000, 30183.50, 30193.50, 30160.75, 30193.50, 7250, 6440, 30182.81, 30182.58, 30177.13, 3428, 3822, 0.00, 0.00
2026-8-13, 09:10:43.165003, 30193.50, 30214.75, 30190.50, 30203.50, 7250, 6508, 30200.56, 30202.92, 30202.63, 3523, 3727, 0.00, 0.00
2026-8-13, 09:16:08.402000, 30202.75, 30217.50, 30185.25, 30202.50, 7250, 6532, 30202.00, 30201.75, 30201.38, 3492, 3758, 0.00, 0.00
2026-8-13, 09:21:22.842003, 30202.50, 30216.75, 30198.00, 30209.00, 7250, 6373, 30206.56, 30207.92, 30207.38, 3524, 3726, 0.00, 0.00
2026-8-13, 09:28:27.010000, 30208.25, 30261.00, 30207.25, 30258.25, 7250, 6273, 30233.69, 30242.17, 30234.13, 2922, 4328, 0.00, 0.00
2026-8-13, 09:32:29.995001, 30258.25, 30267.50, 30240.25, 30241.50, 7250, 6466, 30251.88, 30249.75, 30253.88, 3867, 3383, 0.00, 0.00
2026-8-13, 09:38:52.306000, 30241.75, 30260.25, 30227.75, 30229.25, 7250, 6679, 30239.75, 30239.08, 30244.00, 3805, 3445, 0.00, 0.00
2026-8-13, 09:45:27.444000, 30229.25, 30241.50, 30211.00, 30211.00, 7250, 6676, 30223.19, 30221.17, 30226.25, 3767, 3483, 0.00, 0.00
2026-8-13, 09:50:53.796004, 30211.00, 30228.50, 30199.50, 30212.75, 7250, 6783, 30212.94, 30213.58, 30214.00, 3593, 3657, 30194.50, 0.00
2026-8-13, 09:57:48.004002, 30212.50, 30231.50, 30193.75, 30208.25, 7250, 6800, 30211.50, 30211.17, 30212.63, 3598, 3652, 0.00, 0.00
2026-8-13, 10:03:26.555000, 30208.00, 30224.25, 30195.50, 30206.75, 7250, 6746, 30208.63, 30208.83, 30209.88, 3664, 3586, 0.00, 0.00
2026-8-13, 10:10:18.276000, 30206.25, 30228.25, 30202.00, 30223.50, 7250, 6793, 30215.00, 30217.92, 30215.13, 3596, 3654, 0.00, 0.00
2026-8-13, 10:19:38.748000, 30223.00, 30238.75, 30202.00, 30202.00, 7250, 6839, 30216.44, 30214.25, 30220.38, 3862, 3388, 0.00, 0.00
2026-8-13, 10:27:42.962001, 30202.00, 30211.75, 30170.00, 30173.25, 7250, 6727, 30189.25, 30185.00, 30190.88, 3737, 3513, 0.00, 0.00
2026-8-13, 10:32:26.591001, 30173.25, 30180.50, 30132.25, 30132.25, 7250, 6685, 30154.56, 30148.33, 30156.38, 4003, 3247, 0.00, 0.00
2026-8-13, 10:37:11.723000, 30133.25, 30176.75, 30128.25, 30167.75, 7250, 6734, 30151.50, 30157.58, 30152.50, 3595, 3655, 0.00, 0.00
2026-8-13, 10:43:57.466000, 30167.75, 30169.75, 30110.75, 30110.75, 7250, 6748, 30139.75, 30130.42, 30140.25, 4015, 3235, 0.00, 0.00
2026-8-13, 10:52:32.464000, 30110.50, 30137.00, 30104.00, 30116.75, 7250, 6537, 30117.06, 30119.25, 30120.50, 3596, 3654, 0.00, 0.00
2026-8-13, 11:00:42.455001, 30116.75, 30172.50, 30116.75, 30163.50, 7250, 6710, 30142.38, 30150.92, 30144.63, 3381, 3869, 0.00, 0.00
2026-8-13, 11:10:33.229001, 30163.50, 30172.25, 30133.75, 30166.75, 7250, 6742, 30159.06, 30157.58, 30153.00, 3767, 3483, 0.00, 0.00
2026-8-13, 11:24:37.004003, 30166.75, 30200.00, 30163.50, 30186.25, 7250, 6656, 30179.13, 30183.25, 30181.75, 3563, 3687, 0.00, 0.00
2026-8-13, 11:37:04.209000, 30186.25, 30203.25, 30168.00, 30190.50, 7250, 6698, 30187.00, 30187.25, 30185.63, 3682, 3568, 0.00, 0.00
2026-8-13, 11:53:58.944017, 30190.50, 30225.00, 30176.50, 30224.50, 7250, 6465, 30204.13, 30208.67, 30200.75, 3483, 3767, 0.00, 0.00
2026-8-13, 12:05:57.963000, 30224.50, 30243.25, 30217.00, 30241.00, 7250, 6655, 30231.44, 30233.75, 30230.13, 3581, 3669, 0.00, 0.00
2026-8-13, 12:19:54.003001, 30241.00, 30250.00, 30230.25, 30233.75, 7250, 6744, 30238.75, 30238.00, 30240.13, 3712, 3538, 0.00, 0.00
2026-8-13, 12:34:24.703000, 30233.25, 30236.50, 30211.25, 30212.25, 7250, 6831, 30223.31, 30220.00, 30223.88, 3809, 3441, 0.00, 0.00
2026-8-13, 12:52:26.086000, 30211.50, 30219.50, 30195.75, 30195.75, 7250, 6623, 30205.63, 30203.67, 30207.63, 3826, 3424, 0.00, 0.00
2026-8-13, 13:08:11.520001, 30195.50, 30207.75, 30185.75, 30186.50, 7250, 6776, 30193.88, 30193.33, 30196.75, 3919, 3331, 0.00, 0.00
2026-8-13, 13:24:23.543004, 30186.50, 30220.75, 30181.00, 30217.50, 7250, 6839, 30201.44, 30206.42, 30200.88, 3607, 3643, 0.00, 0.00
2026-8-13, 13:37:15.448001, 30217.50, 30242.75, 30215.25, 30237.75, 7250, 6765, 30228.31, 30231.92, 30229.00, 3606, 3644, 0.00, 0.00
2026-8-13, 13:51:21.501004, 30237.75, 30259.75, 30232.25, 30259.75, 7250, 6790, 30247.38, 30250.58, 30246.00, 3635, 3615, 0.00, 0.00
2026-8-13, 14:06:07.329003, 30259.75, 30272.75, 30232.00, 30236.50, 7250, 6546, 30250.25, 30247.08, 30252.38, 3808, 3442, 0.00, 0.00
2026-8-13, 14:15:00.815000, 30236.25, 30246.00, 30215.25, 30219.00, 7250, 6644, 30229.13, 30226.75, 30230.63, 3823, 3427, 0.00, 0.00
2026-8-13, 14:26:45.302000, 30218.75, 30232.25, 30211.00, 30219.75, 7250, 6819, 30220.44, 30221.00, 30221.63, 3631, 3619, 0.00, 0.00
2026-8-13, 14:40:23.373000, 30220.25, 30222.50, 30186.00, 30193.25, 7250, 6818, 30205.50, 30200.58, 30204.25, 3792, 3458, 0.00, 0.00
2026-8-13, 14:50:50.920000, 30193.75, 30206.00, 30173.00, 30179.75, 7250, 6440, 30188.13, 30186.25, 30189.50, 3867, 3383, 0.00, 0.00
2026-8-13, 14:56:02.535001, 30179.50, 30193.00, 30174.75, 30185.75, 7250, 6500, 30183.25, 30184.50, 30183.88, 3498, 3752, 0.00, 0.00
2026-8-13, 14:59:46.062004, 30185.75, 30204.50, 30183.50, 30203.00, 7250, 6111, 30194.19, 30197.00, 30194.00, 3736, 3514, 0.00, 0.00
2026-8-13, 15:00:45.619004, 30203.25, 30220.00, 30144.50, 30214.25, 7250, 5635, 30195.50, 30192.92, 30182.25, 4057, 3193, 0.00, 0.00
2026-8-13, 15:06:37.401018, 30214.25, 30219.75, 30186.00, 30196.75, 7250, 6522, 30204.19, 30200.83, 30202.88, 3669, 3581, 0.00, 0.00
2026-8-13, 17:00:57.729000, 30196.00, 30232.00, 30189.50, 30228.75, 7250, 6552, 30211.56, 30216.75, 30210.75, 3516, 3734, 0.00, 0.00
2026-8-13, 19:04:37.556000, 30228.50, 30232.00, 30132.50, 30135.75, 7250, 6646, 30182.19, 30166.75, 30182.25, 4084, 3166, 0.00, 0.00
2026-8-13, 20:04:19.543002, 30135.75, 30171.75, 30124.25, 30166.00, 7250, 6795, 30149.44, 30154.00, 30148.00, 3364, 3886, 0.00, 0.00
2026-8-13, 21:16:47.154000, 30165.75, 30182.50, 30144.75, 30149.25, 7250, 6867, 30160.56, 30158.83, 30163.63, 3574, 3676, 0.00, 0.00
2026-8-13, 23:34:45.002000, 30149.25, 30182.00, 30127.75, 30171.75, 7250, 6778, 30157.69, 30160.50, 30154.88, 3640, 3610, 0.00, 0.00
2026-8-14, 01:54:39.413000, 30171.75, 30237.75, 30169.00, 30234.00, 7250, 6641, 30203.13, 30213.58, 30203.38, 3277, 3973, 0.00, 0.00
2026-8-14, 03:35:47.238000, 30234.75, 30249.75, 30207.00, 30243.75, 7250, 6580, 30233.81, 30233.50, 30228.38, 3439, 3811, 0.00, 0.00
2026-8-14, 05:52:06.258020, 30243.75, 30280.25, 30237.25, 30265.00, 7250, 6517, 30256.56, 30260.83, 30258.75, 3525, 3725, 0.00, 0.00
2026-8-14, 07:10:09.008000, 30265.50, 30279.75, 30208.50, 30267.50, 7250, 6750, 30255.31, 30251.92, 30244.13, 3703, 3547, 0.00, 0.00
2026-8-14, 07:46:11.805001, 30267.75, 30283.00, 30240.75, 30240.75, 7250, 6743, 30258.06, 30254.83, 30261.88, 3687, 3563, 0.00, 0.00
2026-8-14, 08:27:40.033000, 30240.75, 30248.25, 30236.25, 30241.75, 1363, 1282, 30241.75, 30242.08, 30242.25, 681, 682, 0.00, 0.00
2026-8-14, 08:30:00.000000, 30241.75, 30269.50, 30224.00, 30237.50, 7250, 6896, 30243.19, 30243.67, 30246.75, 3490, 3760, 0.00, 0.00
2026-8-14, 08:31:47.029000, 30237.00, 30258.75, 30208.75, 30208.75, 7250, 6991, 30228.31, 30225.42, 30233.75, 3703, 3547, 0.00, 0.00
2026-8-14, 08:34:59.226015, 30208.75, 30219.00, 30173.50, 30179.25, 7250, 6823, 30195.13, 30190.58, 30196.25, 3955, 3295, 0.00, 0.00
2026-8-14, 08:37:46.985000, 30179.00, 30229.75, 30169.75, 30204.00, 7250, 6919, 30195.63, 30201.17, 30199.75, 3496, 3754, 0.00, 0.00
2026-8-14, 08:41:01.693022, 30204.00, 30260.00, 30195.00, 30260.00, 7250, 6865, 30229.75, 30238.33, 30227.50, 3241, 4009, 0.00, 0.00
2026-8-14, 08:44:15.203000, 30260.00, 30275.25, 30226.00, 30227.00, 7250, 6777, 30247.06, 30242.75, 30250.63, 3847, 3403, 0.00, 0.00
2026-8-14, 08:47:19.147006, 30227.00, 30280.50, 30227.00, 30233.75, 7250, 6907, 30242.06, 30247.08, 30253.75, 3765, 3485, 0.00, 0.00
2026-8-14, 08:50:53.944000, 30233.50, 30265.50, 30218.50, 30241.75, 7250, 6855, 30239.81, 30241.92, 30242.00, 3569, 3681, 0.00, 0.00
2026-8-14, 08:55:11.156006, 30241.50, 30250.75, 30204.75, 30232.00, 7250, 6786, 30232.25, 30229.17, 30227.75, 3877, 3373, 0.00, 0.00
2026-8-14, 09:00:33.709000, 30232.75, 30271.00, 30216.00, 30267.00, 7250, 6841, 30246.69, 30251.33, 30243.50, 3445, 3805, 0.00, 0.00
2026-8-14, 09:06:20.056001, 30266.75, 30272.25, 30215.75, 30226.00, 7250, 6715, 30245.19, 30238.00, 30244.00, 3879, 3371, 0.00, 0.00
2026-8-14, 09:11:42.061006, 30226.00, 30244.00, 30181.00, 30181.00, 7250, 6804, 30208.00, 30202.00, 30212.50, 4062, 3188, 0.00, 0.00
2026-8-14, 09:18:15.552002, 30181.00, 30193.50, 30157.00, 30162.00, 7250, 6678, 30173.38, 30170.83, 30175.25, 3828, 3422, 0.00, 0.00
2026-8-14, 09:23:11.119000, 30162.50, 30176.25, 30134.25, 30137.00, 7250, 6467, 30152.50, 30149.17, 30155.25, 3967, 3283, 0.00, 0.00
2026-8-14, 09:28:37.856000, 30137.00, 30163.25, 30129.00, 30131.75, 7250, 6500, 30140.25, 30141.33, 30146.13, 3716, 3534, 0.00, 0.00
2026-8-14, 09:32:51.619001, 30131.75, 30173.50, 30130.00, 30157.25, 7250, 6416, 30148.13, 30153.58, 30151.75, 3231, 4019, 0.00, 0.00
2026-8-14, 09:39:32.019002, 30157.25, 30176.50, 30142.00, 30162.50, 7250, 6562, 30159.56, 30160.33, 30159.25, 3468, 3782, 0.00, 0.00
2026-8-14, 09:48:50.746000, 30162.50, 30166.00, 30123.50, 30123.50, 7250, 6676, 30143.88, 30137.67, 30144.75, 3863, 3387, 0.00, 0.00
2026-8-14, 09:59:57.252001, 30123.50, 30143.00, 30109.50, 30123.25, 7250, 6452, 30124.81, 30125.25, 30126.25, 3792, 3458, 0.00, 0.00
2026-8-14, 10:06:53.103000, 30124.00, 30130.50, 30088.00, 30096.75, 7250, 6757, 30109.81, 30105.08, 30109.25, 4029, 3221, 0.00, 0.00
2026-8-14, 10:15:17.983000, 30096.50, 30110.75, 30061.50, 30064.75, 7250, 6378, 30083.38, 30079.00, 30086.13, 3980, 3270, 0.00, 0.00
2026-8-14, 10:22:49.958000, 30064.75, 30067.75, 30033.50, 30047.75, 7250, 6661, 30053.44, 30049.67, 30050.63, 3722, 3528, 0.00, 0.00
2026-8-14, 10:28:10.804001, 30047.75, 30075.00, 30042.00, 30043.75, 7250, 6598, 30052.13, 30053.58, 30058.50, 3618, 3632, 0.00, 0.00
2026-8-14, 10:34:38.672015, 30043.75, 30065.50, 30029.50, 30037.25, 7250, 6566, 30044.00, 30044.08, 30047.50, 3577, 3673, 0.00, 0.00
2026-8-14, 10:43:18.494000, 30037.75, 30066.25, 30028.50, 30049.75, 7250, 6491, 30045.56, 30048.17, 30047.38, 3612, 3638, 0.00, 0.00
2026-8-14, 10:52:40.608001, 30049.75, 30084.25, 30047.50, 30075.00, 7250, 6548, 30064.13, 30068.92, 30065.88, 3352, 3898, 0.00, 0.00
2026-8-14, 11:02:03.642006, 30075.00, 30081.50, 30050.50, 30074.25, 7250, 6657, 30070.31, 30068.75, 30066.00, 3528, 3722, 0.00, 0.00
2026-8-14, 11:13:07.821014, 30074.25, 30098.50, 30072.75, 30098.00, 7250, 6505, 30085.88, 30089.75, 30085.63, 3439, 3811, 0.00, 0.00
2026-8-14, 11:26:24.277000, 30098.25, 30107.75, 30065.75, 30083.75, 7250, 6545, 30088.88, 30085.75, 30086.75, 3667, 3583, 0.00, 0.00
2026-8-14, 11:36:18.257000, 30083.50, 30097.50, 30061.50, 30064.00, 7250, 6585, 30076.63, 30074.33, 30079.50, 3804, 3446, 0.00, 0.00
2026-8-14, 11:50:24.300000, 30064.00, 30072.75, 30052.75, 30070.00, 7250, 6708, 30064.88, 30065.17, 30062.75, 3636, 3614, 0.00, 0.00
2026-8-14, 12:08:07.493000, 30069.50, 30079.75, 30050.50, 30051.75, 7250, 6500, 30062.88, 30060.67, 30065.13, 3704, 3546, 0.00, 0.00
2026-8-14, 12:24:35.609000, 30051.00, 30072.25, 30046.50, 30061.00, 7250, 6483, 30057.69, 30059.92, 30059.38, 3477, 3773, 0.00, 0.00
2026-8-14, 12:41:05.491000, 30061.25, 30084.50, 30049.75, 30080.00, 7250, 6601, 30068.88, 30071.42, 30067.13, 3460, 3790, 0.00, 0.00
2026-8-14, 13:00:29.727000, 30079.50, 30091.25, 30073.50, 30083.00, 7250, 6550, 30081.81, 30082.58, 30082.38, 3685, 3565, 0.00, 0.00
2026-8-14, 13:20:49.979002, 30083.00, 30092.50, 30062.50, 30075.75, 7250, 6468, 30078.44, 30076.92, 30077.50, 3477, 3773, 0.00, 0.00
2026-8-14, 13:40:27.217001, 30075.75, 30104.00, 30075.75, 30087.75, 7250, 6563, 30085.81, 30089.17, 30089.88, 3274, 3976, 0.00, 0.00
2026-8-14, 13:59:33.632000, 30088.25, 30094.50, 30077.00, 30080.75, 7250, 6616, 30085.13, 30084.08, 30085.75, 3572, 3678, 0.00, 0.00
2026-8-14, 14:18:07.896000, 30080.50, 30104.00, 30076.00, 30103.00, 7250, 6686, 30090.88, 30094.33, 30090.00, 3166, 4084, 0.00, 0.00
2026-8-14, 14:34:48.659002, 30103.00, 30115.25, 30096.00, 30106.75, 7250, 6463, 30105.25, 30106.00, 30105.63, 3167, 4083, 0.00, 0.00
2026-8-14, 14:46:43.030000, 30106.75, 30130.00, 30101.50, 30120.75, 7250, 6487, 30114.75, 30117.42, 30115.75, 3030, 4220, 0.00, 0.00
2026-8-14, 14:53:13.129000, 30120.75, 30129.75, 30112.25, 30125.00, 7250, 6549, 30121.94, 30122.33, 30121.00, 3152, 4098, 0.00, 0.00
2026-8-14, 14:58:55.142002, 30125.00, 30148.00, 30122.00, 30147.50, 7250, 6404, 30135.63, 30139.17, 30135.00, 3496, 3754, 0.00, 0.00
2026-8-14, 15:00:02.451016, 30147.50, 30153.25, 30131.00, 30138.00, 7250, 6299, 30142.44, 30140.75, 30142.13, 3684, 3566, 0.00, 0.00
2026-8-14, 15:13:20.163003, 30138.00, 30154.75, 30127.25, 30154.00, 4586, 4149, 30143.50, 30145.33, 30141.00, 2193, 2393, 0.00, 0.00
2026-8-16, 17:00:00.000000, 30170.00, 30228.00, 30163.75, 30214.25, 7250, 6580, 30194.00, 30202.00, 30195.88, 3438, 3812, 0.00, 0.00
2026-8-16, 19:01:00.509006, 30214.25, 30233.25, 30185.50, 30223.75, 7250, 6715, 30214.19, 30214.17, 30209.38, 3561, 3689, 0.00, 0.00
2026-8-16, 20:20:15.862000, 30223.75, 30239.00, 30185.25, 30225.50, 7250, 6484, 30218.38, 30216.58, 30212.13, 3364, 3886, 0.00, 0.00
2026-8-16, 22:01:48.372000, 30225.25, 30274.00, 30222.00, 30271.00, 7250, 6748, 30248.06, 30255.67, 30248.00, 3394, 3856, 0.00, 0.00
2026-8-17, 00:51:21.841000, 30270.75, 30327.00, 30266.75, 30325.00, 7250, 6152, 30297.38, 30306.25, 30296.88, 3012, 4238, 0.00, 0.00
2026-8-17, 02:01:22.909006, 30325.00, 30331.50, 30261.00, 30309.25, 7250, 6722, 30306.69, 30300.58, 30296.25, 3826, 3424, 0.00, 0.00
2026-8-17, 03:07:58.322004, 30309.25, 30328.00, 30267.75, 30287.75, 7250, 6782, 30298.19, 30294.50, 30297.88, 3506, 3744, 0.00, 0.00
2026-8-17, 05:24:40.541004, 30287.75, 30343.00, 30279.00, 30295.75, 7250, 6450, 30301.38, 30305.92, 30311.00, 3414, 3836, 0.00, 0.00
2026-8-17, 06:39:11.163021, 30295.75, 30310.00, 30220.75, 30236.00, 7250, 6700, 30265.63, 30255.58, 30265.38, 3984, 3266, 0.00, 0.00
2026-8-17, 07:29:37.971000, 30237.25, 30250.50, 30180.00, 30199.00, 7250, 6535, 30216.69, 30209.83, 30215.25, 3828, 3422, 0.00, 0.00
2026-8-17, 07:59:10.183000, 30199.25, 30234.75, 30197.00, 30234.00, 7250, 6086, 30216.25, 30221.92, 30215.88, 3829, 3421, 0.00, 0.00
2026-8-17, 08:27:44.410000, 30234.00, 30238.00, 30211.25, 30218.75, 1651, 1471, 30225.50, 30222.67, 30224.63, 834, 817, 0.00, 0.00
2026-8-17, 08:30:00.000000, 30219.25, 30266.00, 30210.00, 30231.75, 7250, 6841, 30231.75, 30235.92, 30238.00, 3406, 3844, 0.00, 0.00
2026-8-17, 08:31:41.051003, 30231.25, 30248.75, 30191.00, 30225.75, 7250, 6838, 30224.19, 30221.83, 30219.88, 3765, 3485, 0.00, 0.00
2026-8-17, 08:34:02.692000, 30225.75, 30239.25, 30185.00, 30218.00, 7250, 6855, 30217.00, 30214.08, 30212.13, 3456, 3794, 0.00, 0.00
2026-8-17, 08:37:34.286000, 30217.50, 30226.25, 30165.50, 30194.00, 7250, 6730, 30200.81, 30195.25, 30195.88, 3829, 3421, 0.00, 0.00
2026-8-17, 08:40:27.871016, 30194.00, 30230.50, 30179.25, 30203.75, 7250, 6853, 30201.88, 30204.50, 30204.88, 3473, 3777, 0.00, 0.00
2026-8-17, 08:45:02.505000, 30203.25, 30229.00, 30174.25, 30226.00, 7250, 6843, 30208.13, 30209.75, 30201.63, 3490, 3760, 0.00, 0.00
2026-8-17, 08:50:04.680000, 30226.00, 30254.25, 30210.75, 30244.00, 7250, 6911, 30233.75, 30236.33, 30232.50, 3508, 3742, 0.00, 0.00
2026-8-17, 08:55:16.398000, 30243.75, 30247.25, 30215.00, 30218.25, 7250, 6907, 30231.06, 30226.83, 30231.13, 3741, 3509, 0.00, 0.00
2026-8-17, 09:01:11.278000, 30218.25, 30234.50, 30186.25, 30198.00, 7250, 6937, 30209.25, 30206.25, 30210.38, 3931, 3319, 0.00, 0.00
2026-8-17, 09:05:57.404000, 30197.25, 30213.25, 30161.00, 30213.25, 7250, 6876, 30196.19, 30195.83, 30187.13, 3766, 3484, 0.00, 0.00
2026-8-17, 09:10:14.121000, 30213.50, 30226.25, 30195.25, 30199.00, 7250, 6822, 30208.50, 30206.83, 30210.75, 3748, 3502, 0.00, 0.00
2026-8-17, 09:17:00.596001, 30199.25, 30202.50, 30160.00, 30160.00, 7250, 6743, 30180.44, 30174.17, 30181.25, 3860, 3390, 0.00, 0.00
2026-8-17, 09:24:24.897060, 30160.00, 30200.50, 30155.25, 30191.25, 7250, 6674, 30176.75, 30182.33, 30177.88, 3537, 3713, 0.00, 0.00
2026-8-17, 09:31:27.092000, 30191.50, 30210.00, 30186.50, 30201.50, 7250, 6974, 30197.38, 30199.33, 30198.25, 3492, 3758, 0.00, 0.00
2026-8-17, 09:43:02.920002, 30201.75, 30231.50, 30199.25, 30211.50, 7250, 6845, 30211.00, 30214.08, 30215.38, 3453, 3797, 0.00, 0.00
2026-8-17, 09:53:00.155000, 30211.75, 30248.50, 30203.00, 30237.25, 7250, 6791, 30225.13, 30229.58, 30225.75, 3281, 3969, 0.00, 0.00
2026-8-17, 10:01:04.043000, 30237.50, 30284.00, 30236.75, 30282.50, 7250, 6731, 30260.19, 30267.75, 30260.38, 3295, 3955, 0.00, 0.00
2026-8-17, 10:06:56.086000, 30282.25, 30287.50, 30255.00, 30265.00, 7250, 6780, 30272.44, 30269.17, 30271.25, 3836, 3414, 0.00, 0.00
2026-8-17, 10:15:20.113002, 30265.00, 30278.00, 30255.50, 30258.75, 7250, 6851, 30264.31, 30264.08, 30266.75, 3754, 3496, 0.00, 0.00
2026-8-17, 10:26:14.085004, 30258.75, 30277.50, 30238.00, 30240.75, 7250, 6635, 30253.75, 30252.08, 30257.75, 3799, 3451, 0.00, 0.00
2026-8-17, 10:36:11.382000, 30240.75, 30252.25, 30207.75, 30228.75, 7250, 6804, 30232.38, 30229.58, 30230.00, 3767, 3483, 0.00, 0.00
2026-8-17, 10:42:37.821007, 30228.75, 30242.25, 30212.00, 30241.00, 7250, 6492, 30231.00, 30231.75, 30227.13, 3402, 3848, 0.00, 0.00
2026-8-17, 10:53:01.286003, 30241.00, 30249.75, 30201.50, 30203.25, 7250, 6863, 30223.88, 30218.17, 30225.63, 4107, 3143, 0.00, 0.00
2026-8-17, 11:06:59.997003, 30203.25, 30221.75, 30200.00, 30210.75, 7250, 6809, 30208.94, 30210.83, 30210.88, 3817, 3433, 0.00, 0.00
2026-8-17, 11:22:24.414004, 30210.75, 30212.75, 30192.75, 30201.50, 7250, 6899, 30204.44, 30202.33, 30202.75, 3886, 3364, 0.00, 0.00
2026-8-17, 11:39:40.248000, 30201.25, 30202.25, 30175.25, 30191.25, 7250, 6634, 30192.50, 30189.58, 30188.75, 3832, 3418, 0.00, 0.00
2026-8-17, 11:56:13.625000, 30191.50, 30192.75, 30154.00, 30160.75, 7250, 6445, 30174.75, 30169.17, 30173.38, 3854, 3396, 0.00, 0.00
2026-8-17, 12:10:16.134000, 30160.75, 30163.75, 30125.00, 30129.00, 7250, 6243, 30144.63, 30139.25, 30144.38, 3693, 3557, 0.00, 0.00
2026-8-17, 12:16:50.196000, 30129.00, 30139.50, 30101.25, 30103.75, 7250, 6621, 30118.38, 30114.83, 30120.38, 3804, 3446, 0.00, 0.00
2026-8-17, 12:23:45.984000, 30103.50, 30116.00, 30090.50, 30096.75, 7250, 6508, 30101.69, 30101.08, 30103.25, 3682, 3568, 0.00, 0.00
2026-8-17, 12:31:05.172000, 30096.25, 30116.75, 30086.50, 30090.50, 7250, 6419, 30097.50, 30097.92, 30101.63, 3449, 3801, 0.00, 0.00
2026-8-17, 12:40:06.165000, 30091.00, 30128.00, 30090.75, 30113.00, 7250, 6596, 30105.69, 30110.58, 30109.38, 3572, 3678, 0.00, 0.00
2026-8-17, 12:53:56.020001, 30113.00, 30117.25, 30080.50, 30088.00, 7250, 6772, 30099.69, 30095.25, 30098.88, 3950, 3300, 0.00, 0.00
2026-8-17, 13:05:53.278000, 30088.00, 30107.75, 30079.25, 30091.75, 7250, 6863, 30091.69, 30092.92, 30093.50, 3775, 3475, 0.00, 0.00
2026-8-17, 13:21:08.061001, 30091.75, 30113.75, 30089.75, 30106.75, 7250, 6876, 30100.50, 30103.42, 30101.75, 3554, 3696, 0.00, 0.00
2026-8-17, 13:36:20.544000, 30106.25, 30136.50, 30101.75, 30120.50, 7250, 6753, 30116.25, 30119.58, 30119.13, 3542, 3708, 0.00, 0.00
2026-8-17, 13:55:25.966000, 30120.75, 30125.00, 30090.25, 30090.25, 7250, 6525, 30106.56, 30101.83, 30107.63, 3824, 3426, 0.00, 0.00
2026-8-17, 14:13:12.713001, 30090.50, 30112.75, 30082.25, 30112.75, 7250, 6601, 30099.56, 30102.58, 30097.50, 3475, 3775, 0.00, 0.00
2026-8-17, 14:25:52.164004, 30112.75, 30114.00, 30088.75, 30105.75, 7250, 6738, 30105.31, 30102.83, 30101.38, 3444, 3806, 0.00, 0.00
2026-8-17, 14:39:51.664000, 30105.25, 30123.00, 30096.50, 30100.50, 7250, 6801, 30106.31, 30106.67, 30109.75, 3584, 3666, 0.00, 0.00
2026-8-17, 14:51:59.451040, 30100.50, 30106.25, 30066.50, 30088.00, 7250, 6822, 30090.31, 30086.92, 30086.38, 3481, 3769, 0.00, 0.00
2026-8-17, 14:57:45.459000, 30087.50, 30105.00, 30084.00, 30091.50, 7250, 6293, 30092.00, 30093.50, 30094.50, 3360, 3890, 0.00, 0.00
2026-8-17, 14:59:59.114000, 30092.25, 30098.00, 30070.25, 30081.50, 7250, 6413, 30085.50, 30083.25, 30084.13, 3835, 3415, 0.00, 0.00
2026-8-17, 15:11:26.979003, 30081.50, 30091.75, 30054.50, 30077.00, 7250, 6742, 30076.19, 30074.42, 30073.13, 3557, 3693, 0.00, 0.00
2026-8-17, 17:29:31.766000, 30076.50, 30114.75, 30067.00, 30110.50, 7250, 6709, 30092.19, 30097.42, 30090.88, 3569, 3681, 0.00, 0.00
2026-8-17, 19:24:20.734001, 30110.50, 30121.25, 30065.00, 30065.00, 7250, 6847, 30090.44, 30083.75, 30093.13, 3832, 3418, 0.00, 0.00
2026-8-17, 20:41:23.382004, 30065.00, 30066.25, 29968.25, 29991.75, 7250, 5902, 30022.81, 30008.75, 30017.25, 3592, 3658, 0.00, 0.00
2026-8-17, 20:58:15.851000, 29991.00, 30022.00, 29929.25, 29937.75, 7250, 6577, 29970.00, 29963.00, 29975.63, 3823, 3427, 0.00, 0.00
2026-8-17, 21:27:56.408000, 29937.50, 29959.75, 29880.25, 29901.25, 7250, 6623, 29919.69, 29913.75, 29920.00, 3822, 3428, 0.00, 0.00
2026-8-17, 21:54:55.271000, 29901.00, 29915.50, 29853.00, 29892.50, 7250, 6730, 29890.50, 29887.00, 29884.25, 3734, 3516, 0.00, 0.00
2026-8-17, 22:38:02.074000, 29892.25, 29920.25, 29870.25, 29909.25, 7250, 6575, 29898.00, 29899.92, 29895.25, 3541, 3709, 0.00, 0.00
2026-8-17, 23:30:39.650029, 29909.25, 29927.25, 29862.25, 29869.50, 7250, 6513, 29892.06, 29886.33, 29894.75, 3827, 3423, 0.00, 0.00
2026-8-18, 00:49:27.051000, 29869.50, 29880.75, 29786.00, 29852.75, 7250, 6692, 29847.25, 29839.83, 29833.38, 3906, 3344, 0.00, 0.00
2026-8-18, 01:20:13.046000, 29852.75, 29896.50, 29822.50, 29823.00, 7250, 6854, 29848.69, 29847.33, 29859.50, 3713, 3537, 0.00, 0.00
2026-8-18, 02:36:05.206000, 29822.25, 29849.25, 29736.50, 29756.25, 7250, 6726, 29791.06, 29780.67, 29792.88, 3907, 3343, 0.00, 0.00
2026-8-18, 03:11:22.106001, 29756.75, 29792.25, 29735.75, 29758.00, 7250, 6787, 29760.69, 29762.00, 29764.00, 3612, 3638, 29730.75, 0.00
2026-8-18, 04:02:03.428000, 29758.25, 29778.00, 29690.00, 29690.00, 7250, 6726, 29729.06, 29719.33, 29734.00, 3967, 3283, 0.00, 0.00
2026-8-18, 04:51:38.500001, 29690.00, 29752.75, 29687.25, 29744.75, 7250, 6512, 29718.69, 29728.25, 29720.00, 3715, 3535, 0.00, 0.00
2026-8-18, 06:00:14.388001, 29744.75, 29775.75, 29727.00, 29754.25, 7250, 6552, 29750.44, 29752.33, 29751.38, 3688, 3562, 0.00, 0.00
2026-8-18, 06:57:23.579000, 29753.50, 29786.00, 29701.75, 29703.00, 7250, 6162, 29736.06, 29730.25, 29743.88, 3638, 3612, 0.00, 0.00
2026-8-18, 07:30:56.495006, 29702.75, 29726.50, 29680.50, 29704.75, 7250, 6618, 29703.63, 29703.92, 29703.50, 3734, 3516, 0.00, 0.00
2026-8-18, 08:05:45.429001, 29704.75, 29709.50, 29678.00, 29694.25, 7250, 6278, 29696.63, 29693.92, 29693.75, 4096, 3154, 0.00, 0.00
2026-8-18, 08:29:03.075000, 29694.00, 29700.25, 29687.50, 29690.75, 1042, 816, 29693.13, 29692.83, 29693.88, 629, 413, 0.00, 0.00
2026-8-18, 08:30:00.000000, 29690.25, 29728.25, 29658.25, 29713.25, 7250, 6666, 29697.50, 29699.92, 29693.25, 3953, 3297, 0.00, 0.00
2026-8-18, 08:31:05.037000, 29713.50, 29755.25, 29699.25, 29703.50, 7250, 6470, 29717.88, 29719.33, 29727.25, 3982, 3268, 0.00, 0.00
2026-8-18, 08:32:35.210000, 29703.50, 29705.75, 29631.25, 29635.50, 7250, 6502, 29669.00, 29657.50, 29668.50, 4255, 2995, 0.00, 0.00
2026-8-18, 08:34:11.007000, 29635.25, 29731.50, 29631.50, 29715.50, 7250, 6485, 29678.44, 29692.83, 29681.50, 3725, 3525, 0.00, 0.00
2026-8-18, 08:35:44.484002, 29715.50, 29729.00, 29673.25, 29711.25, 7250, 6633, 29707.25, 29704.50, 29701.13, 3714, 3536, 0.00, 0.00
2026-8-18, 08:38:17.463002, 29711.25, 29767.00, 29708.25, 29758.00, 7250, 6796, 29736.13, 29744.42, 29737.63, 3285, 3965, 0.00, 0.00
2026-8-18, 08:41:15.737002, 29758.00, 29769.75, 29690.00, 29695.00, 7250, 6672, 29728.19, 29718.25, 29729.88, 3936, 3314, 0.00, 0.00
2026-8-18, 08:44:50.981002, 29695.00, 29700.50, 29656.00, 29677.50, 7250, 6632, 29682.25, 29678.00, 29678.25, 3786, 3464, 0.00, 0.00
2026-8-18, 08:47:45.703000, 29677.25, 29687.00, 29645.00, 29650.50, 7250, 6851, 29664.94, 29660.83, 29666.00, 3622, 3628, 0.00, 0.00
2026-8-18, 08:51:18.066007, 29650.25, 29668.50, 29611.75, 29613.00, 7250, 6718, 29635.88, 29631.08, 29640.13, 3831, 3419, 0.00, 0.00
2026-8-18, 08:55:20.298001, 29613.00, 29662.25, 29604.75, 29650.25, 7250, 6827, 29632.56, 29639.08, 29633.50, 3401, 3849, 0.00, 0.00
2026-8-18, 08:58:59.937000, 29650.25, 29682.25, 29621.25, 29678.25, 7250, 6794, 29658.00, 29660.58, 29651.75, 3498, 3752, 0.00, 0.00
2026-8-18, 09:02:23.030002, 29678.25, 29705.75, 29643.25, 29647.75, 7250, 6696, 29668.75, 29665.58, 29674.50, 3755, 3495, 0.00, 0.00
2026-8-18, 09:05:52.204000, 29647.75, 29675.25, 29613.75, 29613.75, 7250, 6680, 29637.63, 29634.25, 29644.50, 3831, 3419, 0.00, 0.00
2026-8-18, 09:10:11.459000, 29614.25, 29614.25, 29575.25, 29588.50, 7250, 6217, 29598.06, 29592.67, 29594.75, 3687, 3563, 0.00, 0.00
2026-8-18, 09:12:40.100001, 29588.75, 29620.00, 29568.50, 29614.75, 7250, 6629, 29598.00, 29601.08, 29594.25, 3205, 4045, 0.00, 0.00
2026-8-18, 09:16:21.326001, 29614.75, 29645.50, 29593.25, 29639.75, 7250, 6681, 29623.31, 29626.17, 29619.38, 3560, 3690, 0.00, 0.00
2026-8-18, 09:21:06.726001, 29639.75, 29661.50, 29593.25, 29641.75, 7250, 6640, 29634.06, 29632.17, 29627.38, 3448, 3802, 0.00, 0.00
2026-8-18, 09:24:51.818000, 29641.75, 29684.75, 29637.00, 29662.75, 7250, 6746, 29656.56, 29661.50, 29660.88, 3097, 4153, 0.00, 0.00
2026-8-18, 09:29:22.070000, 29663.00, 29691.25, 29658.75, 29668.00, 7250, 6758, 29670.25, 29672.67, 29675.00, 3286, 3964, 0.00, 0.00
2026-8-18, 09:34:23.118000, 29667.75, 29684.75, 29649.00, 29666.00, 7250, 6013, 29666.88, 29666.58, 29666.88, 3874, 3376, 0.00, 0.00
2026-8-18, 09:39:49.635004, 29666.00, 29673.00, 29608.00, 29623.75, 7250, 6724, 29642.69, 29634.92, 29640.50, 3729, 3521, 0.00, 0.00
2026-8-18, 09:45:39.845000, 29624.25, 29625.00, 29592.25, 29615.50, 7250, 6625, 29614.25, 29610.92, 29608.63, 3432, 3818, 0.00, 0.00
2026-8-18, 09:51:20.305000, 29615.50, 29617.00, 29561.00, 29564.00, 7250, 6587, 29589.38, 29580.67, 29589.00, 3832, 3418, 0.00, 0.00
2026-8-18, 09:54:50.866017, 29564.00, 29567.00, 29536.75, 29537.25, 7250, 6686, 29551.25, 29547.00, 29551.88, 3564, 3686, 0.00, 0.00
2026-8-18, 09:59:11.982000, 29537.75, 29560.25, 29526.00, 29550.50, 7250, 6793, 29543.63, 29545.58, 29543.13, 3479, 3771, 0.00, 0.00
2026-8-18, 10:03:22.939001, 29550.50, 29571.00, 29543.25, 29559.25, 7250, 6580, 29556.00, 29557.83, 29557.13, 3421, 3829, 0.00, 0.00
2026-8-18, 10:07:27.102000, 29558.75, 29566.50, 29514.00, 29539.75, 7250, 6528, 29544.75, 29540.08, 29540.25, 3551, 3699, 0.00, 0.00
2026-8-18, 10:12:40.182000, 29539.25, 29560.75, 29528.00, 29537.25, 7250, 6752, 29541.31, 29542.00, 29544.38, 3381, 3869, 0.00, 0.00
2026-8-18, 10:20:34.566000, 29537.25, 29584.75, 29535.50, 29584.00, 7250, 6580, 29560.38, 29568.08, 29560.13, 3316, 3934, 0.00, 0.00
2026-8-18, 10:26:59.391000, 29584.50, 29610.00, 29571.25, 29596.50, 7250, 6569, 29590.56, 29592.58, 29590.63, 3457, 3793, 0.00, 0.00
2026-8-18, 10:32:30.034001, 29596.50, 29601.50, 29566.50, 29588.00, 7250, 6600, 29588.13, 29585.33, 29584.00, 3292, 3958, 0.00, 0.00
2026-8-18, 10:41:14.402000, 29587.25, 29630.00, 29583.00, 29620.50, 7250, 6705, 29605.19, 29611.17, 29606.50, 3094, 4156, 0.00, 0.00
2026-8-18, 10:49:16.677000, 29619.50, 29641.00, 29598.75, 29622.25, 7250, 6690, 29620.38, 29620.67, 29619.88, 3393, 3857, 0.00, 0.00
2026-8-18, 10:57:28.837001, 29622.25, 29653.75, 29617.25, 29636.50, 7250, 6667, 29632.44, 29635.83, 29635.50, 3390, 3860, 0.00, 0.00
2026-8-18, 11:05:13.096028, 29636.50, 29663.25, 29625.00, 29651.50, 7250, 6791, 29644.06, 29646.58, 29644.13, 3310, 3940, 0.00, 0.00
2026-8-18, 11:14:51.441000, 29650.25, 29657.25, 29621.00, 29639.50, 7250, 6758, 29642.00, 29639.25, 29639.13, 3430, 3820, 0.00, 0.00
2026-8-18, 11:24:30.936002, 29639.50, 29645.75, 29603.25, 29619.00, 7250, 6768, 29626.88, 29622.67, 29624.50, 3504, 3746, 0.00, 0.00
2026-8-18, 11:34:20.413000, 29619.25, 29650.00, 29613.25, 29626.50, 7250, 6784, 29627.25, 29629.92, 29631.63, 3063, 4187, 0.00, 0.00
2026-8-18, 11:44:49.249000, 29626.75, 29670.75, 29618.50, 29661.00, 7250, 6680, 29644.25, 29650.08, 29644.63, 3228, 4022, 0.00, 0.00
2026-8-18, 11:55:43.147000, 29660.75, 29661.75, 29627.50, 29630.50, 7250, 6874, 29645.13, 29639.92, 29644.63, 3446, 3804, 0.00, 0.00
2026-8-18, 12:07:30.014000, 29630.75, 29641.75, 29603.50, 29607.25, 7250, 6785, 29620.81, 29617.50, 29622.63, 3457, 3793, 0.00, 0.00
2026-8-18, 12:23:13.254000, 29607.00, 29622.00, 29593.00, 29606.25, 7250, 6748, 29607.06, 29607.08, 29607.50, 3381, 3869, 0.00, 0.00
2026-8-18, 12:35:49.954000, 29606.25, 29621.25, 29591.50, 29593.00, 7250, 6216, 29603.00, 29601.92, 29606.38, 3691, 3559, 0.00, 0.00
2026-8-18, 12:51:05.443000, 29593.00, 29600.50, 29561.50, 29567.00, 7250, 6868, 29580.50, 29576.33, 29581.00, 3659, 3591, 0.00, 0.00
2026-8-18, 13:03:40.548000, 29566.50, 29580.50, 29547.25, 29580.00, 7250, 6746, 29568.56, 29569.25, 29563.88, 3471, 3779, 0.00, 0.00
2026-8-18, 13:15:23.086000, 29580.00, 29615.00, 29573.25, 29594.50, 7250, 6287, 29590.69, 29594.25, 29594.13, 3514, 3736, 0.00, 0.00
2026-8-18, 13:23:36.317000, 29594.25, 29614.00, 29587.50, 29597.75, 7250, 6745, 29598.38, 29599.75, 29600.75, 3443, 3807, 0.00, 0.00
2026-8-18, 13:40:39.339001, 29597.75, 29599.75, 29565.25, 29576.75, 7250, 6706, 29584.88, 29580.58, 29582.50, 3792, 3458, 0.00, 0.00
2026-8-18, 13:56:21.213000, 29577.00, 29586.00, 29564.50, 29575.50, 7250, 6787, 29575.75, 29575.33, 29575.25, 3672, 3578, 0.00, 0.00
2026-8-18, 14:13:02.536004, 29575.50, 29601.50, 29564.75, 29593.25, 7250, 6729, 29583.75, 29586.50, 29583.13, 3495, 3755, 0.00, 0.00
2026-8-18, 14:26:35.301001, 29593.25, 29606.75, 29584.25, 29593.75, 7250, 6701, 29594.50, 29594.92, 29595.50, 3542, 3708, 0.00, 0.00
2026-8-18, 14:37:10.313000, 29593.75, 29607.00, 29582.75, 29601.00, 7250, 6932, 29596.13, 29596.92, 29594.88, 3321, 3929, 0.00, 0.00
2026-8-18, 14:49:58.182001, 29601.00, 29610.00, 29559.25, 29573.50, 7250, 6853, 29585.94, 29580.92, 29584.63, 3620, 3630, 0.00, 0.00
2026-8-18, 14:55:05.038001, 29573.50, 29593.25, 29569.75, 29590.00, 7250, 6633, 29581.63, 29584.33, 29581.50, 3550, 3700, 0.00, 0.00
2026-8-18, 14:59:03.815000, 29590.00, 29601.75, 29570.50, 29572.25, 7250, 6471, 29583.63, 29581.50, 29586.13, 3582, 3668, 0.00, 0.00
2026-8-18, 14:59:53.007010, 29572.50, 29596.75, 29568.00, 29581.75, 7250, 6317, 29579.75, 29582.17, 29582.38, 3668, 3582, 0.00, 0.00
2026-8-18, 15:02:34.632000, 29581.50, 29592.25, 29550.25, 29559.00, 7250, 6748, 29570.75, 29567.17, 29571.25, 3681, 3569, 0.00, 0.00
2026-8-18, 15:51:50.547002, 29559.00, 29593.50, 29520.00, 29524.00, 7250, 6567, 29549.13, 29545.83, 29556.75, 3594, 3656, 0.00, 0.00
2026-8-18, 17:51:40.153000, 29525.75, 29567.25, 29514.25, 29526.00, 7250, 6479, 29533.31, 29535.83, 29540.75, 3668, 3582, 0.00, 0.00
2026-8-18, 19:00:02.264000, 29525.50, 29527.75, 29442.00, 29484.25, 7250, 5923, 29494.88, 29484.67, 29484.88, 3520, 3730, 0.00, 0.00
2026-8-18, 19:18:54.801000, 29483.75, 29586.00, 29477.75, 29566.00, 7250, 6508, 29528.38, 29543.25, 29531.88, 3420, 3830, 0.00, 0.00
2026-8-18, 19:54:23.006001, 29566.25, 29609.50, 29530.25, 29609.50, 7250, 6345, 29578.88, 29583.08, 29569.88, 3402, 3848, 0.00, 0.00
2026-8-18, 20:22:29.327000, 29609.50, 29609.50, 29526.25, 29535.00, 7250, 6780, 29570.06, 29556.92, 29567.88, 3746, 3504, 0.00, 0.00
2026-8-18, 21:15:05.051000, 29534.75, 29563.25, 29514.00, 29527.50, 7250, 6893, 29534.88, 29534.92, 29538.63, 3630, 3620, 0.00, 0.00
2026-8-18, 22:22:00.950000, 29528.50, 29567.00, 29500.25, 29500.25, 7250, 6767, 29524.00, 29522.50, 29533.63, 3724, 3526, 0.00, 0.00
2026-8-18, 23:41:01.066003, 29500.25, 29535.00, 29459.00, 29470.75, 7250, 6681, 29491.25, 29488.25, 29497.00, 3801, 3449, 0.00, 0.00
2026-8-19, 00:45:14.680003, 29470.75, 29504.75, 29430.50, 29495.75, 7250, 6715, 29475.44, 29477.00, 29467.63, 3786, 3464, 0.00, 0.00
2026-8-19, 01:45:16.997000, 29496.25, 29577.50, 29496.00, 29576.50, 7250, 6431, 29536.56, 29550.00, 29536.75, 3275, 3975, 0.00, 0.00
2026-8-19, 02:26:42.766000, 29576.50, 29637.00, 29547.25, 29630.25, 7250, 6640, 29597.75, 29604.83, 29592.13, 3178, 4072, 0.00, 0.00
2026-8-19, 03:07:14.517001, 29630.00, 29640.75, 29600.25, 29617.25, 7250, 6293, 29622.06, 29619.42, 29620.50, 3523, 3727, 0.00, 0.00
2026-8-19, 03:57:31.036002, 29617.25, 29630.00, 29518.50, 29522.50, 7250, 6395, 29572.06, 29557.00, 29574.25, 3811, 3439, 0.00, 0.00
2026-8-19, 05:06:10.418000, 29522.75, 29578.00, 29509.50, 29548.75, 7250, 6605, 29539.75, 29545.42, 29543.75, 3553, 3697, 0.00, 0.00
2026-8-19, 06:11:25.238000, 29549.50, 29560.25, 29506.75, 29543.00, 7250, 6691, 29539.88, 29536.67, 29533.50, 3660, 3590, 0.00, 0.00
2026-8-19, 07:13:58.629000, 29544.50, 29623.00, 29542.00, 29589.25, 7250, 6640, 29574.69, 29584.75, 29582.50, 3347, 3903, 0.00, 0.00
2026-8-19, 07:35:31.701000, 29591.00, 29677.50, 29578.00, 29658.25, 7250, 6202, 29626.19, 29637.92, 29627.75, 3367, 3883, 0.00, 0.00
2026-8-19, 07:42:05.074001, 29658.00, 29738.75, 29654.75, 29737.75, 7250, 6543, 29697.31, 29710.42, 29696.75, 3236, 4014, 0.00, 0.00
2026-8-19, 07:50:23.572000, 29737.75, 29757.25, 29724.25, 29742.75, 7250, 6399, 29740.50, 29741.42, 29740.75, 3647, 3603, 0.00, 0.00
2026-8-19, 07:59:30.312002, 29743.00, 29747.25, 29679.75, 29716.25, 7250, 6657, 29721.56, 29714.42, 29713.50, 3802, 3448, 0.00, 0.00
2026-8-19, 08:11:02.072000, 29715.50, 29748.25, 29707.75, 29721.50, 7250, 6670, 29723.25, 29725.83, 29728.00, 3711, 3539, 0.00, 0.00
2026-8-19, 08:28:05.472001, 29721.75, 29725.25, 29695.75, 29696.00, 1824, 1651, 29709.69, 29705.67, 29710.50, 1014, 810, 0.00, 0.00
2026-8-19, 08:30:00.000000, 29696.00, 29719.25, 29648.50, 29672.00, 7250, 6701, 29683.94, 29679.92, 29683.88, 3621, 3629, 0.00, 0.00
2026-8-19, 08:31:07.671000, 29672.00, 29742.75, 29668.25, 29741.50, 7250, 6952, 29706.13, 29717.50, 29705.50, 3331, 3919, 0.00, 0.00
2026-8-19, 08:33:00.925000, 29741.25, 29741.75, 29653.25, 29656.75, 7250, 6852, 29698.25, 29683.92, 29697.50, 3980, 3270, 0.00, 0.00
2026-8-19, 08:35:35.920000, 29657.50, 29688.25, 29614.25, 29619.00, 7250, 6874, 29644.75, 29640.50, 29651.25, 3810, 3440, 0.00, 0.00
2026-8-19, 08:37:46.796000, 29618.25, 29640.50, 29579.75, 29587.75, 7250, 6904, 29606.56, 29602.67, 29610.13, 3896, 3354, 0.00, 0.00
2026-8-19, 08:40:20.570000, 29588.00, 29614.00, 29560.50, 29579.00, 7250, 6732, 29585.38, 29584.50, 29587.25, 3698, 3552, 0.00, 0.00
2026-8-19, 08:42:19.402002, 29579.00, 29628.75, 29565.50, 29619.00, 7250, 6848, 29598.06, 29604.42, 29597.13, 3327, 3923, 0.00, 0.00
2026-8-19, 08:45:07.087005, 29619.00, 29635.50, 29575.50, 29581.25, 7250, 6758, 29602.81, 29597.42, 29605.50, 3721, 3529, 0.00, 0.00
2026-8-19, 08:48:13.269116, 29581.00, 29585.50, 29466.75, 29496.25, 7250, 6700, 29532.38, 29516.17, 29526.13, 4043, 3207, 0.00, 0.00
2026-8-19, 08:49:27.214001, 29496.50, 29498.75, 29439.00, 29439.00, 7250, 6743, 29468.31, 29458.92, 29468.88, 3712, 3538, 0.00, 0.00
2026-8-19, 08:51:21.310001, 29439.00, 29460.75, 29406.50, 29444.25, 7250, 6494, 29437.63, 29437.17, 29433.63, 3713, 3537, 0.00, 0.00
2026-8-19, 08:53:01.193001, 29444.00, 29490.50, 29444.00, 29483.75, 7250, 6822, 29465.56, 29472.75, 29467.25, 3375, 3875, 0.00, 0.00
2026-8-19, 08:55:26.752002, 29483.50, 29525.50, 29472.50, 29503.00, 7250, 6780, 29496.13, 29500.33, 29499.00, 3384, 3866, 0.00, 0.00
2026-8-19, 08:58:09.779000, 29503.75, 29517.25, 29459.25, 29484.75, 7250, 6815, 29491.25, 29487.08, 29488.25, 3681, 3569, 0.00, 0.00
2026-8-19, 09:01:17.924000, 29485.25, 29491.75, 29456.00, 29489.75, 7250, 7026, 29480.69, 29479.17, 29473.88, 3574, 3676, 0.00, 0.00
2026-8-19, 09:05:15.338000, 29489.25, 29504.25, 29436.25, 29440.75, 7250, 6868, 29467.63, 29460.42, 29470.25, 3845, 3405, 0.00, 0.00
2026-8-19, 09:09:04.060000, 29441.00, 29462.00, 29384.25, 29398.25, 7250, 6540, 29421.38, 29414.83, 29423.13, 3963, 3287, 0.00, 0.00
2026-8-19, 09:12:22.096000, 29398.75, 29418.25, 29375.75, 29404.00, 7250, 6720, 29399.19, 29399.33, 29397.00, 3622, 3628, 0.00, 0.00
2026-8-19, 09:15:26.935000, 29403.75, 29469.00, 29396.00, 29443.75, 7250, 6741, 29428.13, 29436.25, 29432.50, 3321, 3929, 0.00, 0.00
2026-8-19, 09:17:45.466010, 29443.75, 29458.00, 29408.25, 29430.00, 7250, 6873, 29435.00, 29432.08, 29433.13, 3472, 3778, 0.00, 0.00
2026-8-19, 09:21:31.222000, 29430.25, 29432.75, 29385.25, 29411.25, 7250, 6954, 29414.88, 29409.75, 29409.00, 3671, 3579, 0.00, 0.00
2026-8-19, 09:25:24.853000, 29410.00, 29482.00, 29395.00, 29479.25, 7250, 6823, 29441.56, 29452.08, 29438.50, 3085, 4165, 0.00, 0.00
2026-8-19, 09:29:51.218000, 29479.00, 29517.00, 29468.25, 29485.50, 7250, 6839, 29487.44, 29490.25, 29492.63, 3368, 3882, 0.00, 0.00
2026-8-19, 09:34:21.263000, 29484.75, 29562.75, 29477.75, 29561.25, 7250, 6604, 29521.63, 29533.92, 29520.25, 3300, 3950, 0.00, 0.00
2026-8-19, 09:39:04.751000, 29560.75, 29575.00, 29535.00, 29557.00, 7250, 6709, 29556.94, 29555.67, 29555.00, 3603, 3647, 0.00, 0.00
2026-8-19, 09:43:46.321000, 29557.00, 29566.75, 29527.00, 29535.00, 7250, 6840, 29546.44, 29542.92, 29546.88, 3604, 3646, 0.00, 0.00
2026-8-19, 09:50:35.316000, 29535.00, 29604.00, 29534.75, 29583.00, 7250, 6664, 29564.19, 29573.92, 29569.38, 3366, 3884, 0.00, 0.00
2026-8-19, 09:55:56.910000, 29583.25, 29627.50, 29582.25, 29626.00, 7250, 6783, 29604.75, 29611.92, 29604.88, 3567, 3683, 0.00, 0.00
2026-8-19, 10:01:35.875000, 29625.25, 29629.75, 29582.75, 29587.00, 7250, 6747, 29606.19, 29599.83, 29606.25, 3806, 3444, 0.00, 0.00
2026-8-19, 10:08:52.430001, 29587.00, 29629.00, 29581.00, 29617.00, 7250, 6676, 29603.50, 29609.00, 29605.00, 3446, 3804, 0.00, 0.00
2026-8-19, 10:18:09.951000, 29617.00, 29631.25, 29588.00, 29598.00, 7250, 6725, 29608.56, 29605.75, 29609.63, 3558, 3692, 0.00, 0.00
2026-8-19, 10:27:48.230000, 29598.25, 29620.00, 29570.50, 29589.00, 7250, 6748, 29594.44, 29593.17, 29595.25, 3535, 3715, 0.00, 0.00
2026-8-19, 10:38:20.636003, 29588.75, 29606.00, 29550.25, 29606.00, 7250, 6696, 29587.75, 29587.42, 29578.13, 3384, 3866, 0.00, 0.00
2026-8-19, 10:46:40.814001, 29606.00, 29616.25, 29569.75, 29584.00, 7250, 6732, 29594.00, 29590.00, 29593.00, 3597, 3653, 0.00, 0.00
2026-8-19, 10:57:58.902001, 29584.00, 29644.00, 29583.25, 29641.25, 7250, 6611, 29613.13, 29622.83, 29613.63, 3374, 3876, 0.00, 0.00
2026-8-19, 11:07:03.085000, 29641.00, 29667.25, 29628.25, 29664.75, 7250, 6733, 29650.31, 29653.42, 29647.75, 3531, 3719, 0.00, 0.00
2026-8-19, 11:19:19.454000, 29664.50, 29667.25, 29596.00, 29602.00, 7250, 6750, 29632.44, 29621.75, 29631.63, 3792, 3458, 0.00, 0.00
2026-8-19, 11:31:26.383000, 29602.00, 29621.50, 29594.00, 29595.25, 7250, 6781, 29603.19, 29603.58, 29607.75, 3460, 3790, 0.00, 0.00
2026-8-19, 11:49:11.016000, 29595.50, 29597.00, 29551.75, 29561.75, 7250, 6659, 29576.50, 29570.17, 29574.38, 3721, 3529, 0.00, 0.00
2026-8-19, 12:02:05.266000, 29561.25, 29573.25, 29539.50, 29551.25, 7250, 6731, 29556.31, 29554.67, 29556.38, 3656, 3594, 0.00, 0.00
2026-8-19, 12:15:39.302000, 29550.50, 29556.50, 29510.50, 29530.50, 7250, 6686, 29537.00, 29532.50, 29533.50, 3597, 3653, 0.00, 0.00
2026-8-19, 12:27:41.650000, 29530.25, 29544.25, 29513.75, 29537.00, 7250, 6833, 29531.31, 29531.67, 29529.00, 3382, 3868, 0.00, 0.00
2026-8-19, 12:45:02.391001, 29537.00, 29576.25, 29534.25, 29575.50, 7250, 6867, 29555.75, 29562.00, 29555.25, 3532, 3718, 0.00, 0.00
2026-8-19, 13:02:05.138000, 29575.00, 29592.50, 29500.25, 29506.00, 7250, 6712, 29543.44, 29532.92, 29546.38, 3928, 3322, 0.00, 0.00
2026-8-19, 13:09:35.661000, 29505.25, 29541.25, 29492.00, 29513.00, 7250, 6730, 29512.88, 29515.42, 29516.63, 3654, 3596, 0.00, 0.00
2026-8-19, 13:20:20.917000, 29514.00, 29570.25, 29506.50, 29559.50, 7250, 6752, 29537.56, 29545.42, 29538.38, 3179, 4071, 0.00, 0.00
2026-8-19, 13:33:03.938006, 29559.50, 29578.75, 29536.25, 29554.50, 7250, 6748, 29557.25, 29556.50, 29557.50, 3595, 3655, 0.00, 0.00
2026-8-19, 13:49:54.757001, 29554.50, 29557.75, 29527.50, 29544.25, 7250, 6989, 29546.00, 29543.17, 29542.63, 3535, 3715, 0.00, 0.00
2026-8-19, 14:08:00.443000, 29544.00, 29574.00, 29543.50, 29572.25, 7250, 6958, 29558.44, 29563.25, 29558.75, 3424, 3826, 0.00, 0.00
2026-8-19, 14:25:54.139002, 29572.25, 29590.00, 29537.25, 29538.25, 7250, 6954, 29559.44, 29555.17, 29563.63, 3671, 3579, 0.00, 0.00
2026-8-19, 14:37:52.595000, 29537.75, 29554.25, 29501.25, 29507.00, 7250, 6786, 29525.06, 29520.83, 29527.75, 3460, 3790, 0.00, 0.00
2026-8-19, 14:48:58.897000, 29507.25, 29519.75, 29485.25, 29519.75, 7250, 6664, 29508.00, 29508.25, 29502.50, 3450, 3800, 0.00, 0.00
2026-8-19, 14:54:40.067016, 29519.75, 29521.75, 29488.50, 29520.25, 7250, 6702, 29512.56, 29510.17, 29505.13, 3449, 3801, 0.00, 0.00
2026-8-19, 14:59:05.816002, 29520.25, 29525.75, 29499.25, 29522.75, 7250, 6362, 29517.00, 29515.92, 29512.50, 3443, 3807, 0.00, 0.00
2026-8-19, 15:00:00.065000, 29522.75, 29542.75, 29515.00, 29517.00, 7250, 6297, 29524.38, 29524.92, 29528.88, 3557, 3693, 0.00, 29547.75
2026-8-19, 15:15:39.440003, 29517.00, 29639.00, 29514.25, 29618.75, 7250, 6665, 29572.25, 29590.67, 29576.63, 3354, 3896, 0.00, 29644.00
2026-8-19, 17:22:13.498000, 29619.00, 29689.75, 29613.00, 29648.75, 7250, 5692, 29642.63, 29650.50, 29651.38, 3824, 3426, 0.00, 0.00
2026-8-19, 18:31:51.265001, 29649.00, 29666.75, 29581.50, 29633.00, 7250, 6577, 29632.56, 29627.08, 29624.13, 3766, 3484, 0.00, 0.00
2026-8-19, 19:24:41.709001, 29633.25, 29684.25, 29617.00, 29628.00, 7250, 6728, 29640.63, 29643.08, 29650.63, 3722, 3528, 0.00, 0.00
2026-8-19, 20:27:57.241002, 29628.00, 29683.25, 29610.00, 29631.75, 7250, 6638, 29638.25, 29641.67, 29646.63, 3616, 3634, 0.00, 0.00
2026-8-19, 21:32:42.888000, 29631.50, 29662.25, 29593.50, 29634.25, 7250, 6501, 29630.38, 29630.00, 29627.88, 3566, 3684, 0.00, 0.00
2026-8-19, 23:05:01.791001, 29634.25, 29656.00, 29587.75, 29630.50, 7250, 6635, 29627.13, 29624.75, 29621.88, 3747, 3503, 0.00, 0.00
2026-8-20, 01:04:48.658000, 29630.25, 29686.50, 29629.75, 29636.00, 7250, 6565, 29645.63, 29650.75, 29658.13, 3492, 3758, 0.00, 0.00
2026-8-20, 02:19:44.959000, 29636.25, 29648.00, 29534.25, 29538.25, 7250, 6703, 29589.19, 29573.50, 29591.13, 3941, 3309, 0.00, 29653.00
2026-8-20, 03:10:31.031005, 29538.25, 29548.50, 29464.00, 29481.25, 7250, 6421, 29508.00, 29497.92, 29506.25, 3831, 3419, 0.00, 0.00
2026-8-20, 03:46:14.822001, 29481.00, 29546.75, 29452.75, 29526.75, 7250, 6687, 29501.81, 29508.75, 29499.75, 3648, 3602, 0.00, 0.00
2026-8-20, 05:03:20.743000, 29530.50, 29582.25, 29484.50, 29486.25, 7250, 6716, 29520.88, 29517.67, 29533.38, 3857, 3393, 0.00, 0.00
2026-8-20, 06:07:31.330000, 29487.00, 29498.25, 29419.00, 29421.00, 7250, 6383, 29456.31, 29446.08, 29458.63, 3743, 3507, 0.00, 0.00
2026-8-20, 06:41:49.627000, 29420.50, 29447.75, 29346.25, 29365.25, 7250, 6564, 29394.94, 29386.42, 29397.00, 3902, 3348, 0.00, 0.00
2026-8-20, 07:01:30.076002, 29365.00, 29375.00, 29266.25, 29269.75, 7250, 6226, 29319.00, 29303.67, 29320.63, 4029, 3221, 0.00, 0.00
2026-8-20, 07:12:53.409000, 29269.50, 29306.50, 29252.25, 29277.25, 7250, 6630, 29276.38, 29278.67, 29279.38, 3615, 3635, 0.00, 0.00
2026-8-20, 07:30:50.221000, 29277.50, 29309.75, 29240.00, 29307.75, 7250, 6547, 29283.75, 29285.83, 29274.88, 3613, 3637, 0.00, 0.00
2026-8-20, 07:49:44.656002, 29307.50, 29373.25, 29307.50, 29352.00, 7250, 6703, 29335.06, 29344.25, 29340.38, 3492, 3758, 0.00, 0.00
2026-8-20, 08:09:05.880000, 29352.75, 29369.00, 29324.00, 29353.50, 7250, 6709, 29349.81, 29348.83, 29346.50, 3599, 3651, 0.00, 0.00
2026-8-20, 08:29:06.943000, 29353.50, 29358.75, 29350.50, 29350.75, 571, 532, 29353.38, 29353.33, 29354.63, 275, 296, 0.00, 0.00
2026-8-20, 08:30:00.002000, 29351.00, 29410.50, 29338.75, 29410.50, 7250, 6884, 29377.69, 29386.58, 29374.63, 3625, 3625, 0.00, 0.00
2026-8-20, 08:31:29.086009, 29410.50, 29434.00, 29389.75, 29397.75, 7250, 6989, 29408.00, 29407.17, 29411.88, 3648, 3602, 0.00, 0.00
2026-8-20, 08:33:44.602000, 29397.75, 29451.00, 29372.00, 29447.50, 7250, 6941, 29417.06, 29423.50, 29411.50, 3522, 3728, 0.00, 0.00
2026-8-20, 08:35:40.496000, 29447.75, 29470.25, 29432.50, 29446.25, 7250, 6961, 29449.19, 29449.67, 29451.38, 3624, 3626, 0.00, 0.00
2026-8-20, 08:38:29.244000, 29445.75, 29466.75, 29390.00, 29399.75, 7250, 6873, 29425.56, 29418.83, 29428.38, 4011, 3239, 0.00, 0.00
2026-8-20, 08:41:05.316000, 29400.50, 29456.75, 29399.75, 29452.00, 7250, 6966, 29427.25, 29436.17, 29428.25, 3461, 3789, 0.00, 0.00
2026-8-20, 08:44:14.011000, 29452.00, 29460.00, 29390.75, 29396.25, 7250, 6877, 29424.75, 29415.67, 29425.38, 3752, 3498, 0.00, 0.00
2026-8-20, 08:46:59.905002, 29396.00, 29402.00, 29350.00, 29391.00, 7250, 6849, 29384.75, 29381.00, 29376.00, 3776, 3474, 0.00, 0.00
2026-8-20, 08:50:03.026000, 29391.00, 29391.75, 29328.00, 29328.25, 7250, 6813, 29359.75, 29349.33, 29359.88, 3828, 3422, 0.00, 0.00
2026-8-20, 08:52:56.651012, 29328.00, 29377.50, 29308.75, 29356.25, 7250, 6886, 29342.63, 29347.50, 29343.13, 3485, 3765, 0.00, 0.00
2026-8-20, 08:55:23.287000, 29356.50, 29409.00, 29324.00, 29332.50, 7250, 6856, 29355.50, 29355.17, 29366.50, 3649, 3601, 0.00, 0.00
2026-8-20, 08:57:57.982000, 29333.75, 29395.00, 29328.50, 29388.50, 7250, 6983, 29361.44, 29370.67, 29361.75, 3433, 3817, 0.00, 0.00
2026-8-20, 09:01:29.998000, 29388.25, 29388.50, 29316.50, 29335.50, 7250, 6811, 29357.19, 29346.83, 29352.50, 3715, 3535, 0.00, 0.00
2026-8-20, 09:05:23.075000, 29335.25, 29380.75, 29320.25, 29374.00, 7250, 6808, 29352.56, 29358.33, 29350.50, 3504, 3746, 0.00, 0.00
2026-8-20, 09:09:30.209000, 29374.50, 29409.00, 29364.00, 29396.00, 7250, 6788, 29385.88, 29389.67, 29386.50, 3494, 3756, 0.00, 0.00
2026-8-20, 09:13:13.956000, 29396.00, 29403.00, 29323.25, 29329.75, 7250, 6804, 29363.00, 29352.00, 29363.13, 3812, 3438, 0.00, 0.00
2026-8-20, 09:17:16.039000, 29329.50, 29390.50, 29305.00, 29368.50, 7250, 6809, 29348.38, 29354.67, 29347.75, 3550, 3700, 0.00, 0.00
2026-8-20, 09:21:10.137000, 29368.25, 29414.00, 29351.00, 29396.75, 7250, 6846, 29382.50, 29387.25, 29382.50, 3636, 3614, 0.00, 0.00
2026-8-20, 09:24:58.188000, 29396.50, 29401.00, 29334.25, 29356.00, 7250, 6720, 29371.94, 29363.75, 29367.63, 3707, 3543, 0.00, 0.00
2026-8-20, 09:29:43.569000, 29356.00, 29386.75, 29332.75, 29338.25, 7250, 6609, 29353.44, 29352.58, 29359.75, 3556, 3694, 0.00, 0.00
2026-8-20, 09:35:11.844000, 29338.00, 29418.50, 29329.00, 29398.00, 7250, 6929, 29370.88, 29381.83, 29373.75, 3505, 3745, 0.00, 0.00
2026-8-20, 09:40:39.343004, 29397.50, 29433.50, 29393.50, 29411.75, 7250, 6801, 29409.06, 29412.92, 29413.50, 3612, 3638, 0.00, 0.00
2026-8-20, 09:47:28.985000, 29411.00, 29411.00, 29353.00, 29355.50, 7250, 6894, 29382.63, 29373.17, 29382.00, 3815, 3435, 0.00, 0.00
2026-8-20, 09:54:35.438000, 29355.75, 29411.75, 29349.00, 29405.50, 7250, 6886, 29380.50, 29388.75, 29380.38, 3425, 3825, 0.00, 0.00
2026-8-20, 10:01:26.414000, 29406.00, 29457.50, 29404.75, 29435.00, 7250, 6904, 29425.81, 29432.42, 29431.13, 3547, 3703, 0.00, 0.00
2026-8-20, 10:04:46.082000, 29435.25, 29438.00, 29347.50, 29355.00, 7250, 6820, 29393.94, 29380.17, 29392.75, 3735, 3515, 0.00, 0.00
2026-8-20, 10:09:30.727001, 29355.00, 29383.00, 29324.50, 29362.00, 7250, 6812, 29356.13, 29356.50, 29353.75, 3570, 3680, 0.00, 0.00
2026-8-20, 10:15:02.796000, 29362.00, 29369.50, 29316.75, 29322.00, 7250, 6908, 29342.56, 29336.08, 29343.13, 3636, 3614, 0.00, 0.00
2026-8-20, 10:23:06.299000, 29322.00, 29344.50, 29301.00, 29343.00, 7250, 6673, 29327.63, 29329.50, 29322.75, 3607, 3643, 0.00, 0.00
2026-8-20, 10:29:24.749000, 29343.75, 29350.50, 29287.75, 29297.75, 7250, 6901, 29319.94, 29312.00, 29319.13, 3793, 3457, 0.00, 0.00
2026-8-20, 10:36:35.611001, 29297.00, 29315.75, 29276.50, 29280.00, 7250, 6742, 29292.31, 29290.75, 29296.13, 3575, 3675, 0.00, 0.00
2026-8-20, 10:45:08.141000, 29280.25, 29332.50, 29269.25, 29314.25, 7250, 6769, 29299.06, 29305.33, 29300.88, 3465, 3785, 0.00, 0.00
2026-8-20, 10:53:31.728002, 29314.25, 29346.00, 29309.25, 29338.25, 7250, 6854, 29326.94, 29331.17, 29327.63, 3370, 3880, 0.00, 0.00
2026-8-20, 11:03:44.755000, 29338.25, 29342.00, 29302.75, 29313.50, 7250, 6829, 29324.13, 29319.42, 29322.38, 3725, 3525, 0.00, 0.00
2026-8-20, 11:15:59.461000, 29314.00, 29356.50, 29307.00, 29337.25, 7250, 6711, 29328.69, 29333.58, 29331.75, 3426, 3824, 0.00, 0.00
2026-8-20, 11:29:47.746000, 29337.50, 29367.75, 29310.00, 29360.50, 7250, 6702, 29343.94, 29346.08, 29338.88, 3442, 3808, 0.00, 0.00
2026-8-20, 11:41:51.021011, 29360.25, 29389.00, 29355.00, 29363.25, 7250, 6083, 29366.88, 29369.08, 29372.00, 3252, 3998, 0.00, 0.00
2026-8-20, 11:53:02.169000, 29362.25, 29385.75, 29340.50, 29347.75, 7250, 6634, 29359.06, 29358.00, 29363.13, 3552, 3698, 0.00, 0.00
2026-8-20, 12:07:48.725000, 29348.25, 29354.25, 29298.00, 29309.50, 7250, 6783, 29327.50, 29320.58, 29326.13, 3715, 3535, 0.00, 0.00
2026-8-20, 12:20:45.311002, 29309.50, 29324.75, 29288.00, 29295.75, 7250, 6504, 29304.50, 29302.83, 29306.38, 3410, 3840, 0.00, 0.00
2026-8-20, 12:33:08.584000, 29295.75, 29308.00, 29282.75, 29308.00, 7250, 6748, 29298.63, 29299.58, 29295.38, 3406, 3844, 0.00, 0.00
2026-8-20, 12:48:00.035002, 29308.00, 29325.75, 29282.00, 29284.75, 7250, 6908, 29300.13, 29297.50, 29303.88, 3607, 3643, 0.00, 29330.75
2026-8-20, 13:00:41.243000, 29284.50, 29284.50, 29230.00, 29236.50, 7250, 6691, 29258.88, 29250.33, 29257.25, 4053, 3197, 0.00, 0.00
2026-8-20, 13:07:29.331002, 29236.50, 29241.25, 29215.00, 29220.00, 7250, 6334, 29228.19, 29225.42, 29228.13, 3620, 3630, 0.00, 0.00
2026-8-20, 13:15:35.089002, 29220.00, 29248.25, 29202.75, 29228.75, 7250, 6624, 29224.94, 29226.58, 29225.50, 3651, 3599, 0.00, 0.00
2026-8-20, 13:24:58.787000, 29229.50, 29239.75, 29212.00, 29216.00, 7250, 6716, 29224.31, 29222.58, 29225.88, 3713, 3537, 0.00, 0.00
2026-8-20, 13:36:23.415000, 29216.25, 29253.25, 29212.50, 29250.25, 7250, 6462, 29233.06, 29238.67, 29232.88, 3684, 3566, 0.00, 0.00
2026-8-20, 13:48:59.460001, 29250.25, 29262.00, 29240.25, 29259.25, 7250, 6900, 29252.94, 29253.83, 29251.13, 3559, 3691, 0.00, 0.00
2026-8-20, 14:02:40.998000, 29258.50, 29293.00, 29258.50, 29277.75, 7250, 6704, 29271.94, 29276.42, 29275.75, 3707, 3543, 0.00, 0.00
2026-8-20, 14:12:56.148000, 29277.50, 29305.00, 29267.75, 29297.25, 7250, 6745, 29286.88, 29290.00, 29286.38, 3676, 3574, 0.00, 0.00
2026-8-20, 14:25:08.393002, 29297.25, 29316.25, 29290.25, 29308.00, 7250, 6840, 29302.94, 29304.83, 29303.25, 3520, 3730, 0.00, 0.00
2026-8-20, 14:36:23.631000, 29307.75, 29335.25, 29302.00, 29308.50, 7250, 6613, 29313.38, 29315.25, 29318.63, 3512, 3738, 0.00, 0.00
2026-8-20, 14:45:05.314003, 29308.75, 29326.00, 29293.00, 29315.75, 7250, 6747, 29310.88, 29311.58, 29309.50, 3647, 3603, 0.00, 0.00
2026-8-20, 14:52:31.507000, 29315.75, 29331.25, 29286.50, 29287.25, 7250, 6882, 29305.19, 29301.67, 29308.88, 3591, 3659, 0.00, 0.00
2026-8-20, 14:57:32.022000, 29286.75, 29319.25, 29286.75, 29293.75, 7250, 6526, 29296.63, 29299.92, 29303.00, 3450, 3800, 0.00, 0.00
2026-8-20, 14:59:49.454000, 29293.50, 29319.25, 29290.75, 29317.50, 7250, 6452, 29305.25, 29309.17, 29305.00, 3664, 3586, 0.00, 0.00
2026-8-20, 15:01:53.745000, 29317.75, 29320.50, 29262.50, 29303.50, 7250, 6607, 29301.06, 29295.50, 29291.50, 3561, 3689, 0.00, 0.00
2026-8-20, 15:37:34.953000, 29304.00, 29345.75, 29274.25, 29317.75, 7250, 6444, 29310.44, 29312.58, 29310.00, 3504, 3746, 0.00, 0.00
2026-8-20, 18:09:38.237000, 29317.25, 29365.50, 29286.75, 29331.25, 7250, 6659, 29325.19, 29327.83, 29326.13, 3547, 3703, 0.00, 0.00
2026-8-20, 19:18:21.009000, 29331.50, 29362.00, 29291.75, 29320.25, 7250, 6762, 29326.38, 29324.67, 29326.88, 3591, 3659, 0.00, 0.00
2026-8-20, 20:23:15.324000, 29321.00, 29396.25, 29320.00, 29386.25, 7250, 6420, 29355.88, 29367.50, 29358.13, 3321, 3929, 0.00, 0.00
2026-8-20, 21:48:25.406000, 29387.50, 29399.25, 29321.25, 29330.50, 7250, 6572, 29359.63, 29350.33, 29360.25, 3837, 3413, 0.00, 0.00
2026-8-20, 23:40:17.790001, 29330.75, 29401.50, 29328.00, 29369.00, 7250, 6622, 29357.31, 29366.17, 29364.75, 3499, 3751, 0.00, 0.00
2026-8-21, 01:45:50.246000, 29370.50, 29458.75, 29365.50, 29438.75, 7250, 6413, 29408.38, 29421.00, 29412.13, 3517, 3733, 0.00, 0.00
2026-8-21, 02:42:28.002000, 29440.75, 29464.25, 29390.50, 29445.00, 7250, 6555, 29435.13, 29433.25, 29427.38, 3745, 3505, 0.00, 0.00
2026-8-21, 03:38:51.858003, 29444.00, 29468.75, 29411.50, 29465.00, 7250, 6414, 29447.31, 29448.42, 29440.13, 3721, 3529, 0.00, 0.00
2026-8-21, 04:40:03.720005, 29465.00, 29518.50, 29461.75, 29489.25, 7250, 6260, 29483.63, 29489.83, 29490.13, 3875, 3375, 0.00, 0.00
2026-8-21, 05:29:45.257000, 29489.75, 29525.00, 29452.75, 29517.50, 7250, 6426, 29496.25, 29498.42, 29488.88, 3463, 3787, 0.00, 0.00
2026-8-21, 06:31:18.862004, 29517.50, 29539.00, 29479.75, 29492.75, 7250, 5899, 29507.25, 29503.83, 29509.38, 3578, 3672, 0.00, 0.00
2026-8-21, 07:12:05.517002, 29492.50, 29539.00, 29477.75, 29507.25, 7250, 6541, 29504.13, 29508.00, 29508.38, 3537, 3713, 0.00, 0.00
2026-8-21, 07:54:30.030003, 29507.25, 29516.00, 29444.00, 29445.00, 7250, 6520, 29478.06, 29468.33, 29480.00, 3877, 3373, 0.00, 0.00
2026-8-21, 08:21:25.996000, 29444.75, 29485.25, 29418.00, 29471.25, 7250, 6334, 29454.81, 29458.17, 29451.63, 3446, 3804, 0.00, 0.00
2026-8-21, 08:29:41.026000, 29470.50, 29479.50, 29468.00, 29468.75, 607, 600, 29471.69, 29472.08, 29473.75, 347, 260, 0.00, 0.00
2026-8-21, 08:30:00.000000, 29469.50, 29476.00, 29412.00, 29415.00, 7250, 6832, 29443.13, 29434.33, 29444.00, 3923, 3327, 0.00, 0.00
2026-8-21, 08:31:35.406000, 29414.50, 29417.00, 29357.75, 29375.50, 7250, 6819, 29391.19, 29383.42, 29387.38, 3801, 3449, 0.00, 0.00
2026-8-21, 08:34:00.295000, 29375.75, 29388.75, 29338.25, 29338.25, 7250, 6845, 29360.25, 29355.08, 29363.50, 3770, 3480, 0.00, 0.00
2026-8-21, 08:36:25.730002, 29338.25, 29350.00, 29319.00, 29321.25, 7250, 6971, 29332.13, 29330.08, 29334.50, 3724, 3526, 0.00, 0.00
2026-8-21, 08:39:36.306001, 29321.25, 29360.25, 29321.25, 29328.25, 7250, 7008, 29332.75, 29336.58, 29340.75, 3616, 3634, 0.00, 0.00
2026-8-21, 08:43:04.522000, 29328.75, 29354.00, 29307.75, 29346.25, 7250, 6731, 29334.19, 29336.00, 29330.88, 3642, 3608, 0.00, 0.00
2026-8-21, 08:46:42.038000, 29347.75, 29359.25, 29307.00, 29345.25, 7250, 6756, 29339.81, 29337.17, 29333.13, 3711, 3539, 0.00, 0.00
2026-8-21, 08:50:20.253000, 29345.25, 29345.25, 29277.00, 29291.00, 7250, 6739, 29314.63, 29304.42, 29311.13, 3962, 3288, 0.00, 0.00
2026-8-21, 08:53:49.255000, 29290.75, 29309.25, 29255.75, 29306.25, 7250, 6646, 29290.50, 29290.42, 29282.50, 3579, 3671, 0.00, 0.00
2026-8-21, 08:56:29.690000, 29306.00, 29320.25, 29271.75, 29304.50, 7250, 6727, 29300.63, 29298.83, 29296.00, 3679, 3571, 0.00, 0.00
2026-8-21, 09:00:00.399001, 29304.50, 29320.25, 29262.25, 29272.50, 7250, 6805, 29289.88, 29285.00, 29291.25, 3885, 3365, 0.00, 0.00
2026-8-21, 09:03:13.668017, 29272.50, 29335.50, 29264.00, 29320.75, 7250, 6751, 29298.19, 29306.75, 29299.75, 3333, 3917, 0.00, 0.00
2026-8-21, 09:06:52.680000, 29320.50, 29330.25, 29301.25, 29308.00, 7250, 6952, 29315.00, 29313.17, 29315.75, 3716, 3534, 0.00, 0.00
2026-8-21, 09:11:57.896000, 29308.00, 29310.50, 29246.25, 29250.00, 7250, 6619, 29278.69, 29268.92, 29278.38, 3961, 3289, 0.00, 0.00
2026-8-21, 09:15:08.473002, 29250.00, 29283.00, 29235.00, 29235.00, 7250, 6800, 29250.75, 29251.00, 29259.00, 3763, 3487, 0.00, 0.00
2026-8-21, 09:19:13.477012, 29235.00, 29272.75, 29220.00, 29258.50, 7250, 6836, 29246.56, 29250.42, 29246.38, 3595, 3655, 0.00, 0.00
2026-8-21, 09:23:30.975004, 29258.50, 29309.00, 29249.75, 29309.00, 7250, 6727, 29281.56, 29289.25, 29279.38, 3240, 4010, 0.00, 0.00
2026-8-21, 09:27:42.027000, 29309.50, 29311.75, 29276.50, 29302.00, 7250, 6689, 29299.94, 29296.75, 29294.13, 3516, 3734, 0.00, 0.00
2026-8-21, 09:32:48.727000, 29302.00, 29306.75, 29264.75, 29292.25, 7250, 6898, 29291.44, 29287.92, 29285.75, 3676, 3574, 0.00, 0.00
2026-8-21, 09:39:03.550000, 29292.25, 29310.00, 29258.00, 29292.25, 7250, 6837, 29288.13, 29286.75, 29284.00, 3599, 3651, 0.00, 0.00
2026-8-21, 09:45:12.674000, 29291.75, 29320.75, 29289.25, 29303.25, 7250, 6355, 29301.25, 29304.42, 29305.00, 3431, 3819, 0.00, 0.00
2026-8-21, 09:51:32.199012, 29303.25, 29330.50, 29288.50, 29318.50, 7250, 6598, 29310.19, 29312.50, 29309.50, 3660, 3590, 0.00, 0.00
2026-8-21, 09:57:29.410002, 29318.50, 29350.00, 29308.25, 29348.50, 7250, 6537, 29331.31, 29335.58, 29329.13, 3446, 3804, 0.00, 0.00
2026-8-21, 10:03:36.724009, 29348.50, 29368.75, 29342.50, 29359.50, 7250, 6410, 29354.81, 29356.92, 29355.63, 3756, 3494, 0.00, 29373.75
2026-8-21, 10:09:06.997000, 29360.25, 29367.00, 29339.50, 29343.75, 7250, 6684, 29352.63, 29350.08, 29353.25, 3756, 3494, 0.00, 0.00
2026-8-21, 10:19:03.114000, 29344.00, 29367.00, 29331.50, 29367.00, 7250, 6513, 29352.38, 29355.17, 29349.25, 3628, 3622, 0.00, 0.00
2026-8-21, 10:28:32.430004, 29367.00, 29405.25, 29361.00, 29399.75, 7250, 6732, 29383.25, 29388.67, 29383.13, 3246, 4004, 0.00, 0.00
2026-8-21, 10:35:21.255000, 29400.00, 29450.00, 29400.00, 29446.50, 7250, 6620, 29424.13, 29432.17, 29425.00, 3472, 3778, 0.00, 0.00
2026-8-21, 10:40:34.091000, 29446.00, 29471.75, 29443.25, 29454.50, 7250, 6502, 29453.88, 29456.50, 29457.50, 3968, 3282, 0.00, 0.00
2026-8-21, 10:45:10.270000, 29454.00, 29461.50, 29425.50, 29458.50, 7250, 6399, 29449.88, 29448.50, 29443.50, 3485, 3765, 0.00, 0.00
2026-8-21, 10:51:01.033002, 29458.50, 29488.75, 29455.25, 29455.50, 7250, 6560, 29464.50, 29466.50, 29472.00, 3684, 3566, 0.00, 0.00
2026-8-21, 10:56:46.459000, 29455.25, 29458.00, 29426.25, 29428.50, 7250, 6493, 29442.00, 29437.58, 29442.13, 3915, 3335, 0.00, 0.00
2026-8-21, 11:04:42.193001, 29428.50, 29428.50, 29390.00, 29404.75, 7250, 6594, 29412.94, 29407.75, 29409.25, 3643, 3607, 0.00, 0.00
2026-8-21, 11:11:34.698000, 29404.50, 29419.75, 29388.75, 29415.75, 7250, 6892, 29407.19, 29408.08, 29404.25, 3463, 3787, 0.00, 0.00
2026-8-21, 11:21:05.018000, 29416.00, 29452.75, 29397.00, 29404.00, 7250, 6737, 29417.44, 29417.92, 29424.88, 3434, 3816, 0.00, 0.00
2026-8-21, 11:27:44.708000, 29403.75, 29425.50, 29393.50, 29403.25, 7250, 6862, 29406.50, 29407.42, 29409.50, 3542, 3708, 0.00, 0.00
2026-8-21, 11:45:26.801000, 29403.75, 29417.50, 29380.75, 29415.75, 7250, 6747, 29404.44, 29404.67, 29399.13, 3520, 3730, 0.00, 0.00
2026-8-21, 12:00:31.488000, 29416.25, 29424.00, 29398.75, 29402.50, 7250, 6646, 29410.38, 29408.42, 29411.38, 3633, 3617, 0.00, 0.00
2026-8-21, 12:15:28.582000, 29402.25, 29410.25, 29376.25, 29396.00, 7250, 6535, 29396.19, 29394.17, 29393.25, 3585, 3665, 0.00, 0.00
2026-8-21, 12:29:56.655004, 29396.00, 29410.50, 29382.75, 29398.50, 7250, 6700, 29396.94, 29397.25, 29396.63, 3536, 3714, 0.00, 0.00
2026-8-21, 12:49:53.478000, 29398.75, 29405.25, 29378.75, 29387.50, 7250, 6796, 29392.56, 29390.50, 29392.00, 3636, 3614, 0.00, 0.00
2026-8-21, 13:06:43.655000, 29387.75, 29392.00, 29367.25, 29383.75, 7250, 6711, 29382.69, 29381.00, 29379.63, 3647, 3603, 0.00, 0.00
2026-8-21, 13:24:56.875000, 29384.00, 29387.50, 29353.75, 29366.75, 7250, 6809, 29373.00, 29369.33, 29370.63, 3587, 3663, 0.00, 0.00
2026-8-21, 13:45:20.420002, 29366.75, 29415.00, 29363.50, 29410.50, 7250, 6793, 29388.94, 29396.33, 29389.25, 3361, 3889, 0.00, 0.00
2026-8-21, 14:02:05.040000, 29410.25, 29412.50, 29380.25, 29383.00, 7250, 6814, 29396.50, 29391.92, 29396.38, 3851, 3399, 0.00, 0.00
2026-8-21, 14:16:55.864001, 29383.00, 29409.50, 29382.25, 29408.25, 7250, 6787, 29395.75, 29400.00, 29395.88, 3400, 3850, 0.00, 0.00
2026-8-21, 14:32:08.045000, 29407.75, 29419.75, 29397.00, 29418.50, 7250, 6767, 29410.75, 29411.75, 29408.38, 3526, 3724, 0.00, 0.00
2026-8-21, 14:47:13.436000, 29418.50, 29432.25, 29395.25, 29397.75, 7250, 6792, 29410.94, 29408.42, 29413.75, 3610, 3640, 0.00, 0.00
2026-8-21, 14:54:10.042015, 29397.75, 29409.25, 29382.75, 29406.75, 7250, 6467, 29399.13, 29399.58, 29396.00, 3352, 3898, 0.00, 0.00
2026-8-21, 14:58:41.975002, 29406.75, 29413.25, 29375.25, 29389.00, 7250, 6260, 29396.06, 29392.50, 29394.25, 3654, 3596, 0.00, 0.00
2026-8-21, 14:59:57.038003, 29389.00, 29398.00, 29370.25, 29384.25, 7250, 6688, 29385.38, 29384.17, 29384.13, 3551, 3699, 0.00, 0.00
2026-8-21, 15:12:17.019001, 29384.25, 29388.50, 29367.75, 29374.00, 6364, 5281, 29378.63, 29376.75, 29378.13, 3214, 3150, 0.00, 0.00
2026-8-23, 17:00:00.000000, 29392.25, 29409.75, 29300.25, 29390.25, 7250, 6653, 29373.13, 29366.75, 29355.00, 3546, 3704, 0.00, 0.00
2026-8-23, 18:07:13.594002, 29391.00, 29480.50, 29385.25, 29439.50, 7250, 6719, 29424.06, 29435.08, 29432.88, 3491, 3759, 0.00, 0.00
2026-8-23, 19:07:48.164022, 29439.75, 29458.75, 29335.00, 29347.00, 7250, 6840, 29395.13, 29380.25, 29396.88, 3705, 3545, 0.00, 0.00
2026-8-23, 19:36:53.935000, 29347.25, 29449.00, 29344.50, 29416.25, 7250, 6683, 29389.25, 29403.25, 29396.75, 3597, 3653, 0.00, 0.00
2026-8-23, 20:27:33.510001, 29416.25, 29419.25, 29301.25, 29304.75, 7250, 6599, 29360.38, 29341.75, 29360.25, 3877, 3373, 0.00, 0.00
2026-8-23, 21:09:08.480000, 29306.25, 29377.25, 29301.50, 29321.00, 7250, 6548, 29326.50, 29333.25, 29339.38, 3647, 3603, 0.00, 0.00
2026-8-23, 22:10:25.563000, 29322.00, 29325.50, 29261.25, 29291.50, 7250, 6800, 29300.06, 29292.75, 29293.38, 3762, 3488, 0.00, 0.00
2026-8-23, 23:18:32.984002, 29291.25, 29304.00, 29207.50, 29226.25, 7250, 6806, 29257.25, 29245.92, 29255.75, 3806, 3444, 0.00, 0.00
2026-8-24, 00:36:57.981001, 29226.25, 29266.50, 29143.00, 29166.50, 7250, 6623, 29200.56, 29192.00, 29204.75, 3884, 3366, 0.00, 0.00
2026-8-24, 01:07:48.721003, 29166.50, 29180.75, 29120.50, 29159.00, 7250, 6647, 29156.69, 29153.42, 29150.63, 3683, 3567, 0.00, 0.00
2026-8-24, 02:01:42.602000, 29160.25, 29212.50, 29116.75, 29128.25, 7250, 6721, 29154.44, 29152.50, 29164.63, 3796, 3454, 0.00, 0.00
2026-8-24, 03:02:49.351000, 29126.00, 29240.00, 29120.00, 29233.75, 7250, 6690, 29179.94, 29197.92, 29180.00, 3353, 3897, 29115.00, 0.00
2026-8-24, 04:03:55.510000, 29235.00, 29249.75, 29204.25, 29211.75, 7250, 6654, 29225.19, 29221.92, 29227.00, 3712, 3538, 0.00, 0.00
2026-8-24, 05:41:13.129000, 29212.00, 29248.50, 29145.75, 29247.00, 7250, 6633, 29213.31, 29213.75, 29197.13, 3637, 3613, 0.00, 0.00
2026-8-24, 06:36:00.050002, 29247.25, 29283.00, 29207.50, 29211.50, 7250, 6643, 29237.31, 29234.00, 29245.25, 3582, 3668, 0.00, 0.00
2026-8-24, 07:14:37.963000, 29210.75, 29240.75, 29171.50, 29225.25, 7250, 6848, 29212.06, 29212.50, 29206.13, 3762, 3488, 0.00, 0.00
2026-8-24, 07:55:48.599004, 29225.50, 29235.25, 29195.75, 29226.50, 7250, 6708, 29220.75, 29219.17, 29215.50, 3553, 3697, 0.00, 0.00
2026-8-24, 08:29:41.071000, 29226.75, 29236.75, 29224.00, 29235.00, 290, 272, 29230.63, 29231.92, 29230.38, 97, 193, 0.00, 0.00
2026-8-24, 08:30:00.001000, 29235.50, 29243.00, 29140.50, 29148.25, 7250, 5672, 29191.81, 29177.25, 29191.75, 3362, 3888, 0.00, 0.00
2026-8-24, 08:30:46.382006, 29148.00, 29159.00, 29109.00, 29132.00, 7250, 7013, 29137.00, 29133.33, 29134.00, 3572, 3678, 0.00, 0.00
2026-8-24, 08:32:39.779000, 29132.00, 29137.75, 29083.25, 29113.00, 7250, 6740, 29116.50, 29111.33, 29110.50, 3838, 3412, 0.00, 0.00
2026-8-24, 08:34:59.941001, 29112.75, 29145.75, 29094.00, 29128.75, 7250, 6796, 29120.31, 29122.83, 29119.88, 3604, 3646, 0.00, 0.00
2026-8-24, 08:37:20.515001, 29128.75, 29136.75, 29066.00, 29082.25, 7250, 6762, 29103.44, 29095.00, 29101.38, 3816, 3434, 0.00, 0.00
2026-8-24, 08:39:53.059000, 29082.00, 29091.25, 29039.50, 29040.50, 7250, 6604, 29063.31, 29057.08, 29065.38, 3940, 3310, 0.00, 0.00
2026-8-24, 08:42:37.222000, 29041.25, 29046.75, 28988.75, 28994.75, 7250, 6107, 29017.88, 29010.08, 29017.75, 3614, 3636, 0.00, 0.00
2026-8-24, 08:44:42.491000, 28994.25, 28999.50, 28953.50, 28988.00, 7250, 6844, 28983.81, 28980.33, 28976.50, 3635, 3615, 0.00, 0.00
2026-8-24, 08:46:51.876030, 28988.00, 29030.75, 28985.00, 28993.75, 7250, 6879, 28999.38, 29003.17, 29007.88, 3718, 3532, 0.00, 0.00
2026-8-24, 08:49:42.467000, 28994.00, 29005.75, 28950.25, 28950.25, 7250, 6679, 28975.06, 28968.75, 28978.00, 3894, 3356, 0.00, 0.00
2026-8-24, 08:53:04.658001, 28950.00, 29023.75, 28946.75, 29015.75, 7250, 6703, 28984.06, 28995.42, 28985.25, 3517, 3733, 0.00, 0.00
2026-8-24, 08:56:11.268000, 29016.00, 29038.00, 29002.50, 29016.50, 7250, 6854, 29018.25, 29019.00, 29020.25, 3716, 3534, 0.00, 0.00
2026-8-24, 09:00:29.145000, 29016.75, 29036.75, 28972.25, 28979.75, 7250, 6681, 29001.38, 28996.25, 29004.50, 4076, 3174, 0.00, 0.00
2026-8-24, 09:03:26.530000, 28979.75, 28998.75, 28962.75, 28979.00, 7250, 6856, 28980.06, 28980.17, 28980.75, 3638, 3612, 0.00, 0.00
2026-8-24, 09:08:18.075000, 28978.50, 28986.00, 28953.50, 28977.25, 7250, 6687, 28973.81, 28972.25, 28969.75, 3626, 3624, 0.00, 0.00
2026-8-24, 09:14:04.450000, 28977.50, 29008.75, 28967.50, 28975.00, 7250, 6609, 28982.19, 28983.75, 28988.13, 3501, 3749, 0.00, 0.00
2026-8-24, 09:19:08.081000, 28975.25, 29033.25, 28973.75, 28998.75, 7250, 6639, 28995.25, 29001.92, 29003.50, 3428, 3822, 0.00, 0.00
2026-8-24, 09:24:39.861001, 28998.75, 29038.50, 28979.25, 29038.00, 7250, 6733, 29013.63, 29018.58, 29008.88, 3348, 3902, 0.00, 0.00
2026-8-24, 09:30:51.070004, 29038.00, 29081.50, 29033.50, 29076.75, 7250, 6575, 29057.44, 29063.92, 29057.50, 3337, 3913, 0.00, 0.00
2026-8-24, 09:35:18.180000, 29077.25, 29095.75, 29064.75, 29083.75, 7250, 6762, 29080.38, 29081.42, 29080.25, 3554, 3696, 0.00, 0.00
2026-8-24, 09:41:14.101000, 29083.75, 29110.75, 29071.00, 29097.75, 7250, 6684, 29090.81, 29093.17, 29090.88, 3665, 3585, 0.00, 29115.75
2026-8-24, 09:46:44.712005, 29097.75, 29110.25, 29081.25, 29096.50, 7250, 6652, 29096.44, 29096.00, 29095.75, 3504, 3746, 0.00, 0.00
2026-8-24, 09:54:59.142000, 29096.75, 29107.00, 29063.75, 29066.25, 7250, 6703, 29083.44, 29079.00, 29085.38, 3535, 3715, 0.00, 0.00
2026-8-24, 10:02:03.426008, 29066.25, 29075.50, 29042.25, 29065.25, 7250, 6803, 29062.31, 29061.00, 29058.88, 3396, 3854, 0.00, 0.00
2026-8-24, 10:09:53.712001, 29065.25, 29079.50, 29045.75, 29047.75, 7250, 6851, 29059.56, 29057.67, 29062.63, 3314, 3936, 0.00, 0.00
2026-8-24, 10:20:32.532000, 29047.50, 29099.50, 29038.75, 29098.75, 7250, 6802, 29071.13, 29079.00, 29069.13, 3219, 4031, 0.00, 0.00
2026-8-24, 10:28:43.261000, 29098.50, 29137.00, 29096.75, 29118.50, 7250, 6466, 29112.69, 29117.42, 29116.88, 3344, 3906, 0.00, 0.00
2026-8-24, 10:30:34.712001, 29118.50, 29150.00, 29112.00, 29149.50, 7250, 6486, 29132.50, 29137.17, 29131.00, 3250, 4000, 0.00, 0.00
2026-8-24, 10:37:28.721001, 29149.50, 29180.25, 29144.00, 29172.00, 7250, 6259, 29161.44, 29165.42, 29162.13, 3574, 3676, 0.00, 0.00
2026-8-24, 10:42:53.618000, 29172.25, 29205.50, 29166.00, 29183.25, 7250, 6579, 29181.75, 29184.92, 29185.75, 3559, 3691, 0.00, 0.00
2026-8-24, 10:49:25.062001, 29183.25, 29197.50, 29159.75, 29163.00, 7250, 6500, 29175.88, 29173.42, 29178.63, 3623, 3627, 0.00, 0.00
2026-8-24, 10:57:42.805003, 29163.00, 29189.25, 29150.00, 29180.50, 7250, 6797, 29170.69, 29173.25, 29169.63, 3372, 3878, 0.00, 0.00
2026-8-24, 11:04:26.438000, 29181.00, 29201.00, 29157.00, 29200.25, 7250, 6533, 29184.81, 29186.08, 29179.00, 3452, 3798, 0.00, 0.00
2026-8-24, 11:16:31.074000, 29200.25, 29224.75, 29193.50, 29204.25, 7250, 6686, 29205.69, 29207.50, 29209.13, 3413, 3837, 0.00, 0.00
2026-8-24, 11:26:36.365001, 29204.50, 29212.25, 29180.75, 29181.25, 7250, 6632, 29194.69, 29191.42, 29196.50, 3464, 3786, 0.00, 0.00
2026-8-24, 11:41:08.920000, 29181.25, 29192.75, 29170.75, 29173.00, 7250, 6710, 29179.44, 29178.83, 29181.75, 3327, 3923, 0.00, 0.00
2026-8-24, 11:58:29.600001, 29173.00, 29198.25, 29154.75, 29193.50, 7250, 6774, 29179.88, 29182.17, 29176.50, 3459, 3791, 0.00, 0.00
2026-8-24, 12:10:11.231000, 29194.25, 29210.50, 29161.00, 29168.25, 7250, 6869, 29183.50, 29179.92, 29185.75, 3697, 3553, 0.00, 0.00
2026-8-24, 12:20:24.573000, 29168.25, 29169.50, 29132.00, 29137.00, 7250, 6686, 29151.69, 29146.17, 29150.75, 3655, 3595, 0.00, 0.00
2026-8-24, 12:30:21.077000, 29137.00, 29142.50, 29118.75, 29121.25, 7250, 6711, 29129.88, 29127.50, 29130.63, 3439, 3811, 0.00, 0.00
2026-8-24, 12:44:51.093001, 29121.25, 29143.00, 29116.50, 29124.00, 7250, 6630, 29126.19, 29127.83, 29129.75, 3301, 3949, 0.00, 0.00
2026-8-24, 12:59:33.961002, 29123.75, 29184.50, 29123.00, 29175.25, 7250, 6887, 29151.63, 29160.92, 29153.75, 3259, 3991, 0.00, 0.00
2026-8-24, 13:11:25.082001, 29175.25, 29215.75, 29167.75, 29210.75, 7250, 6676, 29192.38, 29198.08, 29191.75, 3484, 3766, 0.00, 0.00
2026-8-24, 13:22:13.283010, 29210.75, 29233.25, 29204.00, 29216.75, 7250, 6705, 29216.19, 29218.00, 29218.63, 3648, 3602, 0.00, 29238.25
2026-8-24, 13:31:46.998000, 29217.00, 29227.25, 29180.25, 29188.75, 7250, 6619, 29203.31, 29198.75, 29203.75, 3723, 3527, 0.00, 0.00
2026-8-24, 13:43:14.409002, 29188.75, 29194.25, 29151.75, 29153.75, 7250, 6805, 29172.13, 29166.58, 29173.00, 3667, 3583, 0.00, 0.00
2026-8-24, 14:00:01.952005, 29153.75, 29162.25, 29143.00, 29147.75, 7250, 6827, 29151.69, 29151.00, 29152.63, 3514, 3736, 0.00, 0.00
2026-8-24, 14:16:12.990000, 29147.00, 29173.00, 29142.75, 29163.00, 7250, 6689, 29156.44, 29159.58, 29157.88, 3239, 4011, 0.00, 0.00
2026-8-24, 14:31:34.133001, 29162.75, 29167.75, 29125.25, 29135.00, 7250, 6764, 29147.69, 29142.67, 29146.50, 3802, 3448, 0.00, 0.00
2026-8-24, 14:43:50.065000, 29135.00, 29142.00, 29103.50, 29106.25, 7250, 6679, 29121.69, 29117.25, 29122.75, 3772, 3478, 0.00, 0.00
2026-8-24, 14:52:22.684000, 29106.25, 29125.25, 29096.25, 29123.50, 7250, 6352, 29112.81, 29115.00, 29110.75, 3501, 3749, 0.00, 0.00
2026-8-24, 14:56:32.010001, 29123.50, 29125.25, 29104.75, 29108.25, 7250, 6487, 29115.44, 29112.75, 29115.00, 3308, 3942, 0.00, 0.00
2026-8-24, 14:59:42.024000, 29108.25, 29112.25, 29095.50, 29105.50, 7250, 6007, 29105.38, 29104.42, 29103.88, 3585, 3665, 0.00, 0.00
2026-8-24, 15:00:37.370001, 29105.50, 29124.75, 29080.75, 29090.50, 7250, 6434, 29100.38, 29098.67, 29102.75, 3484, 3766, 0.00, 0.00
2026-8-24, 15:33:40.593000, 29091.00, 29152.75, 29087.50, 29123.50, 7250, 6570, 29113.69, 29121.25, 29120.13, 3471, 3779, 0.00, 0.00
2026-8-24, 18:22:28.274003, 29123.50, 29127.50, 29038.25, 29042.75, 7250, 6699, 29083.00, 29069.50, 29082.88, 3897, 3353, 0.00, 0.00
2026-8-24, 19:15:00.664000, 29042.50, 29143.50, 29017.00, 29139.75, 7250, 6732, 29085.69, 29100.08, 29080.25, 3342, 3908, 0.00, 0.00
2026-8-24, 19:46:36.339000, 29139.25, 29155.50, 29095.50, 29134.75, 7250, 6532, 29131.25, 29128.58, 29125.50, 3739, 3511, 0.00, 0.00
2026-8-24, 20:42:14.805002, 29134.75, 29168.25, 29104.00, 29128.00, 7250, 6458, 29133.75, 29133.42, 29136.13, 3426, 3824, 0.00, 0.00
2026-8-24, 21:47:17.259000, 29128.00, 29190.00, 29093.50, 29152.00, 7250, 6606, 29140.88, 29145.17, 29141.75, 3535, 3715, 0.00, 0.00
2026-8-24, 22:52:03.112001, 29152.00, 29225.00, 29151.75, 29220.50, 7250, 6390, 29187.31, 29199.08, 29188.38, 3457, 3793, 0.00, 0.00
2026-8-25, 00:22:12.946002, 29220.75, 29266.00, 29201.00, 29258.25, 7250, 6423, 29236.50, 29241.75, 29233.50, 3426, 3824, 0.00, 0.00
2026-8-25, 01:21:55.361000, 29258.00, 29290.75, 29226.50, 29249.75, 7250, 6770, 29256.25, 29255.67, 29258.63, 3694, 3556, 0.00, 0.00
2026-8-25, 02:29:17.748000, 29250.50, 29326.00, 29212.25, 29318.50, 7250, 6649, 29276.81, 29285.58, 29269.13, 3482, 3768, 0.00, 0.00
2026-8-25, 03:24:59.354001, 29318.25, 29337.00, 29257.00, 29316.75, 7250, 6583, 29307.25, 29303.58, 29297.00, 3551, 3699, 0.00, 0.00
2026-8-25, 04:30:50.724002, 29316.75, 29425.75, 29315.00, 29373.25, 7250, 6488, 29357.69, 29371.33, 29370.38, 3606, 3644, 0.00, 0.00
2026-8-25, 05:02:28.655000, 29373.25, 29410.25, 29325.25, 29327.25, 7250, 6603, 29359.00, 29354.25, 29367.75, 3596, 3654, 0.00, 0.00
2026-8-25, 06:09:14.904000, 29327.00, 29390.50, 29304.00, 29375.50, 7250, 6484, 29349.25, 29356.67, 29347.25, 3624, 3626, 0.00, 0.00
2026-8-25, 07:02:28.220004, 29376.00, 29409.50, 29315.50, 29315.50, 7250, 6282, 29354.13, 29346.83, 29362.50, 3651, 3599, 0.00, 0.00
2026-8-25, 07:38:04.815000, 29315.00, 29347.00, 29311.50, 29327.00, 7250, 6656, 29325.13, 29328.50, 29329.25, 3449, 3801, 0.00, 0.00
2026-8-25, 08:11:19.066000, 29327.75, 29344.75, 29294.50, 29296.25, 6614, 6011, 29315.81, 29311.83, 29319.63, 3216, 3398, 0.00, 0.00
2026-8-25, 08:30:00.000000, 29297.00, 29344.75, 29279.25, 29319.00, 7250, 6822, 29310.00, 29314.33, 29312.00, 3601, 3649, 0.00, 0.00
2026-8-25, 08:31:35.869000, 29318.75, 29362.25, 29296.50, 29361.25, 7250, 6886, 29334.69, 29340.00, 29329.38, 3424, 3826, 0.00, 0.00
2026-8-25, 08:33:48.243000, 29361.25, 29376.25, 29345.00, 29359.00, 7250, 6916, 29360.38, 29360.08, 29360.63, 3588, 3662, 0.00, 0.00
2026-8-25, 08:36:19.958001, 29359.00, 29361.25, 29310.25, 29310.75, 7250, 6835, 29335.31, 29327.42, 29335.75, 3756, 3494, 0.00, 0.00
2026-8-25, 08:39:03.882000, 29310.75, 29374.25, 29301.50, 29355.50, 7250, 6865, 29335.50, 29343.75, 29337.88, 3407, 3843, 0.00, 0.00
2026-8-25, 08:41:33.523000, 29355.50, 29363.50, 29318.00, 29349.25, 7250, 6860, 29346.56, 29343.58, 29340.75, 3503, 3747, 0.00, 0.00
2026-8-25, 08:45:00.860000, 29350.25, 29391.75, 29342.75, 29374.25, 7250, 6835, 29364.75, 29369.58, 29367.25, 3500, 3750, 0.00, 0.00
2026-8-25, 08:47:40.859000, 29374.75, 29414.75, 29362.00, 29382.75, 7250, 6635, 29383.56, 29386.50, 29388.38, 3454, 3796, 0.00, 0.00
2026-8-25, 08:50:15.120001, 29382.50, 29388.00, 29345.25, 29350.50, 7250, 6773, 29366.56, 29361.25, 29366.63, 3889, 3361, 0.00, 0.00
2026-8-25, 08:53:38.855001, 29350.00, 29365.25, 29297.75, 29298.50, 7250, 6817, 29327.88, 29320.50, 29331.50, 3948, 3302, 0.00, 0.00
2026-8-25, 08:57:09.120000, 29298.50, 29321.50, 29283.50, 29293.25, 7250, 6877, 29299.19, 29299.42, 29302.50, 3729, 3521, 0.00, 0.00
2026-8-25, 09:00:59.666000, 29293.00, 29302.75, 29260.00, 29260.00, 7250, 6887, 29278.94, 29274.25, 29281.38, 3944, 3306, 0.00, 0.00
2026-8-25, 09:04:00.547006, 29260.00, 29279.75, 29246.50, 29255.00, 7250, 6759, 29260.31, 29260.42, 29263.13, 3778, 3472, 0.00, 0.00
2026-8-25, 09:08:06.097000, 29253.75, 29285.25, 29244.00, 29260.25, 7250, 6892, 29260.81, 29263.17, 29264.63, 3645, 3605, 0.00, 0.00
2026-8-25, 09:13:48.972000, 29260.50, 29269.50, 29233.75, 29257.75, 7250, 6852, 29255.38, 29253.67, 29251.63, 3707, 3543, 0.00, 0.00
2026-8-25, 09:18:45.068000, 29257.25, 29266.25, 29217.75, 29222.75, 7250, 6608, 29241.00, 29235.58, 29242.00, 3903, 3347, 0.00, 0.00
2026-8-25, 09:23:30.080000, 29223.50, 29252.25, 29209.25, 29235.25, 7250, 6773, 29230.06, 29232.25, 29230.75, 3465, 3785, 0.00, 0.00
2026-8-25, 09:28:15.419000, 29234.50, 29238.75, 29138.00, 29210.75, 7250, 6386, 29205.50, 29195.83, 29188.38, 3905, 3345, 0.00, 0.00
2026-8-25, 09:30:50.392000, 29210.50, 29249.50, 29196.75, 29224.50, 7250, 6816, 29220.31, 29223.58, 29223.13, 3585, 3665, 0.00, 0.00
2026-8-25, 09:34:30.957001, 29224.25, 29268.75, 29205.00, 29262.00, 7250, 6677, 29240.00, 29245.25, 29236.88, 3350, 3900, 0.00, 0.00
2026-8-25, 09:39:37.776000, 29262.75, 29265.00, 29191.00, 29219.00, 7250, 6814, 29234.44, 29225.00, 29228.00, 3888, 3362, 0.00, 0.00
2026-8-25, 09:44:58.837000, 29219.75, 29249.50, 29206.00, 29249.50, 7250, 6818, 29231.19, 29235.00, 29227.75, 3415, 3835, 0.00, 0.00
2026-8-25, 09:52:42.814001, 29249.50, 29260.25, 29218.75, 29225.50, 7250, 6786, 29238.50, 29234.83, 29239.50, 3728, 3522, 0.00, 0.00
2026-8-25, 10:00:26.516000, 29226.00, 29227.25, 29197.00, 29208.50, 7250, 6713, 29214.69, 29210.92, 29212.13, 3767, 3483, 0.00, 0.00
2026-8-25, 10:08:44.025000, 29208.50, 29246.50, 29206.75, 29246.50, 7250, 6750, 29227.06, 29233.25, 29226.63, 3596, 3654, 0.00, 0.00
2026-8-25, 10:20:17.745000, 29246.75, 29277.25, 29225.75, 29271.50, 7250, 6491, 29255.31, 29258.17, 29251.50, 3554, 3696, 0.00, 0.00
2026-8-25, 10:29:06.606001, 29271.50, 29309.75, 29264.25, 29284.50, 7250, 6767, 29282.50, 29286.17, 29287.00, 3346, 3904, 0.00, 0.00
2026-8-25, 10:35:20.855076, 29284.50, 29301.75, 29255.25, 29268.50, 7250, 6687, 29277.50, 29275.17, 29278.50, 3797, 3453, 0.00, 0.00
2026-8-25, 10:44:59.716000, 29268.00, 29268.00, 29222.75, 29257.25, 7250, 6761, 29254.00, 29249.33, 29245.38, 3748, 3502, 0.00, 0.00
2026-8-25, 10:54:49.117000, 29257.50, 29289.50, 29254.50, 29276.00, 7250, 6654, 29269.38, 29273.33, 29272.00, 3501, 3749, 0.00, 0.00
2026-8-25, 11:05:10.482000, 29276.25, 29290.00, 29263.25, 29282.00, 7250, 6848, 29277.88, 29278.42, 29276.63, 3625, 3625, 0.00, 0.00
2026-8-25, 11:20:42.920000, 29282.00, 29299.75, 29278.00, 29278.00, 7250, 6708, 29284.44, 29285.25, 29288.88, 3467, 3783, 0.00, 0.00
2026-8-25, 11:36:11.250000, 29278.25, 29294.00, 29259.00, 29263.00, 7250, 6700, 29273.56, 29272.00, 29276.50, 3731, 3519, 0.00, 0.00
2026-8-25, 11:48:21.408000, 29263.25, 29282.00, 29252.75, 29267.75, 7250, 6552, 29266.44, 29267.50, 29267.38, 3381, 3869, 0.00, 0.00
2026-8-25, 12:01:00.001015, 29267.75, 29279.00, 29224.00, 29230.00, 7250, 6775, 29250.19, 29244.33, 29251.50, 3843, 3407, 0.00, 0.00
2026-8-25, 12:12:32.549003, 29230.00, 29258.50, 29225.00, 29226.00, 7250, 6864, 29234.88, 29236.50, 29241.75, 3550, 3700, 0.00, 0.00
2026-8-25, 12:26:07.901001, 29225.75, 29234.50, 29214.50, 29225.25, 7250, 6857, 29225.00, 29224.75, 29224.50, 3466, 3784, 0.00, 0.00
2026-8-25, 12:42:45.108002, 29225.25, 29232.25, 29205.50, 29213.00, 7250, 6628, 29219.00, 29216.92, 29218.88, 3602, 3648, 0.00, 0.00
2026-8-25, 13:03:15.662001, 29212.75, 29221.00, 29202.00, 29216.00, 7250, 6837, 29212.94, 29213.00, 29211.50, 3553, 3697, 0.00, 0.00
2026-8-25, 13:20:40.790002, 29216.00, 29245.75, 29208.00, 29245.25, 7250, 6768, 29228.75, 29233.00, 29226.88, 3320, 3930, 0.00, 0.00
2026-8-25, 13:36:08.878000, 29244.75, 29274.00, 29239.50, 29272.75, 7250, 6835, 29257.75, 29262.08, 29256.75, 3412, 3838, 0.00, 0.00
2026-8-25, 13:48:34.056000, 29273.00, 29275.00, 29248.00, 29249.75, 7250, 6632, 29261.44, 29257.58, 29261.50, 3692, 3558, 0.00, 0.00
2026-8-25, 14:03:00.350009, 29249.25, 29252.25, 29222.75, 29225.25, 7250, 6725, 29237.38, 29233.42, 29237.50, 3672, 3578, 0.00, 0.00
2026-8-25, 14:18:35.425001, 29225.25, 29230.50, 29211.50, 29229.25, 7250, 6786, 29224.13, 29223.75, 29221.00, 3518, 3732, 0.00, 0.00
2026-8-25, 14:35:20.217001, 29229.25, 29257.75, 29229.00, 29243.75, 7250, 6665, 29239.94, 29243.50, 29243.38, 3624, 3626, 0.00, 0.00
2026-8-25, 14:48:38.634001, 29243.50, 29286.00, 29233.00, 29284.50, 7250, 6360, 29261.75, 29267.83, 29259.50, 3103, 4147, 0.00, 0.00
2026-8-25, 14:54:33.062001, 29284.50, 29289.50, 29267.00, 29286.25, 7250, 6255, 29281.81, 29280.92, 29278.25, 3506, 3744, 0.00, 0.00
2026-8-25, 14:59:13.533009, 29286.25, 29289.50, 29264.00, 29270.50, 7250, 6455, 29277.56, 29274.67, 29276.75, 3910, 3340, 0.00, 0.00
2026-8-25, 15:00:17.598000, 29270.50, 29295.50, 29262.00, 29295.25, 7250, 6527, 29280.81, 29284.25, 29278.75, 3612, 3638, 0.00, 0.00
2026-8-25, 15:20:37.560001, 29295.25, 29313.50, 29268.75, 29294.75, 7250, 6627, 29293.06, 29292.33, 29291.13, 3599, 3651, 0.00, 0.00
2026-8-25, 17:14:56.595001, 29293.50, 29294.25, 29185.00, 29200.25, 7250, 6672, 29243.25, 29226.50, 29239.63, 3906, 3344, 0.00, 0.00
2026-8-25, 19:00:56.160000, 29200.25, 29238.50, 29155.00, 29161.00, 7250, 6736, 29188.69, 29184.83, 29196.75, 3794, 3456, 0.00, 0.00
2026-8-25, 19:36:19.054020, 29161.00, 29166.00, 29106.75, 29126.25, 7250, 6516, 29140.00, 29133.00, 29136.38, 3820, 3430, 0.00, 0.00
2026-8-25, 20:10:02.238000, 29126.00, 29143.75, 29096.00, 29132.75, 7250, 6663, 29124.63, 29124.17, 29119.88, 3558, 3692, 0.00, 0.00
2026-8-25, 21:05:41.870000, 29130.75, 29229.75, 29119.25, 29218.25, 7250, 6646, 29174.50, 29189.08, 29174.50, 3290, 3960, 0.00, 0.00
2026-8-25, 21:55:09.985000, 29218.25, 29276.50, 29205.00, 29264.25, 7250, 6744, 29241.00, 29248.58, 29240.75, 3445, 3805, 0.00, 0.00
2026-8-25, 23:08:13.174001, 29264.25, 29283.25, 29217.25, 29251.75, 7250, 6573, 29254.13, 29250.75, 29250.25, 3612, 3638, 0.00, 0.00
2026-8-26, 00:30:26.669000, 29252.25, 29277.25, 29203.50, 29241.75, 7250, 6687, 29243.69, 29240.83, 29240.38, 3660, 3590, 0.00, 0.00
2026-8-26, 02:02:18.733006, 29241.75, 29257.75, 29185.75, 29237.00, 7250, 6644, 29230.56, 29226.83, 29221.75, 3696, 3554, 0.00, 0.00
2026-8-26, 03:09:33.142021, 29237.00, 29251.00, 29185.00, 29227.00, 7250, 6537, 29225.00, 29221.00, 29218.00, 3587, 3663, 0.00, 0.00
2026-8-26, 05:00:21.326000, 29226.75, 29278.75, 29188.75, 29243.75, 7250, 6610, 29234.50, 29237.08, 29233.75, 3507, 3743, 0.00, 0.00
2026-8-26, 06:28:13.604002, 29243.75, 29261.75, 29186.00, 29193.25, 7250, 6583, 29221.19, 29213.67, 29223.88, 3631, 3619, 0.00, 0.00
2026-8-26, 07:17:29.058001, 29193.50, 29263.25, 29163.00, 29170.50, 7250, 6724, 29197.56, 29198.92, 29213.13, 3548, 3702, 0.00, 0.00
2026-8-26, 07:35:10.537002, 29170.50, 29188.50, 29143.25, 29145.25, 7250, 6856, 29161.88, 29159.00, 29165.88, 3590, 3660, 0.00, 0.00
2026-8-26, 07:54:06.366000, 29145.50, 29166.50, 29133.25, 29139.25, 7250, 6761, 29146.13, 29146.33, 29149.88, 3535, 3715, 0.00, 0.00
2026-8-26, 08:10:05.529000, 29138.50, 29175.00, 29134.75, 29173.75, 5958, 5571, 29155.50, 29161.17, 29154.88, 2910, 3048, 0.00, 0.00
2026-8-26, 08:30:00.000000, 29174.50, 29240.00, 29174.25, 29237.50, 7250, 6718, 29206.56, 29217.25, 29207.13, 3242, 4008, 0.00, 0.00
2026-8-26, 08:31:31.629000, 29237.75, 29283.00, 29230.00, 29245.75, 7250, 6860, 29249.13, 29252.92, 29256.50, 3457, 3793, 0.00, 0.00
2026-8-26, 08:33:45.885000, 29246.75, 29277.75, 29206.75, 29221.50, 7250, 6848, 29238.19, 29235.33, 29242.25, 3655, 3595, 0.00, 0.00
2026-8-26, 08:36:01.300000, 29221.00, 29275.50, 29209.25, 29235.50, 7250, 6960, 29235.31, 29240.08, 29242.38, 3574, 3676, 0.00, 0.00
2026-8-26, 08:39:03.317008, 29235.50, 29271.25, 29223.00, 29228.25, 7250, 6998, 29239.50, 29240.83, 29247.13, 3566, 3684, 0.00, 0.00
2026-8-26, 08:42:33.582008, 29228.25, 29313.25, 29223.75, 29292.50, 7250, 6717, 29264.44, 29276.50, 29268.50, 3243, 4007, 0.00, 0.00
2026-8-26, 08:44:58.178000, 29291.75, 29316.00, 29270.50, 29287.25, 7250, 6726, 29291.38, 29291.25, 29293.25, 3643, 3607, 0.00, 0.00
2026-8-26, 08:48:29.617001, 29287.25, 29299.00, 29252.50, 29281.00, 7250, 6935, 29279.94, 29277.50, 29275.75, 3701, 3549, 0.00, 0.00
2026-8-26, 08:53:16.279000, 29280.75, 29330.00, 29277.25, 29313.25, 7250, 6755, 29300.31, 29306.83, 29303.63, 3370, 3880, 0.00, 0.00
2026-8-26, 08:57:48.277000, 29313.00, 29332.75, 29296.75, 29311.75, 7250, 6883, 29313.56, 29313.75, 29314.75, 3758, 3492, 0.00, 0.00
2026-8-26, 09:04:08.213000, 29311.75, 29314.25, 29262.00, 29263.25, 7250, 6898, 29287.81, 29279.83, 29288.13, 3863, 3387, 0.00, 0.00
2026-8-26, 09:12:00.192000, 29263.00, 29263.50, 29230.50, 29247.25, 7250, 6866, 29251.06, 29247.08, 29247.00, 3887, 3363, 0.00, 0.00
2026-8-26, 09:17:47.601009, 29247.25, 29262.75, 29200.75, 29212.00, 7250, 6947, 29230.69, 29225.17, 29231.75, 3757, 3493, 0.00, 0.00
2026-8-26, 09:24:10.265002, 29212.00, 29212.50, 29156.75, 29165.25, 7250, 6494, 29186.63, 29178.17, 29184.63, 3910, 3340, 0.00, 0.00
2026-8-26, 09:28:15.956003, 29165.25, 29204.00, 29163.75, 29200.50, 7250, 6854, 29183.38, 29189.42, 29183.88, 3409, 3841, 0.00, 0.00
2026-8-26, 09:34:51.518001, 29200.50, 29238.50, 29183.25, 29227.75, 7250, 6788, 29212.50, 29216.50, 29210.88, 3406, 3844, 0.00, 0.00
2026-8-26, 09:41:55.135000, 29227.75, 29254.75, 29206.25, 29254.75, 7250, 6799, 29235.88, 29238.58, 29230.50, 3297, 3953, 0.00, 0.00
2026-8-26, 09:50:53.715000, 29254.50, 29268.00, 29234.50, 29255.00, 7250, 6802, 29253.00, 29252.50, 29251.25, 3712, 3538, 0.00, 29273.00
2026-8-26, 10:00:38.384003, 29254.75, 29283.00, 29247.50, 29269.50, 7250, 6698, 29263.69, 29266.67, 29265.25, 3573, 3677, 0.00, 0.00
2026-8-26, 10:11:16.700000, 29270.00, 29276.00, 29222.50, 29255.25, 7250, 6669, 29255.94, 29251.25, 29249.25, 3791, 3459, 0.00, 0.00
2026-8-26, 10:21:17.458000, 29255.00, 29267.00, 29233.50, 29236.00, 7250, 6653, 29247.88, 29245.50, 29250.25, 3564, 3686, 0.00, 0.00
2026-8-26, 10:33:14.449000, 29235.00, 29288.00, 29220.75, 29286.75, 7250, 6622, 29257.63, 29265.17, 29254.38, 3240, 4010, 0.00, 0.00
2026-8-26, 10:43:37.970003, 29286.75, 29291.50, 29237.25, 29245.25, 7250, 6612, 29265.19, 29258.00, 29264.38, 3895, 3355, 0.00, 0.00
2026-8-26, 10:52:08.515000, 29246.00, 29256.50, 29199.25, 29201.50, 7250, 6668, 29225.81, 29219.08, 29227.88, 3899, 3351, 0.00, 0.00
2026-8-26, 11:01:01.602000, 29201.75, 29224.25, 29189.00, 29203.00, 7250, 6690, 29204.50, 29205.42, 29206.63, 3575, 3675, 0.00, 0.00
2026-8-26, 11:10:52.914000, 29204.00, 29218.25, 29192.50, 29216.75, 7250, 6646, 29207.88, 29209.17, 29205.38, 3509, 3741, 0.00, 0.00
2026-8-26, 11:31:44.270000, 29216.50, 29220.00, 29170.00, 29179.50, 7250, 6644, 29196.50, 29189.83, 29195.00, 3733, 3517, 0.00, 0.00
2026-8-26, 11:46:42.550004, 29179.50, 29224.75, 29175.50, 29213.75, 7250, 6660, 29198.38, 29204.67, 29200.13, 3133, 4117, 0.00, 0.00
2026-8-26, 11:59:19.561000, 29214.00, 29246.50, 29209.75, 29246.25, 7250, 6685, 29229.13, 29234.17, 29228.13, 3341, 3909, 0.00, 0.00
2026-8-26, 12:15:16.151000, 29246.00, 29270.75, 29244.25, 29267.25, 7250, 6690, 29257.06, 29260.75, 29257.50, 3636, 3614, 0.00, 29275.75
2026-8-26, 12:29:14.188002, 29267.25, 29291.75, 29262.75, 29275.75, 7250, 6481, 29274.38, 29276.75, 29277.25, 3432, 3818, 0.00, 0.00
2026-8-26, 12:42:51.858000, 29276.25, 29293.75, 29267.50, 29288.50, 7250, 6706, 29281.50, 29283.25, 29280.63, 3508, 3742, 0.00, 0.00
2026-8-26, 12:59:01.438000, 29288.75, 29296.00, 29264.75, 29270.50, 7250, 6656, 29280.00, 29277.08, 29280.38, 3467, 3783, 0.00, 0.00
2026-8-26, 13:17:17.781001, 29270.75, 29303.50, 29268.75, 29296.75, 7250, 6501, 29284.94, 29289.67, 29286.13, 3342, 3908, 0.00, 0.00
2026-8-26, 13:34:25.627000, 29296.75, 29328.75, 29288.00, 29317.00, 7250, 6517, 29307.63, 29311.25, 29308.38, 3388, 3862, 0.00, 0.00
2026-8-26, 13:49:17.041001, 29317.00, 29346.00, 29310.00, 29337.75, 7250, 6405, 29327.69, 29331.25, 29328.00, 3383, 3867, 0.00, 0.00
2026-8-26, 14:01:11.598000, 29337.75, 29368.25, 29333.00, 29350.25, 7250, 6606, 29347.31, 29350.50, 29350.63, 3477, 3773, 0.00, 0.00
2026-8-26, 14:11:59.195000, 29350.00, 29357.25, 29330.25, 29347.75, 7250, 6701, 29346.31, 29345.08, 29343.75, 3597, 3653, 0.00, 0.00
2026-8-26, 14:25:59.385004, 29347.75, 29355.25, 29323.75, 29324.50, 7250, 6594, 29337.81, 29334.50, 29339.50, 3575, 3675, 0.00, 0.00
2026-8-26, 14:39:09.009002, 29324.50, 29335.50, 29305.50, 29334.50, 7250, 6581, 29325.00, 29325.17, 29320.50, 3475, 3775, 0.00, 0.00
2026-8-26, 14:49:40.194000, 29334.75, 29341.50, 29280.50, 29285.50, 7250, 6801, 29310.56, 29302.50, 29311.00, 3755, 3495, 0.00, 0.00
2026-8-26, 14:55:16.894000, 29285.00, 29310.75, 29280.25, 29282.50, 7250, 6288, 29289.63, 29291.17, 29295.50, 3504, 3746, 0.00, 0.00
2026-8-26, 14:59:42.334000, 29283.00, 29312.00, 29282.00, 29303.25, 7250, 5925, 29295.06, 29299.08, 29297.00, 3281, 3969, 0.00, 0.00
2026-8-26, 15:00:51.650000, 29303.25, 29380.00, 29296.00, 29376.75, 7250, 6154, 29339.00, 29350.92, 29338.00, 3341, 3909, 0.00, 0.00
2026-8-26, 15:19:27.073000, 29378.25, 29383.75, 29291.00, 29359.00, 7250, 6357, 29353.00, 29344.58, 29337.38, 3625, 3625, 0.00, 0.00
2026-8-26, 15:25:21.618002, 29359.00, 29398.25, 29317.00, 29395.75, 7250, 6655, 29367.50, 29370.33, 29357.63, 3539, 3711, 0.00, 0.00
2026-8-26, 15:50:53.738000, 29395.25, 29582.25, 29377.25, 29562.50, 7250, 6143, 29479.31, 29507.33, 29479.75, 3379, 3871, 0.00, 0.00
2026-8-26, 17:10:22.289000, 29562.50, 29620.25, 29551.25, 29620.25, 7250, 6493, 29588.56, 29597.25, 29585.75, 3393, 3857, 0.00, 0.00
2026-8-26, 17:51:50.183006, 29620.25, 29654.75, 29585.00, 29637.75, 7250, 6357, 29624.44, 29625.83, 29619.88, 3480, 3770, 0.00, 0.00
2026-8-26, 19:00:42.812001, 29637.75, 29641.75, 29534.75, 29534.75, 7250, 6543, 29587.25, 29570.42, 29588.25, 4178, 3072, 0.00, 0.00
2026-8-26, 19:34:28.214010, 29534.75, 29539.50, 29440.00, 29451.75, 7250, 6678, 29491.50, 29477.08, 29489.75, 3786, 3464, 0.00, 0.00
2026-8-26, 19:55:29.621000, 29452.50, 29509.25, 29432.50, 29505.25, 7250, 6632, 29474.88, 29482.33, 29470.88, 3475, 3775, 0.00, 0.00
2026-8-26, 20:27:03.449000, 29504.75, 29554.25, 29491.75, 29534.50, 7250, 6615, 29521.31, 29526.83, 29523.00, 3519, 3731, 0.00, 0.00
2026-8-26, 21:14:07.728000, 29534.75, 29575.75, 29525.75, 29540.50, 7250, 6469, 29544.19, 29547.33, 29550.75, 3720, 3530, 0.00, 0.00
2026-8-26, 22:50:09.109000, 29540.50, 29551.75, 29448.00, 29455.75, 7250, 6504, 29499.00, 29485.17, 29499.88, 3839, 3411, 0.00, 0.00
2026-8-27, 00:20:46.827004, 29456.00, 29478.75, 29403.25, 29403.25, 7250, 6629, 29435.31, 29428.42, 29441.00, 3790, 3460, 0.00, 0.00
2026-8-27, 01:12:39.972000, 29404.00, 29519.75, 29401.75, 29513.25, 7250, 6483, 29459.69, 29478.25, 29460.75, 3368, 3882, 0.00, 0.00
2026-8-27, 02:06:29.151003, 29513.25, 29549.75, 29499.00, 29540.00, 7250, 6291, 29525.50, 29529.58, 29524.38, 3928, 3322, 0.00, 0.00
2026-8-27, 03:00:05.318000, 29540.00, 29659.75, 29540.00, 29656.75, 7250, 6329, 29599.13, 29618.83, 29599.88, 3425, 3825, 0.00, 0.00
2026-8-27, 03:30:07.799001, 29656.50, 29662.00, 29581.25, 29594.25, 7250, 6466, 29623.50, 29612.50, 29621.63, 3782, 3468, 0.00, 0.00
2026-8-27, 04:06:22.743000, 29595.00, 29634.50, 29568.00, 29623.50, 7250, 6077, 29605.25, 29608.67, 29601.25, 3683, 3567, 0.00, 0.00
2026-8-27, 04:54:25.763000, 29623.50, 29623.50, 29568.25, 29608.25, 7250, 6385, 29605.88, 29600.00, 29595.88, 3821, 3429, 0.00, 0.00
2026-8-27, 06:09:56.645000, 29609.00, 29630.00, 29514.75, 29537.75, 7250, 6275, 29572.88, 29560.83, 29572.38, 3879, 3371, 0.00, 0.00
2026-8-27, 06:56:26.304001, 29538.00, 29590.50, 29536.75, 29550.75, 7250, 6577, 29554.00, 29559.33, 29563.63, 3553, 3697, 0.00, 0.00
2026-8-27, 07:39:00.971000, 29551.25, 29565.00, 29515.50, 29554.00, 7250, 6678, 29546.44, 29544.83, 29540.25, 3457, 3793, 0.00, 0.00
2026-8-27, 08:12:11.349000, 29554.00, 29570.25, 29523.25, 29524.50, 7105, 6342, 29543.00, 29539.33, 29546.75, 3692, 3413, 0.00, 0.00
2026-8-27, 08:30:00.000000, 29524.25, 29588.75, 29502.25, 29576.00, 7250, 6837, 29547.81, 29555.67, 29545.50, 3475, 3775, 0.00, 0.00
2026-8-27, 08:31:11.939002, 29576.25, 29581.25, 29474.00, 29480.25, 7250, 6883, 29527.94, 29511.83, 29527.63, 3898, 3352, 0.00, 0.00
2026-8-27, 08:32:24.692004, 29480.25, 29520.00, 29466.75, 29467.00, 7250, 6959, 29483.50, 29484.58, 29493.38, 3614, 3636, 29461.75, 0.00
2026-8-27, 08:34:23.588000, 29467.75, 29481.50, 29443.00, 29467.75, 7250, 6832, 29465.00, 29464.08, 29462.25, 3681, 3569, 0.00, 0.00
2026-8-27, 08:36:37.803002, 29467.75, 29486.00, 29447.25, 29451.25, 7250, 6702, 29463.06, 29461.50, 29466.63, 3772, 3478, 0.00, 0.00
2026-8-27, 08:39:30.176000, 29451.75, 29545.75, 29451.75, 29502.00, 7250, 6813, 29487.81, 29499.83, 29498.75, 3477, 3773, 0.00, 0.00
2026-8-27, 08:42:04.880000, 29502.00, 29586.00, 29486.50, 29567.50, 7250, 6820, 29535.50, 29546.67, 29536.25, 3225, 4025, 0.00, 0.00
2026-8-27, 08:44:21.152000, 29568.75, 29605.00, 29553.25, 29597.25, 7250, 6655, 29581.06, 29585.17, 29579.13, 3512, 3738, 0.00, 0.00
2026-8-27, 08:46:27.233002, 29597.25, 29600.75, 29481.00, 29495.25, 7250, 6510, 29543.56, 29525.67, 29540.88, 3979, 3271, 0.00, 0.00
2026-8-27, 08:48:00.156003, 29495.25, 29508.00, 29451.75, 29506.50, 7250, 6713, 29490.38, 29488.75, 29479.88, 3679, 3571, 0.00, 0.00
2026-8-27, 08:50:13.737004, 29506.50, 29561.00, 29502.00, 29557.00, 7250, 6822, 29531.63, 29540.00, 29531.50, 3436, 3814, 0.00, 0.00
2026-8-27, 08:53:01.508013, 29557.00, 29567.25, 29490.00, 29496.25, 7250, 6885, 29527.63, 29517.83, 29528.63, 3801, 3449, 0.00, 0.00
2026-8-27, 08:56:50.028000, 29496.25, 29497.00, 29423.75, 29452.25, 7250, 6633, 29467.31, 29457.67, 29460.38, 3787, 3463, 0.00, 0.00
2026-8-27, 08:58:47.063001, 29452.50, 29524.75, 29445.75, 29512.50, 7250, 6962, 29483.88, 29494.33, 29485.25, 3387, 3863, 0.00, 0.00
2026-8-27, 09:01:38.261000, 29512.00, 29557.50, 29499.00, 29552.25, 7250, 6842, 29530.19, 29536.25, 29528.25, 3524, 3726, 0.00, 0.00
2026-8-27, 09:05:21.851000, 29551.25, 29555.75, 29502.00, 29528.50, 7250, 6955, 29534.38, 29528.75, 29528.88, 3742, 3508, 0.00, 0.00
2026-8-27, 09:09:56.062001, 29528.50, 29588.50, 29523.00, 29558.25, 7250, 6892, 29549.56, 29556.58, 29555.75, 3534, 3716, 0.00, 0.00
2026-8-27, 09:14:58.463000, 29557.75, 29594.75, 29557.50, 29593.75, 7250, 6791, 29575.94, 29582.00, 29576.13, 3534, 3716, 0.00, 0.00
2026-8-27, 09:21:01.882000, 29593.50, 29601.50, 29571.00, 29596.00, 7250, 6819, 29590.50, 29589.50, 29586.25, 3825, 3425, 0.00, 0.00
2026-8-27, 09:26:51.971001, 29596.00, 29623.50, 29563.50, 29577.00, 7250, 6337, 29590.00, 29588.00, 29593.50, 3581, 3669, 0.00, 0.00
2026-8-27, 09:30:46.682000, 29576.75, 29605.00, 29565.00, 29590.25, 7250, 6663, 29584.25, 29586.75, 29585.00, 3453, 3797, 0.00, 0.00
2026-8-27, 09:37:49.731000, 29589.50, 29590.25, 29538.00, 29545.00, 7250, 6649, 29565.69, 29557.75, 29564.13, 3838, 3412, 0.00, 0.00
2026-8-27, 09:44:31.829003, 29544.75, 29603.75, 29532.00, 29603.75, 7250, 6620, 29571.06, 29579.83, 29567.88, 3520, 3730, 0.00, 0.00
2026-8-27, 09:50:39.488000, 29603.75, 29605.25, 29552.25, 29572.50, 7250, 6645, 29583.44, 29576.67, 29578.75, 3689, 3561, 0.00, 0.00
2026-8-27, 09:57:00.980004, 29572.50, 29615.50, 29570.25, 29610.75, 7250, 6753, 29592.25, 29598.83, 29592.88, 3471, 3779, 0.00, 0.00
2026-8-27, 10:05:08.665000, 29610.75, 29631.00, 29604.75, 29630.00, 7250, 6756, 29619.13, 29621.92, 29617.88, 3555, 3695, 0.00, 0.00
2026-8-27, 10:15:00.703000, 29630.25, 29635.00, 29589.25, 29591.25, 7250, 6683, 29611.44, 29605.17, 29612.13, 3851, 3399, 0.00, 0.00
2026-8-27, 10:25:16.927005, 29591.25, 29598.25, 29566.00, 29577.00, 7250, 6722, 29583.13, 29580.42, 29582.13, 3656, 3594, 0.00, 0.00
2026-8-27, 10:34:18.205000, 29576.50, 29583.25, 29547.75, 29557.00, 7250, 6838, 29566.13, 29562.67, 29565.50, 3715, 3535, 0.00, 0.00
2026-8-27, 10:42:45.886000, 29556.50, 29559.00, 29511.50, 29517.00, 7250, 6730, 29536.00, 29529.17, 29535.25, 3745, 3505, 0.00, 0.00
2026-8-27, 10:49:13.149002, 29517.00, 29596.25, 29512.75, 29595.00, 7250, 6690, 29555.25, 29568.00, 29554.50, 3471, 3779, 0.00, 0.00
2026-8-27, 10:54:27.181006, 29595.00, 29618.00, 29592.75, 29615.75, 7250, 6774, 29605.38, 29608.83, 29605.38, 3539, 3711, 0.00, 0.00
2026-8-27, 11:02:49.231004, 29615.75, 29623.75, 29582.25, 29587.75, 7250, 6644, 29602.38, 29597.92, 29603.00, 3683, 3567, 0.00, 0.00
2026-8-27, 11:14:07.731000, 29587.50, 29603.00, 29570.00, 29594.75, 7250, 6674, 29588.81, 29589.25, 29586.50, 3521, 3729, 0.00, 0.00
2026-8-27, 11:27:56.686000, 29595.50, 29646.75, 29595.25, 29644.75, 7250, 6815, 29620.56, 29628.92, 29621.00, 3362, 3888, 0.00, 0.00
2026-8-27, 11:40:40.190000, 29645.25, 29659.50, 29637.00, 29646.00, 7250, 6621, 29646.94, 29647.50, 29648.25, 3608, 3642, 0.00, 0.00
2026-8-27, 11:51:53.170001, 29646.00, 29667.25, 29642.25, 29665.00, 7250, 6381, 29655.13, 29658.17, 29654.75, 3505, 3745, 0.00, 0.00
2026-8-27, 12:03:53.204002, 29665.25, 29676.00, 29648.00, 29665.25, 7250, 6766, 29663.63, 29663.08, 29662.00, 3453, 3797, 0.00, 0.00
2026-8-27, 12:16:23.594005, 29665.25, 29678.50, 29638.00, 29640.00, 7250, 6752, 29655.44, 29652.17, 29658.25, 3748, 3502, 0.00, 0.00
2026-8-27, 12:29:50.950001, 29640.00, 29658.50, 29631.25, 29639.50, 7250, 6515, 29642.31, 29643.08, 29644.88, 3549, 3701, 0.00, 0.00
2026-8-27, 12:43:23.418006, 29639.50, 29648.00, 29610.00, 29625.00, 7250, 6720, 29630.63, 29627.67, 29629.00, 3490, 3760, 0.00, 0.00
2026-8-27, 12:55:04.778000, 29625.50, 29627.25, 29577.00, 29579.75, 7250, 6727, 29602.38, 29594.67, 29602.13, 3701, 3549, 0.00, 0.00
2026-8-27, 13:04:29.151000, 29580.50, 29591.75, 29561.75, 29574.75, 7250, 6678, 29577.19, 29576.08, 29576.75, 3621, 3629, 0.00, 0.00
2026-8-27, 13:14:53.978000, 29575.00, 29589.75, 29553.00, 29557.25, 7250, 6580, 29568.75, 29566.67, 29571.38, 3722, 3528, 0.00, 0.00
2026-8-27, 13:25:44.260003, 29557.25, 29566.00, 29526.50, 29565.75, 7250, 6625, 29553.88, 29552.75, 29546.25, 3510, 3740, 0.00, 0.00
2026-8-27, 13:32:25.455000, 29565.50, 29581.25, 29543.00, 29572.25, 7250, 6488, 29565.50, 29565.50, 29562.13, 3431, 3819, 0.00, 0.00
2026-8-27, 13:42:20.764000, 29571.50, 29582.25, 29544.75, 29551.25, 7250, 6614, 29562.44, 29559.42, 29563.50, 3739, 3511, 0.00, 29587.25
2026-8-27, 13:55:33.882000, 29551.00, 29604.00, 29550.00, 29576.00, 7250, 6514, 29570.25, 29576.67, 29577.00, 3439, 3811, 0.00, 0.00
2026-8-27, 14:06:21.041003, 29576.00, 29610.25, 29572.25, 29594.00, 7250, 6705, 29588.13, 29592.17, 29591.25, 3664, 3586, 0.00, 0.00
2026-8-27, 14:18:21.827002, 29594.00, 29613.00, 29593.00, 29611.50, 7250, 6693, 29602.88, 29605.83, 29603.00, 3629, 3621, 0.00, 0.00
2026-8-27, 14:31:54.039000, 29612.25, 29633.50, 29612.25, 29630.75, 7250, 6770, 29622.19, 29625.50, 29622.88, 3503, 3747, 0.00, 0.00
2026-8-27, 14:45:05.132000, 29629.75, 29661.75, 29629.00, 29660.75, 7250, 6684, 29645.31, 29650.50, 29645.38, 3461, 3789, 0.00, 0.00
2026-8-27, 14:52:42.707001, 29661.00, 29686.25, 29659.00, 29682.50, 7250, 6517, 29672.19, 29675.92, 29672.63, 3315, 3935, 0.00, 0.00
2026-8-27, 14:56:34.981000, 29682.25, 29703.75, 29681.25, 29700.25, 7250, 6713, 29691.88, 29695.08, 29692.50, 3304, 3946, 0.00, 0.00
2026-8-27, 14:59:31.011000, 29700.00, 29701.75, 29686.50, 29692.25, 7250, 6429, 29695.13, 29693.50, 29694.13, 3635, 3615, 0.00, 0.00
2026-8-27, 14:59:58.084003, 29692.25, 29708.00, 29681.75, 29683.00, 7250, 6377, 29691.25, 29690.92, 29694.88, 3535, 3715, 0.00, 0.00
2026-8-27, 15:02:40.906000, 29683.50, 29691.25, 29644.75, 29645.00, 7250, 6245, 29666.13, 29660.33, 29668.00, 3674, 3576, 0.00, 0.00
2026-8-27, 15:23:47.910000, 29645.25, 29647.75, 29600.00, 29639.50, 7250, 6512, 29633.13, 29629.08, 29623.88, 3598, 3652, 0.00, 0.00
2026-8-27, 17:31:06.176000, 29639.75, 29640.75, 29592.00, 29628.25, 7250, 6679, 29625.19, 29620.33, 29616.38, 3746, 3504, 0.00, 0.00
2026-8-27, 19:09:50.364000, 29627.25, 29667.25, 29622.00, 29665.50, 7250, 6661, 29645.50, 29651.58, 29644.63, 3489, 3761, 0.00, 0.00
2026-8-27, 20:10:03.043000, 29666.00, 29703.00, 29641.75, 29694.50, 7250, 6738, 29676.31, 29679.75, 29672.38, 3505, 3745, 0.00, 0.00
2026-8-27, 21:23:58.737000, 29694.75, 29707.00, 29644.25, 29644.75, 7250, 6622, 29672.69, 29665.33, 29675.63, 3827, 3423, 0.00, 0.00
2026-8-27, 22:46:01.636000, 29644.50, 29676.50, 29611.00, 29611.75, 7250, 6800, 29635.94, 29633.08, 29643.75, 3830, 3420, 0.00, 0.00
2026-8-28, 00:36:54.308000, 29612.00, 29653.50, 29594.50, 29649.75, 7250, 6678, 29627.44, 29632.58, 29624.00, 3654, 3596, 0.00, 0.00
2026-8-28, 02:00:14.798003, 29650.00, 29650.00, 29588.50, 29589.25, 7250, 6621, 29619.44, 29609.25, 29619.25, 3940, 3310, 0.00, 0.00
2026-8-28, 03:04:23.564000, 29590.50, 29633.50, 29578.25, 29608.50, 7250, 6554, 29602.69, 29606.75, 29605.88, 3772, 3478, 0.00, 0.00
2026-8-28, 04:33:33.341000, 29609.00, 29636.50, 29593.25, 29635.25, 7250, 6753, 29618.50, 29621.67, 29614.88, 3555, 3695, 0.00, 0.00
2026-8-28, 06:26:50.258000, 29635.50, 29663.00, 29597.50, 29631.00, 7250, 6673, 29631.75, 29630.50, 29630.25, 3581, 3669, 29592.50, 0.00
2026-8-28, 07:34:48.793002, 29631.00, 29681.75, 29615.00, 29654.75, 7250, 6775, 29645.63, 29650.50, 29648.38, 3521, 3729, 0.00, 0.00
2026-8-28, 08:09:10.669000, 29654.75, 29662.75, 29622.00, 29628.00, 5507, 5189, 29641.88, 29637.58, 29642.38, 2785, 2722, 0.00, 0.00
2026-8-28, 08:30:00.000000, 29628.50, 29637.00, 29581.75, 29581.75, 7250, 6877, 29607.25, 29600.17, 29609.38, 3782, 3468, 0.00, 0.00
2026-8-28, 08:31:31.815000, 29582.25, 29593.75, 29562.75, 29577.50, 7250, 6724, 29579.06, 29578.00, 29578.25, 3796, 3454, 0.00, 0.00
2026-8-28, 08:33:45.469000, 29577.50, 29616.50, 29576.25, 29612.00, 7250, 6973, 29595.56, 29601.58, 29596.38, 3546, 3704, 29571.25, 0.00
2026-8-28, 08:36:30.158000, 29611.50, 29659.75, 29610.25, 29654.25, 7250, 6915, 29633.94, 29641.42, 29635.00, 3577, 3673, 0.00, 0.00
2026-8-28, 08:39:42.365002, 29654.25, 29701.75, 29648.75, 29693.00, 7250, 6862, 29674.44, 29681.17, 29675.25, 3429, 3821, 0.00, 0.00
2026-8-28, 08:43:16.368011, 29693.00, 29696.25, 29660.00, 29670.00, 7250, 6904, 29679.81, 29675.42, 29678.13, 3775, 3475, 0.00, 0.00
2026-8-28, 08:47:49.090000, 29672.00, 29703.25, 29644.00, 29644.25, 7250, 6836, 29665.88, 29663.83, 29673.63, 3787, 3463, 0.00, 0.00
2026-8-28, 08:51:20.088002, 29644.00, 29655.00, 29625.00, 29644.25, 7250, 6857, 29642.06, 29641.42, 29640.00, 3743, 3507, 0.00, 0.00
2026-8-28, 08:57:03.778001, 29644.00, 29706.00, 29605.00, 29682.75, 7250, 6814, 29659.44, 29664.58, 29655.50, 3768, 3482, 0.00, 0.00
2026-8-28, 09:01:01.924001, 29682.50, 29686.00, 29611.50, 29613.00, 7250, 6910, 29648.25, 29636.83, 29648.75, 3727, 3523, 0.00, 0.00
2026-8-28, 09:03:59.148000, 29612.25, 29633.25, 29570.75, 29571.50, 7250, 6846, 29596.94, 29591.83, 29602.00, 3775, 3475, 0.00, 0.00
2026-8-28, 09:06:31.020000, 29570.75, 29608.25, 29559.00, 29606.25, 7250, 6770, 29586.06, 29591.17, 29583.63, 3636, 3614, 29554.00, 0.00
2026-8-28, 09:09:01.796002, 29606.25, 29617.25, 29542.75, 29553.25, 7250, 6910, 29579.88, 29571.08, 29580.00, 3839, 3411, 0.00, 0.00
2026-8-28, 09:11:54.032007, 29553.25, 29561.50, 29505.00, 29534.00, 7250, 6864, 29538.44, 29533.50, 29533.25, 3640, 3610, 0.00, 0.00
2026-8-28, 09:14:26.835000, 29533.75, 29588.50, 29523.00, 29584.00, 7250, 6878, 29557.31, 29565.17, 29555.75, 3443, 3807, 0.00, 0.00
2026-8-28, 09:17:42.558000, 29584.00, 29636.75, 29580.25, 29620.00, 7250, 6773, 29605.25, 29612.33, 29608.50, 3318, 3932, 0.00, 0.00
2026-8-28, 09:21:01.636000, 29620.50, 29675.75, 29618.75, 29634.75, 7250, 6929, 29637.44, 29643.08, 29647.25, 3496, 3754, 0.00, 0.00
2026-8-28, 09:24:16.139000, 29635.50, 29654.00, 29606.00, 29619.75, 7250, 6911, 29628.81, 29626.58, 29630.00, 3618, 3632, 0.00, 0.00
2026-8-28, 09:27:41.383000, 29619.25, 29657.50, 29604.00, 29653.00, 7250, 6852, 29633.44, 29638.17, 29630.75, 3489, 3761, 0.00, 0.00
2026-8-28, 09:31:26.606000, 29652.25, 29688.50, 29635.50, 29686.75, 7250, 6809, 29665.75, 29670.25, 29662.00, 3512, 3738, 0.00, 0.00
2026-8-28, 09:35:22.388000, 29686.50, 29713.00, 29671.00, 29692.25, 7250, 6837, 29690.69, 29692.08, 29692.00, 3589, 3661, 0.00, 0.00
2026-8-28, 09:39:37.425000, 29692.00, 29729.75, 29674.50, 29729.75, 7250, 6644, 29706.50, 29711.33, 29702.13, 3389, 3861, 0.00, 0.00
2026-8-28, 09:44:04.419000, 29729.50, 29755.00, 29725.25, 29740.50, 7250, 6611, 29737.56, 29740.25, 29740.13, 3612, 3638, 0.00, 29760.00
2026-8-28, 09:47:45.065000, 29740.25, 29769.75, 29731.75, 29762.75, 7250, 6826, 29751.13, 29754.75, 29750.75, 3530, 3720, 0.00, 0.00
2026-8-28, 09:53:16.875001, 29762.75, 29797.50, 29761.25, 29788.75, 7250, 6201, 29777.56, 29782.50, 29779.38, 3595, 3655, 0.00, 0.00
2026-8-28, 09:57:19.932001, 29789.00, 29811.50, 29785.25, 29785.75, 7250, 6523, 29792.88, 29794.17, 29798.38, 3525, 3725, 0.00, 0.00
2026-8-28, 10:02:06.744001, 29785.75, 29806.25, 29778.50, 29787.50, 7250, 6590, 29789.50, 29790.75, 29792.38, 3718, 3532, 0.00, 0.00
2026-8-28, 10:07:20.980001, 29787.50, 29792.00, 29735.25, 29749.50, 7250, 6692, 29766.06, 29758.92, 29763.63, 3792, 3458, 0.00, 0.00
2026-8-28, 10:12:58.789000, 29749.50, 29775.00, 29743.75, 29760.25, 7250, 6897, 29757.13, 29759.67, 29759.38, 3534, 3716, 0.00, 0.00
2026-8-28, 10:20:16.705000, 29760.25, 29791.25, 29738.00, 29778.25, 7250, 6871, 29766.94, 29769.17, 29764.63, 3490, 3760, 0.00, 0.00
2026-8-28, 10:28:20.220002, 29778.25, 29785.50, 29745.50, 29751.50, 7250, 6728, 29765.19, 29760.83, 29765.50, 3780, 3470, 0.00, 0.00
2026-8-28, 10:38:25.227000, 29751.50, 29751.50, 29663.00, 29681.75, 7250, 6726, 29711.94, 29698.75, 29707.25, 3824, 3426, 0.00, 0.00
2026-8-28, 10:41:34.187001, 29681.75, 29699.50, 29662.50, 29675.50, 7250, 6875, 29679.81, 29679.17, 29681.00, 3462, 3788, 0.00, 0.00
2026-8-28, 10:46:22.413007, 29675.75, 29676.25, 29620.00, 29620.00, 7250, 6818, 29648.00, 29638.75, 29648.13, 3719, 3531, 0.00, 0.00
2026-8-28, 10:50:44.338001, 29620.00, 29631.00, 29585.50, 29594.00, 7250, 6741, 29607.63, 29603.50, 29608.25, 3669, 3581, 0.00, 0.00
2026-8-28, 10:54:07.048001, 29594.00, 29620.25, 29547.50, 29555.75, 7250, 6599, 29579.38, 29574.50, 29583.88, 3594, 3656, 0.00, 0.00
2026-8-28, 10:57:32.984000, 29555.50, 29571.75, 29532.00, 29532.00, 7250, 6811, 29547.81, 29545.25, 29551.88, 3613, 3637, 0.00, 0.00
2026-8-28, 11:01:06.608002, 29532.00, 29559.00, 29509.75, 29537.75, 7250, 6926, 29534.63, 29535.50, 29534.38, 3488, 3762, 0.00, 0.00
2026-8-28, 11:04:29.755002, 29537.75, 29591.00, 29525.00, 29590.50, 7250, 6809, 29561.06, 29568.83, 29558.00, 3323, 3927, 0.00, 0.00
2026-8-28, 11:09:24.172062, 29590.50, 29593.00, 29553.25, 29564.75, 7250, 6948, 29575.38, 29570.33, 29573.13, 3728, 3522, 0.00, 29598.00
2026-8-28, 11:15:36.721000, 29564.75, 29565.00, 29492.75, 29512.00, 7250, 6622, 29533.63, 29523.25, 29528.88, 3890, 3360, 0.00, 0.00
2026-8-28, 11:19:32.011000, 29511.25, 29523.75, 29478.00, 29480.25, 7250, 6716, 29498.31, 29494.00, 29500.88, 3640, 3610, 0.00, 0.00
2026-8-28, 11:24:05.976001, 29480.25, 29504.50, 29464.50, 29494.25, 7250, 6839, 29485.88, 29487.75, 29484.50, 3558, 3692, 0.00, 0.00
2026-8-28, 11:29:26.169001, 29494.25, 29526.00, 29475.75, 29489.50, 7250, 6601, 29496.38, 29497.08, 29500.88, 3603, 3647, 0.00, 0.00
2026-8-28, 11:35:18.097000, 29490.00, 29529.25, 29478.00, 29482.25, 7250, 6808, 29494.88, 29496.50, 29503.63, 3552, 3698, 0.00, 0.00
2026-8-28, 11:42:50.367000, 29482.25, 29545.50, 29475.00, 29527.75, 7250, 6619, 29507.63, 29516.08, 29510.25, 3290, 3960, 0.00, 0.00
2026-8-28, 11:50:34.339000, 29528.00, 29549.00, 29499.75, 29514.25, 7250, 6613, 29522.75, 29521.00, 29524.38, 3532, 3718, 0.00, 0.00
2026-8-28, 11:59:32.538000, 29514.25, 29515.25, 29446.00, 29473.50, 7250, 6429, 29487.25, 29478.25, 29480.63, 3555, 3695, 0.00, 0.00
2026-8-28, 12:03:17.501000, 29472.50, 29494.25, 29436.25, 29449.75, 7250, 6813, 29463.19, 29460.08, 29465.25, 3719, 3531, 0.00, 0.00
2026-8-28, 12:10:55.398001, 29449.75, 29489.75, 29448.75, 29466.50, 7250, 6821, 29463.69, 29468.33, 29469.25, 3430, 3820, 0.00, 0.00
2026-8-28, 12:21:02.838000, 29466.25, 29495.25, 29452.25, 29483.75, 7250, 6683, 29474.38, 29477.08, 29473.75, 3408, 3842, 0.00, 0.00
2026-8-28, 12:32:08.297001, 29484.25, 29504.50, 29461.25, 29479.75, 7250, 6823, 29482.44, 29481.83, 29482.88, 3595, 3655, 0.00, 0.00
2026-8-28, 12:45:24.628000, 29480.00, 29529.25, 29479.75, 29495.75, 7250, 6558, 29496.19, 29501.58, 29504.50, 3424, 3826, 0.00, 0.00
2026-8-28, 12:56:13.407001, 29495.50, 29521.50, 29494.25, 29510.00, 7250, 6894, 29505.31, 29508.58, 29507.88, 3614, 3636, 0.00, 0.00
2026-8-28, 13:10:44.009003, 29510.00, 29518.75, 29471.25, 29481.50, 7250, 6788, 29495.38, 29490.50, 29495.00, 3845, 3405, 0.00, 0.00
2026-8-28, 13:24:36.564000, 29482.75, 29507.00, 29473.00, 29485.25, 7250, 6837, 29487.00, 29488.42, 29490.00, 3468, 3782, 0.00, 0.00
2026-8-28, 13:39:40.010001, 29485.25, 29499.00, 29442.75, 29445.75, 7250, 6633, 29468.19, 29462.50, 29470.88, 3754, 3496, 0.00, 0.00
2026-8-28, 13:53:10.121000, 29446.00, 29475.25, 29441.00, 29469.75, 7250, 6716, 29458.00, 29462.00, 29458.13, 3517, 3733, 0.00, 0.00
2026-8-28, 14:05:28.782019, 29469.75, 29492.25, 29454.50, 29478.50, 7250, 6547, 29473.75, 29475.08, 29473.38, 3538, 3712, 0.00, 0.00
2026-8-28, 14:16:37.500007, 29478.75, 29502.00, 29464.50, 29496.75, 7250, 6910, 29485.50, 29487.75, 29483.25, 3540, 3710, 0.00, 0.00
2026-8-28, 14:30:51.532001, 29496.75, 29513.75, 29482.25, 29506.00, 7250, 6552, 29499.69, 29500.67, 29498.00, 3247, 4003, 0.00, 0.00
2026-8-28, 14:43:36.219000, 29505.75, 29521.50, 29473.50, 29506.75, 7250, 6499, 29501.88, 29500.58, 29497.50, 3565, 3685, 0.00, 0.00
2026-8-28, 14:50:26.542001, 29506.75, 29519.50, 29482.50, 29496.00, 7250, 6531, 29501.19, 29499.33, 29501.00, 3481, 3769, 0.00, 0.00
2026-8-28, 14:55:04.663003, 29496.00, 29513.75, 29483.50, 29498.50, 7250, 6420, 29497.94, 29498.58, 29498.63, 3441, 3809, 0.00, 0.00
2026-8-28, 14:59:24.066000, 29498.25, 29504.25, 29482.50, 29497.50, 7250, 6423, 29495.63, 29494.75, 29493.38, 3439, 3811, 0.00, 0.00
2026-8-28, 15:00:00.062002, 29497.50, 29507.75, 29478.25, 29489.75, 7250, 6409, 29493.31, 29491.92, 29493.00, 3486, 3764, 0.00, 29512.75
2026-8-28, 15:26:30.028000, 29490.25, 29519.25, 29485.00, 29509.50, 4430, 3802, 29501.00, 29504.58, 29502.13, 2251, 2179, 0.00, 29524.25
2026-8-30, 17:00:00.000000, 29540.00, 29546.25, 29432.50, 29450.50, 7250, 6420, 29492.31, 29476.42, 29489.38, 3903, 3347, 0.00, 0.00
2026-8-30, 17:39:22.014009, 29450.50, 29454.00, 29354.75, 29355.50, 7250, 6605, 29403.69, 29388.08, 29404.38, 3880, 3370, 0.00, 0.00
2026-8-30, 18:30:16.013001, 29355.50, 29375.50, 29289.00, 29302.00, 7250, 6564, 29330.50, 29322.17, 29332.25, 3759, 3491, 0.00, 0.00
2026-8-30, 19:00:15.681002, 29302.00, 29380.75, 29273.50, 29376.75, 7250, 6650, 29333.25, 29343.67, 29327.13, 3416, 3834, 0.00, 0.00
2026-8-30, 19:31:22.392000, 29377.00, 29398.50, 29304.75, 29324.75, 7250, 6728, 29351.25, 29342.67, 29351.63, 3667, 3583, 0.00, 0.00
2026-8-30, 20:08:56.827001, 29324.75, 29340.25, 29292.50, 29317.00, 7250, 6612, 29318.63, 29316.58, 29316.38, 3598, 3652, 0.00, 0.00
2026-8-30, 20:52:35.964003, 29317.25, 29362.75, 29288.75, 29297.50, 7250, 6536, 29316.56, 29316.33, 29325.75, 3714, 3536, 0.00, 0.00
2026-8-30, 21:38:17.349001, 29297.50, 29367.25, 29287.00, 29349.75, 7250, 6504, 29325.38, 29334.67, 29327.13, 3466, 3784, 0.00, 0.00
2026-8-30, 23:10:49.227000, 29350.00, 29477.00, 29333.75, 29462.75, 7250, 6633, 29405.88, 29424.50, 29405.38, 3436, 3814, 0.00, 0.00
2026-8-31, 00:21:59.615000, 29462.75, 29515.00, 29426.25, 29510.00, 7250, 6660, 29478.50, 29483.75, 29470.63, 3301, 3949, 0.00, 0.00
2026-8-31, 01:20:52.006004, 29510.00, 29528.50, 29493.50, 29519.75, 7250, 6579, 29512.94, 29513.92, 29511.00, 3603, 3647, 0.00, 0.00
2026-8-31, 03:01:07.454010, 29517.50, 29535.00, 29470.75, 29507.75, 7250, 6761, 29507.75, 29504.50, 29502.88, 3736, 3514, 0.00, 0.00
2026-8-31, 04:16:47.991000, 29507.25, 29509.25, 29440.50, 29449.75, 7250, 6618, 29476.69, 29466.50, 29474.88, 3922, 3328, 0.00, 0.00
2026-8-31, 06:02:32.224001, 29449.50, 29471.00, 29398.50, 29431.00, 7250, 6840, 29437.50, 29433.50, 29434.75, 3735, 3515, 0.00, 0.00
2026-8-31, 07:09:10.059001, 29431.25, 29486.00, 29393.25, 29396.00, 7250, 6719, 29426.63, 29425.08, 29439.63, 3642, 3608, 0.00, 0.00
2026-8-31, 07:42:10.248002, 29396.00, 29419.50, 29377.50, 29416.50, 7250, 6716, 29402.38, 29404.50, 29398.50, 3659, 3591, 0.00, 0.00
2026-8-31, 08:16:41.198002, 29416.50, 29445.25, 29411.00, 29438.50, 4642, 4281, 29427.81, 29431.58, 29428.13, 2213, 2429, 0.00, 0.00
2026-8-31, 08:30:00.002000, 29437.75, 29516.50, 29417.50, 29503.00, 7250, 6856, 29468.69, 29479.00, 29467.00, 3441, 3809, 0.00, 0.00
2026-8-31, 08:31:29.828000, 29502.50, 29516.75, 29431.75, 29453.00, 7250, 6839, 29476.00, 29467.17, 29474.25, 3728, 3522, 0.00, 0.00
2026-8-31, 08:33:51.572000, 29452.75, 29466.75, 29394.50, 29433.50, 7250, 6935, 29436.88, 29431.58, 29430.63, 3790, 3460, 0.00, 0.00
2026-8-31, 08:36:41.154001, 29433.75, 29438.50, 29390.25, 29398.25, 7250, 6976, 29415.19, 29409.00, 29414.38, 3652, 3598, 0.00, 0.00
2026-8-31, 08:40:03.235000, 29397.75, 29442.25, 29391.75, 29433.25, 7250, 6926, 29416.25, 29422.42, 29417.00, 3588, 3662, 0.00, 0.00
2026-8-31, 08:43:26.748000, 29433.50, 29433.75, 29387.75, 29397.25, 7250, 6951, 29413.06, 29406.25, 29410.75, 3810, 3440, 0.00, 0.00
2026-8-31, 08:47:20.658001, 29397.25, 29475.50, 29392.25, 29431.00, 7250, 6924, 29424.00, 29432.92, 29433.88, 3192, 4058, 0.00, 0.00
2026-8-31, 08:49:45.626000, 29430.25, 29464.00, 29412.75, 29455.25, 7250, 6958, 29440.56, 29444.00, 29438.38, 3601, 3649, 0.00, 0.00
2026-8-31, 08:53:38.228003, 29455.25, 29479.00, 29431.25, 29450.25, 7250, 6909, 29453.94, 29453.50, 29455.13, 3774, 3476, 0.00, 0.00
2026-8-31, 08:58:50.998001, 29450.00, 29452.00, 29396.50, 29404.25, 7250, 6793, 29425.69, 29417.58, 29424.25, 4048, 3202, 0.00, 0.00
2026-8-31, 09:04:34.778005, 29404.00, 29423.50, 29376.75, 29384.00, 7250, 6850, 29397.06, 29394.75, 29400.13, 3714, 3536, 0.00, 0.00
2026-8-31, 09:09:29.481012, 29384.00, 29405.50, 29371.00, 29384.50, 7250, 6706, 29386.25, 29387.00, 29388.25, 3648, 3602, 0.00, 0.00
2026-8-31, 09:15:52.664003, 29384.50, 29431.50, 29381.25, 29422.75, 7250, 6947, 29405.00, 29411.83, 29406.38, 3052, 4198, 0.00, 0.00
2026-8-31, 09:21:45.829000, 29422.50, 29425.25, 29355.00, 29369.75, 7250, 6816, 29393.13, 29383.33, 29390.13, 3906, 3344, 0.00, 0.00
2026-8-31, 09:27:56.101001, 29370.00, 29400.00, 29364.50, 29400.00, 7250, 6804, 29383.63, 29388.17, 29382.25, 3321, 3929, 0.00, 0.00
2026-8-31, 09:35:56.012002, 29400.00, 29434.75, 29400.00, 29431.75, 7250, 6782, 29416.63, 29422.17, 29417.38, 3353, 3897, 0.00, 0.00
2026-8-31, 09:43:37.872000, 29431.75, 29434.25, 29384.25, 29400.00, 7250, 5953, 29412.56, 29406.17, 29409.25, 4438, 2812, 0.00, 0.00
2026-8-31, 09:51:05.023000, 29401.00, 29444.25, 29385.25, 29424.25, 7250, 6586, 29413.69, 29417.92, 29414.75, 3381, 3869, 0.00, 0.00
2026-8-31, 09:59:22.982001, 29424.25, 29442.50, 29395.50, 29412.00, 7250, 6840, 29418.56, 29416.67, 29419.00, 3738, 3512, 0.00, 0.00
2026-8-31, 10:05:27.265000, 29412.50, 29436.25, 29403.00, 29422.75, 7250, 6650, 29418.63, 29420.67, 29419.63, 3451, 3799, 0.00, 0.00
2026-8-31, 10:15:08.663007, 29422.75, 29442.50, 29396.50, 29433.50, 7250, 6769, 29423.81, 29424.17, 29419.50, 3555, 3695, 0.00, 0.00
2026-8-31, 10:24:48.984008, 29433.00, 29445.75, 29386.25, 29395.00, 7250, 6739, 29415.00, 29409.00, 29416.00, 3851, 3399, 0.00, 0.00
2026-8-31, 10:33:00.515000, 29395.25, 29409.50, 29383.00, 29408.75, 7250, 6798, 29399.13, 29400.42, 29396.25, 3516, 3734, 0.00, 0.00
2026-8-31, 10:45:07.219000, 29409.25, 29432.75, 29395.25, 29403.50, 7250, 6855, 29410.19, 29410.50, 29414.00, 3780, 3470, 0.00, 0.00
2026-8-31, 10:55:56.377001, 29403.50, 29414.50, 29365.00, 29371.75, 7250, 6745, 29388.69, 29383.75, 29389.75, 3814, 3436, 0.00, 0.00
2026-8-31, 11:05:18.323000, 29372.00, 29412.75, 29362.50, 29406.75, 7250, 6812, 29388.50, 29394.00, 29387.63, 3363, 3887, 0.00, 0.00
2026-8-31, 11:15:27.055000, 29406.25, 29421.25, 29381.50, 29419.75, 7250, 6870, 29407.19, 29407.50, 29401.38, 3477, 3773, 0.00, 0.00
2026-8-31, 11:28:23.631003, 29419.75, 29426.75, 29394.25, 29405.75, 7250, 6839, 29411.63, 29408.92, 29410.50, 3707, 3543, 0.00, 0.00
2026-8-31, 11:41:01.318000, 29405.25, 29439.75, 29404.75, 29436.50, 7250, 6867, 29421.56, 29427.00, 29422.25, 3488, 3762, 0.00, 0.00
2026-8-31, 11:56:00.811000, 29436.50, 29443.25, 29415.25, 29426.25, 7250, 6893, 29430.31, 29428.25, 29429.25, 3683, 3567, 0.00, 0.00
2026-8-31, 12:15:53.204000, 29425.75, 29434.00, 29389.25, 29401.00, 7250, 6849, 29412.50, 29408.08, 29411.63, 3740, 3510, 0.00, 0.00
2026-8-31, 12:33:16.368000, 29401.25, 29443.75, 29388.00, 29436.50, 7250, 6882, 29417.38, 29422.75, 29415.88, 3423, 3827, 0.00, 0.00
2026-8-31, 12:47:01.367001, 29436.25, 29457.50, 29422.25, 29430.50, 7250, 6871, 29436.63, 29436.75, 29439.88, 3590, 3660, 0.00, 0.00
2026-8-31, 13:00:40.916006, 29430.25, 29461.25, 29426.50, 29461.25, 7250, 6936, 29444.81, 29449.67, 29443.88, 3596, 3654, 0.00, 0.00
2026-8-31, 13:20:36.295034, 29461.50, 29464.25, 29409.75, 29412.75, 7250, 6926, 29437.06, 29428.92, 29437.00, 3878, 3372, 0.00, 0.00
2026-8-31, 13:36:06.131000, 29413.00, 29415.75, 29382.50, 29392.50, 7250, 6943, 29400.94, 29396.92, 29399.13, 3507, 3743, 0.00, 0.00
2026-8-31, 13:48:12.745000, 29392.25, 29425.50, 29390.50, 29415.25, 7250, 6743, 29405.88, 29410.42, 29408.00, 3524, 3726, 0.00, 0.00
2026-8-31, 14:03:25.846001, 29415.25, 29431.25, 29403.50, 29431.00, 7250, 6674, 29420.25, 29421.92, 29417.38, 3538, 3712, 0.00, 0.00
2026-8-31, 14:22:57.767002, 29430.75, 29453.50, 29427.75, 29447.50, 7250, 6822, 29439.88, 29442.92, 29440.63, 3463, 3787, 0.00, 0.00
2026-8-31, 14:35:54.039000, 29447.50, 29483.25, 29445.25, 29480.25, 7250, 6667, 29464.06, 29469.58, 29464.25, 3483, 3767, 0.00, 0.00
2026-8-31, 14:45:53.270000, 29480.00, 29528.25, 29458.50, 29517.25, 7250, 6172, 29496.00, 29501.33, 29493.38, 3776, 3474, 0.00, 0.00
2026-8-31, 14:50:32.810001, 29517.25, 29534.50, 29501.75, 29525.25, 7250, 6620, 29519.69, 29520.50, 29518.13, 3510, 3740, 0.00, 0.00
2026-8-31, 14:54:55.050002, 29525.25, 29526.00, 29502.25, 29517.00, 7250, 6724, 29517.63, 29515.08, 29514.13, 3500, 3750, 0.00, 0.00
2026-8-31, 14:59:08.677000, 29517.00, 29538.25, 29504.50, 29515.25, 7250, 6527, 29518.75, 29519.33, 29521.38, 3709, 3541, 0.00, 0.00
2026-8-31, 14:59:52.026000, 29515.50, 29525.75, 29498.00, 29514.50, 7250, 6291, 29513.44, 29512.75, 29511.88, 3729, 3521, 0.00, 0.00
2026-8-31, 15:00:27.154039, 29514.50, 29527.50, 29507.00, 29516.50, 7250, 6413, 29516.38, 29517.00, 29517.25, 3695, 3555, 0.00, 0.00
2026-8-31, 15:36:18.053001, 29516.50, 29522.50, 29486.00, 29518.75, 7250, 6727, 29510.94, 29509.08, 29504.25, 3470, 3780, 0.00, 0.00
2026-8-31, 18:46:19.759005, 29518.75, 29521.75, 29478.25, 29504.75, 7250, 6825, 29505.88, 29501.58, 29500.00, 3646, 3604, 0.00, 0.00
2026-8-31, 19:45:22.188001, 29504.50, 29516.25, 29475.00, 29496.25, 7250, 6618, 29498.00, 29495.83, 29495.63, 3552, 3698, 0.00, 0.00
2026-8-31, 20:58:04.227001, 29496.50, 29505.00, 29434.75, 29478.50, 7250, 6660, 29478.69, 29472.75, 29469.88, 3733, 3517, 0.00, 0.00
2026-8-31, 22:01:48.362001, 29478.50, 29503.00, 29459.25, 29469.75, 7250, 6445, 29477.63, 29477.33, 29481.13, 3565, 3685, 0.00, 0.00
2026-8-31, 23:58:42.291001, 29469.75, 29543.50, 29447.25, 29541.75, 7250, 6321, 29500.56, 29510.83, 29495.38, 3106, 4144, 0.00, 0.00
2026-9-1, 00:54:52.578000, 29542.25, 29571.25, 29513.75, 29519.00, 7250, 6617, 29536.56, 29534.67, 29542.50, 3546, 3704, 0.00, 0.00
2026-9-1, 01:59:49.455000, 29518.00, 29556.75, 29452.75, 29455.25, 7250, 6481, 29495.69, 29488.25, 29504.75, 3848, 3402, 0.00, 0.00
2026-9-1, 02:45:23.121000, 29455.25, 29478.75, 29342.50, 29354.00, 7250, 6477, 29407.63, 29391.75, 29410.63, 3935, 3315, 0.00, 0.00
2026-9-1, 03:07:28.584000, 29353.00, 29361.25, 29282.50, 29286.25, 7250, 6706, 29320.75, 29310.00, 29321.88, 3534, 3716, 29277.50, 0.00
2026-9-1, 03:28:47.771003, 29286.75, 29312.00, 29232.00, 29232.00, 7250, 6321, 29265.69, 29258.67, 29272.00, 3837, 3413, 0.00, 0.00
2026-9-1, 03:59:42.371021, 29232.00, 29243.25, 29185.50, 29190.00, 7250, 6385, 29212.69, 29206.25, 29214.38, 3616, 3634, 0.00, 0.00
2026-9-1, 04:38:16.470000, 29190.50, 29257.75, 29184.25, 29235.50, 7250, 6554, 29217.00, 29225.83, 29221.00, 3637, 3613, 0.00, 0.00
2026-9-1, 05:43:02.973002, 29235.50, 29243.00, 29178.00, 29199.00, 7250, 6652, 29213.88, 29206.67, 29210.50, 3829, 3421, 0.00, 0.00
2026-9-1, 06:26:00.320001, 29198.75, 29238.00, 29157.50, 29174.00, 7250, 6636, 29192.06, 29189.83, 29197.75, 3619, 3631, 0.00, 0.00
2026-9-1, 07:04:55.838002, 29173.50, 29176.25, 29137.50, 29151.00, 7250, 6549, 29159.56, 29154.92, 29156.88, 3646, 3604, 0.00, 0.00
2026-9-1, 07:31:55.573000, 29151.50, 29154.75, 29123.25, 29131.00, 7250, 6447, 29140.13, 29136.33, 29139.00, 3586, 3664, 0.00, 0.00
2026-9-1, 07:55:15.593000, 29130.00, 29134.50, 29087.00, 29101.50, 7250, 6519, 29113.25, 29107.67, 29110.75, 3844, 3406, 0.00, 0.00
2026-9-1, 08:10:48.101000, 29101.75, 29117.75, 29084.25, 29111.75, 7250, 6565, 29103.88, 29104.58, 29101.00, 3605, 3645, 0.00, 0.00
2026-9-1, 08:28:09.122000, 29111.50, 29122.75, 29110.75, 29112.00, 1540, 1281, 29114.25, 29115.17, 29116.75, 779, 761, 0.00, 0.00
2026-9-1, 08:30:00.000000, 29111.75, 29124.75, 29082.75, 29099.25, 7250, 6823, 29104.63, 29102.25, 29103.75, 3768, 3482, 0.00, 0.00
2026-9-1, 08:31:15.624001, 29099.25, 29108.50, 29062.75, 29105.25, 7250, 6883, 29093.94, 29092.17, 29085.63, 3624, 3626, 29057.75, 0.00
2026-9-1, 08:33:16.493001, 29105.25, 29140.50, 29085.00, 29133.25, 7250, 6764, 29116.00, 29119.58, 29112.75, 3507, 3743, 29080.00, 0.00
2026-9-1, 08:35:34.481000, 29133.75, 29136.00, 29076.25, 29079.25, 7250, 6872, 29106.31, 29097.17, 29106.13, 3916, 3334, 0.00, 0.00
2026-9-1, 08:38:31.102005, 29079.25, 29087.25, 29051.50, 29051.50, 7250, 6721, 29067.38, 29063.42, 29069.38, 3860, 3390, 0.00, 0.00
2026-9-1, 08:41:07.687040, 29051.25, 29088.00, 29040.25, 29080.75, 7250, 6712, 29065.06, 29069.67, 29064.13, 3509, 3741, 29035.25, 0.00
2026-9-1, 08:44:19.365000, 29082.00, 29127.25, 29074.75, 29124.50, 7250, 6827, 29102.13, 29108.83, 29101.00, 3511, 3739, 0.00, 0.00
2026-9-1, 08:47:27.757000, 29124.00, 29158.00, 29110.75, 29139.50, 7250, 6892, 29133.06, 29136.08, 29134.38, 3439, 3811, 0.00, 0.00
2026-9-1, 08:50:52.496000, 29140.00, 29148.00, 29106.00, 29114.25, 7250, 6908, 29127.06, 29122.75, 29127.00, 3762, 3488, 0.00, 0.00
2026-9-1, 08:56:07.517001, 29114.50, 29132.75, 29091.25, 29123.00, 7250, 6742, 29115.38, 29115.67, 29112.00, 3819, 3431, 0.00, 0.00
2026-9-1, 09:01:08.769001, 29122.50, 29138.25, 29085.25, 29121.25, 7250, 6873, 29116.81, 29114.92, 29111.75, 3643, 3607, 0.00, 0.00
2026-9-1, 09:05:41.876001, 29121.50, 29161.75, 29116.50, 29149.75, 7250, 6849, 29137.38, 29142.67, 29139.13, 3435, 3815, 0.00, 0.00
2026-9-1, 09:11:09.182004, 29149.75, 29171.75, 29116.00, 29156.50, 7250, 6962, 29148.50, 29148.08, 29143.88, 3542, 3708, 0.00, 0.00
2026-9-1, 09:15:43.181000, 29157.00, 29174.25, 29135.50, 29156.00, 7250, 6842, 29155.69, 29155.25, 29154.88, 3578, 3672, 0.00, 0.00
2026-9-1, 09:22:10.035000, 29156.25, 29179.50, 29152.50, 29157.75, 7250, 6780, 29161.50, 29163.25, 29166.00, 3522, 3728, 0.00, 0.00
2026-9-1, 09:29:28.221000, 29157.75, 29213.25, 29155.75, 29209.75, 7250, 6629, 29184.13, 29192.92, 29184.50, 3270, 3980, 0.00, 0.00
2026-9-1, 09:35:03.142000, 29209.75, 29223.50, 29196.50, 29213.25, 7250, 6728, 29210.75, 29211.08, 29210.00, 3653, 3597, 0.00, 0.00
2026-9-1, 09:42:03.210000, 29212.50, 29261.25, 29209.50, 29261.25, 7250, 6624, 29236.13, 29244.00, 29235.38, 3196, 4054, 0.00, 0.00
2026-9-1, 09:48:23.919007, 29261.25, 29268.00, 29220.25, 29234.00, 7250, 6636, 29245.88, 29240.75, 29244.13, 3924, 3326, 0.00, 0.00
2026-9-1, 09:53:29.491001, 29234.00, 29241.00, 29207.00, 29240.75, 7250, 6795, 29230.69, 29229.58, 29224.00, 3361, 3889, 0.00, 0.00
2026-9-1, 10:00:21.334000, 29240.50, 29241.50, 29187.75, 29187.75, 7250, 6756, 29214.38, 29205.67, 29214.63, 3880, 3370, 0.00, 0.00
2026-9-1, 10:07:57.813028, 29187.75, 29200.00, 29178.25, 29187.00, 7250, 6809, 29188.25, 29188.42, 29189.13, 3520, 3730, 0.00, 0.00
2026-9-1, 10:17:00.326000, 29187.50, 29221.50, 29182.75, 29216.50, 7250, 6796, 29202.06, 29206.92, 29202.13, 3383, 3867, 0.00, 0.00
2026-9-1, 10:27:48.163002, 29216.50, 29245.25, 29207.75, 29236.75, 7250, 6627, 29226.56, 29229.92, 29226.50, 3455, 3795, 0.00, 0.00
2026-9-1, 10:36:34.022002, 29236.75, 29282.75, 29236.50, 29269.25, 7250, 6508, 29256.31, 29262.83, 29259.63, 3353, 3897, 0.00, 0.00
2026-9-1, 10:43:15.000000, 29270.00, 29313.75, 29268.00, 29308.25, 7250, 6286, 29290.00, 29296.67, 29290.88, 3176, 4074, 0.00, 0.00
2026-9-1, 10:49:01.548000, 29308.00, 29317.75, 29291.50, 29291.75, 7250, 6713, 29302.25, 29300.33, 29304.63, 3753, 3497, 0.00, 29322.75
2026-9-1, 10:58:04.445000, 29291.75, 29303.75, 29258.00, 29267.00, 7250, 6568, 29280.13, 29276.25, 29280.88, 3935, 3315, 0.00, 0.00
2026-9-1, 11:07:14.719000, 29266.50, 29273.00, 29224.00, 29233.00, 7250, 6540, 29249.13, 29243.33, 29248.50, 3746, 3504, 0.00, 0.00
2026-9-1, 11:15:56.235001, 29233.50, 29234.50, 29174.00, 29175.50, 7250, 6527, 29204.38, 29194.67, 29204.25, 3822, 3428, 0.00, 0.00
2026-9-1, 11:21:23.085000, 29175.75, 29209.75, 29170.50, 29176.25, 7250, 6689, 29183.06, 29185.50, 29190.13, 3597, 3653, 0.00, 0.00
2026-9-1, 11:26:58.076002, 29175.75, 29184.50, 29140.50, 29150.00, 7250, 6612, 29162.69, 29158.33, 29162.50, 3665, 3585, 0.00, 0.00
2026-9-1, 11:31:26.112000, 29149.50, 29158.50, 29131.25, 29151.00, 7250, 6599, 29147.56, 29146.92, 29144.88, 3478, 3772, 0.00, 0.00
2026-9-1, 11:38:32.628006, 29151.00, 29168.75, 29133.00, 29146.50, 7250, 6668, 29149.81, 29149.42, 29150.88, 3472, 3778, 0.00, 0.00
2026-9-1, 11:47:08.071000, 29145.50, 29197.25, 29142.75, 29193.25, 7250, 6672, 29169.69, 29177.75, 29170.00, 3407, 3843, 0.00, 0.00
2026-9-1, 11:58:31.009000, 29193.00, 29196.50, 29138.75, 29149.00, 7250, 6806, 29169.31, 29161.42, 29167.63, 3670, 3580, 0.00, 0.00
2026-9-1, 12:09:57.008000, 29149.25, 29165.50, 29133.75, 29144.25, 7250, 6608, 29148.19, 29147.83, 29149.63, 3631, 3619, 0.00, 0.00
2026-9-1, 12:22:11.897001, 29144.25, 29158.25, 29100.50, 29158.25, 7250, 6682, 29140.31, 29139.00, 29129.38, 3799, 3451, 0.00, 0.00
2026-9-1, 12:30:49.462002, 29158.50, 29161.75, 29125.50, 29134.75, 7250, 6807, 29145.13, 29140.67, 29143.63, 3564, 3686, 0.00, 0.00
2026-9-1, 12:47:40.868003, 29134.75, 29151.50, 29117.75, 29139.25, 7250, 6620, 29135.81, 29136.17, 29134.63, 3346, 3904, 0.00, 0.00
2026-9-1, 13:01:45.446002, 29139.50, 29143.00, 29093.00, 29096.75, 7250, 6568, 29118.06, 29110.92, 29118.00, 3713, 3537, 0.00, 29148.00
2026-9-1, 13:15:34.516000, 29096.75, 29118.50, 29086.50, 29088.00, 7250, 6725, 29097.44, 29097.67, 29102.50, 3487, 3763, 0.00, 0.00
2026-9-1, 13:28:10.089000, 29087.75, 29097.25, 29060.25, 29065.25, 7250, 6744, 29077.63, 29074.25, 29078.75, 3545, 3705, 0.00, 0.00
2026-9-1, 13:38:37.662002, 29065.25, 29065.75, 29013.25, 29015.50, 7250, 6659, 29039.94, 29031.50, 29039.50, 3824, 3426, 0.00, 0.00
2026-9-1, 13:45:10.921001, 29015.50, 29046.25, 29002.00, 29039.50, 7250, 6425, 29025.81, 29029.25, 29024.13, 3379, 3871, 0.00, 0.00
2026-9-1, 13:50:34.891002, 29039.25, 29081.25, 29033.25, 29074.50, 7250, 6717, 29057.06, 29063.00, 29057.25, 3523, 3727, 0.00, 0.00
2026-9-1, 14:00:01.185000, 29074.75, 29110.75, 29070.50, 29103.25, 7250, 6843, 29089.81, 29094.83, 29090.63, 3399, 3851, 0.00, 0.00
2026-9-1, 14:10:20.413000, 29103.25, 29125.50, 29098.75, 29108.50, 7250, 6808, 29109.00, 29110.92, 29112.13, 3614, 3636, 0.00, 0.00
2026-9-1, 14:21:25.676002, 29108.50, 29129.25, 29093.00, 29098.75, 7250, 6733, 29107.38, 29107.00, 29111.13, 3537, 3713, 0.00, 0.00
2026-9-1, 14:32:59.424000, 29098.25, 29130.75, 29097.75, 29127.00, 7250, 6895, 29113.44, 29118.50, 29114.25, 3323, 3927, 0.00, 0.00
2026-9-1, 14:45:36.342000, 29126.50, 29141.00, 29111.25, 29112.50, 7250, 6835, 29122.81, 29121.58, 29126.13, 3633, 3617, 0.00, 0.00
2026-9-1, 14:52:50.024002, 29112.50, 29124.25, 29086.00, 29105.75, 7250, 6754, 29107.13, 29105.33, 29105.13, 3590, 3660, 0.00, 0.00
2026-9-1, 14:56:57.081000, 29105.25, 29130.50, 29096.50, 29130.50, 7250, 6284, 29115.69, 29119.17, 29113.50, 3100, 4150, 0.00, 0.00
2026-9-1, 14:59:38.920001, 29130.50, 29139.75, 29119.50, 29139.00, 7250, 6295, 29132.19, 29132.75, 29129.63, 3458, 3792, 0.00, 0.00
2026-9-1, 15:00:02.336001, 29139.00, 29158.00, 29113.50, 29123.50, 7250, 6426, 29133.50, 29131.67, 29135.75, 3559, 3691, 0.00, 29163.00
2026-9-1, 15:06:35.238001, 29123.75, 29159.00, 29120.25, 29141.25, 7250, 6266, 29136.06, 29140.17, 29139.63, 3459, 3791, 0.00, 0.00
2026-9-1, 15:49:21.816000, 29141.00, 29149.00, 29102.25, 29140.50, 7250, 6662, 29133.19, 29130.58, 29125.63, 3473, 3777, 0.00, 0.00
2026-9-1, 18:49:56.719000, 29140.50, 29170.00, 29106.00, 29128.00, 7250, 6918, 29136.13, 29134.67, 29138.00, 3606, 3644, 0.00, 0.00
2026-9-1, 19:41:28.682001, 29128.00, 29145.00, 29086.75, 29107.00, 7250, 6624, 29116.69, 29112.92, 29115.88, 3612, 3638, 0.00, 0.00
2026-9-1, 20:36:42.382000, 29106.25, 29108.25, 29044.50, 29085.00, 7250, 6500, 29086.00, 29079.25, 29076.38, 3689, 3561, 0.00, 0.00
2026-9-1, 21:22:37.531000, 29084.75, 29098.00, 29042.25, 29053.75, 7250, 6802, 29069.69, 29064.67, 29070.13, 3702, 3548, 0.00, 0.00
2026-9-1, 23:09:03.338000, 29053.00, 29104.25, 29035.50, 29080.75, 7250, 6687, 29068.38, 29073.50, 29069.88, 3599, 3651, 0.00, 0.00
2026-9-2, 00:52:32.000000, 29080.25, 29098.25, 29016.50, 29054.25, 7250, 6762, 29062.31, 29056.33, 29057.38, 3784, 3466, 0.00, 0.00
2026-9-2, 01:54:52.597001, 29054.00, 29120.75, 29050.00, 29065.00, 7250, 6804, 29072.44, 29078.58, 29085.38, 3608, 3642, 0.00, 0.00
2026-9-2, 03:00:39.800001, 29065.00, 29097.25, 28954.50, 28972.00, 7250, 6663, 29022.19, 29007.92, 29025.88, 3916, 3334, 0.00, 0.00
2026-9-2, 03:56:03.108000, 28971.75, 29027.50, 28940.50, 28956.50, 7250, 6697, 28974.06, 28974.83, 28984.00, 3685, 3565, 0.00, 0.00
2026-9-2, 04:42:11.197000, 28956.75, 28996.00, 28946.00, 28966.25, 7250, 6674, 28966.25, 28969.42, 28971.00, 3592, 3658, 0.00, 0.00
2026-9-2, 06:00:20.315001, 28966.25, 29025.00, 28927.25, 29013.25, 7250, 6536, 28982.94, 28988.50, 28976.13, 3543, 3707, 0.00, 0.00
2026-9-2, 06:23:54.506007, 29013.25, 29084.50, 29011.50, 29081.00, 7250, 6567, 29047.56, 29059.00, 29048.00, 3448, 3802, 0.00, 0.00
2026-9-2, 07:04:19.832000, 29081.00, 29149.50, 29081.00, 29121.75, 7250, 6388, 29108.31, 29117.42, 29115.25, 3344, 3906, 0.00, 0.00
2026-9-2, 07:24:25.081000, 29121.75, 29135.75, 29034.50, 29041.50, 7250, 6519, 29083.38, 29070.58, 29085.13, 3816, 3434, 0.00, 0.00
2026-9-2, 07:56:40.929003, 29041.50, 29092.50, 29032.75, 29089.75, 7250, 6774, 29064.13, 29071.67, 29062.63, 3437, 3813, 0.00, 0.00
2026-9-2, 08:26:40.119000, 29089.25, 29115.25, 29084.75, 29098.50, 2624, 2367, 29096.94, 29099.50, 29100.00, 1136, 1488, 0.00, 0.00
2026-9-2, 08:30:00.000000, 29098.75, 29102.75, 29042.75, 29064.50, 7250, 7044, 29077.19, 29070.00, 29072.75, 3764, 3486, 0.00, 0.00
2026-9-2, 08:31:29.479007, 29064.50, 29087.25, 29044.50, 29084.75, 7250, 6984, 29070.25, 29072.17, 29065.88, 3557, 3693, 0.00, 0.00
2026-9-2, 08:34:22.783004, 29084.75, 29090.50, 29036.50, 29044.25, 7250, 6939, 29064.00, 29057.08, 29063.50, 3770, 3480, 0.00, 0.00
2026-9-2, 08:37:43.361002, 29044.25, 29110.25, 29039.50, 29105.25, 7250, 6900, 29074.81, 29085.00, 29074.88, 3250, 4000, 0.00, 0.00
2026-9-2, 08:41:28.958000, 29104.75, 29119.00, 29069.75, 29075.50, 7250, 6863, 29092.25, 29088.08, 29094.38, 3824, 3426, 0.00, 0.00
2026-9-2, 08:45:56.608000, 29075.75, 29086.00, 29041.75, 29063.00, 7250, 6735, 29066.63, 29063.58, 29063.88, 3694, 3556, 0.00, 0.00
2026-9-2, 08:50:25.406000, 29064.00, 29072.50, 29025.25, 29030.00, 7250, 6857, 29047.94, 29042.58, 29048.88, 3737, 3513, 0.00, 0.00
2026-9-2, 08:54:59.349002, 29030.00, 29053.75, 29017.25, 29053.75, 7250, 6857, 29038.69, 29041.58, 29035.50, 3726, 3524, 0.00, 0.00
2026-9-2, 08:59:27.669007, 29053.75, 29067.75, 29032.25, 29057.50, 7250, 6903, 29052.81, 29052.50, 29050.00, 3614, 3636, 0.00, 0.00
2026-9-2, 09:03:41.330000, 29057.25, 29109.75, 29051.50, 29094.00, 7250, 6798, 29078.13, 29085.08, 29080.63, 3466, 3784, 0.00, 0.00
2026-9-2, 09:08:50.768000, 29094.50, 29125.00, 29088.00, 29108.25, 7250, 6892, 29103.94, 29107.08, 29106.50, 3413, 3837, 0.00, 0.00
2026-9-2, 09:13:55.138000, 29108.50, 29149.25, 29107.50, 29147.75, 7250, 6870, 29128.25, 29134.83, 29128.38, 3306, 3944, 0.00, 0.00
2026-9-2, 09:18:14.696000, 29147.50, 29181.50, 29140.25, 29180.00, 7250, 6617, 29162.31, 29167.25, 29160.88, 3435, 3815, 0.00, 0.00
2026-9-2, 09:22:34.214000, 29180.00, 29189.00, 29160.25, 29180.50, 7250, 6634, 29177.44, 29176.58, 29174.63, 3625, 3625, 0.00, 0.00
2026-9-2, 09:28:23.254000, 29180.25, 29204.50, 29172.25, 29203.50, 7250, 6760, 29190.13, 29193.42, 29188.38, 3446, 3804, 0.00, 0.00
2026-9-2, 09:34:27.884007, 29203.50, 29213.00, 29168.50, 29191.50, 7250, 6721, 29194.13, 29191.00, 29190.75, 3745, 3505, 0.00, 0.00
2026-9-2, 09:40:47.608001, 29191.25, 29203.00, 29157.25, 29158.25, 7250, 6584, 29177.44, 29172.83, 29180.13, 3694, 3556, 0.00, 0.00
2026-9-2, 09:49:07.837001, 29158.25, 29161.75, 29121.75, 29135.75, 7250, 6826, 29144.38, 29139.75, 29141.75, 4015, 3235, 0.00, 0.00
2026-9-2, 09:55:20.286002, 29135.75, 29140.75, 29106.25, 29120.50, 7250, 6837, 29125.81, 29122.50, 29123.50, 3685, 3565, 0.00, 0.00
2026-9-2, 10:02:53.151002, 29120.50, 29153.50, 29118.50, 29145.25, 7250, 6826, 29134.44, 29139.08, 29136.00, 3371, 3879, 0.00, 0.00
2026-9-2, 10:09:31.385000, 29146.00, 29173.25, 29140.00, 29171.50, 7250, 6818, 29157.69, 29161.58, 29156.63, 3392, 3858, 0.00, 0.00
2026-9-2, 10:17:13.534000, 29171.00, 29199.75, 29167.25, 29199.25, 7250, 6821, 29184.31, 29188.75, 29183.50, 3542, 3708, 0.00, 0.00
2026-9-2, 10:28:02.128000, 29199.50, 29208.50, 29179.50, 29196.25, 7250, 6679, 29195.94, 29194.75, 29194.00, 3743, 3507, 0.00, 0.00
2026-9-2, 10:36:17.670001, 29196.25, 29202.50, 29156.00, 29156.00, 7250, 6742, 29177.69, 29171.50, 29179.25, 3873, 3377, 0.00, 0.00
2026-9-2, 10:46:27.304000, 29156.50, 29168.00, 29136.00, 29147.75, 7250, 6866, 29152.06, 29150.58, 29152.00, 3620, 3630, 0.00, 0.00
2026-9-2, 10:57:15.339001, 29147.75, 29198.50, 29145.75, 29188.25, 7250, 6757, 29170.06, 29177.50, 29172.13, 3444, 3806, 0.00, 0.00
2026-9-2, 11:09:49.585000, 29188.25, 29195.00, 29156.50, 29156.50, 7250, 6832, 29174.06, 29169.33, 29175.75, 3809, 3441, 0.00, 0.00
2026-9-2, 11:26:45.809008, 29156.50, 29175.25, 29142.25, 29150.00, 7250, 6887, 29156.00, 29155.83, 29158.75, 3617, 3633, 0.00, 0.00
2026-9-2, 11:41:47.727009, 29150.00, 29168.25, 29137.00, 29154.75, 7250, 6899, 29152.50, 29153.33, 29152.63, 3523, 3727, 0.00, 0.00
2026-9-2, 11:59:25.271001, 29154.75, 29182.50, 29127.00, 29139.00, 7250, 6830, 29150.81, 29149.50, 29154.75, 3601, 3649, 0.00, 0.00
2026-9-2, 12:12:43.487000, 29139.00, 29154.50, 29125.25, 29149.25, 7250, 6810, 29142.00, 29143.00, 29139.88, 3484, 3766, 0.00, 0.00
2026-9-2, 12:28:32.020000, 29149.50, 29158.75, 29127.50, 29156.75, 7250, 6819, 29148.13, 29147.67, 29143.13, 3484, 3766, 0.00, 0.00
2026-9-2, 12:44:22.301001, 29156.50, 29173.75, 29142.50, 29159.50, 7250, 6955, 29158.06, 29158.58, 29158.13, 3643, 3607, 0.00, 29178.75
2026-9-2, 12:58:32.725002, 29159.75, 29166.75, 29135.75, 29150.00, 7250, 6944, 29153.06, 29150.83, 29151.25, 3738, 3512, 0.00, 0.00
2026-9-2, 13:13:53.956000, 29150.00, 29199.75, 29143.25, 29168.75, 7250, 6964, 29165.44, 29170.58, 29171.50, 3555, 3695, 0.00, 0.00
2026-9-2, 13:22:58.364000, 29168.75, 29175.00, 29138.75, 29140.00, 7250, 6965, 29155.63, 29151.25, 29156.88, 3782, 3468, 0.00, 0.00
2026-9-2, 13:40:23.839000, 29139.75, 29154.25, 29130.25, 29141.75, 7250, 6944, 29141.50, 29142.08, 29142.25, 3612, 3638, 0.00, 0.00
2026-9-2, 13:58:02.018000, 29141.50, 29172.00, 29138.00, 29159.00, 7250, 6827, 29152.63, 29156.33, 29155.00, 3556, 3694, 0.00, 0.00
2026-9-2, 14:16:49.481003, 29159.00, 29175.00, 29150.00, 29171.75, 7250, 6915, 29163.94, 29165.58, 29162.50, 3414, 3836, 0.00, 0.00
2026-9-2, 14:35:00.513009, 29171.75, 29187.50, 29155.25, 29185.00, 7250, 6752, 29174.88, 29175.92, 29171.38, 3473, 3777, 0.00, 0.00
2026-9-2, 14:50:00.062012, 29185.00, 29197.25, 29170.50, 29185.25, 7250, 6924, 29184.50, 29184.33, 29183.88, 3259, 3991, 0.00, 0.00
2026-9-2, 14:57:39.522000, 29185.25, 29194.00, 29178.50, 29188.75, 7250, 6448, 29186.63, 29187.08, 29186.25, 3587, 3663, 0.00, 0.00
2026-9-2, 14:59:59.725000, 29189.00, 29212.00, 29147.50, 29153.00, 7250, 6523, 29175.38, 29170.83, 29179.75, 3871, 3379, 0.00, 0.00
2026-9-2, 15:15:14.590001, 29153.00, 29183.75, 29139.25, 29151.00, 7250, 6784, 29156.75, 29158.00, 29161.50, 3573, 3677, 0.00, 0.00
2026-9-2, 17:02:16.612003, 29151.00, 29213.00, 29148.00, 29205.25, 7250, 6678, 29179.31, 29188.75, 29180.50, 3458, 3792, 0.00, 0.00
2026-9-2, 18:48:39.756000, 29205.75, 29211.75, 29141.00, 29181.75, 7250, 6685, 29185.06, 29178.17, 29176.38, 3746, 3504, 0.00, 0.00
2026-9-2, 20:05:46.356001, 29181.75, 29200.75, 29132.75, 29142.25, 7250, 6679, 29164.38, 29158.58, 29166.75, 3721, 3529, 0.00, 0.00
2026-9-2, 21:02:44.052000, 29141.50, 29234.00, 29141.50, 29225.75, 7250, 6609, 29185.69, 29200.42, 29187.75, 3264, 3986, 0.00, 0.00
2026-9-2, 22:19:36.820002, 29225.50, 29255.00, 29185.00, 29185.50, 7250, 6672, 29212.75, 29208.50, 29220.00, 3739, 3511, 0.00, 0.00
2026-9-3, 00:03:16.574001, 29185.50, 29187.00, 29075.00, 29089.25, 7250, 6261, 29134.19, 29117.08, 29131.00, 4100, 3150, 0.00, 0.00
2026-9-3, 00:27:27.799000, 29088.50, 29197.00, 29076.25, 29180.25, 7250, 6571, 29135.50, 29151.17, 29136.63, 3409, 3841, 0.00, 0.00
2026-9-3, 01:01:46.773000, 29179.75, 29233.00, 29159.50, 29230.00, 7250, 6720, 29200.56, 29207.50, 29196.25, 3649, 3601, 0.00, 0.00
2026-9-3, 02:05:55.723001, 29230.00, 29252.00, 29178.50, 29241.25, 7250, 6806, 29225.44, 29223.92, 29215.25, 3602, 3648, 0.00, 0.00
2026-9-3, 03:01:42.505001, 29241.25, 29292.75, 29213.25, 29245.00, 7250, 6933, 29248.06, 29250.33, 29253.00, 3799, 3451, 0.00, 0.00
2026-9-3, 03:25:30.275001, 29245.00, 29264.00, 29168.25, 29168.25, 7250, 6879, 29211.38, 29200.17, 29216.13, 3826, 3424, 0.00, 0.00
2026-9-3, 04:45:41.228003, 29168.00, 29175.00, 29105.50, 29125.50, 7250, 6891, 29143.50, 29135.33, 29140.25, 3568, 3682, 0.00, 0.00
2026-9-3, 05:42:15.521002, 29125.25, 29186.75, 29106.25, 29152.50, 7250, 6792, 29142.69, 29148.50, 29146.50, 3508, 3742, 0.00, 0.00
2026-9-3, 06:32:07.464001, 29152.75, 29171.50, 29101.00, 29122.25, 7250, 6651, 29136.88, 29131.58, 29136.25, 3484, 3766, 0.00, 0.00
2026-9-3, 07:17:39.111000, 29122.75, 29244.00, 29105.75, 29210.00, 7250, 6598, 29170.63, 29186.58, 29174.88, 3420, 3830, 0.00, 0.00
2026-9-3, 07:34:37.611006, 29210.00, 29245.75, 29179.00, 29244.00, 7250, 6776, 29219.69, 29222.92, 29212.38, 3482, 3768, 0.00, 0.00
2026-9-3, 07:55:24.110006, 29244.00, 29258.75, 29194.25, 29227.50, 7250, 6719, 29231.13, 29226.83, 29226.50, 3624, 3626, 0.00, 29263.75
2026-9-3, 08:12:25.385000, 29226.75, 29253.75, 29200.50, 29249.00, 6918, 6451, 29232.50, 29234.42, 29227.13, 3397, 3521, 0.00, 0.00
2026-9-3, 08:30:00.000000, 29249.50, 29284.50, 29240.25, 29254.75, 7250, 6912, 29257.25, 29259.83, 29262.38, 3575, 3675, 0.00, 0.00
2026-9-3, 08:31:20.412000, 29254.25, 29265.00, 29222.25, 29232.50, 7250, 6906, 29243.50, 29239.92, 29243.63, 3568, 3682, 0.00, 0.00
2026-9-3, 08:33:14.556000, 29233.00, 29285.00, 29227.50, 29259.50, 7250, 6833, 29251.25, 29257.33, 29256.25, 3625, 3625, 0.00, 0.00
2026-9-3, 08:35:30.443001, 29259.25, 29270.75, 29199.50, 29228.00, 7250, 6918, 29239.38, 29232.75, 29235.13, 3714, 3536, 0.00, 0.00
2026-9-3, 08:37:31.237002, 29227.75, 29309.50, 29227.50, 29309.00, 7250, 6779, 29268.44, 29282.00, 29268.50, 3244, 4006, 0.00, 0.00
2026-9-3, 08:39:36.251016, 29309.00, 29358.50, 29304.00, 29356.50, 7250, 6786, 29332.00, 29339.67, 29331.25, 3322, 3928, 0.00, 0.00
2026-9-3, 08:41:44.710004, 29356.50, 29359.50, 29317.00, 29340.50, 7250, 6912, 29343.38, 29339.00, 29338.25, 3709, 3541, 0.00, 29364.50
2026-9-3, 08:45:09.912000, 29340.25, 29356.00, 29318.75, 29347.00, 7250, 6947, 29340.50, 29340.58, 29337.38, 3742, 3508, 0.00, 0.00
2026-9-3, 08:48:52.935003, 29347.00, 29375.50, 29338.75, 29366.50, 7250, 6753, 29356.94, 29360.25, 29357.13, 3453, 3797, 0.00, 0.00
2026-9-3, 08:52:06.533000, 29366.25, 29367.00, 29314.25, 29316.75, 7250, 6908, 29341.06, 29332.67, 29340.63, 3790, 3460, 0.00, 0.00
2026-9-3, 08:56:21.904000, 29317.25, 29339.25, 29296.75, 29303.25, 7250, 6714, 29314.13, 29313.08, 29318.00, 3967, 3283, 0.00, 0.00
2026-9-3, 09:00:08.797000, 29303.50, 29324.50, 29250.25, 29263.00, 7250, 6857, 29285.31, 29279.25, 29287.38, 3799, 3451, 0.00, 0.00
2026-9-3, 09:02:47.878004, 29263.00, 29291.50, 29259.00, 29269.75, 7250, 6815, 29270.81, 29273.42, 29275.25, 3546, 3704, 0.00, 0.00
2026-9-3, 09:07:09.430000, 29270.25, 29280.00, 29241.75, 29266.75, 7250, 6889, 29264.69, 29262.83, 29260.88, 3683, 3567, 0.00, 0.00
2026-9-3, 09:11:36.029000, 29267.50, 29324.00, 29264.75, 29321.25, 7250, 6695, 29294.38, 29303.33, 29294.38, 3248, 4002, 0.00, 0.00
2026-9-3, 09:15:28.977000, 29321.00, 29349.50, 29307.75, 29345.25, 7250, 6824, 29330.88, 29334.17, 29328.63, 3363, 3887, 0.00, 0.00
2026-9-3, 09:20:01.114000, 29345.50, 29364.50, 29328.25, 29339.00, 7250, 6722, 29344.31, 29343.92, 29346.38, 3844, 3406, 0.00, 0.00
2026-9-3, 09:25:12.204000, 29338.75, 29364.25, 29327.00, 29342.00, 7250, 6871, 29343.00, 29344.42, 29345.63, 3597, 3653, 0.00, 0.00
2026-9-3, 09:31:27.346000, 29341.75, 29341.75, 29284.00, 29305.50, 7250, 6625, 29318.25, 29310.42, 29312.88, 3988, 3262, 0.00, 0.00
2026-9-3, 09:35:39.940017, 29305.50, 29319.00, 29273.25, 29298.75, 7250, 6871, 29299.13, 29297.00, 29296.13, 3631, 3619, 0.00, 0.00
2026-9-3, 09:42:03.186000, 29298.50, 29311.50, 29275.50, 29304.50, 7250, 6782, 29297.50, 29297.17, 29293.50, 3673, 3577, 0.00, 0.00
2026-9-3, 09:48:55.039001, 29304.50, 29320.00, 29285.25, 29316.50, 7250, 6484, 29306.56, 29307.25, 29302.63, 3620, 3630, 0.00, 0.00
2026-9-3, 09:56:05.613001, 29316.50, 29347.00, 29246.50, 29346.25, 7250, 6855, 29314.06, 29313.25, 29296.75, 3783, 3467, 0.00, 0.00
2026-9-3, 09:59:33.418000, 29346.25, 29394.00, 29346.25, 29382.75, 7250, 6516, 29367.31, 29374.33, 29370.13, 3491, 3759, 0.00, 0.00
2026-9-3, 10:02:11.775010, 29382.50, 29443.50, 29382.00, 29435.50, 7250, 6516, 29410.88, 29420.33, 29412.75, 3356, 3894, 0.00, 0.00
2026-9-3, 10:05:15.739001, 29435.50, 29445.50, 29422.25, 29430.50, 7250, 6645, 29433.44, 29432.75, 29433.88, 3840, 3410, 0.00, 0.00
2026-9-3, 10:10:26.014000, 29430.50, 29466.25, 29426.25, 29459.25, 7250, 6478, 29445.56, 29450.58, 29446.25, 3646, 3604, 0.00, 0.00
2026-9-3, 10:14:55.024000, 29459.50, 29480.00, 29458.50, 29469.50, 7250, 6654, 29466.88, 29469.33, 29469.25, 3628, 3622, 0.00, 0.00
2026-9-3, 10:20:03.250001, 29469.50, 29496.00, 29453.75, 29482.50, 7250, 6652, 29475.44, 29477.42, 29474.88, 3551, 3699, 0.00, 0.00
2026-9-3, 10:25:03.634000, 29482.25, 29536.25, 29479.00, 29532.75, 7250, 6506, 29507.56, 29516.00, 29507.63, 3380, 3870, 0.00, 0.00
2026-9-3, 10:29:26.045000, 29532.75, 29542.50, 29517.75, 29525.50, 7250, 6807, 29529.63, 29528.58, 29530.13, 3896, 3354, 0.00, 29547.50
2026-9-3, 10:34:06.448004, 29525.50, 29537.50, 29503.50, 29515.75, 7250, 6705, 29520.56, 29518.92, 29520.50, 3742, 3508, 0.00, 0.00
2026-9-3, 10:41:44.941001, 29516.00, 29525.00, 29504.00, 29523.25, 7250, 6608, 29517.06, 29517.42, 29514.50, 3571, 3679, 0.00, 0.00
2026-9-3, 10:52:04.078000, 29523.25, 29539.75, 29515.50, 29526.75, 7250, 6879, 29526.31, 29527.33, 29527.63, 3610, 3640, 0.00, 0.00
2026-9-3, 11:03:15.934002, 29526.75, 29533.50, 29503.00, 29511.25, 7250, 6619, 29518.63, 29515.92, 29518.25, 3862, 3388, 0.00, 0.00
2026-9-3, 11:14:00.117001, 29511.25, 29529.50, 29494.50, 29497.25, 7250, 6891, 29508.13, 29507.08, 29512.00, 3745, 3505, 0.00, 0.00
2026-9-3, 11:26:41.831000, 29497.00, 29517.75, 29483.00, 29516.25, 7250, 6935, 29503.50, 29505.67, 29500.38, 3568, 3682, 0.00, 0.00
2026-9-3, 11:39:18.512013, 29516.25, 29534.50, 29515.50, 29522.75, 7250, 6881, 29522.25, 29524.25, 29525.00, 3674, 3576, 0.00, 0.00
2026-9-3, 11:55:21.134000, 29523.00, 29544.00, 29498.00, 29498.00, 7250, 6821, 29515.75, 29513.33, 29521.00, 3575, 3675, 0.00, 0.00
2026-9-3, 12:08:51.563003, 29498.00, 29501.75, 29476.00, 29482.50, 7250, 6753, 29489.56, 29486.75, 29488.88, 3754, 3496, 0.00, 0.00
2026-9-3, 12:24:11.848000, 29482.75, 29529.00, 29479.50, 29515.25, 7250, 6709, 29501.63, 29507.92, 29504.25, 3375, 3875, 0.00, 0.00
2026-9-3, 12:39:24.342001, 29515.25, 29546.25, 29514.00, 29543.75, 7250, 6778, 29529.81, 29534.67, 29530.13, 3358, 3892, 0.00, 0.00
2026-9-3, 12:52:30.094000, 29543.75, 29578.50, 29540.00, 29575.50, 7250, 6596, 29559.44, 29564.67, 29559.25, 3246, 4004, 0.00, 0.00
2026-9-3, 13:01:27.251000, 29575.75, 29579.50, 29564.50, 29572.25, 7250, 6496, 29573.00, 29572.08, 29572.00, 3507, 3743, 0.00, 0.00
2026-9-3, 13:13:39.623003, 29572.50, 29584.25, 29564.75, 29568.25, 7250, 6599, 29572.44, 29572.42, 29574.50, 3385, 3865, 0.00, 0.00
2026-9-3, 13:27:42.746001, 29568.25, 29580.00, 29559.50, 29571.00, 7250, 6748, 29569.69, 29570.17, 29569.75, 3400, 3850, 0.00, 0.00
2026-9-3, 13:47:50.378000, 29570.75, 29581.00, 29552.00, 29554.25, 7250, 6818, 29564.50, 29562.42, 29566.50, 3645, 3605, 0.00, 0.00
2026-9-3, 14:04:14.036003, 29554.25, 29561.00, 29530.50, 29539.00, 7250, 6836, 29546.19, 29543.50, 29545.75, 3643, 3607, 0.00, 0.00
2026-9-3, 14:19:26.188000, 29539.00, 29543.50, 29526.00, 29532.75, 7250, 6846, 29535.31, 29534.08, 29534.75, 3686, 3564, 0.00, 0.00
2026-9-3, 14:30:58.220001, 29532.75, 29540.00, 29521.75, 29528.00, 7250, 6591, 29530.63, 29529.92, 29530.88, 3841, 3409, 0.00, 0.00
2026-9-3, 14:44:51.206000, 29527.50, 29536.00, 29509.75, 29511.50, 7250, 6830, 29521.19, 29519.08, 29522.88, 3823, 3427, 0.00, 0.00
2026-9-3, 14:53:57.431000, 29511.50, 29528.75, 29509.25, 29520.75, 7250, 6944, 29517.56, 29519.58, 29519.00, 3368, 3882, 0.00, 0.00
2026-9-3, 14:58:22.044001, 29520.75, 29525.75, 29509.75, 29525.25, 7250, 6579, 29520.38, 29520.25, 29517.75, 3218, 4032, 0.00, 0.00
2026-9-3, 14:59:52.248000, 29525.25, 29536.25, 29507.00, 29512.50, 7250, 6455, 29520.25, 29518.58, 29521.63, 3440, 3810, 0.00, 0.00
2026-9-3, 15:01:38.670000, 29513.00, 29523.25, 29499.25, 29503.75, 7250, 6746, 29509.81, 29508.75, 29511.25, 3875, 3375, 0.00, 29528.25
2026-9-3, 15:59:56.133000, 29503.25, 29520.50, 29482.00, 29519.00, 7250, 6847, 29506.19, 29507.17, 29501.25, 3641, 3609, 0.00, 0.00
2026-9-3, 19:19:24.987001, 29519.00, 29547.75, 29514.50, 29534.50, 7250, 6689, 29528.94, 29532.25, 29531.13, 3559, 3691, 0.00, 0.00
2026-9-3, 20:49:46.091002, 29534.50, 29578.75, 29523.25, 29565.50, 7250, 6710, 29550.50, 29555.83, 29551.00, 3410, 3840, 0.00, 0.00
2026-9-3, 22:47:15.383000, 29565.00, 29643.00, 29556.50, 29624.75, 7250, 6562, 29597.31, 29608.08, 29599.75, 3244, 4006, 0.00, 0.00
2026-9-4, 00:28:02.613000, 29624.50, 29643.75, 29591.50, 29599.50, 7250, 6653, 29614.81, 29611.58, 29617.63, 3683, 3567, 0.00, 0.00
2026-9-4, 01:40:13.955002, 29599.50, 29658.25, 29574.00, 29647.75, 7250, 6632, 29619.88, 29626.67, 29616.13, 3492, 3758, 0.00, 0.00
2026-9-4, 02:55:58.073003, 29647.75, 29673.00, 29625.25, 29632.25, 7250, 6802, 29644.56, 29643.50, 29649.13, 3704, 3546, 0.00, 0.00
2026-9-4, 04:16:41.798003, 29632.50, 29704.50, 29616.50, 29683.50, 7250, 6747, 29659.25, 29668.17, 29660.50, 3323, 3927, 0.00, 0.00
2026-9-4, 06:00:01.059000, 29683.00, 29690.00, 29627.00, 29664.25, 7250, 6595, 29666.06, 29660.42, 29658.50, 3775, 3475, 0.00, 0.00
2026-9-4, 07:09:41.154000, 29664.25, 29694.00, 29550.00, 29575.75, 7250, 6436, 29621.00, 29606.58, 29622.00, 3900, 3350, 0.00, 0.00
2026-9-4, 07:31:19.062000, 29576.75, 29592.00, 29531.25, 29543.75, 7250, 6731, 29560.94, 29555.67, 29561.63, 3574, 3676, 0.00, 0.00
2026-9-4, 07:38:51.995000, 29543.50, 29587.00, 29502.00, 29512.75, 7250, 6586, 29536.31, 29533.92, 29544.50, 3820, 3430, 0.00, 0.00
2026-9-4, 07:49:19.116000, 29512.00, 29550.25, 29508.50, 29528.00, 7250, 6760, 29524.69, 29528.92, 29529.38, 3398, 3852, 0.00, 0.00
2026-9-4, 08:02:41.926000, 29528.25, 29579.75, 29527.75, 29577.50, 7250, 6642, 29553.31, 29561.67, 29553.75, 3581, 3669, 0.00, 0.00
2026-9-4, 08:23:56.718004, 29577.50, 29591.00, 29572.50, 29589.00, 3740, 3323, 29582.50, 29584.17, 29581.75, 1713, 2027, 0.00, 0.00
2026-9-4, 08:30:00.000000, 29588.25, 29596.25, 29554.50, 29585.50, 7250, 6917, 29581.13, 29578.75, 29575.38, 3674, 3576, 0.00, 0.00
2026-9-4, 08:31:35.013001, 29585.00, 29625.50, 29576.00, 29610.75, 7250, 6887, 29599.31, 29604.08, 29600.75, 3501, 3749, 0.00, 0.00
2026-9-4, 08:33:50.092001, 29611.00, 29644.50, 29608.75, 29624.75, 7250, 6907, 29622.25, 29626.00, 29626.63, 3605, 3645, 0.00, 0.00
2026-9-4, 08:36:53.054000, 29624.75, 29642.25, 29611.25, 29617.50, 7250, 7026, 29623.94, 29623.67, 29626.75, 3738, 3512, 0.00, 0.00
2026-9-4, 08:40:39.110001, 29617.25, 29647.00, 29602.00, 29639.00, 7250, 6740, 29626.31, 29629.33, 29624.50, 3502, 3748, 0.00, 0.00
2026-9-4, 08:44:02.919004, 29639.00, 29640.25, 29577.50, 29617.75, 7250, 6802, 29618.63, 29611.83, 29608.88, 3943, 3307, 0.00, 0.00
2026-9-4, 08:46:45.577000, 29617.75, 29649.00, 29614.75, 29632.75, 7250, 6787, 29628.56, 29632.17, 29631.88, 3705, 3545, 0.00, 0.00
2026-9-4, 08:51:25.916000, 29632.50, 29676.00, 29609.75, 29675.25, 7250, 6813, 29648.38, 29653.67, 29642.88, 3397, 3853, 0.00, 0.00
2026-9-4, 08:55:59.930000, 29676.00, 29691.75, 29673.00, 29680.75, 7250, 6889, 29680.38, 29681.83, 29682.38, 3703, 3547, 0.00, 0.00
2026-9-4, 09:00:51.914000, 29681.00, 29683.25, 29653.75, 29665.50, 7250, 6800, 29670.88, 29667.50, 29668.50, 3867, 3383, 0.00, 0.00
2026-9-4, 09:06:18.540000, 29665.25, 29674.50, 29627.75, 29632.00, 7250, 6750, 29649.88, 29644.75, 29651.13, 3951, 3299, 0.00, 0.00
2026-9-4, 09:11:15.208000, 29632.00, 29651.50, 29594.00, 29648.25, 7250, 6842, 29631.44, 29631.25, 29622.75, 3589, 3661, 0.00, 0.00
2026-9-4, 09:14:59.957000, 29648.50, 29649.75, 29596.50, 29598.50, 7250, 6766, 29623.31, 29614.92, 29623.13, 4004, 3246, 0.00, 0.00
2026-9-4, 09:20:12.679000, 29598.75, 29611.25, 29579.00, 29596.00, 7250, 6865, 29596.25, 29595.42, 29595.13, 3926, 3324, 0.00, 0.00
2026-9-4, 09:24:24.744000, 29595.75, 29602.50, 29564.75, 29585.75, 7250, 6711, 29587.19, 29584.33, 29583.63, 3910, 3340, 0.00, 0.00
2026-9-4, 09:29:07.427000, 29585.50, 29598.25, 29554.00, 29567.75, 7250, 6810, 29576.38, 29573.33, 29576.13, 4022, 3228, 0.00, 0.00
2026-9-4, 09:33:59.901000, 29568.75, 29589.25, 29554.50, 29573.00, 7250, 6855, 29571.38, 29572.25, 29571.88, 3879, 3371, 0.00, 0.00
2026-9-4, 09:41:04.608000, 29573.00, 29577.25, 29530.25, 29533.00, 7250, 6825, 29553.38, 29546.83, 29553.75, 4116, 3134, 0.00, 0.00
2026-9-4, 09:45:54.740001, 29533.00, 29541.00, 29509.50, 29524.50, 7250, 6826, 29527.00, 29525.00, 29525.25, 3797, 3453, 0.00, 0.00
2026-9-4, 09:51:07.375000, 29523.75, 29535.50, 29498.75, 29506.75, 7250, 6788, 29516.19, 29513.67, 29517.13, 4059, 3191, 0.00, 0.00
2026-9-4, 09:57:15.114000, 29506.75, 29530.00, 29497.50, 29503.75, 7250, 6845, 29509.50, 29510.42, 29513.75, 3908, 3342, 0.00, 0.00
2026-9-4, 10:03:15.357000, 29503.50, 29531.50, 29497.25, 29517.75, 7250, 6866, 29512.50, 29515.50, 29514.38, 3775, 3475, 0.00, 0.00
2026-9-4, 10:10:49.161000, 29518.50, 29543.00, 29514.25, 29515.50, 7250, 6877, 29522.81, 29524.25, 29528.63, 3809, 3441, 0.00, 0.00
2026-9-4, 10:18:12.750008, 29515.75, 29519.00, 29484.25, 29501.00, 7250, 6610, 29505.00, 29501.42, 29501.63, 3827, 3423, 0.00, 0.00
2026-9-4, 10:24:00.158000, 29501.00, 29512.75, 29478.00, 29489.50, 7250, 6865, 29495.31, 29493.42, 29495.38, 3834, 3416, 0.00, 0.00
2026-9-4, 10:32:07.742003, 29489.50, 29522.25, 29483.00, 29522.25, 7250, 6704, 29504.25, 29509.17, 29502.63, 3627, 3623, 0.00, 0.00
2026-9-4, 10:42:41.859003, 29522.25, 29524.50, 29487.00, 29505.25, 7250, 6869, 29509.75, 29505.58, 29505.75, 3978, 3272, 0.00, 0.00
2026-9-4, 10:52:32.435001, 29505.25, 29523.75, 29494.75, 29520.75, 7250, 7009, 29511.13, 29513.08, 29509.25, 3849, 3401, 0.00, 0.00
2026-9-4, 11:05:56.258000, 29521.25, 29554.25, 29507.25, 29541.25, 7250, 6755, 29531.00, 29534.25, 29530.75, 3741, 3509, 0.00, 0.00
2026-9-4, 11:15:54.406000, 29541.25, 29565.25, 29536.00, 29549.75, 7250, 6738, 29548.06, 29550.33, 29550.63, 3822, 3428, 0.00, 0.00
2026-9-4, 11:29:27.720000, 29549.75, 29574.00, 29548.75, 29562.25, 7250, 6724, 29558.69, 29561.67, 29561.38, 3882, 3368, 0.00, 0.00
2026-9-4, 11:43:02.231001, 29562.00, 29595.75, 29558.75, 29586.50, 7250, 6841, 29575.75, 29580.33, 29577.25, 3640, 3610, 0.00, 0.00
2026-9-4, 11:54:16.348002, 29586.50, 29589.25, 29544.75, 29560.00, 7250, 6866, 29570.13, 29564.67, 29567.00, 3953, 3297, 0.00, 0.00
2026-9-4, 12:05:12.118024, 29560.00, 29560.75, 29527.50, 29527.75, 7250, 6718, 29544.00, 29538.67, 29544.13, 4063, 3187, 0.00, 0.00
2026-9-4, 12:19:38.995000, 29527.75, 29535.50, 29493.00, 29499.00, 7250, 6814, 29513.81, 29509.17, 29514.25, 4002, 3248, 0.00, 0.00
2026-9-4, 12:32:21.150001, 29499.00, 29504.50, 29474.75, 29486.50, 7250, 6728, 29491.19, 29488.58, 29489.63, 3838, 3412, 0.00, 0.00
2026-9-4, 12:44:13.593000, 29486.25, 29496.00, 29468.00, 29484.00, 7250, 6556, 29483.56, 29482.67, 29482.00, 3867, 3383, 0.00, 0.00
2026-9-4, 12:54:37.119014, 29484.00, 29498.25, 29471.25, 29477.00, 7250, 6820, 29482.63, 29482.17, 29484.75, 3890, 3360, 0.00, 0.00
2026-9-4, 13:08:47.275001, 29477.00, 29514.50, 29477.00, 29512.50, 7250, 6763, 29495.25, 29501.33, 29495.75, 3560, 3690, 0.00, 0.00
2026-9-4, 13:23:07.158001, 29512.50, 29519.50, 29502.00, 29511.25, 7250, 6683, 29511.31, 29510.92, 29510.75, 3970, 3280, 0.00, 0.00
2026-9-4, 13:39:01.031000, 29511.25, 29535.00, 29504.50, 29532.00, 7250, 6724, 29520.69, 29523.83, 29519.75, 3684, 3566, 0.00, 0.00
2026-9-4, 13:56:15.991001, 29532.00, 29544.00, 29506.75, 29513.25, 7250, 6689, 29524.00, 29521.33, 29525.38, 3954, 3296, 0.00, 0.00
2026-9-4, 14:09:28.591005, 29513.25, 29531.25, 29507.00, 29521.50, 7250, 6662, 29518.25, 29519.92, 29519.13, 3525, 3725, 0.00, 0.00
2026-9-4, 14:30:12.165000, 29521.00, 29547.50, 29519.25, 29539.25, 7250, 6611, 29531.75, 29535.33, 29533.38, 3560, 3690, 0.00, 0.00
2026-9-4, 14:44:46.507007, 29539.25, 29578.50, 29539.25, 29577.75, 7250, 6680, 29558.69, 29565.17, 29558.88, 3334, 3916, 0.00, 0.00
2026-9-4, 14:52:30.006013, 29577.75, 29585.25, 29559.75, 29582.25, 7250, 6911, 29576.25, 29575.75, 29572.50, 3760, 3490, 0.00, 0.00
2026-9-4, 14:57:49.283000, 29582.25, 29586.50, 29558.50, 29567.00, 7250, 6516, 29573.56, 29570.67, 29572.50, 3924, 3326, 0.00, 0.00
2026-9-4, 14:59:49.165000, 29566.75, 29572.00, 29551.75, 29556.00, 7250, 6322, 29561.63, 29559.92, 29561.88, 3502, 3748, 0.00, 0.00
2026-9-4, 15:03:08.793000, 29556.00, 29556.00, 29514.50, 29529.00, 7250, 6553, 29538.88, 29533.17, 29535.25, 4011, 3239, 0.00, 0.00
2026-9-4, 15:45:09.037000, 29529.25, 29532.50, 29519.50, 29523.00, 1913, 1537, 29526.06, 29525.00, 29526.00, 1108, 805, 0.00, 0.00
