Date, Time, Open, High, Low, Last, Volume, # of Trades, OHLC Avg, HLC Avg, HL Avg, Bid Volume, Ask Volume, Buy Aggression, Sell Aggression, Buy Aggression, Sell Aggression, Buy Aggression, Sell Aggression, Buy Aggression, Sell Aggression, Buy Aggression, Sell Aggression
2026-8-6, 08:30:00.000000, 29335.00, 29373.75, 29241.25, 29340.00, 19490, 17939, 29322.50, 29318.33, 29307.50, 9936, 9554, 0.00, 0.00, 0.00, 0.00, 0.00, 0.00, 0.00, 0.00, 0.00, 0.00
2026-8-6, 08:35:00.000000, 29341.25, 29448.50, 29323.25, 29385.50, 17001, 15361, 29374.63, 29385.75, 29385.88, 7999, 9002, 0.00, 0.00, 0.00, 0.00, 0.00, 0.00, 0.00, 0.00, 0.00, 0.00
2026-8-6, 08:40:00.000000, 29386.00, 29474.25, 29376.00, 29458.75, 12570, 11840, 29423.75, 29436.33, 29425.13, 5860, 6710, 0.00, 0.00, 0.00, 0.00, 0.00, 0.00, 0.00, 0.00, 0.00, 0.00
2026-8-6, 08:45:00.000000, 29458.00, 29534.50, 29447.50, 29525.75, 11636, 10968, 29491.44, 29502.58, 29491.00, 5505, 6131, 0.00, 0.00, 0.00, 0.00, 0.00, 0.00, 0.00, 0.00, 0.00, 0.00
2026-8-6, 08:50:00.000000, 29526.75, 29551.00, 29491.00, 29500.25, 9559, 9115, 29517.25, 29514.08, 29521.00, 4907, 4652, 0.00, 0.00, 0.00, 0.00, 0.00, 0.00, 0.00, 0.00, 0.00, 0.00
2026-8-6, 08:55:00.000000, 29501.50, 29538.75, 29486.50, 29528.25, 9731, 9201, 29513.75, 29517.83, 29512.63, 4750, 4981, 0.00, 0.00, 0.00, 0.00, 0.00, 0.00, 0.00, 0.00, 0.00, 0.00
2026-8-6, 09:00:00.000000, 29528.75, 29558.50, 29488.00, 29517.75, 10214, 9774, 29523.25, 29521.42, 29523.25, 5131, 5083, 0.00, 0.00, 29483.00, 0.00, 0.00, 0.00, 0.00, 0.00, 0.00, 0.00
2026-8-6, 09:05:00.000000, 29518.25, 29584.25, 29506.25, 29579.25, 8365, 7822, 29547.00, 29556.58, 29545.25, 3953, 4412, 0.00, 0.00, 0.00, 0.00, 0.00, 0.00, 0.00, 0.00, 0.00, 0.00
2026-8-6, 09:10:00.000000, 29580.00, 29619.00, 29578.25, 29608.50, 7721, 7310, 29596.44, 29601.92, 29598.63, 3753, 3968, 0.00, 0.00, 0.00, 0.00, 0.00, 0.00, 0.00, 0.00, 0.00, 29625.25
2026-8-6, 09:15:00.000000, 29608.75, 29652.50, 29586.75, 29640.75, 8205, 7597, 29622.19, 29626.67, 29619.63, 4057, 4148, 0.00, 0.00, 0.00, 0.00, 0.00, 0.00, 0.00, 0.00, 0.00, 0.00
2026-8-6, 09:20:00.000000, 29641.25, 29667.00, 29629.75, 29634.25, 6067, 5711, 29643.06, 29643.67, 29648.38, 2963, 3104, 0.00, 0.00, 0.00, 0.00, 0.00, 0.00, 0.00, 0.00, 0.00, 0.00
2026-8-6, 09:25:00.000000, 29634.50, 29640.25, 29564.75, 29587.00, 9799, 9232, 29606.63, 29597.33, 29602.50, 4995, 4804, 0.00, 0.00, 0.00, 0.00, 0.00, 0.00, 0.00, 0.00, 0.00, 0.00
2026-8-6, 09:30:00.000000, 29589.00, 29638.75, 29576.00, 29632.50, 7724, 7268, 29609.06, 29615.75, 29607.38, 3691, 4033, 0.00, 0.00, 0.00, 0.00, 0.00, 0.00, 0.00, 0.00, 0.00, 0.00
2026-8-6, 09:35:00.000000, 29632.50, 29650.75, 29550.50, 29553.00, 7894, 7449, 29596.69, 29584.75, 29600.63, 4128, 3766, 0.00, 0.00, 0.00, 0.00, 0.00, 0.00, 0.00, 0.00, 0.00, 0.00
2026-8-6, 09:40:00.000000, 29552.50, 29622.25, 29545.25, 29583.50, 7161, 6705, 29575.88, 29583.67, 29583.75, 3579, 3582, 0.00, 0.00, 0.00, 0.00, 0.00, 0.00, 0.00, 0.00, 0.00, 0.00
2026-8-6, 09:45:00.000000, 29582.50, 29585.50, 29533.75, 29558.25, 6477, 6083, 29565.00, 29559.17, 29559.63, 3330, 3147, 0.00, 0.00, 0.00, 0.00, 0.00, 0.00, 29543.50, 0.00, 29543.50, 0.00
2026-8-6, 09:50:00.000000, 29557.50, 29615.00, 29548.50, 29614.75, 5874, 5560, 29583.94, 29592.75, 29581.75, 2753, 3121, 0.00, 0.00, 0.00, 0.00, 0.00, 0.00, 0.00, 0.00, 0.00, 0.00
2026-8-6, 09:55:00.000000, 29614.50, 29659.25, 29599.75, 29656.75, 5864, 5496, 29632.56, 29638.58, 29629.50, 2749, 3115, 0.00, 0.00, 0.00, 0.00, 0.00, 0.00, 0.00, 0.00, 0.00, 0.00
2026-8-6, 10:00:00.000000, 29656.50, 29677.50, 29598.75, 29612.00, 6642, 6240, 29636.19, 29629.42, 29638.13, 3445, 3197, 0.00, 0.00, 0.00, 0.00, 0.00, 0.00, 0.00, 0.00, 0.00, 0.00
2026-8-6, 10:05:00.000000, 29612.75, 29674.75, 29612.50, 29671.75, 5954, 5467, 29642.94, 29653.00, 29643.63, 2852, 3102, 0.00, 0.00, 0.00, 0.00, 0.00, 0.00, 0.00, 0.00, 0.00, 0.00
2026-8-6, 10:10:00.000000, 29671.25, 29686.25, 29640.75, 29646.50, 5706, 5247, 29661.19, 29657.83, 29663.50, 2797, 2909, 0.00, 0.00, 0.00, 0.00, 0.00, 0.00, 0.00, 0.00, 0.00, 0.00
2026-8-6, 10:15:00.000000, 29646.25, 29663.25, 29579.50, 29579.75, 6262, 5879, 29617.19, 29607.50, 29621.38, 3290, 2972, 0.00, 0.00, 0.00, 0.00, 0.00, 0.00, 0.00, 0.00, 0.00, 0.00
2026-8-6, 10:20:00.000000, 29580.50, 29605.75, 29564.25, 29577.75, 5665, 5290, 29582.06, 29582.58, 29585.00, 2723, 2942, 0.00, 0.00, 0.00, 0.00, 0.00, 0.00, 0.00, 0.00, 0.00, 0.00
2026-8-6, 10:25:00.000000, 29577.25, 29611.25, 29565.00, 29608.50, 4453, 4096, 29590.50, 29594.92, 29588.13, 2075, 2378, 0.00, 0.00, 0.00, 0.00, 0.00, 0.00, 0.00, 0.00, 0.00, 0.00
2026-8-6, 10:30:00.000000, 29608.25, 29628.00, 29552.50, 29553.00, 5651, 5289, 29585.44, 29577.83, 29590.25, 2948, 2703, 0.00, 0.00, 0.00, 0.00, 0.00, 0.00, 0.00, 0.00, 0.00, 0.00
2026-8-6, 10:35:00.000000, 29553.25, 29580.50, 29540.25, 29565.25, 5257, 4952, 29559.81, 29562.00, 29560.38, 2631, 2626, 0.00, 0.00, 0.00, 0.00, 29525.75, 0.00, 0.00, 0.00, 0.00, 0.00
2026-8-6, 10:40:00.000000, 29566.50, 29585.00, 29533.00, 29534.00, 4015, 3844, 29554.63, 29550.67, 29559.00, 2029, 1986, 0.00, 0.00, 0.00, 0.00, 0.00, 0.00, 0.00, 0.00, 0.00, 0.00
2026-8-6, 10:45:00.000000, 29535.00, 29613.25, 29530.75, 29589.25, 5618, 5248, 29567.06, 29577.75, 29572.00, 2576, 3042, 0.00, 0.00, 0.00, 0.00, 0.00, 0.00, 0.00, 0.00, 0.00, 0.00
2026-8-6, 10:50:00.000000, 29589.75, 29624.50, 29522.00, 29526.50, 7675, 7166, 29565.69, 29557.67, 29573.25, 4225, 3450, 0.00, 0.00, 0.00, 0.00, 0.00, 0.00, 0.00, 0.00, 0.00, 0.00
2026-8-6, 10:55:00.000000, 29525.75, 29556.00, 29506.00, 29516.25, 6610, 6249, 29526.00, 29526.08, 29531.00, 3274, 3336, 0.00, 0.00, 0.00, 0.00, 29481.00, 0.00, 0.00, 0.00, 0.00, 0.00
2026-8-6, 11:00:00.000000, 29515.75, 29523.50, 29478.25, 29502.00, 7044, 6669, 29504.88, 29501.25, 29500.88, 3464, 3580, 0.00, 0.00, 0.00, 0.00, 0.00, 0.00, 0.00, 0.00, 0.00, 0.00
2026-8-6, 11:05:00.000000, 29502.25, 29542.75, 29494.25, 29525.50, 4833, 4637, 29516.19, 29520.83, 29518.50, 2254, 2579, 0.00, 0.00, 0.00, 0.00, 0.00, 0.00, 0.00, 0.00, 0.00, 0.00
2026-8-6, 11:10:00.000000, 29524.75, 29542.00, 29483.50, 29488.25, 4121, 3911, 29509.63, 29504.58, 29512.75, 2222, 1899, 0.00, 0.00, 0.00, 29525.25, 0.00, 0.00, 0.00, 0.00, 0.00, 0.00
2026-8-6, 11:15:00.000000, 29488.50, 29504.50, 29452.75, 29494.00, 5607, 5308, 29484.94, 29483.75, 29478.63, 2709, 2898, 0.00, 0.00, 0.00, 0.00, 0.00, 0.00, 0.00, 0.00, 0.00, 0.00
2026-8-6, 11:20:00.000000, 29494.00, 29499.00, 29448.50, 29488.00, 4908, 4602, 29482.38, 29478.50, 29473.75, 2451, 2457, 0.00, 0.00, 0.00, 0.00, 0.00, 0.00, 0.00, 0.00, 0.00, 0.00
2026-8-6, 11:25:00.000000, 29488.00, 29493.50, 29463.50, 29471.50, 3736, 3538, 29479.13, 29476.17, 29478.50, 1807, 1929, 0.00, 0.00, 0.00, 0.00, 0.00, 0.00, 0.00, 0.00, 0.00, 0.00
2026-8-6, 11:30:00.000000, 29472.25, 29507.00, 29462.25, 29478.75, 4091, 3925, 29480.06, 29482.67, 29484.63, 1951, 2140, 0.00, 0.00, 0.00, 0.00, 0.00, 0.00, 0.00, 0.00, 0.00, 0.00
2026-8-6, 11:35:00.000000, 29480.00, 29523.00, 29467.25, 29522.25, 3459, 3263, 29498.13, 29504.17, 29495.13, 1567, 1892, 0.00, 0.00, 0.00, 0.00, 0.00, 0.00, 0.00, 29532.25, 0.00, 0.00
2026-8-6, 11:40:00.000000, 29523.00, 29527.25, 29476.50, 29478.25, 3747, 3554, 29501.25, 29494.00, 29501.88, 1970, 1777, 0.00, 0.00, 0.00, 0.00, 0.00, 0.00, 0.00, 0.00, 0.00, 29529.25
2026-8-6, 11:45:00.000000, 29478.50, 29514.25, 29468.50, 29513.25, 3027, 2912, 29493.63, 29498.67, 29491.38, 1465, 1562, 0.00, 0.00, 0.00, 0.00, 0.00, 0.00, 0.00, 0.00, 0.00, 0.00
2026-8-6, 11:50:00.000000, 29514.00, 29533.50, 29504.25, 29510.00, 3646, 3482, 29515.44, 29515.92, 29518.88, 1810, 1836, 0.00, 0.00, 0.00, 0.00, 0.00, 0.00, 0.00, 0.00, 0.00, 0.00
2026-8-6, 11:55:00.000000, 29510.50, 29558.50, 29509.00, 29556.50, 3168, 2991, 29533.63, 29541.33, 29533.75, 1403, 1765, 0.00, 0.00, 0.00, 0.00, 0.00, 0.00, 0.00, 0.00, 0.00, 0.00
2026-8-6, 12:00:00.000000, 29557.25, 29574.25, 29541.50, 29547.00, 4008, 3818, 29555.00, 29554.25, 29557.88, 1943, 2065, 0.00, 0.00, 0.00, 0.00, 0.00, 0.00, 0.00, 0.00, 0.00, 0.00
2026-8-6, 12:05:00.000000, 29546.00, 29574.25, 29531.50, 29538.25, 2957, 2833, 29547.50, 29548.00, 29552.88, 1463, 1494, 0.00, 0.00, 0.00, 0.00, 0.00, 0.00, 0.00, 0.00, 0.00, 0.00
2026-8-6, 12:10:00.000000, 29538.25, 29549.75, 29518.00, 29523.75, 2603, 2463, 29532.44, 29530.50, 29533.88, 1307, 1296, 0.00, 0.00, 0.00, 0.00, 0.00, 0.00, 0.00, 0.00, 0.00, 0.00
2026-8-6, 12:15:00.000000, 29524.00, 29551.50, 29512.25, 29542.50, 2900, 2702, 29532.56, 29535.42, 29531.88, 1323, 1577, 0.00, 0.00, 0.00, 0.00, 0.00, 0.00, 0.00, 0.00, 0.00, 0.00
2026-8-6, 12:20:00.000000, 29542.75, 29550.75, 29518.75, 29523.50, 2399, 2237, 29533.94, 29531.00, 29534.75, 1223, 1176, 0.00, 0.00, 0.00, 0.00, 0.00, 0.00, 0.00, 0.00, 0.00, 0.00
2026-8-6, 12:25:00.000000, 29523.00, 29550.25, 29523.00, 29527.75, 2040, 1970, 29531.00, 29533.67, 29536.63, 1034, 1006, 0.00, 0.00, 0.00, 0.00, 0.00, 0.00, 0.00, 0.00, 0.00, 0.00
2026-8-6, 12:30:00.000000, 29526.75, 29543.00, 29521.25, 29531.25, 1893, 1807, 29530.56, 29531.83, 29532.13, 888, 1005, 0.00, 0.00, 0.00, 0.00, 0.00, 0.00, 0.00, 0.00, 0.00, 0.00
2026-8-6, 12:35:00.000000, 29532.25, 29542.50, 29510.00, 29513.50, 2117, 1985, 29524.56, 29522.00, 29526.25, 1090, 1027, 0.00, 0.00, 0.00, 0.00, 0.00, 0.00, 0.00, 0.00, 0.00, 0.00
2026-8-6, 12:40:00.000000, 29513.00, 29520.75, 29493.75, 29510.00, 2728, 2580, 29509.38, 29508.17, 29507.25, 1351, 1377, 0.00, 0.00, 0.00, 0.00, 0.00, 0.00, 0.00, 0.00, 0.00, 0.00
2026-8-6, 12:45:00.000000, 29510.25, 29521.75, 29497.00, 29497.00, 2102, 2024, 29506.50, 29505.25, 29509.38, 1045, 1057, 0.00, 0.00, 0.00, 0.00, 0.00, 0.00, 0.00, 0.00, 0.00, 0.00
2026-8-6, 12:50:00.000000, 29497.75, 29529.00, 29494.25, 29522.00, 2622, 2381, 29510.75, 29515.08, 29511.63, 1174, 1448, 0.00, 0.00, 0.00, 0.00, 0.00, 0.00, 0.00, 0.00, 0.00, 0.00
2026-8-6, 12:55:00.000000, 29521.50, 29533.50, 29509.00, 29529.00, 2275, 2025, 29523.25, 29523.83, 29521.25, 1067, 1208, 0.00, 0.00, 0.00, 0.00, 0.00, 0.00, 0.00, 0.00, 0.00, 0.00
2026-8-6, 13:00:00.000000, 29529.00, 29538.00, 29507.25, 29531.25, 2410, 2291, 29526.38, 29525.50, 29522.63, 1166, 1244, 0.00, 0.00, 0.00, 0.00, 0.00, 0.00, 0.00, 0.00, 0.00, 0.00
2026-8-6, 13:05:00.000000, 29531.00, 29539.50, 29518.00, 29533.75, 2234, 2103, 29530.56, 29530.42, 29528.75, 1120, 1114, 0.00, 0.00, 0.00, 0.00, 0.00, 0.00, 0.00, 0.00, 0.00, 0.00
2026-8-6, 13:10:00.000000, 29534.75, 29546.75, 29519.00, 29542.75, 1958, 1869, 29535.81, 29536.17, 29532.88, 947, 1011, 0.00, 0.00, 0.00, 0.00, 0.00, 0.00, 0.00, 0.00, 0.00, 0.00
2026-8-6, 13:15:00.000000, 29542.75, 29572.00, 29498.50, 29552.75, 5901, 5617, 29541.50, 29541.08, 29535.25, 2940, 2961, 0.00, 0.00, 0.00, 0.00, 0.00, 0.00, 0.00, 0.00, 0.00, 0.00
2026-8-6, 13:20:00.000000, 29553.50, 29575.50, 29549.75, 29568.00, 2339, 2193, 29561.69, 29564.42, 29562.63, 1092, 1247, 0.00, 0.00, 0.00, 0.00, 0.00, 0.00, 0.00, 0.00, 0.00, 0.00
2026-8-6, 13:25:00.000000, 29568.50, 29572.50, 29547.25, 29556.50, 2024, 1910, 29561.19, 29558.75, 29559.88, 970, 1054, 0.00, 0.00, 0.00, 0.00, 0.00, 0.00, 0.00, 0.00, 0.00, 0.00
2026-8-6, 13:30:00.000000, 29556.50, 29561.00, 29531.25, 29534.00, 2153, 2019, 29545.69, 29542.08, 29546.13, 1115, 1038, 0.00, 0.00, 0.00, 0.00, 0.00, 0.00, 0.00, 0.00, 0.00, 0.00
2026-8-6, 13:35:00.000000, 29534.00, 29547.00, 29514.25, 29518.75, 2360, 2181, 29528.50, 29526.67, 29530.63, 1245, 1115, 0.00, 0.00, 0.00, 0.00, 0.00, 0.00, 0.00, 0.00, 0.00, 0.00
2026-8-6, 13:40:00.000000, 29518.75, 29524.50, 29500.50, 29520.00, 2088, 2016, 29515.94, 29515.00, 29512.50, 978, 1110, 0.00, 0.00, 0.00, 0.00, 0.00, 0.00, 0.00, 0.00, 0.00, 0.00
2026-8-6, 13:45:00.000000, 29521.25, 29537.00, 29509.75, 29511.75, 2368, 2247, 29519.94, 29519.50, 29523.38, 1125, 1243, 0.00, 0.00, 0.00, 0.00, 0.00, 0.00, 0.00, 0.00, 0.00, 0.00
2026-8-6, 13:50:00.000000, 29512.75, 29522.00, 29506.00, 29513.50, 1812, 1694, 29513.56, 29513.83, 29514.00, 842, 970, 0.00, 0.00, 0.00, 0.00, 0.00, 0.00, 0.00, 0.00, 0.00, 0.00
2026-8-6, 13:55:00.000000, 29513.00, 29530.25, 29508.25, 29515.50, 2142, 2005, 29516.75, 29518.00, 29519.25, 1042, 1100, 29680.00, 0.00, 0.00, 0.00, 0.00, 0.00, 0.00, 0.00, 0.00, 0.00
2026-8-7, 08:30:00.000000, 29714.75, 29813.25, 29681.00, 29804.75, 18754, 17734, 29753.44, 29766.33, 29747.13, 9012, 9742, 0.00, 29818.25, 0.00, 0.00, 0.00, 0.00, 0.00, 29818.25, 0.00, 29814.25
2026-8-7, 08:35:00.000000, 29805.00, 29809.25, 29696.50, 29731.25, 13791, 13214, 29760.50, 29745.67, 29752.88, 7233, 6558, 0.00, 0.00, 0.00, 0.00, 0.00, 0.00, 0.00, 0.00, 0.00, 0.00
2026-8-7, 08:40:00.000000, 29733.00, 29796.00, 29704.25, 29788.50, 11292, 10658, 29755.44, 29762.92, 29750.13, 5522, 5770, 0.00, 0.00, 0.00, 0.00, 0.00, 0.00, 0.00, 0.00, 0.00, 0.00
2026-8-7, 08:45:00.000000, 29786.75, 29820.00, 29709.00, 29773.00, 11293, 10842, 29772.19, 29767.33, 29764.50, 5647, 5646, 0.00, 0.00, 0.00, 0.00, 0.00, 0.00, 0.00, 0.00, 0.00, 0.00
2026-8-7, 08:50:00.000000, 29773.75, 29800.00, 29745.75, 29753.50, 7440, 7105, 29768.25, 29766.42, 29772.88, 3848, 3592, 0.00, 0.00, 0.00, 0.00, 0.00, 0.00, 0.00, 0.00, 0.00, 0.00
2026-8-7, 08:55:00.000000, 29754.50, 29761.75, 29643.75, 29677.25, 11675, 11075, 29709.31, 29694.25, 29702.75, 6193, 5482, 0.00, 0.00, 0.00, 0.00, 0.00, 0.00, 0.00, 0.00, 0.00, 0.00
2026-8-7, 09:00:00.000000, 29679.50, 29713.25, 29616.75, 29619.25, 12126, 11634, 29657.19, 29649.75, 29665.00, 6219, 5907, 0.00, 0.00, 0.00, 0.00, 0.00, 0.00, 0.00, 0.00, 0.00, 0.00
2026-8-7, 09:05:00.000000, 29619.25, 29684.75, 29613.50, 29632.00, 8689, 8340, 29637.38, 29643.42, 29649.13, 4194, 4495, 0.00, 0.00, 0.00, 0.00, 0.00, 0.00, 0.00, 0.00, 0.00, 0.00
2026-8-7, 09:10:00.000000, 29630.75, 29649.00, 29564.50, 29585.00, 11709, 11037, 29607.31, 29599.50, 29606.75, 5929, 5780, 0.00, 0.00, 0.00, 0.00, 0.00, 0.00, 0.00, 0.00, 0.00, 0.00
2026-8-7, 09:15:00.000000, 29585.00, 29720.00, 29568.50, 29718.00, 12821, 12071, 29647.88, 29668.83, 29644.25, 6074, 6747, 0.00, 0.00, 0.00, 0.00, 0.00, 0.00, 0.00, 0.00, 0.00, 0.00
2026-8-7, 09:20:00.000000, 29718.50, 29744.75, 29687.00, 29702.75, 8735, 8321, 29713.25, 29711.50, 29715.88, 4288, 4447, 0.00, 0.00, 0.00, 0.00, 0.00, 0.00, 0.00, 0.00, 0.00, 0.00
2026-8-7, 09:25:00.000000, 29703.00, 29779.50, 29701.25, 29761.25, 7096, 6759, 29736.25, 29747.33, 29740.38, 3363, 3733, 0.00, 0.00, 0.00, 0.00, 0.00, 0.00, 0.00, 29784.50, 0.00, 0.00
2026-8-7, 09:30:00.000000, 29761.00, 29775.00, 29714.25, 29731.00, 7468, 7158, 29745.31, 29740.08, 29744.63, 3871, 3597, 0.00, 0.00, 0.00, 0.00, 0.00, 0.00, 0.00, 0.00, 0.00, 0.00
2026-8-7, 09:35:00.000000, 29731.00, 29743.75, 29669.50, 29677.50, 9237, 8486, 29705.44, 29696.92, 29706.63, 4777, 4460, 0.00, 0.00, 0.00, 0.00, 0.00, 0.00, 29664.50, 0.00, 0.00, 0.00
2026-8-7, 09:40:00.000000, 29678.75, 29720.50, 29660.00, 29676.00, 7108, 6885, 29683.81, 29685.50, 29690.25, 3522, 3586, 0.00, 0.00, 0.00, 0.00, 0.00, 0.00, 0.00, 0.00, 0.00, 0.00
2026-8-7, 09:45:00.000000, 29676.75, 29732.00, 29667.75, 29708.00, 7068, 6752, 29696.13, 29702.58, 29699.88, 3385, 3683, 0.00, 0.00, 0.00, 0.00, 0.00, 0.00, 0.00, 0.00, 0.00, 0.00
2026-8-7, 09:50:00.000000, 29708.25, 29726.75, 29667.75, 29682.25, 5823, 5569, 29696.25, 29692.25, 29697.25, 2974, 2849, 0.00, 0.00, 0.00, 0.00, 0.00, 0.00, 0.00, 0.00, 0.00, 0.00
2026-8-7, 09:55:00.000000, 29682.00, 29734.00, 29675.00, 29721.00, 5094, 4883, 29703.00, 29710.00, 29704.50, 2480, 2614, 0.00, 0.00, 0.00, 0.00, 0.00, 0.00, 0.00, 0.00, 0.00, 0.00
2026-8-7, 10:00:00.000000, 29720.25, 29748.00, 29709.00, 29744.75, 5101, 4891, 29730.50, 29733.92, 29728.50, 2391, 2710, 0.00, 0.00, 0.00, 0.00, 0.00, 0.00, 0.00, 0.00, 0.00, 0.00
2026-8-7, 10:05:00.000000, 29745.00, 29769.00, 29740.50, 29756.00, 3930, 3671, 29752.63, 29755.17, 29754.75, 1902, 2028, 0.00, 0.00, 0.00, 0.00, 0.00, 0.00, 0.00, 0.00, 0.00, 0.00
2026-8-7, 10:10:00.000000, 29756.50, 29782.50, 29738.25, 29759.75, 5201, 4721, 29759.25, 29760.17, 29760.38, 2420, 2781, 0.00, 0.00, 0.00, 0.00, 0.00, 0.00, 0.00, 0.00, 0.00, 0.00
2026-8-7, 10:15:00.000000, 29760.25, 29767.50, 29746.50, 29758.25, 3615, 3471, 29758.13, 29757.42, 29757.00, 1811, 1804, 0.00, 0.00, 0.00, 0.00, 0.00, 0.00, 0.00, 0.00, 0.00, 0.00
2026-8-7, 10:20:00.000000, 29757.75, 29798.25, 29752.75, 29795.50, 4960, 4500, 29776.06, 29782.17, 29775.50, 2085, 2875, 0.00, 0.00, 0.00, 0.00, 0.00, 0.00, 0.00, 0.00, 0.00, 0.00
2026-8-7, 10:25:00.000000, 29795.50, 29828.75, 29794.00, 29826.75, 5680, 5204, 29811.25, 29816.50, 29811.38, 2503, 3177, 0.00, 0.00, 0.00, 0.00, 0.00, 0.00, 0.00, 0.00, 0.00, 0.00
2026-8-7, 10:30:00.000000, 29826.00, 29855.25, 29826.00, 29839.50, 6089, 5740, 29836.69, 29840.25, 29840.63, 2826, 3263, 0.00, 0.00, 0.00, 0.00, 0.00, 0.00, 0.00, 0.00, 0.00, 0.00
2026-8-7, 10:35:00.000000, 29840.50, 29843.00, 29818.75, 29824.25, 4199, 3997, 29831.63, 29828.67, 29830.88, 2103, 2096, 0.00, 0.00, 0.00, 0.00, 0.00, 0.00, 0.00, 0.00, 0.00, 0.00
2026-8-7, 10:40:00.000000, 29825.00, 29837.50, 29794.25, 29811.75, 4570, 4299, 29817.13, 29814.50, 29815.88, 2236, 2334, 0.00, 0.00, 0.00, 0.00, 0.00, 0.00, 0.00, 0.00, 0.00, 0.00
2026-8-7, 10:45:00.000000, 29812.00, 29834.00, 29802.25, 29829.50, 2755, 2539, 29819.44, 29821.92, 29818.13, 1159, 1596, 0.00, 0.00, 0.00, 0.00, 0.00, 0.00, 0.00, 0.00, 0.00, 0.00
2026-8-7, 10:50:00.000000, 29829.75, 29843.25, 29796.50, 29815.50, 4047, 3767, 29821.25, 29818.42, 29819.88, 2043, 2004, 0.00, 0.00, 0.00, 0.00, 0.00, 0.00, 0.00, 29829.75, 0.00, 29842.25
2026-8-7, 10:55:00.000000, 29816.25, 29822.00, 29796.50, 29814.00, 2930, 2822, 29812.19, 29810.83, 29809.25, 1464, 1466, 0.00, 0.00, 0.00, 0.00, 0.00, 0.00, 0.00, 0.00, 0.00, 0.00
2026-8-7, 11:00:00.000000, 29814.75, 29820.50, 29795.00, 29812.00, 2937, 2826, 29810.56, 29809.17, 29807.75, 1385, 1552, 0.00, 0.00, 0.00, 0.00, 0.00, 0.00, 0.00, 0.00, 0.00, 0.00
2026-8-7, 11:05:00.000000, 29812.00, 29830.00, 29809.00, 29824.50, 2774, 2636, 29818.88, 29821.17, 29819.50, 1354, 1420, 0.00, 0.00, 0.00, 0.00, 0.00, 0.00, 0.00, 0.00, 0.00, 0.00
2026-8-7, 11:10:00.000000, 29825.25, 29829.25, 29798.25, 29800.75, 2126, 2009, 29813.38, 29809.42, 29813.75, 1138, 988, 0.00, 0.00, 0.00, 0.00, 0.00, 0.00, 0.00, 0.00, 0.00, 0.00
2026-8-7, 11:15:00.000000, 29800.50, 29818.50, 29787.00, 29794.25, 2862, 2653, 29800.06, 29799.92, 29802.75, 1482, 1380, 0.00, 0.00, 0.00, 0.00, 0.00, 0.00, 0.00, 0.00, 0.00, 0.00
2026-8-7, 11:20:00.000000, 29794.25, 29819.00, 29746.25, 29747.25, 5451, 5142, 29776.69, 29770.83, 29782.63, 2887, 2564, 0.00, 0.00, 0.00, 0.00, 0.00, 0.00, 0.00, 0.00, 0.00, 0.00
2026-8-7, 11:25:00.000000, 29748.00, 29753.50, 29688.75, 29714.00, 6743, 6274, 29726.06, 29718.75, 29721.13, 3408, 3335, 0.00, 0.00, 0.00, 0.00, 0.00, 0.00, 0.00, 0.00, 0.00, 0.00
2026-8-7, 11:30:00.000000, 29714.00, 29738.75, 29668.75, 29736.00, 7625, 7129, 29714.38, 29714.50, 29703.75, 3679, 3946, 0.00, 0.00, 0.00, 0.00, 0.00, 0.00, 0.00, 0.00, 0.00, 0.00
2026-8-7, 11:35:00.000000, 29735.75, 29757.00, 29719.25, 29752.50, 4198, 3989, 29741.13, 29742.92, 29738.13, 1992, 2206, 0.00, 0.00, 0.00, 0.00, 0.00, 0.00, 0.00, 0.00, 0.00, 0.00
2026-8-7, 11:40:00.000000, 29752.00, 29761.25, 29735.00, 29754.25, 3188, 2926, 29750.63, 29750.17, 29748.13, 1594, 1594, 0.00, 0.00, 0.00, 0.00, 0.00, 0.00, 0.00, 0.00, 0.00, 0.00
2026-8-7, 11:45:00.000000, 29754.50, 29772.75, 29754.50, 29767.50, 3504, 3246, 29762.31, 29764.92, 29763.63, 1628, 1876, 0.00, 0.00, 0.00, 0.00, 0.00, 0.00, 0.00, 0.00, 0.00, 0.00
2026-8-7, 11:50:00.000000, 29768.25, 29780.75, 29740.00, 29745.75, 3517, 3148, 29758.69, 29755.50, 29760.38, 1801, 1716, 0.00, 0.00, 0.00, 0.00, 0.00, 0.00, 0.00, 0.00, 0.00, 0.00
2026-8-7, 11:55:00.000000, 29746.00, 29765.00, 29738.75, 29739.50, 2672, 2409, 29747.31, 29747.75, 29751.88, 1179, 1493, 0.00, 0.00, 0.00, 0.00, 0.00, 0.00, 0.00, 0.00, 0.00, 0.00
2026-8-7, 12:00:00.000000, 29739.75, 29757.25, 29726.75, 29745.00, 3282, 3020, 29742.19, 29743.00, 29742.00, 1595, 1687, 0.00, 0.00, 0.00, 0.00, 0.00, 0.00, 0.00, 0.00, 0.00, 0.00
2026-8-7, 12:05:00.000000, 29745.00, 29768.00, 29742.00, 29765.00, 2248, 2104, 29755.00, 29758.33, 29755.00, 1010, 1238, 0.00, 0.00, 0.00, 0.00, 0.00, 0.00, 0.00, 0.00, 0.00, 0.00
2026-8-7, 12:10:00.000000, 29764.00, 29767.00, 29734.00, 29736.00, 1933, 1817, 29750.25, 29745.67, 29750.50, 1033, 900, 0.00, 0.00, 0.00, 0.00, 0.00, 0.00, 0.00, 0.00, 0.00, 0.00
2026-8-7, 12:15:00.000000, 29735.25, 29759.50, 29731.75, 29756.00, 2202, 1963, 29745.63, 29749.08, 29745.63, 926, 1276, 0.00, 0.00, 0.00, 0.00, 0.00, 0.00, 0.00, 0.00, 0.00, 0.00
2026-8-7, 12:20:00.000000, 29756.50, 29764.50, 29731.50, 29732.50, 2091, 1907, 29746.25, 29742.83, 29748.00, 1104, 987, 0.00, 0.00, 0.00, 0.00, 0.00, 0.00, 0.00, 0.00, 0.00, 0.00
2026-8-7, 12:25:00.000000, 29732.00, 29756.75, 29726.25, 29747.50, 1956, 1789, 29740.63, 29743.50, 29741.50, 931, 1025, 0.00, 0.00, 0.00, 0.00, 0.00, 0.00, 0.00, 0.00, 0.00, 0.00
2026-8-7, 12:30:00.000000, 29747.50, 29754.50, 29727.00, 29735.75, 2320, 2157, 29741.19, 29739.08, 29740.75, 1100, 1220, 0.00, 0.00, 0.00, 0.00, 0.00, 0.00, 0.00, 0.00, 0.00, 0.00
2026-8-7, 12:35:00.000000, 29736.25, 29764.25, 29734.50, 29761.50, 1758, 1563, 29749.13, 29753.42, 29749.38, 786, 972, 0.00, 0.00, 0.00, 0.00, 0.00, 0.00, 0.00, 0.00, 0.00, 0.00
2026-8-7, 12:40:00.000000, 29762.50, 29763.00, 29739.25, 29745.25, 1717, 1576, 29752.50, 29749.17, 29751.13, 840, 877, 0.00, 0.00, 0.00, 0.00, 0.00, 0.00, 0.00, 0.00, 0.00, 0.00
2026-8-7, 12:45:00.000000, 29746.00, 29755.25, 29740.75, 29746.75, 1242, 1156, 29747.19, 29747.58, 29748.00, 651, 591, 0.00, 0.00, 0.00, 0.00, 0.00, 0.00, 0.00, 0.00, 0.00, 0.00
2026-8-7, 12:50:00.000000, 29746.00, 29759.25, 29735.50, 29751.00, 1683, 1581, 29747.94, 29748.58, 29747.38, 824, 859, 0.00, 0.00, 0.00, 0.00, 0.00, 0.00, 0.00, 0.00, 0.00, 0.00
2026-8-7, 12:55:00.000000, 29751.50, 29757.50, 29743.25, 29743.25, 1354, 1195, 29748.88, 29748.00, 29750.38, 663, 691, 0.00, 0.00, 0.00, 0.00, 0.00, 0.00, 0.00, 0.00, 0.00, 0.00
2026-8-7, 13:00:00.000000, 29743.50, 29754.75, 29741.00, 29746.50, 1439, 1373, 29746.44, 29747.42, 29747.88, 714, 725, 0.00, 0.00, 0.00, 0.00, 0.00, 0.00, 0.00, 0.00, 0.00, 0.00
2026-8-7, 13:05:00.000000, 29746.75, 29753.25, 29734.50, 29743.25, 1784, 1674, 29744.44, 29743.67, 29743.88, 952, 832, 0.00, 0.00, 0.00, 0.00, 0.00, 0.00, 0.00, 0.00, 0.00, 0.00
2026-8-7, 13:10:00.000000, 29743.50, 29747.25, 29712.50, 29721.50, 2304, 2092, 29731.19, 29727.08, 29729.88, 1221, 1083, 0.00, 0.00, 0.00, 0.00, 0.00, 0.00, 0.00, 0.00, 0.00, 0.00
2026-8-7, 13:15:00.000000, 29722.00, 29734.25, 29716.00, 29727.50, 2060, 1923, 29724.94, 29725.92, 29725.13, 1064, 996, 0.00, 0.00, 0.00, 0.00, 0.00, 0.00, 0.00, 0.00, 0.00, 0.00
2026-8-7, 13:20:00.000000, 29727.00, 29731.50, 29711.75, 29718.25, 1423, 1383, 29722.13, 29720.50, 29721.63, 755, 668, 0.00, 0.00, 0.00, 0.00, 0.00, 0.00, 0.00, 0.00, 0.00, 0.00
2026-8-7, 13:25:00.000000, 29717.75, 29722.50, 29702.75, 29705.75, 1898, 1743, 29712.19, 29710.33, 29712.63, 1062, 836, 0.00, 0.00, 0.00, 0.00, 0.00, 0.00, 0.00, 0.00, 0.00, 0.00
2026-8-7, 13:30:00.000000, 29705.50, 29724.25, 29700.00, 29704.00, 2541, 2319, 29708.44, 29709.42, 29712.13, 1195, 1346, 0.00, 0.00, 0.00, 0.00, 0.00, 0.00, 0.00, 0.00, 0.00, 0.00
2026-8-7, 13:35:00.000000, 29704.50, 29710.75, 29691.00, 29699.00, 1966, 1811, 29701.31, 29700.25, 29700.88, 1012, 954, 0.00, 0.00, 0.00, 0.00, 0.00, 0.00, 0.00, 0.00, 0.00, 0.00
2026-8-7, 13:40:00.000000, 29698.25, 29701.50, 29678.75, 29681.25, 1650, 1555, 29689.94, 29687.17, 29690.13, 891, 759, 0.00, 0.00, 0.00, 0.00, 0.00, 0.00, 0.00, 0.00, 0.00, 0.00
2026-8-7, 13:45:00.000000, 29681.50, 29701.50, 29676.50, 29699.25, 2140, 2050, 29689.69, 29692.42, 29689.00, 1020, 1120, 0.00, 0.00, 0.00, 0.00, 0.00, 0.00, 0.00, 0.00, 0.00, 0.00
2026-8-7, 13:50:00.000000, 29699.00, 29711.50, 29695.00, 29697.50, 1792, 1686, 29700.75, 29701.33, 29703.25, 907, 885, 0.00, 0.00, 0.00, 0.00, 0.00, 0.00, 0.00, 0.00, 0.00, 0.00
2026-8-7, 13:55:00.000000, 29698.25, 29729.00, 29690.00, 29725.00, 2416, 2304, 29710.56, 29714.67, 29709.50, 1014, 1402, 0.00, 0.00, 0.00, 0.00, 0.00, 0.00, 0.00, 0.00, 0.00, 0.00
2026-8-10, 08:30:00.000000, 29805.50, 29841.75, 29737.00, 29740.75, 13761, 12686, 29781.25, 29773.17, 29789.38, 6883, 6878, 0.00, 0.00, 0.00, 0.00, 0.00, 0.00, 0.00, 0.00, 0.00, 0.00
2026-8-10, 08:35:00.000000, 29741.25, 29811.25, 29727.75, 29764.25, 13352, 12159, 29761.13, 29767.75, 29769.50, 7154, 6198, 0.00, 0.00, 0.00, 0.00, 0.00, 0.00, 0.00, 0.00, 0.00, 0.00
2026-8-10, 08:40:00.000000, 29763.00, 29788.00, 29718.75, 29776.00, 10236, 9374, 29761.44, 29760.92, 29753.38, 4881, 5355, 0.00, 0.00, 0.00, 0.00, 0.00, 0.00, 0.00, 0.00, 0.00, 0.00
2026-8-10, 08:45:00.000000, 29775.75, 29828.00, 29767.50, 29817.75, 7938, 7601, 29797.25, 29804.42, 29797.75, 3786, 4152, 0.00, 0.00, 0.00, 0.00, 0.00, 0.00, 0.00, 0.00, 0.00, 0.00
2026-8-10, 08:50:00.000000, 29817.25, 29832.75, 29754.50, 29776.50, 9500, 9012, 29795.25, 29787.92, 29793.63, 5012, 4488, 0.00, 0.00, 0.00, 0.00, 0.00, 0.00, 0.00, 0.00, 0.00, 0.00
2026-8-10, 08:55:00.000000, 29777.50, 29819.00, 29756.25, 29806.75, 6545, 6307, 29789.88, 29794.00, 29787.63, 3244, 3301, 0.00, 0.00, 0.00, 0.00, 0.00, 0.00, 0.00, 0.00, 0.00, 0.00
2026-8-10, 09:00:00.000000, 29807.00, 29831.50, 29788.25, 29819.00, 6669, 6403, 29811.44, 29812.92, 29809.88, 3333, 3336, 0.00, 0.00, 0.00, 0.00, 0.00, 0.00, 0.00, 0.00, 0.00, 0.00
2026-8-10, 09:05:00.000000, 29819.25, 29875.75, 29817.00, 29874.25, 7346, 6690, 29846.56, 29855.67, 29846.38, 3486, 3860, 0.00, 0.00, 0.00, 0.00, 0.00, 0.00, 0.00, 0.00, 0.00, 0.00
2026-8-10, 09:10:00.000000, 29874.75, 29892.00, 29870.00, 29881.50, 5193, 4849, 29879.56, 29881.17, 29881.00, 2593, 2600, 0.00, 0.00, 0.00, 0.00, 0.00, 0.00, 0.00, 0.00, 0.00, 0.00
2026-8-10, 09:15:00.000000, 29882.00, 29900.00, 29855.25, 29862.25, 6004, 5670, 29874.88, 29872.50, 29877.63, 3154, 2850, 0.00, 0.00, 0.00, 0.00, 0.00, 0.00, 0.00, 0.00, 0.00, 0.00
2026-8-10, 09:20:00.000000, 29863.00, 29884.50, 29827.00, 29837.75, 5634, 5316, 29853.06, 29849.75, 29855.75, 3034, 2600, 0.00, 0.00, 0.00, 0.00, 0.00, 0.00, 0.00, 0.00, 0.00, 0.00
2026-8-10, 09:25:00.000000, 29838.75, 29869.50, 29814.75, 29857.75, 6389, 6065, 29845.19, 29847.33, 29842.13, 3045, 3344, 0.00, 0.00, 0.00, 0.00, 0.00, 0.00, 0.00, 0.00, 0.00, 0.00
2026-8-10, 09:30:00.000000, 29858.25, 29882.00, 29850.00, 29861.50, 4601, 4345, 29862.94, 29864.50, 29866.00, 2275, 2326, 0.00, 0.00, 0.00, 0.00, 0.00, 0.00, 0.00, 0.00, 0.00, 0.00
2026-8-10, 09:35:00.000000, 29861.25, 29892.25, 29846.75, 29860.00, 5126, 4879, 29865.06, 29866.33, 29869.50, 2346, 2780, 0.00, 0.00, 0.00, 0.00, 0.00, 0.00, 0.00, 0.00, 0.00, 0.00
2026-8-10, 09:40:00.000000, 29859.75, 29883.00, 29855.00, 29866.75, 3371, 3202, 29866.13, 29868.25, 29869.00, 1657, 1714, 0.00, 0.00, 0.00, 0.00, 0.00, 0.00, 0.00, 0.00, 0.00, 0.00
2026-8-10, 09:45:00.000000, 29866.50, 29886.00, 29862.50, 29870.25, 3079, 2861, 29871.31, 29872.92, 29874.25, 1516, 1563, 0.00, 0.00, 0.00, 0.00, 0.00, 0.00, 0.00, 0.00, 0.00, 0.00
2026-8-10, 09:50:00.000000, 29870.25, 29877.25, 29794.75, 29795.75, 5630, 5314, 29834.50, 29822.58, 29836.00, 3112, 2518, 0.00, 0.00, 0.00, 0.00, 0.00, 0.00, 0.00, 0.00, 0.00, 0.00
2026-8-10, 09:55:00.000000, 29795.00, 29816.00, 29777.75, 29779.75, 5841, 5509, 29792.13, 29791.17, 29796.88, 2963, 2878, 0.00, 0.00, 0.00, 0.00, 0.00, 0.00, 0.00, 0.00, 0.00, 0.00
2026-8-10, 10:00:00.000000, 29780.00, 29815.50, 29771.25, 29800.00, 6157, 5778, 29791.69, 29795.58, 29793.38, 2882, 3275, 0.00, 0.00, 0.00, 0.00, 0.00, 0.00, 0.00, 0.00, 0.00, 0.00
2026-8-10, 10:05:00.000000, 29800.00, 29822.50, 29782.75, 29782.75, 4041, 3810, 29797.00, 29796.00, 29802.63, 2017, 2024, 0.00, 0.00, 0.00, 0.00, 0.00, 0.00, 0.00, 0.00, 0.00, 0.00
2026-8-10, 10:10:00.000000, 29782.50, 29807.00, 29766.00, 29793.25, 4334, 4119, 29787.19, 29788.75, 29786.50, 2076, 2258, 0.00, 0.00, 0.00, 0.00, 0.00, 0.00, 0.00, 0.00, 0.00, 0.00
2026-8-10, 10:15:00.000000, 29793.25, 29817.25, 29790.00, 29799.75, 3708, 3433, 29800.06, 29802.33, 29803.63, 1790, 1918, 0.00, 0.00, 0.00, 0.00, 0.00, 0.00, 0.00, 29822.25, 0.00, 0.00
2026-8-10, 10:20:00.000000, 29799.75, 29809.00, 29773.50, 29783.75, 3192, 2993, 29791.50, 29788.75, 29791.25, 1663, 1529, 0.00, 0.00, 0.00, 0.00, 0.00, 0.00, 0.00, 0.00, 0.00, 0.00
2026-8-10, 10:25:00.000000, 29783.75, 29788.00, 29753.50, 29777.75, 3900, 3695, 29775.75, 29773.08, 29770.75, 1991, 1909, 0.00, 0.00, 0.00, 0.00, 0.00, 0.00, 0.00, 0.00, 0.00, 0.00
2026-8-10, 10:30:00.000000, 29777.00, 29787.75, 29747.75, 29750.75, 3307, 3156, 29765.81, 29762.08, 29767.75, 1737, 1570, 0.00, 0.00, 0.00, 0.00, 0.00, 0.00, 0.00, 0.00, 0.00, 0.00
2026-8-10, 10:35:00.000000, 29751.25, 29770.00, 29740.75, 29761.75, 2966, 2776, 29755.94, 29757.50, 29755.38, 1499, 1467, 0.00, 0.00, 0.00, 0.00, 0.00, 0.00, 0.00, 0.00, 0.00, 0.00
2026-8-10, 10:40:00.000000, 29762.00, 29809.00, 29753.00, 29808.25, 3898, 3545, 29783.06, 29790.08, 29781.00, 1619, 2279, 0.00, 0.00, 0.00, 0.00, 0.00, 0.00, 0.00, 0.00, 0.00, 0.00
2026-8-10, 10:45:00.000000, 29808.25, 29818.00, 29786.25, 29796.00, 3504, 3283, 29802.13, 29800.08, 29802.13, 1729, 1775, 0.00, 0.00, 0.00, 0.00, 0.00, 0.00, 0.00, 0.00, 0.00, 0.00
2026-8-10, 10:50:00.000000, 29795.50, 29848.50, 29793.50, 29846.50, 3922, 3628, 29821.00, 29829.50, 29821.00, 1538, 2384, 0.00, 0.00, 0.00, 0.00, 0.00, 0.00, 0.00, 0.00, 0.00, 0.00
2026-8-10, 10:55:00.000000, 29846.25, 29854.50, 29837.50, 29844.00, 2607, 2496, 29845.56, 29845.33, 29846.00, 1225, 1382, 0.00, 0.00, 0.00, 0.00, 0.00, 0.00, 0.00, 0.00, 0.00, 0.00
2026-8-10, 11:00:00.000000, 29844.50, 29858.75, 29841.25, 29848.00, 2447, 2313, 29848.13, 29849.33, 29850.00, 1165, 1282, 0.00, 29855.00, 0.00, 0.00, 0.00, 0.00, 0.00, 0.00, 0.00, 0.00
2026-8-10, 11:05:00.000000, 29848.50, 29850.00, 29816.50, 29826.25, 2840, 2668, 29835.31, 29830.92, 29833.25, 1482, 1358, 0.00, 0.00, 0.00, 0.00, 0.00, 0.00, 0.00, 0.00, 0.00, 0.00
2026-8-10, 11:10:00.000000, 29826.00, 29833.00, 29811.75, 29822.00, 2121, 2035, 29823.19, 29822.25, 29822.38, 1070, 1051, 0.00, 0.00, 0.00, 0.00, 0.00, 0.00, 0.00, 0.00, 0.00, 0.00
2026-8-10, 11:15:00.000000, 29822.00, 29835.00, 29804.75, 29821.25, 2736, 2590, 29820.75, 29820.33, 29819.88, 1343, 1393, 0.00, 0.00, 0.00, 0.00, 0.00, 0.00, 0.00, 0.00, 0.00, 0.00
2026-8-10, 11:20:00.000000, 29821.50, 29841.00, 29816.00, 29839.25, 1957, 1826, 29829.44, 29832.08, 29828.50, 867, 1090, 0.00, 0.00, 0.00, 0.00, 0.00, 0.00, 0.00, 0.00, 0.00, 0.00
2026-8-10, 11:25:00.000000, 29839.75, 29843.50, 29807.50, 29809.75, 2529, 2301, 29825.13, 29820.25, 29825.50, 1414, 1115, 0.00, 0.00, 0.00, 0.00, 0.00, 0.00, 0.00, 0.00, 0.00, 0.00
2026-8-10, 11:30:00.000000, 29809.50, 29817.00, 29744.00, 29778.25, 5323, 5035, 29787.19, 29779.75, 29780.50, 3119, 2204, 0.00, 0.00, 0.00, 0.00, 0.00, 0.00, 0.00, 0.00, 0.00, 0.00
2026-8-10, 11:35:00.000000, 29778.75, 29796.00, 29760.75, 29769.50, 3300, 3155, 29776.25, 29775.42, 29778.38, 1704, 1596, 0.00, 0.00, 0.00, 0.00, 0.00, 0.00, 0.00, 0.00, 0.00, 0.00
2026-8-10, 11:40:00.000000, 29769.25, 29774.25, 29729.50, 29742.25, 4262, 3849, 29753.81, 29748.67, 29751.88, 2144, 2118, 0.00, 0.00, 0.00, 0.00, 0.00, 0.00, 0.00, 0.00, 0.00, 0.00
2026-8-10, 11:45:00.000000, 29742.75, 29768.50, 29733.00, 29767.00, 3525, 3279, 29752.81, 29756.17, 29750.75, 1620, 1905, 0.00, 0.00, 0.00, 0.00, 0.00, 0.00, 0.00, 0.00, 0.00, 0.00
2026-8-10, 11:50:00.000000, 29766.50, 29768.00, 29741.75, 29755.25, 2430, 2186, 29757.88, 29755.00, 29754.88, 1244, 1186, 0.00, 0.00, 0.00, 0.00, 0.00, 0.00, 0.00, 0.00, 0.00, 0.00
2026-8-10, 11:55:00.000000, 29756.00, 29781.00, 29756.00, 29780.00, 2524, 2388, 29768.25, 29772.33, 29768.50, 1142, 1382, 0.00, 0.00, 0.00, 0.00, 0.00, 0.00, 0.00, 0.00, 0.00, 0.00
2026-8-10, 12:00:00.000000, 29780.25, 29783.75, 29760.75, 29774.00, 2507, 2385, 29774.69, 29772.83, 29772.25, 1226, 1281, 0.00, 0.00, 0.00, 0.00, 0.00, 0.00, 0.00, 0.00, 0.00, 0.00
2026-8-10, 12:05:00.000000, 29773.75, 29802.00, 29769.75, 29800.50, 2847, 2291, 29786.50, 29790.75, 29785.88, 1003, 1844, 0.00, 0.00, 0.00, 0.00, 0.00, 0.00, 0.00, 0.00, 0.00, 0.00
2026-8-10, 12:10:00.000000, 29800.75, 29809.00, 29793.00, 29800.75, 2250, 2090, 29800.88, 29800.92, 29801.00, 1082, 1168, 0.00, 0.00, 0.00, 0.00, 0.00, 29816.25, 0.00, 29816.25, 0.00, 0.00
2026-8-10, 12:15:00.000000, 29800.75, 29811.25, 29789.50, 29796.00, 1869, 1719, 29799.38, 29798.92, 29800.38, 900, 969, 0.00, 0.00, 0.00, 0.00, 0.00, 0.00, 0.00, 0.00, 0.00, 29816.25
2026-8-10, 12:20:00.000000, 29796.50, 29804.50, 29792.00, 29796.75, 1322, 1239, 29797.44, 29797.75, 29798.25, 619, 703, 0.00, 0.00, 0.00, 0.00, 0.00, 0.00, 0.00, 0.00, 0.00, 0.00
2026-8-10, 12:25:00.000000, 29797.00, 29799.75, 29776.25, 29787.50, 2066, 1945, 29790.13, 29787.83, 29788.00, 1090, 976, 0.00, 0.00, 0.00, 0.00, 0.00, 0.00, 0.00, 0.00, 0.00, 0.00
2026-8-10, 12:30:00.000000, 29786.75, 29796.50, 29784.75, 29787.75, 1443, 1361, 29788.94, 29789.67, 29790.63, 720, 723, 0.00, 0.00, 0.00, 0.00, 0.00, 0.00, 0.00, 0.00, 0.00, 0.00
2026-8-10, 12:35:00.000000, 29788.00, 29790.75, 29763.75, 29769.50, 2198, 1895, 29778.00, 29774.67, 29777.25, 1240, 958, 0.00, 0.00, 0.00, 0.00, 0.00, 0.00, 0.00, 0.00, 0.00, 0.00
2026-8-10, 12:40:00.000000, 29770.00, 29778.50, 29756.00, 29759.50, 1659, 1577, 29766.00, 29764.67, 29767.25, 825, 834, 0.00, 0.00, 0.00, 0.00, 0.00, 0.00, 0.00, 0.00, 0.00, 0.00
2026-8-10, 12:45:00.000000, 29760.00, 29763.50, 29752.75, 29753.00, 1708, 1554, 29757.31, 29756.42, 29758.13, 896, 812, 0.00, 0.00, 0.00, 0.00, 0.00, 0.00, 0.00, 0.00, 0.00, 0.00
2026-8-10, 12:50:00.000000, 29754.00, 29761.75, 29744.25, 29752.25, 2086, 1946, 29753.06, 29752.75, 29753.00, 1042, 1044, 0.00, 0.00, 0.00, 0.00, 0.00, 0.00, 0.00, 0.00, 0.00, 0.00
2026-8-10, 12:55:00.000000, 29753.00, 29765.25, 29745.75, 29759.75, 1644, 1526, 29755.94, 29756.92, 29755.50, 796, 848, 0.00, 0.00, 0.00, 0.00, 0.00, 0.00, 0.00, 0.00, 0.00, 0.00
2026-8-10, 13:00:00.000000, 29759.00, 29768.25, 29750.00, 29754.50, 1567, 1483, 29757.94, 29757.58, 29759.13, 760, 807, 0.00, 0.00, 0.00, 0.00, 0.00, 0.00, 0.00, 0.00, 0.00, 0.00
2026-8-10, 13:05:00.000000, 29754.50, 29770.00, 29748.50, 29766.25, 1323, 1236, 29759.81, 29761.58, 29759.25, 625, 698, 0.00, 0.00, 0.00, 0.00, 0.00, 0.00, 0.00, 0.00, 0.00, 0.00
2026-8-10, 13:10:00.000000, 29765.00, 29772.75, 29750.00, 29751.25, 1452, 1394, 29759.75, 29758.00, 29761.38, 750, 702, 0.00, 0.00, 0.00, 0.00, 0.00, 0.00, 0.00, 0.00, 0.00, 0.00
2026-8-10, 13:15:00.000000, 29751.75, 29756.50, 29742.75, 29747.25, 1724, 1577, 29749.56, 29748.83, 29749.63, 871, 853, 0.00, 0.00, 0.00, 0.00, 0.00, 0.00, 0.00, 0.00, 0.00, 0.00
2026-8-10, 13:20:00.000000, 29747.00, 29755.75, 29742.50, 29750.00, 1324, 1240, 29748.81, 29749.42, 29749.13, 622, 702, 0.00, 0.00, 0.00, 0.00, 0.00, 0.00, 0.00, 0.00, 0.00, 0.00
2026-8-10, 13:25:00.000000, 29750.75, 29756.00, 29743.50, 29747.75, 1036, 981, 29749.50, 29749.08, 29749.75, 524, 512, 0.00, 0.00, 0.00, 0.00, 0.00, 0.00, 0.00, 0.00, 0.00, 0.00
2026-8-10, 13:30:00.000000, 29747.50, 29765.00, 29741.50, 29763.00, 2132, 1941, 29754.25, 29756.50, 29753.25, 1021, 1111, 0.00, 0.00, 0.00, 0.00, 0.00, 0.00, 0.00, 0.00, 0.00, 0.00
2026-8-10, 13:35:00.000000, 29763.25, 29771.00, 29746.25, 29755.25, 1772, 1657, 29758.94, 29757.50, 29758.63, 862, 910, 0.00, 0.00, 0.00, 0.00, 0.00, 0.00, 0.00, 0.00, 0.00, 0.00
2026-8-10, 13:40:00.000000, 29755.50, 29773.50, 29753.75, 29771.75, 1779, 1605, 29763.63, 29766.33, 29763.63, 782, 997, 0.00, 0.00, 0.00, 0.00, 0.00, 0.00, 0.00, 0.00, 0.00, 0.00
2026-8-10, 13:45:00.000000, 29772.00, 29774.00, 29759.75, 29765.25, 1346, 1216, 29767.75, 29766.33, 29766.88, 624, 722, 0.00, 0.00, 0.00, 0.00, 0.00, 0.00, 0.00, 0.00, 0.00, 0.00
2026-8-10, 13:50:00.000000, 29765.50, 29780.00, 29765.50, 29775.00, 1437, 1355, 29771.50, 29773.50, 29772.75, 648, 789, 0.00, 0.00, 0.00, 0.00, 0.00, 0.00, 0.00, 0.00, 0.00, 0.00
2026-8-10, 13:55:00.000000, 29775.25, 29784.50, 29767.50, 29782.00, 1726, 1652, 29777.31, 29778.00, 29776.00, 804, 922, 0.00, 0.00, 0.00, 0.00, 0.00, 0.00, 0.00, 0.00, 0.00, 0.00
2026-8-11, 08:30:00.000000, 29839.25, 29842.50, 29726.50, 29737.50, 16229, 15393, 29786.44, 29768.83, 29784.50, 8410, 7819, 0.00, 0.00, 0.00, 0.00, 0.00, 0.00, 0.00, 0.00, 0.00, 0.00
2026-8-11, 08:35:00.000000, 29736.75, 29743.00, 29679.00, 29702.25, 12219, 11518, 29715.25, 29708.08, 29711.00, 6253, 5966, 0.00, 0.00, 0.00, 0.00, 0.00, 0.00, 0.00, 0.00, 0.00, 0.00
2026-8-11, 08:40:00.000000, 29701.75, 29756.25, 29700.25, 29723.25, 10524, 10011, 29720.38, 29726.58, 29728.25, 5172, 5352, 0.00, 0.00, 0.00, 0.00, 0.00, 0.00, 0.00, 0.00, 0.00, 0.00
2026-8-11, 08:45:00.000000, 29723.75, 29725.00, 29631.75, 29660.75, 13420, 12361, 29685.31, 29672.50, 29678.38, 7171, 6249, 0.00, 0.00, 0.00, 0.00, 0.00, 0.00, 0.00, 0.00, 29645.75, 0.00
2026-8-11, 08:50:00.000000, 29659.75, 29696.00, 29643.50, 29663.75, 8606, 8242, 29665.75, 29667.75, 29669.75, 4186, 4420, 0.00, 0.00, 0.00, 0.00, 0.00, 0.00, 0.00, 0.00, 0.00, 0.00
2026-8-11, 08:55:00.000000, 29664.00, 29735.00, 29657.00, 29732.75, 8147, 7538, 29697.19, 29708.25, 29696.00, 3727, 4420, 0.00, 0.00, 0.00, 0.00, 0.00, 0.00, 0.00, 0.00, 0.00, 0.00
2026-8-11, 09:00:00.000000, 29732.50, 29770.75, 29718.25, 29756.75, 8109, 7457, 29744.56, 29748.58, 29744.50, 3902, 4207, 0.00, 0.00, 0.00, 0.00, 0.00, 0.00, 0.00, 0.00, 0.00, 0.00
2026-8-11, 09:05:00.000000, 29756.50, 29792.50, 29752.00, 29778.00, 6944, 6357, 29769.75, 29774.17, 29772.25, 3303, 3641, 0.00, 0.00, 0.00, 0.00, 0.00, 0.00, 0.00, 0.00, 0.00, 0.00
2026-8-11, 09:10:00.000000, 29778.50, 29790.50, 29757.00, 29763.00, 5048, 4703, 29772.25, 29770.17, 29773.75, 2723, 2325, 0.00, 0.00, 0.00, 0.00, 0.00, 0.00, 0.00, 0.00, 0.00, 0.00
2026-8-11, 09:15:00.000000, 29762.00, 29791.75, 29740.00, 29749.00, 8146, 7658, 29760.69, 29760.25, 29765.88, 4200, 3946, 0.00, 0.00, 0.00, 0.00, 0.00, 0.00, 0.00, 0.00, 0.00, 0.00
2026-8-11, 09:20:00.000000, 29749.25, 29773.50, 29737.50, 29748.00, 5984, 5660, 29752.06, 29753.00, 29755.50, 2997, 2987, 0.00, 0.00, 0.00, 0.00, 0.00, 0.00, 0.00, 0.00, 0.00, 0.00
2026-8-11, 09:25:00.000000, 29748.25, 29782.00, 29742.25, 29777.25, 4515, 4249, 29762.44, 29767.17, 29762.13, 2077, 2438, 0.00, 0.00, 0.00, 0.00, 0.00, 0.00, 0.00, 0.00, 0.00, 0.00
2026-8-11, 09:30:00.000000, 29777.75, 29785.25, 29732.50, 29772.75, 5969, 5573, 29767.06, 29763.50, 29758.88, 3029, 2940, 0.00, 0.00, 0.00, 0.00, 0.00, 0.00, 0.00, 0.00, 0.00, 0.00
2026-8-11, 09:35:00.000000, 29772.50, 29778.25, 29741.75, 29744.00, 4534, 4270, 29759.13, 29754.67, 29760.00, 2257, 2277, 0.00, 0.00, 0.00, 0.00, 0.00, 0.00, 0.00, 0.00, 0.00, 0.00
2026-8-11, 09:40:00.000000, 29744.75, 29758.75, 29728.25, 29742.75, 4808, 4590, 29743.63, 29743.25, 29743.50, 2325, 2483, 0.00, 0.00, 0.00, 0.00, 0.00, 0.00, 0.00, 0.00, 0.00, 0.00
2026-8-11, 09:45:00.000000, 29741.75, 29783.25, 29740.50, 29780.00, 4672, 4349, 29761.38, 29767.92, 29761.88, 2109, 2563, 0.00, 0.00, 0.00, 0.00, 0.00, 0.00, 0.00, 0.00, 0.00, 0.00
2026-8-11, 09:50:00.000000, 29780.00, 29804.75, 29765.25, 29794.50, 5612, 5364, 29786.13, 29788.17, 29785.00, 2707, 2905, 0.00, 0.00, 0.00, 0.00, 0.00, 0.00, 0.00, 29809.75, 0.00, 0.00
2026-8-11, 09:55:00.000000, 29793.75, 29804.00, 29772.50, 29777.00, 3489, 3320, 29786.81, 29784.50, 29788.25, 1818, 1671, 0.00, 0.00, 0.00, 0.00, 0.00, 0.00, 0.00, 0.00, 0.00, 29802.25
2026-8-11, 10:00:00.000000, 29776.50, 29792.25, 29771.50, 29776.75, 3874, 3574, 29779.25, 29780.17, 29781.88, 1844, 2030, 0.00, 29797.25, 0.00, 0.00, 0.00, 0.00, 0.00, 0.00, 0.00, 0.00
2026-8-11, 10:05:00.000000, 29776.75, 29777.25, 29712.50, 29713.50, 6749, 6410, 29745.00, 29734.42, 29744.88, 3759, 2990, 0.00, 0.00, 0.00, 0.00, 0.00, 0.00, 0.00, 0.00, 0.00, 0.00
2026-8-11, 10:10:00.000000, 29713.75, 29728.00, 29703.25, 29712.25, 4895, 4619, 29714.31, 29714.50, 29715.63, 2344, 2551, 0.00, 0.00, 0.00, 0.00, 0.00, 0.00, 0.00, 0.00, 0.00, 0.00
2026-8-11, 10:15:00.000000, 29711.00, 29718.75, 29697.50, 29708.75, 4445, 4008, 29709.00, 29708.33, 29708.13, 2256, 2189, 0.00, 0.00, 0.00, 0.00, 0.00, 0.00, 0.00, 0.00, 0.00, 0.00
2026-8-11, 10:20:00.000000, 29709.00, 29735.25, 29702.00, 29707.25, 4154, 3901, 29713.38, 29714.83, 29718.63, 1927, 2227, 0.00, 0.00, 0.00, 0.00, 0.00, 0.00, 0.00, 0.00, 0.00, 0.00
2026-8-11, 10:25:00.000000, 29706.25, 29722.25, 29701.75, 29702.25, 3163, 3033, 29708.13, 29708.75, 29712.00, 1500, 1663, 0.00, 0.00, 0.00, 0.00, 0.00, 0.00, 0.00, 0.00, 0.00, 0.00
2026-8-11, 10:30:00.000000, 29703.00, 29719.50, 29666.25, 29674.25, 5198, 4939, 29690.75, 29686.67, 29692.88, 2804, 2394, 0.00, 0.00, 0.00, 29705.25, 0.00, 0.00, 0.00, 0.00, 0.00, 0.00
2026-8-11, 10:35:00.000000, 29673.75, 29693.00, 29666.75, 29670.00, 4114, 3857, 29675.88, 29676.58, 29679.88, 2002, 2112, 0.00, 0.00, 0.00, 0.00, 0.00, 0.00, 0.00, 0.00, 0.00, 0.00
2026-8-11, 10:40:00.000000, 29670.50, 29695.50, 29663.75, 29693.00, 3471, 3264, 29680.69, 29684.08, 29679.63, 1631, 1840, 0.00, 0.00, 0.00, 0.00, 0.00, 0.00, 0.00, 0.00, 0.00, 0.00
2026-8-11, 10:45:00.000000, 29693.25, 29693.75, 29667.50, 29667.50, 3119, 2933, 29680.50, 29676.25, 29680.63, 1738, 1381, 0.00, 0.00, 0.00, 0.00, 0.00, 0.00, 0.00, 0.00, 0.00, 0.00
2026-8-11, 10:50:00.000000, 29667.50, 29685.75, 29661.25, 29666.50, 3636, 3418, 29670.25, 29671.17, 29673.50, 1902, 1734, 0.00, 0.00, 0.00, 0.00, 0.00, 0.00, 0.00, 0.00, 0.00, 0.00
2026-8-11, 10:55:00.000000, 29666.50, 29676.00, 29658.75, 29663.25, 3173, 2988, 29666.13, 29666.00, 29667.38, 1602, 1571, 0.00, 0.00, 0.00, 0.00, 0.00, 0.00, 0.00, 0.00, 0.00, 0.00
2026-8-11, 11:00:00.000000, 29663.75, 29674.50, 29647.75, 29652.25, 3339, 3204, 29659.56, 29658.17, 29661.13, 1782, 1557, 0.00, 0.00, 0.00, 0.00, 0.00, 0.00, 0.00, 0.00, 0.00, 0.00
2026-8-11, 11:05:00.000000, 29652.25, 29681.00, 29651.25, 29679.00, 3178, 3019, 29665.88, 29670.42, 29666.13, 1438, 1740, 0.00, 0.00, 0.00, 0.00, 0.00, 0.00, 0.00, 0.00, 0.00, 0.00
2026-8-11, 11:10:00.000000, 29679.00, 29681.75, 29649.50, 29652.50, 2774, 2647, 29665.69, 29661.25, 29665.63, 1435, 1339, 0.00, 0.00, 0.00, 0.00, 0.00, 0.00, 0.00, 0.00, 0.00, 0.00
2026-8-11, 11:15:00.000000, 29652.75, 29669.75, 29643.00, 29648.75, 2375, 2228, 29653.56, 29653.83, 29656.38, 1240, 1135, 0.00, 0.00, 0.00, 0.00, 0.00, 0.00, 0.00, 0.00, 0.00, 0.00
2026-8-11, 11:20:00.000000, 29648.50, 29661.25, 29640.00, 29643.00, 3406, 3185, 29648.19, 29648.08, 29650.63, 1675, 1731, 0.00, 0.00, 0.00, 0.00, 0.00, 0.00, 0.00, 0.00, 0.00, 0.00
2026-8-11, 11:25:00.000000, 29642.75, 29647.25, 29622.00, 29645.75, 4473, 4006, 29639.44, 29638.33, 29634.63, 2193, 2280, 0.00, 0.00, 0.00, 0.00, 0.00, 0.00, 0.00, 0.00, 0.00, 0.00
2026-8-11, 11:30:00.000000, 29645.75, 29650.50, 29630.75, 29633.25, 2212, 2137, 29640.06, 29638.17, 29640.63, 1125, 1087, 0.00, 0.00, 0.00, 0.00, 0.00, 0.00, 0.00, 0.00, 0.00, 0.00
2026-8-11, 11:35:00.000000, 29634.00, 29666.75, 29632.25, 29661.50, 2926, 2779, 29648.63, 29653.50, 29649.50, 1227, 1699, 0.00, 0.00, 0.00, 0.00, 0.00, 0.00, 0.00, 0.00, 0.00, 0.00
2026-8-11, 11:40:00.000000, 29662.00, 29662.00, 29634.00, 29637.00, 2636, 2459, 29648.75, 29644.33, 29648.00, 1383, 1253, 0.00, 0.00, 0.00, 0.00, 0.00, 0.00, 0.00, 0.00, 0.00, 0.00
2026-8-11, 11:45:00.000000, 29637.00, 29638.50, 29614.75, 29632.50, 3409, 3204, 29630.69, 29628.58, 29626.63, 1795, 1614, 0.00, 0.00, 0.00, 0.00, 0.00, 0.00, 0.00, 0.00, 0.00, 0.00
2026-8-11, 11:50:00.000000, 29632.75, 29643.00, 29630.00, 29641.50, 3060, 2917, 29636.81, 29638.17, 29636.50, 1441, 1619, 0.00, 0.00, 0.00, 0.00, 0.00, 0.00, 0.00, 0.00, 0.00, 0.00
2026-8-11, 11:55:00.000000, 29642.00, 29642.50, 29622.25, 29626.00, 3189, 3005, 29633.19, 29630.25, 29632.38, 1646, 1543, 0.00, 0.00, 0.00, 0.00, 0.00, 0.00, 0.00, 0.00, 0.00, 0.00
2026-8-11, 12:00:00.000000, 29626.75, 29634.75, 29604.75, 29605.50, 3423, 3162, 29617.94, 29615.00, 29619.75, 1733, 1690, 0.00, 0.00, 0.00, 0.00, 0.00, 0.00, 0.00, 0.00, 0.00, 0.00
2026-8-11, 12:05:00.000000, 29605.50, 29623.50, 29602.75, 29613.25, 2257, 2113, 29611.25, 29613.17, 29613.13, 1045, 1212, 0.00, 0.00, 0.00, 0.00, 0.00, 0.00, 0.00, 0.00, 0.00, 0.00
2026-8-11, 12:10:00.000000, 29612.00, 29612.25, 29577.00, 29578.25, 3468, 3285, 29594.88, 29589.17, 29594.63, 1945, 1523, 0.00, 0.00, 0.00, 0.00, 0.00, 0.00, 0.00, 0.00, 0.00, 0.00
2026-8-11, 12:15:00.000000, 29578.25, 29608.00, 29573.00, 29600.50, 3738, 3518, 29589.94, 29593.83, 29590.50, 1711, 2027, 0.00, 0.00, 0.00, 0.00, 0.00, 0.00, 0.00, 0.00, 0.00, 0.00
2026-8-11, 12:20:00.000000, 29601.25, 29617.50, 29592.25, 29607.75, 3310, 3139, 29604.69, 29605.83, 29604.88, 1583, 1727, 0.00, 0.00, 0.00, 0.00, 0.00, 0.00, 0.00, 0.00, 0.00, 0.00
2026-8-11, 12:25:00.000000, 29607.25, 29618.00, 29598.25, 29606.00, 3052, 2747, 29607.38, 29607.42, 29608.13, 1696, 1356, 0.00, 0.00, 0.00, 0.00, 0.00, 0.00, 0.00, 0.00, 0.00, 0.00
2026-8-11, 12:30:00.000000, 29606.50, 29615.00, 29598.75, 29614.00, 2119, 1929, 29608.56, 29609.25, 29606.88, 1029, 1090, 0.00, 0.00, 0.00, 0.00, 0.00, 0.00, 0.00, 0.00, 0.00, 0.00
2026-8-11, 12:35:00.000000, 29614.50, 29629.00, 29604.75, 29611.00, 2902, 2739, 29614.81, 29614.92, 29616.88, 1450, 1452, 0.00, 0.00, 0.00, 0.00, 0.00, 0.00, 0.00, 0.00, 0.00, 0.00
2026-8-11, 12:40:00.000000, 29611.75, 29638.00, 29609.25, 29634.25, 2445, 2231, 29623.31, 29627.17, 29623.63, 1107, 1338, 0.00, 0.00, 0.00, 0.00, 0.00, 0.00, 0.00, 0.00, 0.00, 0.00
2026-8-11, 12:45:00.000000, 29634.50, 29640.75, 29624.50, 29629.75, 2220, 2044, 29632.38, 29631.67, 29632.63, 1072, 1148, 0.00, 0.00, 0.00, 0.00, 0.00, 0.00, 0.00, 0.00, 0.00, 0.00
2026-8-11, 12:50:00.000000, 29630.00, 29639.50, 29630.00, 29638.75, 1398, 1341, 29634.56, 29636.08, 29634.75, 686, 712, 0.00, 0.00, 0.00, 0.00, 0.00, 0.00, 0.00, 0.00, 0.00, 0.00
2026-8-11, 12:55:00.000000, 29638.75, 29639.75, 29622.25, 29628.75, 2034, 1887, 29632.38, 29630.25, 29631.00, 1059, 975, 0.00, 0.00, 0.00, 0.00, 0.00, 0.00, 0.00, 0.00, 0.00, 0.00
2026-8-11, 13:00:00.000000, 29629.25, 29635.75, 29618.00, 29630.00, 2768, 2600, 29628.25, 29627.92, 29626.88, 1415, 1353, 0.00, 0.00, 0.00, 0.00, 0.00, 0.00, 0.00, 0.00, 0.00, 0.00
2026-8-11, 13:05:00.000000, 29630.25, 29634.25, 29602.00, 29605.00, 3040, 2802, 29617.88, 29613.75, 29618.13, 1747, 1293, 0.00, 0.00, 0.00, 0.00, 0.00, 0.00, 0.00, 0.00, 0.00, 0.00
2026-8-11, 13:10:00.000000, 29604.75, 29614.75, 29602.50, 29607.75, 1852, 1713, 29607.44, 29608.33, 29608.63, 874, 978, 0.00, 0.00, 0.00, 0.00, 0.00, 0.00, 0.00, 0.00, 0.00, 0.00
2026-8-11, 13:15:00.000000, 29608.00, 29614.00, 29601.25, 29604.25, 1763, 1689, 29606.88, 29606.50, 29607.63, 863, 900, 0.00, 0.00, 0.00, 0.00, 0.00, 0.00, 0.00, 0.00, 0.00, 0.00
2026-8-11, 13:20:00.000000, 29604.25, 29604.25, 29574.00, 29583.50, 3411, 3216, 29591.50, 29587.25, 29589.13, 1871, 1540, 0.00, 0.00, 0.00, 0.00, 0.00, 0.00, 0.00, 0.00, 0.00, 0.00
2026-8-11, 13:25:00.000000, 29583.75, 29587.25, 29533.50, 29544.25, 5203, 4671, 29562.19, 29555.00, 29560.38, 3026, 2177, 0.00, 0.00, 0.00, 0.00, 0.00, 0.00, 0.00, 0.00, 0.00, 0.00
2026-8-11, 13:30:00.000000, 29545.00, 29570.25, 29540.00, 29568.75, 4167, 3844, 29556.00, 29559.67, 29555.13, 1821, 2346, 0.00, 0.00, 0.00, 0.00, 0.00, 0.00, 0.00, 0.00, 0.00, 0.00
2026-8-11, 13:35:00.000000, 29568.75, 29576.75, 29556.00, 29563.25, 2044, 1907, 29566.19, 29565.33, 29566.38, 1060, 984, 0.00, 0.00, 0.00, 0.00, 0.00, 0.00, 0.00, 0.00, 0.00, 0.00
2026-8-11, 13:40:00.000000, 29562.75, 29563.25, 29543.50, 29548.75, 2392, 2177, 29554.56, 29551.83, 29553.38, 1321, 1071, 0.00, 0.00, 0.00, 0.00, 0.00, 0.00, 0.00, 0.00, 0.00, 0.00
2026-8-11, 13:45:00.000000, 29548.75, 29588.75, 29548.25, 29585.00, 2295, 2205, 29567.69, 29574.00, 29568.50, 981, 1314, 0.00, 0.00, 0.00, 0.00, 0.00, 0.00, 0.00, 0.00, 0.00, 0.00
2026-8-11, 13:50:00.000000, 29585.75, 29599.50, 29580.50, 29595.00, 2619, 2516, 29590.19, 29591.67, 29590.00, 1309, 1310, 0.00, 0.00, 0.00, 0.00, 0.00, 0.00, 0.00, 0.00, 0.00, 0.00
2026-8-11, 13:55:00.000000, 29595.25, 29597.00, 29582.75, 29582.75, 2233, 2100, 29589.44, 29587.50, 29589.88, 1171, 1062, 0.00, 0.00, 0.00, 0.00, 0.00, 0.00, 0.00, 0.00, 0.00, 0.00
2026-8-12, 08:30:00.000000, 29991.25, 30001.75, 29877.75, 29878.50, 18679, 16678, 29937.31, 29919.33, 29939.75, 9415, 9264, 0.00, 0.00, 0.00, 0.00, 0.00, 0.00, 0.00, 0.00, 0.00, 0.00
2026-8-12, 08:35:00.000000, 29878.50, 29946.25, 29867.25, 29889.25, 12482, 11049, 29895.31, 29900.92, 29906.75, 5828, 6654, 0.00, 29905.25, 0.00, 0.00, 0.00, 29929.00, 0.00, 29936.25, 0.00, 0.00
2026-8-12, 08:40:00.000000, 29889.75, 29904.50, 29853.25, 29899.50, 7929, 7450, 29886.75, 29885.75, 29878.88, 4042, 3887, 0.00, 0.00, 0.00, 0.00, 0.00, 0.00, 0.00, 0.00, 0.00, 0.00
2026-8-12, 08:45:00.000000, 29899.50, 29970.75, 29871.00, 29962.00, 10025, 9369, 29925.81, 29934.58, 29920.88, 4558, 5467, 0.00, 0.00, 0.00, 0.00, 0.00, 0.00, 0.00, 0.00, 0.00, 0.00
2026-8-12, 08:50:00.000000, 29961.25, 29962.75, 29885.75, 29896.00, 9453, 8841, 29926.44, 29914.83, 29924.25, 5110, 4343, 0.00, 0.00, 0.00, 0.00, 0.00, 0.00, 0.00, 0.00, 0.00, 0.00
2026-8-12, 08:55:00.000000, 29896.00, 29921.50, 29860.75, 29907.25, 8357, 7652, 29896.38, 29896.50, 29891.13, 4287, 4070, 0.00, 0.00, 0.00, 0.00, 0.00, 0.00, 0.00, 0.00, 0.00, 0.00
2026-8-12, 09:00:00.000000, 29907.00, 29913.75, 29856.50, 29857.25, 7814, 6954, 29883.63, 29875.83, 29885.13, 4205, 3609, 0.00, 0.00, 0.00, 0.00, 29842.75, 0.00, 0.00, 0.00, 0.00, 0.00
2026-8-12, 09:05:00.000000, 29857.25, 29922.75, 29847.75, 29919.75, 7605, 7117, 29886.88, 29896.75, 29885.25, 3576, 4029, 0.00, 0.00, 0.00, 0.00, 0.00, 0.00, 0.00, 0.00, 0.00, 0.00
2026-8-12, 09:10:00.000000, 29919.50, 29936.00, 29884.25, 29892.50, 8214, 7099, 29908.06, 29904.25, 29910.13, 3916, 4298, 0.00, 0.00, 0.00, 0.00, 0.00, 0.00, 0.00, 0.00, 0.00, 0.00
2026-8-12, 09:15:00.000000, 29893.25, 29918.50, 29876.25, 29877.75, 4821, 4565, 29891.44, 29890.83, 29897.38, 2487, 2334, 0.00, 0.00, 0.00, 0.00, 0.00, 0.00, 0.00, 0.00, 0.00, 0.00
2026-8-12, 09:20:00.000000, 29878.25, 29924.50, 29864.00, 29921.75, 5872, 5113, 29897.13, 29903.42, 29894.25, 2796, 3076, 0.00, 0.00, 0.00, 0.00, 0.00, 0.00, 0.00, 0.00, 0.00, 0.00
2026-8-12, 09:25:00.000000, 29921.75, 29945.75, 29904.75, 29916.25, 6062, 5547, 29922.13, 29922.25, 29925.25, 3087, 2975, 0.00, 0.00, 0.00, 0.00, 0.00, 0.00, 0.00, 0.00, 0.00, 0.00
2026-8-12, 09:30:00.000000, 29916.00, 29924.75, 29828.25, 29878.25, 9162, 8427, 29886.81, 29877.08, 29876.50, 4895, 4267, 0.00, 0.00, 0.00, 0.00, 29857.00, 0.00, 0.00, 0.00, 0.00, 0.00
2026-8-12, 09:35:00.000000, 29878.25, 29929.00, 29862.00, 29921.25, 5397, 5037, 29897.63, 29904.08, 29895.50, 2632, 2765, 0.00, 0.00, 0.00, 0.00, 29889.25, 0.00, 0.00, 0.00, 0.00, 0.00
2026-8-12, 09:40:00.000000, 29921.00, 29927.75, 29894.25, 29925.00, 4347, 3942, 29917.00, 29915.67, 29911.00, 2067, 2280, 0.00, 0.00, 0.00, 0.00, 0.00, 0.00, 0.00, 0.00, 0.00, 0.00
2026-8-12, 09:45:00.000000, 29924.75, 29931.50, 29891.00, 29903.75, 3971, 3748, 29912.75, 29908.75, 29911.25, 2045, 1926, 0.00, 0.00, 0.00, 0.00, 0.00, 0.00, 0.00, 0.00, 0.00, 0.00
2026-8-12, 09:50:00.000000, 29904.00, 29904.50, 29856.00, 29861.75, 5749, 5449, 29881.56, 29874.08, 29880.25, 2987, 2762, 0.00, 0.00, 0.00, 0.00, 0.00, 0.00, 0.00, 0.00, 0.00, 0.00
2026-8-12, 09:55:00.000000, 29861.50, 29879.25, 29848.50, 29868.00, 4543, 4308, 29864.31, 29865.25, 29863.88, 2165, 2378, 0.00, 0.00, 0.00, 0.00, 0.00, 0.00, 0.00, 0.00, 0.00, 0.00
2026-8-12, 10:00:00.000000, 29868.00, 29879.00, 29839.00, 29851.50, 4449, 4205, 29859.38, 29856.50, 29859.00, 2258, 2191, 0.00, 0.00, 0.00, 0.00, 0.00, 0.00, 0.00, 0.00, 0.00, 0.00
2026-8-12, 10:05:00.000000, 29851.25, 29878.50, 29841.25, 29871.25, 3959, 3659, 29860.56, 29863.67, 29859.88, 1959, 2000, 0.00, 0.00, 0.00, 0.00, 0.00, 0.00, 0.00, 0.00, 0.00, 0.00
2026-8-12, 10:10:00.000000, 29871.50, 29892.00, 29848.75, 29879.75, 3933, 3739, 29873.00, 29873.50, 29870.38, 1884, 2049, 0.00, 0.00, 0.00, 0.00, 0.00, 0.00, 0.00, 0.00, 0.00, 0.00
2026-8-12, 10:15:00.000000, 29879.75, 29887.00, 29862.50, 29871.50, 2817, 2642, 29875.19, 29873.67, 29874.75, 1448, 1369, 0.00, 0.00, 0.00, 0.00, 0.00, 0.00, 0.00, 0.00, 0.00, 0.00
2026-8-12, 10:20:00.000000, 29871.25, 29877.75, 29845.00, 29849.50, 3067, 2940, 29860.88, 29857.42, 29861.38, 1726, 1341, 0.00, 0.00, 0.00, 0.00, 0.00, 0.00, 0.00, 0.00, 0.00, 0.00
2026-8-12, 10:25:00.000000, 29849.75, 29874.75, 29843.50, 29874.50, 2860, 2674, 29860.63, 29864.25, 29859.13, 1341, 1519, 0.00, 0.00, 0.00, 0.00, 0.00, 0.00, 0.00, 0.00, 0.00, 0.00
2026-8-12, 10:30:00.000000, 29874.25, 29879.00, 29819.00, 29832.25, 4583, 4332, 29851.13, 29843.42, 29849.00, 2542, 2041, 0.00, 0.00, 0.00, 0.00, 0.00, 0.00, 0.00, 0.00, 0.00, 0.00
2026-8-12, 10:35:00.000000, 29831.75, 29858.25, 29830.00, 29832.75, 3113, 2843, 29838.19, 29840.33, 29844.13, 1513, 1600, 0.00, 0.00, 0.00, 0.00, 0.00, 0.00, 0.00, 0.00, 0.00, 0.00
2026-8-12, 10:40:00.000000, 29832.25, 29842.50, 29818.50, 29828.25, 2881, 2655, 29830.38, 29829.75, 29830.50, 1465, 1416, 0.00, 0.00, 0.00, 0.00, 0.00, 0.00, 0.00, 0.00, 0.00, 0.00
2026-8-12, 10:45:00.000000, 29829.00, 29847.50, 29819.00, 29847.25, 2515, 2350, 29835.69, 29837.92, 29833.25, 1189, 1326, 0.00, 0.00, 0.00, 0.00, 0.00, 0.00, 0.00, 0.00, 0.00, 0.00
2026-8-12, 10:50:00.000000, 29847.00, 29854.00, 29834.25, 29837.25, 2272, 2102, 29843.13, 29841.83, 29844.13, 1209, 1063, 0.00, 0.00, 0.00, 0.00, 0.00, 0.00, 0.00, 0.00, 0.00, 0.00
2026-8-12, 10:55:00.000000, 29836.75, 29843.25, 29829.75, 29831.75, 2025, 1934, 29835.38, 29834.92, 29836.50, 1084, 941, 0.00, 0.00, 0.00, 0.00, 0.00, 0.00, 0.00, 0.00, 0.00, 0.00
2026-8-12, 11:00:00.000000, 29832.75, 29861.25, 29829.00, 29851.00, 3056, 2817, 29843.50, 29847.08, 29845.13, 1415, 1641, 0.00, 0.00, 0.00, 0.00, 0.00, 0.00, 0.00, 0.00, 0.00, 0.00
2026-8-12, 11:05:00.000000, 29851.00, 29871.75, 29844.75, 29871.50, 1905, 1816, 29859.75, 29862.67, 29858.25, 894, 1011, 0.00, 0.00, 0.00, 0.00, 0.00, 0.00, 0.00, 0.00, 0.00, 0.00
2026-8-12, 11:10:00.000000, 29871.75, 29877.75, 29860.00, 29873.25, 2758, 2417, 29870.69, 29870.33, 29868.88, 1373, 1385, 0.00, 0.00, 0.00, 0.00, 0.00, 0.00, 0.00, 0.00, 0.00, 0.00
2026-8-12, 11:15:00.000000, 29873.50, 29876.75, 29857.75, 29861.50, 3028, 2543, 29867.38, 29865.33, 29867.25, 1596, 1432, 0.00, 0.00, 0.00, 0.00, 0.00, 0.00, 0.00, 0.00, 0.00, 0.00
2026-8-12, 11:20:00.000000, 29862.00, 29883.75, 29857.50, 29881.50, 2344, 2214, 29871.19, 29874.25, 29870.63, 1018, 1326, 0.00, 0.00, 0.00, 0.00, 0.00, 0.00, 0.00, 0.00, 0.00, 0.00
2026-8-12, 11:25:00.000000, 29881.25, 29887.75, 29869.50, 29873.50, 1880, 1772, 29878.00, 29876.92, 29878.63, 962, 918, 0.00, 0.00, 0.00, 0.00, 0.00, 0.00, 0.00, 0.00, 0.00, 0.00
2026-8-12, 11:30:00.000000, 29874.00, 29880.50, 29851.25, 29852.00, 3020, 2755, 29864.44, 29861.25, 29865.88, 1608, 1412, 0.00, 0.00, 0.00, 0.00, 0.00, 0.00, 0.00, 0.00, 0.00, 0.00
2026-8-12, 11:35:00.000000, 29852.25, 29886.00, 29851.00, 29885.00, 2746, 2453, 29868.56, 29874.00, 29868.50, 1316, 1430, 0.00, 0.00, 0.00, 0.00, 0.00, 0.00, 0.00, 0.00, 0.00, 0.00
2026-8-12, 11:40:00.000000, 29885.25, 29894.75, 29881.25, 29885.00, 3069, 2774, 29886.56, 29887.00, 29888.00, 1536, 1533, 0.00, 0.00, 0.00, 0.00, 0.00, 0.00, 0.00, 0.00, 0.00, 0.00
2026-8-12, 11:45:00.000000, 29885.50, 29899.00, 29879.00, 29896.75, 1947, 1858, 29890.06, 29891.58, 29889.00, 945, 1002, 0.00, 0.00, 0.00, 0.00, 0.00, 0.00, 0.00, 0.00, 0.00, 0.00
2026-8-12, 11:50:00.000000, 29896.50, 29918.00, 29896.25, 29911.25, 3507, 3138, 29905.50, 29908.50, 29907.13, 1635, 1872, 0.00, 0.00, 0.00, 0.00, 0.00, 0.00, 0.00, 0.00, 0.00, 0.00
2026-8-12, 11:55:00.000000, 29911.50, 29914.00, 29903.00, 29905.50, 2076, 1956, 29908.50, 29907.50, 29908.50, 1140, 936, 0.00, 0.00, 0.00, 0.00, 0.00, 0.00, 0.00, 0.00, 0.00, 0.00
2026-8-12, 12:00:00.000000, 29906.25, 29924.25, 29902.50, 29919.50, 2265, 2148, 29913.13, 29915.42, 29913.38, 1021, 1244, 0.00, 0.00, 0.00, 0.00, 0.00, 0.00, 0.00, 0.00, 0.00, 0.00
2026-8-12, 12:05:00.000000, 29919.00, 29924.50, 29908.00, 29909.25, 2015, 1880, 29915.19, 29913.92, 29916.25, 1121, 894, 0.00, 0.00, 0.00, 0.00, 0.00, 0.00, 0.00, 0.00, 0.00, 0.00
2026-8-12, 12:10:00.000000, 29909.00, 29913.25, 29898.00, 29911.25, 2518, 2236, 29907.88, 29907.50, 29905.63, 1226, 1292, 0.00, 0.00, 0.00, 0.00, 0.00, 0.00, 0.00, 0.00, 0.00, 0.00
2026-8-12, 12:15:00.000000, 29911.50, 29911.75, 29889.25, 29899.50, 2700, 2485, 29903.00, 29900.17, 29900.50, 1445, 1255, 0.00, 0.00, 0.00, 0.00, 0.00, 0.00, 0.00, 0.00, 0.00, 0.00
2026-8-12, 12:20:00.000000, 29899.50, 29909.50, 29898.25, 29904.50, 2098, 1884, 29902.94, 29904.08, 29903.88, 994, 1104, 0.00, 0.00, 0.00, 0.00, 0.00, 0.00, 0.00, 0.00, 0.00, 0.00
2026-8-12, 12:25:00.000000, 29904.75, 29920.00, 29903.75, 29909.25, 2037, 1924, 29909.44, 29911.00, 29911.88, 1026, 1011, 0.00, 0.00, 0.00, 0.00, 0.00, 0.00, 0.00, 0.00, 0.00, 0.00
2026-8-12, 12:30:00.000000, 29910.00, 29919.50, 29901.25, 29909.50, 2074, 1964, 29910.06, 29910.08, 29910.38, 1017, 1057, 0.00, 0.00, 0.00, 0.00, 0.00, 0.00, 0.00, 0.00, 0.00, 0.00
2026-8-12, 12:35:00.000000, 29909.00, 29917.75, 29906.75, 29913.75, 1328, 1221, 29911.81, 29912.75, 29912.25, 666, 662, 0.00, 0.00, 0.00, 0.00, 0.00, 0.00, 0.00, 0.00, 0.00, 0.00
2026-8-12, 12:40:00.000000, 29914.25, 29922.25, 29908.00, 29915.00, 2198, 2058, 29914.88, 29915.08, 29915.13, 1098, 1100, 0.00, 0.00, 0.00, 0.00, 0.00, 0.00, 0.00, 0.00, 0.00, 0.00
2026-8-12, 12:45:00.000000, 29915.75, 29920.50, 29910.25, 29912.50, 1357, 1290, 29914.75, 29914.42, 29915.38, 709, 648, 0.00, 0.00, 0.00, 0.00, 0.00, 0.00, 0.00, 0.00, 0.00, 0.00
2026-8-12, 12:50:00.000000, 29912.50, 29924.00, 29904.50, 29907.75, 2095, 1907, 29912.19, 29912.08, 29914.25, 1111, 984, 0.00, 0.00, 0.00, 0.00, 0.00, 0.00, 0.00, 0.00, 0.00, 0.00
2026-8-12, 12:55:00.000000, 29907.00, 29913.00, 29901.50, 29910.25, 1218, 1161, 29907.94, 29908.25, 29907.25, 661, 557, 0.00, 0.00, 0.00, 0.00, 0.00, 0.00, 0.00, 0.00, 0.00, 0.00
2026-8-12, 13:00:00.000000, 29910.00, 29915.00, 29899.25, 29901.25, 1455, 1382, 29906.38, 29905.17, 29907.13, 813, 642, 0.00, 0.00, 0.00, 0.00, 0.00, 0.00, 0.00, 0.00, 0.00, 0.00
2026-8-12, 13:05:00.000000, 29900.50, 29904.25, 29890.25, 29899.25, 1567, 1463, 29898.56, 29897.92, 29897.25, 860, 707, 0.00, 0.00, 0.00, 0.00, 0.00, 0.00, 0.00, 0.00, 0.00, 0.00
2026-8-12, 13:10:00.000000, 29899.25, 29918.50, 29899.00, 29907.25, 1711, 1600, 29906.00, 29908.25, 29908.75, 889, 822, 0.00, 0.00, 0.00, 0.00, 0.00, 0.00, 0.00, 0.00, 0.00, 0.00
2026-8-12, 13:15:00.000000, 29907.00, 29909.25, 29893.00, 29901.00, 1831, 1741, 29902.56, 29901.08, 29901.13, 1063, 768, 0.00, 0.00, 0.00, 0.00, 0.00, 0.00, 0.00, 0.00, 0.00, 0.00
2026-8-12, 13:20:00.000000, 29901.25, 29909.75, 29890.50, 29908.75, 1882, 1774, 29902.56, 29903.00, 29900.13, 960, 922, 0.00, 0.00, 0.00, 0.00, 0.00, 0.00, 0.00, 0.00, 0.00, 0.00
2026-8-12, 13:25:00.000000, 29909.00, 29913.75, 29892.25, 29894.00, 1532, 1471, 29902.25, 29900.00, 29903.00, 879, 653, 0.00, 0.00, 0.00, 0.00, 0.00, 0.00, 0.00, 0.00, 0.00, 0.00
2026-8-12, 13:30:00.000000, 29893.75, 29912.50, 29893.75, 29903.50, 1654, 1516, 29900.88, 29903.25, 29903.13, 790, 864, 0.00, 0.00, 0.00, 0.00, 0.00, 0.00, 0.00, 0.00, 0.00, 0.00
2026-8-12, 13:35:00.000000, 29903.00, 29913.00, 29901.75, 29910.75, 1088, 1034, 29907.13, 29908.50, 29907.38, 548, 540, 0.00, 0.00, 0.00, 0.00, 0.00, 0.00, 0.00, 0.00, 0.00, 0.00
2026-8-12, 13:40:00.000000, 29910.75, 29932.00, 29910.25, 29919.50, 2710, 2475, 29918.13, 29920.58, 29921.13, 1188, 1522, 0.00, 0.00, 0.00, 0.00, 0.00, 0.00, 0.00, 0.00, 0.00, 0.00
2026-8-12, 13:45:00.000000, 29919.50, 29920.25, 29909.00, 29918.00, 1539, 1466, 29916.69, 29915.75, 29914.63, 795, 744, 0.00, 0.00, 0.00, 0.00, 0.00, 0.00, 0.00, 0.00, 0.00, 0.00
2026-8-12, 13:50:00.000000, 29918.50, 29923.25, 29908.75, 29909.00, 1210, 1101, 29914.88, 29913.67, 29916.00, 589, 621, 0.00, 0.00, 0.00, 0.00, 0.00, 0.00, 0.00, 0.00, 0.00, 0.00
2026-8-12, 13:55:00.000000, 29908.75, 29909.25, 29885.00, 29889.75, 2786, 2576, 29898.19, 29894.67, 29897.13, 1482, 1304, 0.00, 0.00, 0.00, 29925.00, 0.00, 0.00, 0.00, 0.00, 0.00, 0.00
2026-8-13, 08:30:00.000000, 29910.25, 29947.25, 29863.50, 29945.50, 14522, 13653, 29916.63, 29918.75, 29905.38, 7196, 7326, 0.00, 0.00, 0.00, 0.00, 0.00, 0.00, 0.00, 0.00, 0.00, 0.00
2026-8-13, 08:35:00.000000, 29945.25, 30039.75, 29940.00, 30038.25, 13264, 12399, 29990.81, 30006.00, 29989.88, 6121, 7143, 0.00, 30051.75, 0.00, 30051.75, 0.00, 30058.50, 0.00, 0.00, 0.00, 0.00
2026-8-13, 08:40:00.000000, 30038.00, 30053.50, 29995.50, 30012.25, 9885, 9329, 30024.81, 30020.42, 30024.50, 5249, 4636, 0.00, 0.00, 0.00, 0.00, 0.00, 0.00, 0.00, 0.00, 0.00, 0.00
2026-8-13, 08:45:00.000000, 30013.50, 30146.00, 30005.25, 30135.00, 12520, 11800, 30074.94, 30095.42, 30075.63, 5483, 7037, 0.00, 0.00, 0.00, 0.00, 0.00, 0.00, 0.00, 0.00, 0.00, 0.00
2026-8-13, 08:50:00.000000, 30135.25, 30155.00, 30119.25, 30146.00, 10971, 10140, 30138.88, 30140.08, 30137.13, 5684, 5287, 0.00, 0.00, 0.00, 0.00, 0.00, 0.00, 0.00, 0.00, 0.00, 0.00
2026-8-13, 08:55:00.000000, 30146.25, 30182.25, 30122.75, 30176.00, 8864, 8154, 30156.81, 30160.33, 30152.50, 4078, 4786, 0.00, 0.00, 0.00, 0.00, 0.00, 0.00, 0.00, 0.00, 0.00, 0.00
2026-8-13, 09:00:00.000000, 30175.75, 30188.00, 30155.75, 30177.00, 9237, 8531, 30174.13, 30173.58, 30171.88, 4800, 4437, 0.00, 0.00, 0.00, 0.00, 0.00, 0.00, 0.00, 0.00, 0.00, 0.00
2026-8-13, 09:05:00.000000, 30177.00, 30189.75, 30160.75, 30178.75, 6646, 6050, 30176.56, 30176.42, 30175.25, 3267, 3379, 0.00, 0.00, 0.00, 0.00, 0.00, 0.00, 0.00, 0.00, 0.00, 0.00
2026-8-13, 09:10:00.000000, 30178.75, 30214.75, 30178.75, 30204.75, 7107, 6179, 30194.25, 30199.42, 30196.75, 3253, 3854, 0.00, 0.00, 0.00, 0.00, 0.00, 0.00, 0.00, 0.00, 0.00, 0.00
2026-8-13, 09:15:00.000000, 30206.25, 30217.50, 30193.75, 30198.00, 6194, 5713, 30203.88, 30203.08, 30205.63, 3056, 3138, 0.00, 0.00, 0.00, 0.00, 0.00, 0.00, 0.00, 0.00, 0.00, 0.00
2026-8-13, 09:20:00.000000, 30197.75, 30216.75, 30185.25, 30206.00, 6222, 5353, 30201.44, 30202.67, 30201.00, 3010, 3212, 0.00, 0.00, 0.00, 0.00, 0.00, 0.00, 0.00, 0.00, 0.00, 0.00
2026-8-13, 09:25:00.000000, 30206.00, 30239.50, 30198.00, 30234.25, 6047, 5473, 30219.44, 30223.92, 30218.75, 2669, 3378, 0.00, 0.00, 0.00, 0.00, 0.00, 0.00, 0.00, 0.00, 0.00, 0.00
2026-8-13, 09:30:00.000000, 30233.25, 30266.25, 30227.50, 30262.75, 7623, 6584, 30247.44, 30252.17, 30246.88, 3354, 4269, 0.00, 0.00, 0.00, 0.00, 0.00, 0.00, 0.00, 0.00, 0.00, 30272.50
2026-8-13, 09:35:00.000000, 30263.00, 30267.50, 30240.25, 30251.75, 5388, 4865, 30255.63, 30253.17, 30253.88, 2993, 2395, 0.00, 0.00, 0.00, 0.00, 0.00, 0.00, 0.00, 30269.00, 0.00, 30268.75
2026-8-13, 09:40:00.000000, 30252.00, 30260.25, 30232.50, 30236.50, 5049, 4660, 30245.31, 30243.08, 30246.38, 2595, 2454, 0.00, 0.00, 0.00, 0.00, 0.00, 0.00, 0.00, 0.00, 0.00, 0.00
2026-8-13, 09:45:00.000000, 30236.00, 30241.50, 30212.25, 30219.00, 6889, 6334, 30227.19, 30224.25, 30226.88, 3631, 3258, 0.00, 0.00, 0.00, 0.00, 0.00, 0.00, 0.00, 0.00, 0.00, 0.00
2026-8-13, 09:50:00.000000, 30218.75, 30228.50, 30208.00, 30226.75, 5234, 4914, 30220.50, 30221.08, 30218.25, 2560, 2674, 30194.50, 0.00, 30194.50, 0.00, 0.00, 0.00, 0.00, 0.00, 0.00, 0.00
2026-8-13, 09:55:00.000000, 30226.25, 30227.50, 30198.25, 30199.50, 5978, 5517, 30212.88, 30208.42, 30212.88, 3082, 2896, 0.00, 0.00, 0.00, 0.00, 0.00, 0.00, 0.00, 0.00, 0.00, 0.00
2026-8-13, 10:00:00.000000, 30199.25, 30231.50, 30193.75, 30199.00, 6497, 6051, 30205.88, 30208.08, 30212.63, 3211, 3286, 0.00, 0.00, 0.00, 0.00, 0.00, 0.00, 0.00, 0.00, 0.00, 0.00
2026-8-13, 10:05:00.000000, 30199.25, 30224.25, 30197.00, 30215.00, 5055, 4761, 30208.88, 30212.08, 30210.63, 2516, 2539, 0.00, 0.00, 0.00, 0.00, 0.00, 0.00, 0.00, 0.00, 0.00, 0.00
2026-8-13, 10:10:00.000000, 30214.75, 30228.25, 30206.25, 30217.50, 3837, 3628, 30216.69, 30217.33, 30217.25, 1938, 1899, 0.00, 0.00, 0.00, 0.00, 0.00, 0.00, 0.00, 0.00, 0.00, 0.00
2026-8-13, 10:15:00.000000, 30217.50, 30226.75, 30202.00, 30226.00, 4062, 3769, 30218.06, 30218.25, 30214.38, 1985, 2077, 0.00, 0.00, 0.00, 0.00, 0.00, 0.00, 0.00, 0.00, 0.00, 0.00
2026-8-13, 10:20:00.000000, 30226.50, 30238.75, 30220.75, 30231.00, 3675, 3529, 30229.25, 30230.17, 30229.75, 1791, 1884, 0.00, 0.00, 0.00, 0.00, 0.00, 0.00, 0.00, 0.00, 0.00, 0.00
2026-8-13, 10:25:00.000000, 30231.00, 30236.00, 30179.50, 30188.25, 7373, 6861, 30208.69, 30201.25, 30207.75, 4035, 3338, 0.00, 0.00, 0.00, 0.00, 0.00, 0.00, 0.00, 0.00, 0.00, 0.00
2026-8-13, 10:30:00.000000, 30188.75, 30198.50, 30143.25, 30145.75, 6507, 5935, 30169.06, 30162.50, 30170.88, 3576, 2931, 0.00, 0.00, 0.00, 0.00, 0.00, 0.00, 0.00, 0.00, 0.00, 0.00
2026-8-13, 10:35:00.000000, 30146.25, 30165.50, 30128.25, 30151.75, 6954, 6437, 30147.94, 30148.50, 30146.88, 3648, 3306, 0.00, 0.00, 0.00, 0.00, 30123.25, 0.00, 0.00, 0.00, 0.00, 0.00
2026-8-13, 10:40:00.000000, 30151.00, 30176.75, 30131.50, 30156.75, 4819, 4534, 30154.00, 30155.00, 30154.13, 2406, 2413, 0.00, 0.00, 0.00, 0.00, 0.00, 0.00, 0.00, 0.00, 0.00, 0.00
2026-8-13, 10:45:00.000000, 30156.00, 30156.00, 30126.00, 30139.75, 3965, 3742, 30144.44, 30140.58, 30141.00, 2158, 1807, 0.00, 0.00, 0.00, 0.00, 0.00, 0.00, 0.00, 0.00, 0.00, 0.00
2026-8-13, 10:50:00.000000, 30140.00, 30142.00, 30104.50, 30120.00, 5119, 4606, 30126.63, 30122.17, 30123.25, 2694, 2425, 0.00, 0.00, 0.00, 0.00, 0.00, 0.00, 0.00, 0.00, 0.00, 0.00
2026-8-13, 10:55:00.000000, 30119.25, 30137.00, 30104.00, 30115.50, 4218, 3791, 30118.94, 30118.83, 30120.50, 2122, 2096, 0.00, 0.00, 0.00, 0.00, 0.00, 0.00, 0.00, 0.00, 0.00, 0.00
2026-8-13, 11:00:00.000000, 30117.25, 30165.00, 30114.25, 30149.50, 4631, 4345, 30136.50, 30142.92, 30139.63, 2015, 2616, 0.00, 0.00, 0.00, 0.00, 0.00, 0.00, 0.00, 0.00, 0.00, 0.00
2026-8-13, 11:05:00.000000, 30150.50, 30172.50, 30150.50, 30164.50, 2748, 2534, 30159.50, 30162.50, 30161.50, 1411, 1337, 0.00, 0.00, 0.00, 0.00, 0.00, 0.00, 0.00, 0.00, 0.00, 0.00
2026-8-13, 11:10:00.000000, 30164.50, 30172.25, 30138.50, 30140.75, 2727, 2540, 30154.00, 30150.50, 30155.38, 1530, 1197, 0.00, 0.00, 0.00, 0.00, 0.00, 0.00, 0.00, 0.00, 0.00, 0.00
2026-8-13, 11:15:00.000000, 30140.75, 30151.50, 30133.75, 30144.25, 2476, 2314, 30142.56, 30143.17, 30142.63, 1234, 1242, 0.00, 0.00, 0.00, 0.00, 0.00, 0.00, 0.00, 0.00, 0.00, 0.00
2026-8-13, 11:20:00.000000, 30144.00, 30168.50, 30137.00, 30165.25, 2581, 2360, 30153.69, 30156.92, 30152.75, 1262, 1319, 0.00, 0.00, 0.00, 0.00, 0.00, 0.00, 0.00, 0.00, 0.00, 0.00
2026-8-13, 11:25:00.000000, 30166.00, 30189.00, 30164.00, 30186.50, 3247, 2970, 30176.38, 30179.83, 30176.50, 1515, 1732, 0.00, 0.00, 0.00, 0.00, 0.00, 0.00, 0.00, 0.00, 0.00, 0.00
2026-8-13, 11:30:00.000000, 30186.75, 30200.00, 30184.25, 30187.75, 3008, 2766, 30189.69, 30190.67, 30192.13, 1518, 1490, 0.00, 0.00, 0.00, 0.00, 0.00, 0.00, 0.00, 0.00, 0.00, 0.00
2026-8-13, 11:35:00.000000, 30187.00, 30194.75, 30168.00, 30176.25, 2681, 2423, 30181.50, 30179.67, 30181.38, 1481, 1200, 0.00, 0.00, 0.00, 0.00, 0.00, 0.00, 0.00, 0.00, 0.00, 0.00
2026-8-13, 11:40:00.000000, 30176.75, 30187.75, 30170.00, 30183.00, 2016, 1880, 30179.38, 30180.25, 30178.88, 1047, 969, 0.00, 0.00, 0.00, 0.00, 0.00, 0.00, 0.00, 0.00, 0.00, 0.00
2026-8-13, 11:45:00.000000, 30183.25, 30196.00, 30182.50, 30193.00, 1584, 1493, 30188.69, 30190.50, 30189.25, 774, 810, 0.00, 0.00, 0.00, 0.00, 0.00, 0.00, 0.00, 0.00, 0.00, 0.00
2026-8-13, 11:50:00.000000, 30192.25, 30203.25, 30181.50, 30181.50, 2361, 2201, 30189.63, 30188.75, 30192.38, 1127, 1234, 0.00, 0.00, 0.00, 0.00, 0.00, 0.00, 0.00, 0.00, 0.00, 0.00
2026-8-13, 11:55:00.000000, 30181.75, 30193.75, 30176.50, 30193.75, 2397, 2106, 30186.44, 30188.00, 30185.13, 1216, 1181, 0.00, 0.00, 0.00, 0.00, 0.00, 0.00, 0.00, 0.00, 0.00, 0.00
2026-8-13, 12:00:00.000000, 30193.75, 30220.00, 30193.25, 30217.75, 3777, 3349, 30206.19, 30210.33, 30206.63, 1745, 2032, 0.00, 0.00, 0.00, 0.00, 0.00, 0.00, 0.00, 0.00, 0.00, 0.00
2026-8-13, 12:05:00.000000, 30217.75, 30231.75, 30216.25, 30226.75, 2833, 2654, 30223.13, 30224.92, 30224.00, 1443, 1390, 0.00, 0.00, 0.00, 0.00, 0.00, 0.00, 0.00, 0.00, 0.00, 0.00
2026-8-13, 12:10:00.000000, 30227.25, 30232.75, 30224.25, 30226.25, 2071, 1923, 30227.63, 30227.75, 30228.50, 1068, 1003, 0.00, 0.00, 0.00, 0.00, 0.00, 0.00, 0.00, 0.00, 0.00, 0.00
2026-8-13, 12:15:00.000000, 30226.25, 30244.00, 30224.75, 30244.00, 2983, 2662, 30234.75, 30237.58, 30234.38, 1335, 1648, 0.00, 0.00, 0.00, 0.00, 0.00, 0.00, 0.00, 0.00, 0.00, 0.00
2026-8-13, 12:20:00.000000, 30243.50, 30250.00, 30235.25, 30241.25, 3038, 2847, 30242.50, 30242.17, 30242.63, 1606, 1432, 0.00, 0.00, 0.00, 0.00, 0.00, 0.00, 0.00, 0.00, 0.00, 0.00
2026-8-13, 12:25:00.000000, 30241.50, 30245.75, 30235.75, 30237.50, 2023, 1860, 30240.13, 30239.67, 30240.75, 997, 1026, 0.00, 0.00, 0.00, 0.00, 0.00, 0.00, 0.00, 0.00, 0.00, 0.00
2026-8-13, 12:30:00.000000, 30237.75, 30244.75, 30230.25, 30233.75, 2295, 2145, 30236.63, 30236.25, 30237.50, 1203, 1092, 0.00, 0.00, 0.00, 0.00, 0.00, 0.00, 0.00, 0.00, 0.00, 0.00
2026-8-13, 12:35:00.000000, 30233.75, 30236.50, 30221.50, 30225.25, 2315, 2115, 30229.25, 30227.75, 30229.00, 1230, 1085, 0.00, 0.00, 0.00, 0.00, 0.00, 0.00, 0.00, 0.00, 0.00, 0.00
2026-8-13, 12:40:00.000000, 30225.00, 30231.25, 30214.25, 30214.50, 2053, 1949, 30221.25, 30220.00, 30222.75, 1054, 999, 0.00, 0.00, 0.00, 0.00, 0.00, 0.00, 0.00, 0.00, 0.00, 0.00
2026-8-13, 12:45:00.000000, 30214.50, 30228.00, 30214.00, 30217.25, 1803, 1732, 30218.44, 30219.75, 30221.00, 898, 905, 0.00, 0.00, 0.00, 0.00, 0.00, 0.00, 0.00, 0.00, 0.00, 0.00
2026-8-13, 12:50:00.000000, 30217.50, 30222.25, 30205.25, 30207.00, 2015, 1859, 30213.00, 30211.50, 30213.75, 1094, 921, 0.00, 0.00, 0.00, 0.00, 0.00, 0.00, 0.00, 0.00, 0.00, 0.00
2026-8-13, 12:55:00.000000, 30207.25, 30219.50, 30203.75, 30204.50, 2090, 1944, 30208.75, 30209.25, 30211.63, 1070, 1020, 0.00, 0.00, 0.00, 0.00, 0.00, 0.00, 0.00, 0.00, 0.00, 0.00
2026-8-13, 13:00:00.000000, 30205.00, 30211.75, 30201.50, 30207.25, 2100, 1956, 30206.38, 30206.83, 30206.63, 1097, 1003, 0.00, 0.00, 0.00, 0.00, 0.00, 0.00, 0.00, 0.00, 0.00, 0.00
2026-8-13, 13:05:00.000000, 30208.00, 30215.50, 30194.50, 30197.75, 2657, 2378, 30203.94, 30202.58, 30205.00, 1472, 1185, 0.00, 0.00, 0.00, 0.00, 0.00, 0.00, 0.00, 0.00, 0.00, 0.00
2026-8-13, 13:10:00.000000, 30197.50, 30204.50, 30189.50, 30201.50, 2132, 2024, 30198.25, 30198.50, 30197.00, 1161, 971, 0.00, 0.00, 0.00, 0.00, 0.00, 0.00, 0.00, 0.00, 0.00, 0.00
2026-8-13, 13:15:00.000000, 30201.50, 30207.75, 30193.75, 30195.25, 2013, 1900, 30199.56, 30198.92, 30200.75, 1075, 938, 0.00, 0.00, 0.00, 0.00, 0.00, 0.00, 0.00, 0.00, 0.00, 0.00
2026-8-13, 13:20:00.000000, 30194.75, 30200.75, 30181.00, 30184.00, 2854, 2632, 30190.13, 30188.58, 30190.88, 1597, 1257, 0.00, 0.00, 0.00, 0.00, 0.00, 0.00, 0.00, 0.00, 0.00, 0.00
2026-8-13, 13:25:00.000000, 30184.00, 30196.00, 30183.00, 30192.00, 2443, 2321, 30188.75, 30190.33, 30189.50, 1240, 1203, 0.00, 0.00, 0.00, 0.00, 0.00, 0.00, 0.00, 0.00, 0.00, 0.00
2026-8-13, 13:30:00.000000, 30192.00, 30220.00, 30191.50, 30215.75, 3532, 3301, 30204.81, 30209.08, 30205.75, 1619, 1913, 0.00, 0.00, 0.00, 0.00, 0.00, 0.00, 0.00, 0.00, 0.00, 0.00
2026-8-13, 13:35:00.000000, 30215.75, 30222.75, 30212.25, 30221.00, 1982, 1880, 30217.94, 30218.67, 30217.50, 1015, 967, 0.00, 0.00, 0.00, 0.00, 0.00, 0.00, 0.00, 0.00, 0.00, 0.00
2026-8-13, 13:40:00.000000, 30220.75, 30237.25, 30216.25, 30229.00, 3059, 2867, 30225.81, 30227.50, 30226.75, 1481, 1578, 0.00, 0.00, 0.00, 0.00, 0.00, 0.00, 0.00, 0.00, 0.00, 0.00
2026-8-13, 13:45:00.000000, 30228.50, 30242.75, 30228.25, 30240.00, 2378, 2190, 30234.88, 30237.00, 30235.50, 1196, 1182, 0.00, 0.00, 0.00, 0.00, 0.00, 0.00, 0.00, 0.00, 0.00, 0.00
2026-8-13, 13:50:00.000000, 30240.50, 30244.00, 30232.25, 30239.00, 2115, 2032, 30238.94, 30238.42, 30238.13, 1148, 967, 0.00, 0.00, 0.00, 0.00, 0.00, 0.00, 0.00, 0.00, 0.00, 0.00
2026-8-13, 13:55:00.000000, 30239.25, 30246.00, 30236.25, 30244.25, 1859, 1765, 30241.44, 30242.17, 30241.13, 961, 898, 0.00, 0.00, 0.00, 0.00, 0.00, 0.00, 0.00, 0.00, 0.00, 0.00
2026-8-14, 08:30:00.000000, 30241.75, 30269.50, 30205.75, 30206.25, 14644, 14016, 30230.81, 30227.17, 30237.63, 7300, 7344, 0.00, 0.00, 0.00, 0.00, 0.00, 0.00, 0.00, 0.00, 0.00, 0.00
2026-8-14, 08:35:00.000000, 30206.00, 30222.00, 30169.75, 30221.00, 11656, 11004, 30204.69, 30204.25, 30195.88, 5950, 5706, 0.00, 0.00, 0.00, 0.00, 0.00, 0.00, 0.00, 0.00, 0.00, 0.00
2026-8-14, 08:40:00.000000, 30221.25, 30262.25, 30195.00, 30261.00, 11369, 10802, 30234.88, 30239.42, 30228.63, 5324, 6045, 0.00, 0.00, 0.00, 0.00, 0.00, 0.00, 0.00, 0.00, 0.00, 0.00
2026-8-14, 08:45:00.000000, 30260.75, 30280.50, 30226.00, 30238.00, 11381, 10727, 30251.31, 30248.17, 30253.25, 5972, 5409, 0.00, 0.00, 0.00, 0.00, 0.00, 0.00, 0.00, 0.00, 0.00, 0.00
2026-8-14, 08:50:00.000000, 30239.00, 30265.50, 30218.50, 30238.75, 8709, 8249, 30240.44, 30240.92, 30242.00, 4412, 4297, 0.00, 0.00, 0.00, 0.00, 0.00, 0.00, 0.00, 0.00, 0.00, 0.00
2026-8-14, 08:55:00.000000, 30239.75, 30250.75, 30208.75, 30228.25, 6114, 5781, 30231.88, 30229.25, 30229.75, 3238, 2876, 0.00, 0.00, 0.00, 0.00, 0.00, 0.00, 0.00, 0.00, 0.00, 0.00
2026-8-14, 09:00:00.000000, 30226.00, 30257.50, 30204.75, 30254.25, 6753, 6275, 30235.63, 30238.83, 30231.13, 3300, 3453, 0.00, 0.00, 0.00, 0.00, 0.00, 0.00, 0.00, 0.00, 0.00, 0.00
2026-8-14, 09:05:00.000000, 30255.00, 30272.25, 30226.00, 30233.75, 6545, 6186, 30246.75, 30244.00, 30249.13, 3451, 3094, 0.00, 0.00, 0.00, 0.00, 0.00, 0.00, 0.00, 0.00, 0.00, 0.00
2026-8-14, 09:10:00.000000, 30233.00, 30245.25, 30215.75, 30221.25, 5104, 4732, 30228.81, 30227.42, 30230.50, 2632, 2472, 0.00, 0.00, 0.00, 0.00, 0.00, 0.00, 0.00, 0.00, 0.00, 0.00
2026-8-14, 09:15:00.000000, 30221.75, 30228.50, 30167.75, 30172.50, 7510, 6826, 30197.63, 30189.58, 30198.13, 4264, 3246, 0.00, 0.00, 0.00, 0.00, 0.00, 0.00, 0.00, 0.00, 0.00, 0.00
2026-8-14, 09:20:00.000000, 30173.00, 30193.50, 30148.75, 30160.00, 6680, 6318, 30168.81, 30167.42, 30171.13, 3506, 3174, 0.00, 0.00, 0.00, 0.00, 0.00, 0.00, 0.00, 0.00, 0.00, 0.00
2026-8-14, 09:25:00.000000, 30160.25, 30169.50, 30134.25, 30160.25, 7036, 6125, 30156.06, 30154.67, 30151.88, 3737, 3299, 0.00, 0.00, 0.00, 0.00, 0.00, 0.00, 0.00, 0.00, 0.00, 0.00
2026-8-14, 09:30:00.000000, 30159.75, 30163.25, 30129.00, 30138.75, 7887, 6870, 30147.69, 30143.67, 30146.13, 3903, 3984, 0.00, 0.00, 0.00, 0.00, 0.00, 0.00, 0.00, 0.00, 30125.00, 0.00
2026-8-14, 09:35:00.000000, 30138.75, 30176.50, 30135.50, 30169.00, 5221, 4867, 30154.94, 30160.33, 30156.00, 2302, 2919, 0.00, 0.00, 0.00, 0.00, 0.00, 0.00, 0.00, 0.00, 0.00, 0.00
2026-8-14, 09:40:00.000000, 30168.25, 30168.25, 30142.00, 30155.50, 4289, 3808, 30158.50, 30155.25, 30155.13, 2065, 2224, 0.00, 0.00, 0.00, 0.00, 0.00, 0.00, 0.00, 0.00, 0.00, 0.00
2026-8-14, 09:45:00.000000, 30155.50, 30165.75, 30143.00, 30150.25, 3169, 2983, 30153.63, 30153.00, 30154.38, 1618, 1551, 0.00, 0.00, 0.00, 0.00, 0.00, 0.00, 0.00, 0.00, 0.00, 0.00
2026-8-14, 09:50:00.000000, 30150.25, 30166.00, 30142.50, 30144.25, 3073, 2863, 30150.75, 30150.92, 30154.25, 1536, 1537, 0.00, 0.00, 0.00, 0.00, 0.00, 0.00, 0.00, 0.00, 0.00, 0.00
2026-8-14, 09:55:00.000000, 30144.00, 30150.25, 30123.00, 30123.00, 3477, 3128, 30135.06, 30132.08, 30136.63, 1965, 1512, 0.00, 0.00, 0.00, 0.00, 0.00, 0.00, 0.00, 0.00, 0.00, 0.00
2026-8-14, 10:00:00.000000, 30124.00, 30143.00, 30109.50, 30123.25, 5260, 4751, 30124.94, 30125.25, 30126.25, 2769, 2491, 0.00, 0.00, 0.00, 0.00, 0.00, 0.00, 0.00, 0.00, 0.00, 0.00
2026-8-14, 10:05:00.000000, 30122.75, 30131.00, 30101.75, 30106.50, 4425, 3950, 30115.50, 30113.08, 30116.38, 2395, 2030, 0.00, 0.00, 0.00, 0.00, 0.00, 0.00, 0.00, 0.00, 0.00, 0.00
2026-8-14, 10:10:00.000000, 30106.75, 30116.50, 30088.00, 30090.50, 4426, 4191, 30100.44, 30098.33, 30102.25, 2451, 1975, 0.00, 0.00, 0.00, 0.00, 0.00, 0.00, 0.00, 0.00, 0.00, 0.00
2026-8-14, 10:15:00.000000, 30090.75, 30110.75, 30089.75, 30104.25, 3995, 3433, 30098.88, 30101.58, 30100.25, 2012, 1983, 0.00, 0.00, 0.00, 0.00, 0.00, 0.00, 0.00, 0.00, 0.00, 0.00
2026-8-14, 10:20:00.000000, 30103.75, 30110.00, 30044.50, 30047.25, 6483, 5947, 30076.38, 30067.25, 30077.25, 3651, 2832, 0.00, 0.00, 0.00, 0.00, 0.00, 0.00, 0.00, 0.00, 0.00, 0.00
2026-8-14, 10:25:00.000000, 30047.50, 30074.50, 30033.50, 30073.25, 6661, 6074, 30057.19, 30060.42, 30054.00, 3126, 3535, 0.00, 0.00, 0.00, 0.00, 0.00, 0.00, 30028.50, 0.00, 0.00, 0.00
2026-8-14, 10:30:00.000000, 30072.50, 30075.00, 30042.00, 30048.25, 5121, 4644, 30059.44, 30055.08, 30058.50, 2764, 2357, 0.00, 0.00, 0.00, 0.00, 0.00, 0.00, 0.00, 0.00, 0.00, 0.00
2026-8-14, 10:35:00.000000, 30049.25, 30065.50, 30039.25, 30042.25, 4455, 3937, 30049.06, 30049.00, 30052.38, 2117, 2338, 0.00, 0.00, 0.00, 0.00, 0.00, 0.00, 0.00, 0.00, 0.00, 0.00
2026-8-14, 10:40:00.000000, 30041.50, 30049.75, 30029.50, 30049.00, 3588, 3353, 30042.44, 30042.75, 30039.63, 1834, 1754, 0.00, 0.00, 0.00, 0.00, 0.00, 0.00, 0.00, 0.00, 0.00, 0.00
2026-8-14, 10:45:00.000000, 30049.25, 30066.25, 30031.00, 30037.75, 4502, 3971, 30046.06, 30045.00, 30048.63, 2311, 2191, 0.00, 0.00, 0.00, 0.00, 0.00, 0.00, 0.00, 0.00, 0.00, 0.00
2026-8-14, 10:50:00.000000, 30038.00, 30063.50, 30028.50, 30056.75, 3489, 3083, 30046.69, 30049.58, 30046.00, 1649, 1840, 0.00, 0.00, 0.00, 0.00, 0.00, 0.00, 0.00, 0.00, 0.00, 0.00
2026-8-14, 10:55:00.000000, 30056.50, 30072.75, 30052.00, 30065.75, 3415, 3131, 30061.75, 30063.50, 30062.38, 1568, 1847, 0.00, 0.00, 0.00, 0.00, 0.00, 0.00, 0.00, 0.00, 0.00, 0.00
2026-8-14, 11:00:00.000000, 30066.50, 30084.25, 30066.25, 30074.50, 4026, 3782, 30072.88, 30075.00, 30075.25, 1914, 2112, 0.00, 0.00, 0.00, 0.00, 0.00, 0.00, 0.00, 0.00, 0.00, 0.00
2026-8-14, 11:05:00.000000, 30073.75, 30077.25, 30050.50, 30059.75, 3247, 2940, 30065.31, 30062.50, 30063.88, 1689, 1558, 0.00, 0.00, 0.00, 0.00, 0.00, 0.00, 0.00, 0.00, 0.00, 0.00
2026-8-14, 11:10:00.000000, 30060.00, 30082.50, 30057.25, 30080.25, 3069, 2803, 30070.00, 30073.33, 30069.88, 1384, 1685, 0.00, 0.00, 0.00, 0.00, 0.00, 0.00, 0.00, 0.00, 0.00, 0.00
2026-8-14, 11:15:00.000000, 30080.25, 30088.00, 30077.50, 30081.75, 2673, 2360, 30081.88, 30082.42, 30082.75, 1296, 1377, 0.00, 0.00, 0.00, 0.00, 0.00, 0.00, 0.00, 0.00, 0.00, 0.00
2026-8-14, 11:20:00.000000, 30081.50, 30094.75, 30075.50, 30093.25, 2906, 2588, 30086.25, 30087.83, 30085.13, 1391, 1515, 0.00, 0.00, 0.00, 0.00, 0.00, 0.00, 0.00, 0.00, 0.00, 0.00
2026-8-14, 11:25:00.000000, 30093.25, 30107.75, 30091.50, 30101.00, 2634, 2398, 30098.38, 30100.08, 30099.63, 1184, 1450, 0.00, 0.00, 0.00, 0.00, 0.00, 0.00, 0.00, 30108.75, 0.00, 0.00
2026-8-14, 11:30:00.000000, 30100.50, 30102.00, 30065.75, 30071.50, 4393, 3939, 30084.94, 30079.75, 30083.88, 2380, 2013, 0.00, 0.00, 0.00, 0.00, 0.00, 0.00, 0.00, 0.00, 0.00, 0.00
2026-8-14, 11:35:00.000000, 30072.75, 30097.50, 30071.00, 30081.75, 3285, 2984, 30080.75, 30083.42, 30084.25, 1589, 1696, 0.00, 0.00, 0.00, 0.00, 0.00, 0.00, 0.00, 0.00, 0.00, 0.00
2026-8-14, 11:40:00.000000, 30080.75, 30082.50, 30064.50, 30067.25, 2256, 2069, 30073.75, 30071.42, 30073.50, 1236, 1020, 0.00, 0.00, 0.00, 0.00, 0.00, 0.00, 0.00, 0.00, 0.00, 0.00
2026-8-14, 11:45:00.000000, 30067.00, 30076.75, 30061.50, 30074.50, 2237, 2012, 30069.94, 30070.92, 30069.13, 1113, 1124, 0.00, 0.00, 0.00, 0.00, 0.00, 0.00, 0.00, 0.00, 0.00, 0.00
2026-8-14, 11:50:00.000000, 30073.75, 30073.75, 30055.75, 30061.75, 2348, 2134, 30066.25, 30063.75, 30064.75, 1223, 1125, 0.00, 0.00, 0.00, 0.00, 0.00, 0.00, 0.00, 0.00, 0.00, 0.00
2026-8-14, 11:55:00.000000, 30062.25, 30069.75, 30052.75, 30059.00, 1991, 1898, 30060.94, 30060.50, 30061.25, 1030, 961, 0.00, 0.00, 0.00, 0.00, 0.00, 0.00, 0.00, 0.00, 0.00, 0.00
2026-8-14, 12:00:00.000000, 30059.25, 30066.50, 30053.00, 30060.50, 2130, 1952, 30059.81, 30060.00, 30059.75, 1045, 1085, 0.00, 0.00, 0.00, 0.00, 0.00, 0.00, 0.00, 0.00, 0.00, 0.00
2026-8-14, 12:05:00.000000, 30060.75, 30074.00, 30058.00, 30067.00, 1973, 1756, 30064.94, 30066.33, 30066.00, 1017, 956, 0.00, 0.00, 0.00, 0.00, 0.00, 0.00, 0.00, 0.00, 0.00, 0.00
2026-8-14, 12:10:00.000000, 30066.75, 30079.75, 30063.75, 30069.25, 2625, 2354, 30069.88, 30070.92, 30071.75, 1275, 1350, 0.00, 0.00, 0.00, 0.00, 0.00, 0.00, 0.00, 0.00, 0.00, 0.00
2026-8-14, 12:15:00.000000, 30069.25, 30073.50, 30057.50, 30068.75, 1961, 1758, 30067.25, 30066.58, 30065.50, 978, 983, 0.00, 0.00, 0.00, 0.00, 0.00, 0.00, 0.00, 0.00, 0.00, 0.00
2026-8-14, 12:20:00.000000, 30068.00, 30076.50, 30050.50, 30054.00, 2043, 1895, 30062.25, 30060.33, 30063.50, 1105, 938, 0.00, 0.00, 0.00, 0.00, 0.00, 0.00, 0.00, 0.00, 0.00, 0.00
2026-8-14, 12:25:00.000000, 30053.75, 30066.25, 30046.50, 30059.25, 2486, 2176, 30056.44, 30057.33, 30056.38, 1159, 1327, 0.00, 0.00, 0.00, 0.00, 0.00, 0.00, 0.00, 0.00, 0.00, 0.00
2026-8-14, 12:30:00.000000, 30059.50, 30072.00, 30056.75, 30068.50, 1802, 1615, 30064.19, 30065.75, 30064.38, 849, 953, 0.00, 0.00, 0.00, 0.00, 0.00, 0.00, 0.00, 0.00, 0.00, 0.00
2026-8-14, 12:35:00.000000, 30068.75, 30072.25, 30050.25, 30057.25, 2125, 1962, 30062.13, 30059.92, 30061.25, 1126, 999, 0.00, 0.00, 0.00, 0.00, 0.00, 0.00, 0.00, 0.00, 0.00, 0.00
2026-8-14, 12:40:00.000000, 30057.00, 30065.75, 30052.00, 30058.00, 1569, 1419, 30058.19, 30058.58, 30058.88, 683, 886, 0.00, 0.00, 0.00, 0.00, 0.00, 0.00, 0.00, 0.00, 0.00, 0.00
2026-8-14, 12:45:00.000000, 30058.25, 30064.50, 30054.50, 30058.00, 1586, 1489, 30058.81, 30059.00, 30059.50, 770, 816, 0.00, 0.00, 0.00, 0.00, 0.00, 0.00, 0.00, 0.00, 0.00, 0.00
2026-8-14, 12:50:00.000000, 30057.75, 30077.25, 30049.75, 30073.75, 2126, 1900, 30064.63, 30066.92, 30063.50, 920, 1206, 0.00, 0.00, 0.00, 0.00, 0.00, 0.00, 0.00, 0.00, 0.00, 0.00
2026-8-14, 12:55:00.000000, 30073.50, 30084.50, 30065.75, 30081.50, 2377, 2131, 30076.31, 30077.25, 30075.13, 1197, 1180, 0.00, 0.00, 0.00, 0.00, 0.00, 0.00, 0.00, 0.00, 0.00, 0.00
2026-8-14, 13:00:00.000000, 30081.25, 30091.25, 30073.50, 30089.25, 2120, 1973, 30083.81, 30084.67, 30082.38, 1044, 1076, 0.00, 0.00, 0.00, 0.00, 0.00, 0.00, 0.00, 0.00, 0.00, 0.00
2026-8-14, 13:05:00.000000, 30088.75, 30091.00, 30079.00, 30088.50, 1539, 1399, 30086.81, 30086.17, 30085.00, 774, 765, 0.00, 0.00, 0.00, 0.00, 0.00, 0.00, 0.00, 0.00, 0.00, 0.00
2026-8-14, 13:10:00.000000, 30088.50, 30090.75, 30076.75, 30078.75, 1625, 1477, 30083.69, 30082.08, 30083.75, 893, 732, 0.00, 0.00, 0.00, 0.00, 0.00, 0.00, 0.00, 0.00, 0.00, 0.00
2026-8-14, 13:15:00.000000, 30078.75, 30090.50, 30078.50, 30084.75, 1905, 1632, 30083.13, 30084.58, 30084.50, 953, 952, 0.00, 0.00, 0.00, 0.00, 0.00, 0.00, 0.00, 0.00, 0.00, 0.00
2026-8-14, 13:20:00.000000, 30084.75, 30092.50, 30078.25, 30081.00, 1564, 1391, 30084.13, 30083.92, 30085.38, 824, 740, 0.00, 0.00, 0.00, 0.00, 0.00, 0.00, 0.00, 0.00, 0.00, 0.00
2026-8-14, 13:25:00.000000, 30080.50, 30087.25, 30064.75, 30068.00, 2251, 2033, 30075.13, 30073.33, 30076.00, 1145, 1106, 0.00, 0.00, 0.00, 0.00, 0.00, 0.00, 0.00, 0.00, 0.00, 0.00
2026-8-14, 13:30:00.000000, 30067.50, 30075.75, 30062.50, 30072.75, 2092, 1878, 30069.63, 30070.33, 30069.13, 965, 1127, 0.00, 0.00, 0.00, 0.00, 0.00, 0.00, 0.00, 0.00, 0.00, 0.00
2026-8-14, 13:35:00.000000, 30072.50, 30078.25, 30066.25, 30076.25, 1438, 1272, 30073.31, 30073.58, 30072.25, 608, 830, 0.00, 0.00, 0.00, 0.00, 0.00, 0.00, 0.00, 0.00, 0.00, 0.00
2026-8-14, 13:40:00.000000, 30075.50, 30090.25, 30073.50, 30087.25, 2005, 1781, 30081.63, 30083.67, 30081.88, 829, 1176, 0.00, 0.00, 0.00, 0.00, 0.00, 0.00, 0.00, 0.00, 0.00, 0.00
2026-8-14, 13:45:00.000000, 30087.00, 30088.75, 30078.00, 30087.00, 1529, 1431, 30085.19, 30084.58, 30083.38, 736, 793, 0.00, 0.00, 0.00, 0.00, 0.00, 0.00, 0.00, 0.00, 0.00, 0.00
2026-8-14, 13:50:00.000000, 30087.50, 30104.00, 30087.50, 30096.75, 2539, 2282, 30093.94, 30096.08, 30095.75, 1112, 1427, 0.00, 0.00, 0.00, 0.00, 0.00, 0.00, 0.00, 0.00, 0.00, 0.00
2026-8-14, 13:55:00.000000, 30096.75, 30097.50, 30086.50, 30088.50, 1421, 1283, 30092.31, 30090.83, 30092.00, 715, 706, 0.00, 0.00, 0.00, 0.00, 0.00, 0.00, 0.00, 0.00, 0.00, 0.00
2026-8-17, 08:30:00.000000, 30219.25, 30266.00, 30191.00, 30196.50, 16710, 15758, 30218.19, 30217.83, 30228.50, 8268, 8442, 0.00, 0.00, 0.00, 0.00, 0.00, 0.00, 0.00, 0.00, 0.00, 0.00
2026-8-17, 08:35:00.000000, 30197.25, 30239.25, 30165.50, 30178.50, 10956, 10299, 30195.13, 30194.42, 30202.38, 5611, 5345, 0.00, 0.00, 0.00, 0.00, 0.00, 0.00, 0.00, 0.00, 0.00, 0.00
2026-8-17, 08:40:00.000000, 30179.00, 30230.50, 30167.50, 30196.50, 8434, 7914, 30193.38, 30198.17, 30199.00, 3989, 4445, 0.00, 0.00, 0.00, 0.00, 0.00, 0.00, 0.00, 0.00, 0.00, 0.00
2026-8-17, 08:45:00.000000, 30196.50, 30229.00, 30174.25, 30226.25, 7238, 6832, 30206.50, 30209.83, 30201.63, 3481, 3757, 0.00, 0.00, 0.00, 0.00, 0.00, 0.00, 0.00, 0.00, 0.00, 0.00
2026-8-17, 08:50:00.000000, 30226.75, 30254.25, 30210.75, 30249.00, 7062, 6728, 30235.19, 30238.00, 30232.50, 3401, 3661, 0.00, 0.00, 0.00, 0.00, 0.00, 0.00, 0.00, 30256.25, 0.00, 0.00
2026-8-17, 08:55:00.000000, 30249.50, 30251.25, 30215.00, 30235.00, 5583, 5313, 30237.69, 30233.75, 30233.13, 2896, 2687, 0.00, 0.00, 0.00, 0.00, 0.00, 0.00, 0.00, 0.00, 0.00, 0.00
2026-8-17, 09:00:00.000000, 30234.75, 30243.25, 30186.25, 30206.75, 8257, 7875, 30217.75, 30212.08, 30214.75, 4372, 3885, 0.00, 0.00, 0.00, 0.00, 0.00, 0.00, 0.00, 0.00, 0.00, 0.00
2026-8-17, 09:05:00.000000, 30207.50, 30214.00, 30161.00, 30196.50, 7166, 6859, 30194.75, 30190.50, 30187.50, 3920, 3246, 0.00, 0.00, 0.00, 0.00, 0.00, 0.00, 0.00, 0.00, 0.00, 0.00
2026-8-17, 09:10:00.000000, 30196.75, 30226.25, 30192.00, 30224.25, 6045, 5672, 30209.81, 30214.17, 30209.13, 2879, 3166, 0.00, 0.00, 0.00, 0.00, 0.00, 0.00, 0.00, 0.00, 0.00, 0.00
2026-8-17, 09:15:00.000000, 30224.75, 30226.00, 30174.75, 30181.00, 5517, 5201, 30201.63, 30193.92, 30200.38, 3064, 2453, 0.00, 0.00, 0.00, 0.00, 0.00, 0.00, 0.00, 0.00, 0.00, 0.00
2026-8-17, 09:20:00.000000, 30181.25, 30185.00, 30155.25, 30176.25, 5135, 4754, 30174.44, 30172.17, 30170.13, 2725, 2410, 0.00, 0.00, 0.00, 0.00, 0.00, 0.00, 0.00, 0.00, 0.00, 0.00
2026-8-17, 09:25:00.000000, 30176.00, 30198.75, 30165.75, 30197.75, 4760, 4302, 30184.56, 30187.42, 30182.25, 2205, 2555, 0.00, 0.00, 0.00, 0.00, 0.00, 0.00, 0.00, 0.00, 0.00, 0.00
2026-8-17, 09:30:00.000000, 30198.00, 30207.00, 30186.00, 30203.75, 3580, 3411, 30198.69, 30198.92, 30196.50, 1759, 1821, 0.00, 0.00, 0.00, 0.00, 0.00, 0.00, 0.00, 0.00, 0.00, 0.00
2026-8-17, 09:35:00.000000, 30204.00, 30206.50, 30186.50, 30194.25, 2986, 2885, 30197.81, 30195.75, 30196.50, 1456, 1530, 0.00, 0.00, 0.00, 0.00, 0.00, 0.00, 0.00, 0.00, 0.00, 0.00
2026-8-17, 09:40:00.000000, 30194.50, 30217.25, 30192.50, 30204.25, 3447, 3306, 30202.13, 30204.67, 30204.88, 1608, 1839, 0.00, 0.00, 0.00, 0.00, 0.00, 0.00, 0.00, 0.00, 0.00, 0.00
2026-8-17, 09:45:00.000000, 30205.00, 30223.25, 30199.25, 30215.75, 3437, 3237, 30210.81, 30212.75, 30211.25, 1668, 1769, 0.00, 0.00, 0.00, 0.00, 0.00, 0.00, 0.00, 0.00, 0.00, 0.00
2026-8-17, 09:50:00.000000, 30216.00, 30231.50, 30203.00, 30209.50, 4176, 3957, 30215.00, 30214.67, 30217.25, 2015, 2161, 0.00, 0.00, 0.00, 0.00, 0.00, 0.00, 0.00, 0.00, 0.00, 0.00
2026-8-17, 09:55:00.000000, 30209.75, 30246.00, 30208.50, 30244.00, 4038, 3800, 30227.06, 30232.83, 30227.25, 1679, 2359, 0.00, 0.00, 0.00, 0.00, 0.00, 0.00, 0.00, 0.00, 0.00, 0.00
2026-8-17, 10:00:00.000000, 30244.00, 30277.00, 30233.25, 30269.00, 6150, 5647, 30255.81, 30259.75, 30255.13, 2804, 3346, 0.00, 0.00, 0.00, 0.00, 0.00, 0.00, 0.00, 0.00, 0.00, 0.00
2026-8-17, 10:05:00.000000, 30268.75, 30287.50, 30257.25, 30259.25, 5859, 5463, 30268.19, 30268.00, 30272.38, 3031, 2828, 0.00, 0.00, 0.00, 0.00, 0.00, 0.00, 0.00, 0.00, 0.00, 0.00
2026-8-17, 10:10:00.000000, 30259.00, 30276.75, 30255.75, 30257.75, 3546, 3354, 30262.31, 30263.42, 30266.25, 1834, 1712, 0.00, 0.00, 0.00, 0.00, 0.00, 0.00, 0.00, 0.00, 0.00, 0.00
2026-8-17, 10:15:00.000000, 30258.00, 30276.25, 30255.00, 30271.75, 3518, 3324, 30265.25, 30267.67, 30265.63, 1805, 1713, 0.00, 0.00, 0.00, 0.00, 0.00, 0.00, 0.00, 0.00, 0.00, 0.00
2026-8-17, 10:20:00.000000, 30272.25, 30278.00, 30265.00, 30269.75, 3111, 2940, 30271.25, 30270.92, 30271.50, 1621, 1490, 0.00, 0.00, 0.00, 0.00, 0.00, 0.00, 0.00, 0.00, 0.00, 0.00
2026-8-17, 10:25:00.000000, 30269.75, 30277.50, 30255.50, 30269.00, 3016, 2802, 30267.94, 30267.33, 30266.50, 1442, 1574, 0.00, 0.00, 0.00, 0.00, 0.00, 0.00, 0.00, 0.00, 0.00, 0.00
2026-8-17, 10:30:00.000000, 30269.75, 30273.50, 30241.75, 30243.75, 4046, 3730, 30257.19, 30253.00, 30257.63, 2203, 1843, 0.00, 0.00, 0.00, 0.00, 0.00, 0.00, 0.00, 0.00, 0.00, 0.00
2026-8-17, 10:35:00.000000, 30244.25, 30252.25, 30222.75, 30224.50, 4820, 4442, 30235.94, 30233.17, 30237.50, 2620, 2200, 0.00, 0.00, 0.00, 0.00, 0.00, 0.00, 0.00, 0.00, 0.00, 0.00
2026-8-17, 10:40:00.000000, 30223.50, 30233.00, 30207.75, 30227.50, 5618, 5109, 30222.94, 30222.75, 30220.38, 2733, 2885, 0.00, 0.00, 0.00, 0.00, 0.00, 0.00, 0.00, 0.00, 0.00, 0.00
2026-8-17, 10:45:00.000000, 30227.00, 30233.25, 30214.00, 30218.50, 2653, 2438, 30223.19, 30221.92, 30223.63, 1431, 1222, 0.00, 0.00, 0.00, 0.00, 0.00, 0.00, 0.00, 0.00, 0.00, 0.00
2026-8-17, 10:50:00.000000, 30218.50, 30249.75, 30214.75, 30242.75, 3678, 3354, 30231.44, 30235.75, 30232.25, 1529, 2149, 0.00, 0.00, 0.00, 0.00, 0.00, 0.00, 0.00, 0.00, 0.00, 0.00
2026-8-17, 10:55:00.000000, 30242.75, 30247.00, 30238.25, 30239.50, 1964, 1856, 30241.88, 30241.58, 30242.63, 1132, 832, 0.00, 0.00, 0.00, 0.00, 0.00, 0.00, 0.00, 0.00, 0.00, 0.00
2026-8-17, 11:00:00.000000, 30239.75, 30243.25, 30216.00, 30217.75, 2892, 2759, 30229.19, 30225.67, 30229.63, 1674, 1218, 0.00, 0.00, 0.00, 0.00, 0.00, 0.00, 0.00, 0.00, 0.00, 0.00
2026-8-17, 11:05:00.000000, 30216.75, 30221.75, 30200.50, 30208.00, 3285, 3084, 30211.75, 30210.08, 30211.13, 1823, 1462, 0.00, 0.00, 0.00, 0.00, 0.00, 0.00, 0.00, 0.00, 0.00, 0.00
2026-8-17, 11:10:00.000000, 30207.25, 30216.00, 30200.00, 30204.00, 2443, 2306, 30206.81, 30206.67, 30208.00, 1314, 1129, 0.00, 0.00, 0.00, 0.00, 0.00, 0.00, 0.00, 0.00, 0.00, 0.00
2026-8-17, 11:15:00.000000, 30204.00, 30218.00, 30200.25, 30212.50, 2032, 1906, 30208.69, 30210.25, 30209.13, 1046, 986, 0.00, 0.00, 0.00, 0.00, 0.00, 0.00, 0.00, 0.00, 0.00, 0.00
2026-8-17, 11:20:00.000000, 30212.75, 30217.50, 30197.00, 30199.00, 2070, 1978, 30206.56, 30204.50, 30207.25, 1232, 838, 0.00, 0.00, 0.00, 0.00, 0.00, 0.00, 0.00, 0.00, 0.00, 0.00
2026-8-17, 11:25:00.000000, 30198.75, 30210.50, 30196.50, 30207.25, 2128, 1991, 30203.25, 30204.75, 30203.50, 997, 1131, 0.00, 0.00, 0.00, 0.00, 0.00, 0.00, 0.00, 0.00, 0.00, 0.00
2026-8-17, 11:30:00.000000, 30207.50, 30212.75, 30193.25, 30197.25, 2275, 2165, 30202.69, 30201.08, 30203.00, 1257, 1018, 0.00, 0.00, 0.00, 0.00, 0.00, 0.00, 0.00, 0.00, 0.00, 0.00
2026-8-17, 11:35:00.000000, 30197.50, 30202.50, 30192.75, 30201.00, 1685, 1612, 30198.44, 30198.75, 30197.63, 915, 770, 0.00, 0.00, 0.00, 0.00, 0.00, 0.00, 0.00, 0.00, 0.00, 0.00
2026-8-17, 11:40:00.000000, 30201.75, 30202.00, 30182.00, 30183.50, 2331, 2159, 30192.31, 30189.17, 30192.00, 1356, 975, 0.00, 0.00, 0.00, 0.00, 0.00, 0.00, 0.00, 0.00, 0.00, 0.00
2026-8-17, 11:45:00.000000, 30183.50, 30191.25, 30178.50, 30189.75, 2419, 2181, 30185.75, 30186.50, 30184.88, 1196, 1223, 0.00, 0.00, 0.00, 0.00, 0.00, 0.00, 0.00, 0.00, 0.00, 0.00
2026-8-17, 11:50:00.000000, 30189.25, 30192.50, 30175.25, 30190.00, 2012, 1856, 30186.75, 30185.92, 30183.88, 1046, 966, 0.00, 0.00, 0.00, 0.00, 0.00, 0.00, 0.00, 0.00, 0.00, 0.00
2026-8-17, 11:55:00.000000, 30190.00, 30192.75, 30177.50, 30183.50, 1647, 1539, 30185.94, 30184.58, 30185.13, 805, 842, 0.00, 0.00, 0.00, 0.00, 0.00, 0.00, 0.00, 0.00, 0.00, 0.00
2026-8-17, 12:00:00.000000, 30183.50, 30187.25, 30171.75, 30173.50, 2025, 1927, 30179.00, 30177.50, 30179.50, 1114, 911, 0.00, 0.00, 0.00, 0.00, 0.00, 0.00, 0.00, 0.00, 0.00, 0.00
2026-8-17, 12:05:00.000000, 30173.50, 30174.25, 30154.00, 30161.00, 3838, 3211, 30165.69, 30163.08, 30164.13, 2044, 1794, 0.00, 0.00, 0.00, 0.00, 0.00, 0.00, 0.00, 0.00, 0.00, 0.00
2026-8-17, 12:10:00.000000, 30161.25, 30164.00, 30128.25, 30129.50, 4396, 4005, 30145.75, 30140.58, 30146.13, 2522, 1874, 0.00, 0.00, 0.00, 0.00, 0.00, 0.00, 0.00, 0.00, 0.00, 0.00
2026-8-17, 12:15:00.000000, 30128.50, 30143.75, 30114.00, 30129.00, 5975, 5203, 30128.81, 30128.92, 30128.88, 2800, 3175, 0.00, 0.00, 0.00, 0.00, 0.00, 0.00, 0.00, 0.00, 0.00, 0.00
2026-8-17, 12:20:00.000000, 30128.75, 30129.50, 30095.25, 30109.00, 6065, 5370, 30115.63, 30111.25, 30112.38, 3240, 2825, 0.00, 0.00, 0.00, 0.00, 0.00, 0.00, 0.00, 0.00, 0.00, 0.00
2026-8-17, 12:25:00.000000, 30109.00, 30116.00, 30092.50, 30096.75, 4321, 3867, 30103.56, 30101.75, 30104.25, 2115, 2206, 0.00, 0.00, 0.00, 0.00, 0.00, 0.00, 0.00, 0.00, 0.00, 0.00
2026-8-17, 12:30:00.000000, 30097.00, 30113.50, 30090.50, 30094.25, 4690, 4019, 30098.81, 30099.42, 30102.00, 2225, 2465, 0.00, 0.00, 0.00, 0.00, 0.00, 0.00, 0.00, 0.00, 0.00, 0.00
2026-8-17, 12:35:00.000000, 30094.50, 30116.75, 30091.00, 30092.00, 3337, 3112, 30098.56, 30099.92, 30103.88, 1573, 1764, 0.00, 0.00, 0.00, 0.00, 0.00, 0.00, 0.00, 0.00, 0.00, 0.00
2026-8-17, 12:40:00.000000, 30091.75, 30128.00, 30086.50, 30123.00, 4196, 3714, 30107.31, 30112.50, 30107.25, 1914, 2282, 0.00, 0.00, 0.00, 0.00, 0.00, 0.00, 0.00, 0.00, 0.00, 0.00
2026-8-17, 12:45:00.000000, 30123.00, 30127.25, 30108.50, 30111.25, 2162, 2011, 30117.50, 30115.67, 30117.88, 1223, 939, 0.00, 0.00, 0.00, 0.00, 0.00, 0.00, 0.00, 0.00, 0.00, 30126.50
2026-8-17, 12:50:00.000000, 30110.75, 30117.25, 30105.75, 30112.00, 1794, 1741, 30111.44, 30111.67, 30111.50, 935, 859, 0.00, 0.00, 0.00, 0.00, 0.00, 0.00, 0.00, 0.00, 0.00, 0.00
2026-8-17, 12:55:00.000000, 30112.00, 30113.50, 30097.00, 30102.25, 2194, 2021, 30106.19, 30104.25, 30105.25, 1207, 987, 0.00, 0.00, 0.00, 0.00, 0.00, 0.00, 0.00, 0.00, 0.00, 0.00
2026-8-17, 13:00:00.000000, 30102.00, 30114.00, 30089.75, 30093.25, 3467, 3238, 30099.75, 30099.00, 30101.88, 1801, 1666, 0.00, 0.00, 0.00, 0.00, 0.00, 0.00, 0.00, 0.00, 0.00, 0.00
2026-8-17, 13:05:00.000000, 30093.00, 30097.00, 30079.25, 30087.25, 3350, 3231, 30089.13, 30087.83, 30088.13, 1870, 1480, 0.00, 0.00, 0.00, 0.00, 0.00, 0.00, 0.00, 0.00, 0.00, 0.00
2026-8-17, 13:10:00.000000, 30087.25, 30107.75, 30084.00, 30100.25, 2407, 2259, 30094.81, 30097.33, 30095.88, 1169, 1238, 0.00, 0.00, 0.00, 0.00, 0.00, 0.00, 0.00, 0.00, 0.00, 0.00
2026-8-17, 13:15:00.000000, 30100.25, 30105.00, 30092.50, 30097.75, 2111, 1960, 30098.88, 30098.42, 30098.75, 1161, 950, 0.00, 0.00, 0.00, 0.00, 0.00, 0.00, 0.00, 0.00, 0.00, 0.00
2026-8-17, 13:20:00.000000, 30097.50, 30107.75, 30089.50, 30106.75, 2462, 2312, 30100.38, 30101.33, 30098.63, 1243, 1219, 0.00, 0.00, 0.00, 0.00, 0.00, 0.00, 0.00, 0.00, 0.00, 0.00
2026-8-17, 13:25:00.000000, 30106.25, 30113.75, 30095.00, 30103.00, 2580, 2427, 30104.50, 30103.92, 30104.38, 1250, 1330, 0.00, 0.00, 0.00, 0.00, 0.00, 0.00, 0.00, 0.00, 0.00, 0.00
2026-8-17, 13:30:00.000000, 30103.75, 30109.25, 30092.50, 30100.75, 2216, 2122, 30101.56, 30100.83, 30100.88, 1118, 1098, 0.00, 0.00, 0.00, 0.00, 0.00, 0.00, 0.00, 0.00, 0.00, 0.00
2026-8-17, 13:35:00.000000, 30101.00, 30110.00, 30101.00, 30107.00, 1389, 1316, 30104.75, 30106.00, 30105.50, 674, 715, 0.00, 0.00, 0.00, 0.00, 0.00, 0.00, 0.00, 0.00, 0.00, 0.00
2026-8-17, 13:40:00.000000, 30107.00, 30120.00, 30103.75, 30117.25, 1863, 1733, 30112.00, 30113.67, 30111.88, 871, 992, 0.00, 0.00, 0.00, 0.00, 0.00, 0.00, 0.00, 0.00, 0.00, 0.00
2026-8-17, 13:45:00.000000, 30117.75, 30125.00, 30115.50, 30123.50, 1722, 1610, 30120.44, 30121.33, 30120.25, 781, 941, 0.00, 0.00, 0.00, 0.00, 0.00, 0.00, 0.00, 0.00, 0.00, 0.00
2026-8-17, 13:50:00.000000, 30123.00, 30136.50, 30120.00, 30122.00, 2505, 2331, 30125.38, 30126.17, 30128.25, 1276, 1229, 0.00, 0.00, 0.00, 0.00, 0.00, 0.00, 0.00, 0.00, 0.00, 0.00
2026-8-17, 13:55:00.000000, 30122.75, 30125.00, 30116.50, 30122.25, 1768, 1613, 30121.63, 30121.25, 30120.75, 837, 931, 0.00, 0.00, 0.00, 0.00, 0.00, 0.00, 0.00, 0.00, 0.00, 0.00
2026-8-18, 08:30:00.000000, 29690.25, 29755.25, 29631.25, 29685.25, 24751, 22460, 29690.50, 29690.58, 29693.25, 13624, 11127, 0.00, 0.00, 0.00, 0.00, 0.00, 0.00, 0.00, 0.00, 0.00, 0.00
2026-8-18, 08:35:00.000000, 29685.00, 29741.75, 29673.25, 29734.25, 15094, 13709, 29708.56, 29716.42, 29707.50, 7685, 7409, 0.00, 0.00, 0.00, 0.00, 0.00, 0.00, 0.00, 0.00, 0.00, 0.00
2026-8-18, 08:40:00.000000, 29735.50, 29769.75, 29685.50, 29687.50, 11227, 10347, 29719.56, 29714.25, 29727.63, 5737, 5490, 0.00, 0.00, 0.00, 0.00, 0.00, 0.00, 0.00, 0.00, 0.00, 0.00
2026-8-18, 08:45:00.000000, 29687.25, 29700.50, 29645.00, 29657.25, 11069, 10247, 29672.50, 29667.58, 29672.75, 5711, 5358, 0.00, 0.00, 0.00, 0.00, 0.00, 0.00, 0.00, 0.00, 0.00, 0.00
2026-8-18, 08:50:00.000000, 29657.00, 29683.75, 29633.00, 29636.75, 8680, 8138, 29652.63, 29651.17, 29658.38, 4214, 4466, 0.00, 0.00, 0.00, 0.00, 0.00, 0.00, 0.00, 0.00, 0.00, 0.00
2026-8-18, 08:55:00.000000, 29637.50, 29665.25, 29604.75, 29646.25, 10461, 9806, 29638.44, 29638.75, 29635.00, 5254, 5207, 0.00, 0.00, 0.00, 0.00, 0.00, 0.00, 0.00, 0.00, 0.00, 0.00
2026-8-18, 09:00:00.000000, 29647.50, 29705.75, 29621.25, 29673.75, 11045, 10215, 29662.06, 29666.92, 29663.50, 5410, 5635, 0.00, 0.00, 0.00, 0.00, 0.00, 0.00, 0.00, 0.00, 0.00, 0.00
2026-8-18, 09:05:00.000000, 29674.25, 29679.50, 29617.00, 29618.25, 8736, 8078, 29647.25, 29638.25, 29648.25, 4688, 4048, 0.00, 0.00, 0.00, 0.00, 0.00, 0.00, 0.00, 0.00, 0.00, 0.00
2026-8-18, 09:10:00.000000, 29618.00, 29621.25, 29568.50, 29587.25, 11425, 10129, 29598.75, 29592.33, 29594.88, 5743, 5682, 0.00, 0.00, 0.00, 0.00, 0.00, 0.00, 0.00, 0.00, 0.00, 0.00
2026-8-18, 09:15:00.000000, 29587.00, 29636.00, 29578.00, 29619.00, 9174, 8418, 29605.00, 29611.00, 29607.00, 4226, 4948, 0.00, 0.00, 0.00, 0.00, 0.00, 0.00, 0.00, 0.00, 0.00, 0.00
2026-8-18, 09:20:00.000000, 29619.75, 29661.50, 29593.25, 29641.50, 9061, 8242, 29629.00, 29632.08, 29627.38, 4294, 4767, 0.00, 0.00, 0.00, 0.00, 0.00, 0.00, 0.00, 0.00, 0.00, 0.00
2026-8-18, 09:25:00.000000, 29641.50, 29684.75, 29637.00, 29669.25, 7616, 7104, 29658.13, 29663.67, 29660.88, 3255, 4361, 0.00, 0.00, 0.00, 0.00, 0.00, 0.00, 0.00, 0.00, 0.00, 0.00
2026-8-18, 09:30:00.000000, 29668.75, 29691.25, 29649.00, 29651.00, 7415, 6908, 29665.00, 29663.75, 29670.13, 3416, 3999, 0.00, 0.00, 0.00, 0.00, 0.00, 0.00, 0.00, 0.00, 0.00, 0.00
2026-8-18, 09:35:00.000000, 29651.25, 29684.75, 29649.25, 29665.25, 6620, 5416, 29662.63, 29666.42, 29667.00, 3534, 3086, 0.00, 0.00, 0.00, 0.00, 0.00, 0.00, 0.00, 0.00, 0.00, 0.00
2026-8-18, 09:40:00.000000, 29666.00, 29673.00, 29612.50, 29614.00, 6176, 5727, 29641.38, 29633.17, 29642.75, 3211, 2965, 0.00, 0.00, 0.00, 0.00, 0.00, 0.00, 0.00, 0.00, 29595.75, 0.00
2026-8-18, 09:45:00.000000, 29614.00, 29625.00, 29595.75, 29604.75, 5599, 5215, 29609.88, 29608.50, 29610.38, 2683, 2916, 0.00, 0.00, 0.00, 0.00, 0.00, 0.00, 0.00, 0.00, 0.00, 0.00
2026-8-18, 09:50:00.000000, 29604.75, 29620.00, 29557.00, 29558.50, 10329, 9322, 29585.06, 29578.50, 29588.50, 5358, 4971, 0.00, 0.00, 0.00, 0.00, 0.00, 0.00, 29544.25, 0.00, 29550.00, 0.00
2026-8-18, 09:55:00.000000, 29557.75, 29567.00, 29536.25, 29547.75, 7773, 7202, 29552.19, 29550.33, 29551.63, 3656, 4117, 0.00, 0.00, 0.00, 0.00, 0.00, 0.00, 0.00, 0.00, 0.00, 0.00
2026-8-18, 10:00:00.000000, 29547.50, 29569.00, 29526.00, 29561.25, 10355, 9442, 29550.94, 29552.08, 29547.50, 4911, 5444, 0.00, 0.00, 0.00, 0.00, 0.00, 0.00, 0.00, 0.00, 0.00, 0.00
2026-8-18, 10:05:00.000000, 29561.25, 29571.00, 29527.00, 29530.75, 6311, 5844, 29547.50, 29542.92, 29549.00, 3120, 3191, 0.00, 0.00, 0.00, 0.00, 0.00, 0.00, 0.00, 0.00, 0.00, 0.00
2026-8-18, 10:10:00.000000, 29530.25, 29547.00, 29514.00, 29546.25, 6064, 5499, 29534.38, 29535.75, 29530.50, 2904, 3160, 0.00, 0.00, 0.00, 0.00, 0.00, 0.00, 0.00, 0.00, 0.00, 0.00
2026-8-18, 10:15:00.000000, 29546.75, 29560.75, 29534.00, 29536.00, 4667, 4336, 29544.38, 29543.58, 29547.38, 2197, 2470, 0.00, 0.00, 0.00, 0.00, 0.00, 0.00, 0.00, 0.00, 0.00, 0.00
2026-8-18, 10:20:00.000000, 29535.75, 29577.00, 29532.00, 29567.75, 5618, 5135, 29553.13, 29558.92, 29554.50, 2558, 3060, 0.00, 0.00, 0.00, 0.00, 0.00, 0.00, 0.00, 0.00, 0.00, 0.00
2026-8-18, 10:25:00.000000, 29568.25, 29600.00, 29564.75, 29591.25, 5897, 5270, 29581.06, 29585.33, 29582.38, 2748, 3149, 0.00, 0.00, 0.00, 0.00, 0.00, 0.00, 0.00, 29615.00, 0.00, 0.00
2026-8-18, 10:30:00.000000, 29591.00, 29610.00, 29582.00, 29591.50, 5787, 5341, 29593.63, 29594.50, 29596.00, 2747, 3040, 0.00, 0.00, 0.00, 0.00, 29562.00, 0.00, 29561.50, 0.00, 0.00, 0.00
2026-8-18, 10:35:00.000000, 29592.25, 29592.50, 29567.00, 29572.00, 3780, 3437, 29580.94, 29577.17, 29579.75, 1784, 1996, 0.00, 0.00, 0.00, 0.00, 0.00, 0.00, 0.00, 0.00, 0.00, 0.00
2026-8-18, 10:40:00.000000, 29571.75, 29606.75, 29566.50, 29598.00, 4149, 3829, 29585.75, 29590.42, 29586.63, 1762, 2387, 0.00, 0.00, 0.00, 0.00, 0.00, 0.00, 0.00, 0.00, 0.00, 0.00
2026-8-18, 10:45:00.000000, 29598.75, 29630.00, 29598.25, 29622.00, 4753, 4387, 29612.25, 29616.75, 29614.13, 1991, 2762, 0.00, 0.00, 0.00, 0.00, 0.00, 0.00, 0.00, 0.00, 0.00, 0.00
2026-8-18, 10:50:00.000000, 29622.00, 29636.25, 29598.75, 29634.00, 4770, 4370, 29622.75, 29623.00, 29617.50, 2211, 2559, 0.00, 0.00, 0.00, 0.00, 0.00, 0.00, 0.00, 0.00, 0.00, 0.00
2026-8-18, 10:55:00.000000, 29634.25, 29641.00, 29617.25, 29636.75, 4092, 3829, 29632.31, 29631.67, 29629.13, 1969, 2123, 0.00, 0.00, 0.00, 0.00, 0.00, 0.00, 0.00, 0.00, 0.00, 0.00
2026-8-18, 11:00:00.000000, 29637.00, 29653.75, 29632.00, 29639.75, 4935, 4514, 29640.63, 29641.83, 29642.88, 2286, 2649, 0.00, 0.00, 0.00, 0.00, 0.00, 0.00, 0.00, 29656.75, 0.00, 0.00
2026-8-18, 11:05:00.000000, 29638.75, 29650.50, 29625.00, 29635.25, 4044, 3721, 29637.38, 29636.92, 29637.75, 1985, 2059, 0.00, 0.00, 0.00, 0.00, 0.00, 0.00, 0.00, 0.00, 0.00, 0.00
2026-8-18, 11:10:00.000000, 29635.50, 29663.25, 29634.00, 29646.00, 3638, 3452, 29644.69, 29647.75, 29648.63, 1554, 2084, 0.00, 0.00, 0.00, 0.00, 0.00, 0.00, 0.00, 0.00, 0.00, 0.00
2026-8-18, 11:15:00.000000, 29647.00, 29650.25, 29621.00, 29625.00, 3425, 3204, 29635.81, 29632.08, 29635.63, 1691, 1734, 0.00, 0.00, 0.00, 0.00, 0.00, 0.00, 0.00, 0.00, 0.00, 0.00
2026-8-18, 11:20:00.000000, 29626.00, 29657.25, 29624.25, 29644.50, 3916, 3641, 29638.00, 29642.00, 29640.75, 1775, 2141, 0.00, 0.00, 0.00, 0.00, 0.00, 0.00, 0.00, 0.00, 0.00, 0.00
2026-8-18, 11:25:00.000000, 29644.75, 29645.75, 29609.50, 29609.75, 3691, 3523, 29627.44, 29621.67, 29627.63, 1873, 1818, 0.00, 0.00, 0.00, 0.00, 0.00, 0.00, 0.00, 0.00, 0.00, 0.00
2026-8-18, 11:30:00.000000, 29609.75, 29628.75, 29603.25, 29624.25, 3815, 3484, 29616.50, 29618.75, 29616.00, 1702, 2113, 0.00, 0.00, 29608.25, 0.00, 0.00, 0.00, 0.00, 0.00, 0.00, 0.00
2026-8-18, 11:35:00.000000, 29624.50, 29640.75, 29613.25, 29633.75, 3404, 3186, 29628.06, 29629.25, 29627.00, 1352, 2052, 0.00, 0.00, 0.00, 0.00, 0.00, 0.00, 0.00, 0.00, 0.00, 0.00
2026-8-18, 11:40:00.000000, 29634.00, 29650.00, 29617.00, 29629.50, 3544, 3318, 29632.63, 29632.17, 29633.50, 1615, 1929, 0.00, 0.00, 0.00, 0.00, 0.00, 0.00, 0.00, 0.00, 0.00, 0.00
2026-8-18, 11:45:00.000000, 29629.75, 29669.25, 29618.50, 29664.50, 4151, 3746, 29645.50, 29650.75, 29643.88, 1861, 2290, 0.00, 0.00, 0.00, 0.00, 0.00, 0.00, 0.00, 0.00, 0.00, 0.00
2026-8-18, 11:50:00.000000, 29665.00, 29670.75, 29655.25, 29668.25, 2551, 2409, 29664.81, 29664.75, 29663.00, 1109, 1442, 0.00, 0.00, 0.00, 0.00, 0.00, 0.00, 0.00, 0.00, 0.00, 0.00
2026-8-18, 11:55:00.000000, 29668.50, 29668.75, 29647.25, 29649.75, 2465, 2336, 29658.56, 29655.25, 29658.00, 1166, 1299, 0.00, 0.00, 0.00, 0.00, 0.00, 0.00, 0.00, 0.00, 0.00, 0.00
2026-8-18, 12:00:00.000000, 29649.75, 29660.75, 29633.00, 29645.00, 3638, 3428, 29647.13, 29646.25, 29646.88, 1703, 1935, 0.00, 0.00, 0.00, 0.00, 0.00, 0.00, 0.00, 0.00, 0.00, 0.00
2026-8-18, 12:05:00.000000, 29645.25, 29647.50, 29626.25, 29635.25, 2683, 2575, 29638.56, 29636.33, 29636.88, 1295, 1388, 0.00, 0.00, 0.00, 0.00, 0.00, 0.00, 0.00, 0.00, 0.00, 0.00
2026-8-18, 12:10:00.000000, 29635.25, 29641.75, 29618.50, 29635.25, 2338, 2223, 29632.69, 29631.83, 29630.13, 1066, 1272, 0.00, 0.00, 0.00, 0.00, 0.00, 0.00, 0.00, 0.00, 0.00, 0.00
2026-8-18, 12:15:00.000000, 29635.50, 29635.75, 29605.50, 29605.75, 2391, 2164, 29620.63, 29615.67, 29620.63, 1271, 1120, 0.00, 0.00, 0.00, 0.00, 0.00, 0.00, 0.00, 0.00, 0.00, 0.00
2026-8-18, 12:20:00.000000, 29605.75, 29620.00, 29597.25, 29600.00, 2304, 2156, 29605.75, 29605.75, 29608.63, 1112, 1192, 0.00, 0.00, 0.00, 0.00, 0.00, 0.00, 0.00, 0.00, 0.00, 0.00
2026-8-18, 12:25:00.000000, 29600.25, 29618.25, 29593.00, 29616.00, 3363, 3146, 29606.88, 29609.08, 29605.63, 1459, 1904, 0.00, 0.00, 0.00, 0.00, 0.00, 0.00, 0.00, 0.00, 0.00, 0.00
2026-8-18, 12:30:00.000000, 29615.25, 29622.00, 29605.75, 29609.25, 2483, 2312, 29613.06, 29612.33, 29613.88, 1146, 1337, 0.00, 0.00, 0.00, 0.00, 0.00, 0.00, 0.00, 0.00, 0.00, 0.00
2026-8-18, 12:35:00.000000, 29608.75, 29621.25, 29591.50, 29610.00, 3185, 2737, 29607.88, 29607.58, 29606.38, 1615, 1570, 0.00, 0.00, 0.00, 0.00, 0.00, 0.00, 0.00, 0.00, 0.00, 0.00
2026-8-18, 12:40:00.000000, 29610.00, 29616.25, 29602.50, 29603.50, 2427, 1979, 29608.06, 29607.42, 29609.38, 1294, 1133, 0.00, 0.00, 0.00, 0.00, 0.00, 0.00, 0.00, 0.00, 0.00, 0.00
2026-8-18, 12:45:00.000000, 29604.00, 29615.00, 29594.50, 29596.25, 1661, 1513, 29602.44, 29601.92, 29604.75, 810, 851, 0.00, 0.00, 0.00, 0.00, 0.00, 0.00, 0.00, 0.00, 0.00, 0.00
2026-8-18, 12:50:00.000000, 29595.50, 29600.50, 29590.75, 29593.25, 1726, 1649, 29595.00, 29594.83, 29595.63, 836, 890, 0.00, 0.00, 0.00, 0.00, 0.00, 0.00, 0.00, 0.00, 0.00, 0.00
2026-8-18, 12:55:00.000000, 29593.50, 29594.25, 29565.00, 29565.75, 3538, 3336, 29579.63, 29575.00, 29579.63, 1907, 1631, 0.00, 0.00, 0.00, 0.00, 0.00, 0.00, 0.00, 0.00, 0.00, 0.00
2026-8-18, 13:00:00.000000, 29566.00, 29576.75, 29561.50, 29569.25, 3134, 2891, 29568.38, 29569.17, 29569.13, 1499, 1635, 0.00, 0.00, 0.00, 0.00, 0.00, 0.00, 0.00, 0.00, 0.00, 0.00
2026-8-18, 13:05:00.000000, 29569.50, 29578.00, 29550.50, 29555.00, 2943, 2793, 29563.25, 29561.17, 29564.25, 1526, 1417, 0.00, 0.00, 0.00, 0.00, 0.00, 0.00, 0.00, 0.00, 0.00, 0.00
2026-8-18, 13:10:00.000000, 29555.50, 29579.00, 29547.25, 29575.25, 3322, 3104, 29564.25, 29567.17, 29563.13, 1478, 1844, 0.00, 0.00, 0.00, 0.00, 0.00, 0.00, 0.00, 0.00, 0.00, 0.00
2026-8-18, 13:15:00.000000, 29574.75, 29605.75, 29571.25, 29605.25, 4042, 3571, 29589.25, 29594.08, 29588.50, 1808, 2234, 0.00, 0.00, 0.00, 0.00, 0.00, 0.00, 0.00, 0.00, 0.00, 0.00
2026-8-18, 13:20:00.000000, 29605.25, 29615.00, 29592.50, 29600.00, 4009, 3458, 29603.19, 29602.50, 29603.75, 2059, 1950, 0.00, 0.00, 0.00, 0.00, 0.00, 0.00, 0.00, 0.00, 0.00, 0.00
2026-8-18, 13:25:00.000000, 29600.25, 29603.50, 29588.00, 29603.25, 2251, 2149, 29598.75, 29598.25, 29595.75, 979, 1272, 0.00, 0.00, 0.00, 0.00, 0.00, 0.00, 0.00, 0.00, 0.00, 0.00
2026-8-18, 13:30:00.000000, 29603.50, 29609.00, 29587.50, 29599.75, 2075, 1888, 29599.94, 29598.75, 29598.25, 1021, 1054, 0.00, 0.00, 0.00, 0.00, 0.00, 0.00, 0.00, 0.00, 0.00, 0.00
2026-8-18, 13:35:00.000000, 29599.75, 29614.00, 29599.75, 29605.75, 2113, 1969, 29604.81, 29606.50, 29606.88, 1016, 1097, 0.00, 0.00, 0.00, 0.00, 0.00, 0.00, 0.00, 0.00, 0.00, 0.00
2026-8-18, 13:40:00.000000, 29605.25, 29607.00, 29584.25, 29586.00, 2585, 2329, 29595.63, 29592.42, 29595.63, 1448, 1137, 0.00, 0.00, 0.00, 0.00, 0.00, 0.00, 0.00, 0.00, 0.00, 0.00
2026-8-18, 13:45:00.000000, 29586.50, 29597.75, 29583.50, 29585.75, 2039, 1887, 29588.38, 29589.00, 29590.63, 993, 1046, 0.00, 0.00, 0.00, 0.00, 0.00, 0.00, 0.00, 0.00, 0.00, 0.00
2026-8-18, 13:50:00.000000, 29585.75, 29587.00, 29568.50, 29571.25, 2036, 1921, 29578.13, 29575.58, 29577.75, 1172, 864, 0.00, 0.00, 0.00, 0.00, 0.00, 0.00, 0.00, 0.00, 0.00, 0.00
2026-8-18, 13:55:00.000000, 29571.00, 29580.25, 29565.25, 29571.25, 2567, 2391, 29571.94, 29572.25, 29572.75, 1241, 1326, 0.00, 0.00, 0.00, 0.00, 0.00, 0.00, 0.00, 0.00, 0.00, 0.00
2026-8-19, 08:30:00.000000, 29696.00, 29742.75, 29648.50, 29673.00, 20156, 18994, 29690.06, 29688.08, 29695.63, 10044, 10112, 0.00, 0.00, 0.00, 0.00, 0.00, 0.00, 0.00, 0.00, 0.00, 0.00
2026-8-19, 08:35:00.000000, 29673.50, 29688.25, 29587.75, 29589.75, 14572, 13841, 29634.81, 29621.92, 29638.00, 7769, 6803, 0.00, 0.00, 0.00, 0.00, 0.00, 0.00, 0.00, 0.00, 0.00, 0.00
2026-8-19, 08:40:00.000000, 29589.50, 29628.75, 29560.50, 29609.75, 15427, 14450, 29597.13, 29599.67, 29594.63, 7534, 7893, 0.00, 0.00, 29560.50, 0.00, 0.00, 0.00, 0.00, 0.00, 0.00, 0.00
2026-8-19, 08:45:00.000000, 29609.25, 29635.50, 29458.25, 29470.50, 17075, 15848, 29543.38, 29521.42, 29546.88, 9148, 7927, 0.00, 0.00, 0.00, 0.00, 0.00, 0.00, 29450.25, 0.00, 0.00, 0.00
2026-8-19, 08:50:00.000000, 29470.00, 29493.00, 29406.50, 29471.25, 18519, 17051, 29460.19, 29456.92, 29449.75, 9154, 9365, 0.00, 0.00, 0.00, 0.00, 0.00, 0.00, 0.00, 0.00, 0.00, 0.00
2026-8-19, 08:55:00.000000, 29471.00, 29525.50, 29460.50, 29496.50, 11611, 10951, 29488.38, 29494.17, 29493.00, 5447, 6164, 0.00, 0.00, 0.00, 0.00, 0.00, 0.00, 0.00, 0.00, 0.00, 0.00
2026-8-19, 09:00:00.000000, 29496.25, 29514.25, 29456.00, 29472.25, 10937, 10423, 29484.69, 29480.83, 29485.13, 5526, 5411, 0.00, 0.00, 0.00, 0.00, 0.00, 0.00, 0.00, 0.00, 0.00, 0.00
2026-8-19, 09:05:00.000000, 29472.25, 29504.25, 29433.50, 29452.25, 9182, 8622, 29465.56, 29463.33, 29468.88, 4875, 4307, 0.00, 0.00, 0.00, 0.00, 0.00, 0.00, 0.00, 0.00, 0.00, 0.00
2026-8-19, 09:10:00.000000, 29451.75, 29462.00, 29377.25, 29382.50, 11603, 10630, 29418.38, 29407.25, 29419.63, 6105, 5498, 0.00, 0.00, 0.00, 0.00, 0.00, 0.00, 0.00, 0.00, 0.00, 0.00
2026-8-19, 09:15:00.000000, 29382.25, 29469.00, 29375.75, 29418.50, 12906, 12063, 29411.38, 29421.08, 29422.38, 6071, 6835, 0.00, 0.00, 0.00, 0.00, 0.00, 0.00, 0.00, 0.00, 0.00, 0.00
2026-8-19, 09:20:00.000000, 29419.25, 29456.75, 29385.25, 29415.50, 9551, 9141, 29419.19, 29419.17, 29421.00, 4721, 4830, 0.00, 0.00, 0.00, 0.00, 0.00, 0.00, 0.00, 0.00, 0.00, 0.00
2026-8-19, 09:25:00.000000, 29413.50, 29485.00, 29395.00, 29482.50, 8192, 7729, 29444.00, 29454.17, 29440.00, 3542, 4650, 0.00, 0.00, 0.00, 0.00, 0.00, 0.00, 0.00, 0.00, 0.00, 0.00
2026-8-19, 09:30:00.000000, 29482.50, 29517.00, 29468.25, 29494.25, 7787, 7296, 29490.50, 29493.17, 29492.63, 3683, 4104, 0.00, 0.00, 0.00, 0.00, 0.00, 0.00, 0.00, 0.00, 0.00, 0.00
2026-8-19, 09:35:00.000000, 29495.00, 29567.00, 29483.75, 29565.75, 7807, 7146, 29527.88, 29538.83, 29525.38, 3526, 4281, 0.00, 0.00, 0.00, 0.00, 0.00, 0.00, 0.00, 0.00, 0.00, 0.00
2026-8-19, 09:40:00.000000, 29565.75, 29575.00, 29535.00, 29564.00, 7039, 6509, 29559.94, 29558.00, 29555.00, 3554, 3485, 0.00, 0.00, 0.00, 0.00, 0.00, 0.00, 0.00, 0.00, 0.00, 0.00
2026-8-19, 09:45:00.000000, 29564.50, 29566.75, 29527.00, 29531.25, 5357, 5089, 29547.38, 29541.67, 29546.88, 2627, 2730, 0.00, 0.00, 0.00, 0.00, 0.00, 0.00, 0.00, 0.00, 0.00, 0.00
2026-8-19, 09:50:00.000000, 29531.50, 29596.75, 29527.00, 29595.75, 6552, 6040, 29562.75, 29573.17, 29561.88, 3036, 3516, 0.00, 0.00, 0.00, 0.00, 0.00, 0.00, 0.00, 0.00, 0.00, 0.00
2026-8-19, 09:55:00.000000, 29596.00, 29624.50, 29582.25, 29623.25, 6148, 5727, 29606.50, 29610.00, 29603.38, 2920, 3228, 0.00, 0.00, 0.00, 0.00, 0.00, 0.00, 0.00, 0.00, 0.00, 0.00
2026-8-19, 10:00:00.000000, 29623.00, 29629.75, 29593.00, 29596.25, 6181, 5729, 29610.50, 29606.33, 29611.38, 3317, 2864, 0.00, 0.00, 0.00, 29634.75, 0.00, 29634.75, 0.00, 0.00, 0.00, 0.00
2026-8-19, 10:05:00.000000, 29596.50, 29609.50, 29581.00, 29586.50, 4491, 4188, 29593.38, 29592.33, 29595.25, 2250, 2241, 0.00, 0.00, 0.00, 0.00, 0.00, 0.00, 0.00, 0.00, 0.00, 0.00
2026-8-19, 10:10:00.000000, 29586.75, 29624.00, 29584.75, 29617.25, 3498, 3367, 29603.19, 29608.67, 29604.38, 1650, 1848, 0.00, 0.00, 0.00, 0.00, 0.00, 0.00, 0.00, 0.00, 0.00, 0.00
2026-8-19, 10:15:00.000000, 29616.25, 29629.00, 29595.00, 29624.00, 4135, 3695, 29616.06, 29616.00, 29612.00, 2005, 2130, 0.00, 0.00, 0.00, 0.00, 0.00, 0.00, 0.00, 0.00, 0.00, 0.00
2026-8-19, 10:20:00.000000, 29623.00, 29631.25, 29602.00, 29602.50, 3476, 3187, 29614.69, 29611.92, 29616.63, 1740, 1736, 0.00, 0.00, 0.00, 0.00, 0.00, 0.00, 0.00, 0.00, 0.00, 0.00
2026-8-19, 10:25:00.000000, 29602.50, 29620.00, 29588.00, 29613.50, 4077, 3844, 29606.00, 29607.17, 29604.00, 1923, 2154, 0.00, 0.00, 0.00, 0.00, 0.00, 0.00, 0.00, 0.00, 0.00, 0.00
2026-8-19, 10:30:00.000000, 29613.25, 29616.50, 29587.00, 29592.25, 2943, 2683, 29602.25, 29598.58, 29601.75, 1414, 1529, 0.00, 0.00, 0.00, 0.00, 0.00, 0.00, 0.00, 0.00, 0.00, 0.00
2026-8-19, 10:35:00.000000, 29591.75, 29598.00, 29570.50, 29572.75, 3688, 3460, 29583.25, 29580.42, 29584.25, 1895, 1793, 0.00, 0.00, 0.00, 0.00, 0.00, 0.00, 0.00, 0.00, 0.00, 0.00
2026-8-19, 10:40:00.000000, 29572.50, 29597.75, 29550.25, 29596.75, 4822, 4456, 29579.31, 29581.58, 29574.00, 2274, 2548, 0.00, 0.00, 0.00, 0.00, 0.00, 0.00, 0.00, 0.00, 0.00, 0.00
2026-8-19, 10:45:00.000000, 29596.25, 29616.25, 29586.25, 29586.75, 3604, 3301, 29596.38, 29596.42, 29601.25, 1655, 1949, 0.00, 0.00, 0.00, 0.00, 0.00, 0.00, 0.00, 0.00, 0.00, 0.00
2026-8-19, 10:50:00.000000, 29587.00, 29596.00, 29569.75, 29574.50, 3482, 3263, 29581.81, 29580.08, 29582.88, 1785, 1697, 0.00, 0.00, 0.00, 0.00, 0.00, 0.00, 0.00, 0.00, 0.00, 0.00
2026-8-19, 10:55:00.000000, 29574.50, 29608.25, 29571.25, 29606.25, 3044, 2789, 29590.06, 29595.25, 29589.75, 1403, 1641, 0.00, 0.00, 0.00, 0.00, 0.00, 0.00, 0.00, 0.00, 0.00, 0.00
2026-8-19, 11:00:00.000000, 29607.25, 29639.50, 29587.50, 29638.25, 4719, 4290, 29618.13, 29621.75, 29613.50, 2187, 2532, 0.00, 0.00, 0.00, 0.00, 0.00, 0.00, 0.00, 0.00, 0.00, 0.00
2026-8-19, 11:05:00.000000, 29638.50, 29653.75, 29629.25, 29650.75, 3202, 2927, 29643.06, 29644.58, 29641.50, 1541, 1661, 0.00, 0.00, 0.00, 0.00, 0.00, 0.00, 0.00, 0.00, 0.00, 0.00
2026-8-19, 11:10:00.000000, 29651.25, 29653.25, 29636.50, 29637.00, 2154, 2007, 29644.50, 29642.25, 29644.88, 1124, 1030, 0.00, 0.00, 0.00, 0.00, 0.00, 0.00, 0.00, 0.00, 0.00, 0.00
2026-8-19, 11:15:00.000000, 29637.25, 29667.25, 29628.25, 29659.50, 3378, 3198, 29648.06, 29651.67, 29647.75, 1613, 1765, 0.00, 0.00, 0.00, 0.00, 0.00, 0.00, 0.00, 0.00, 0.00, 0.00
2026-8-19, 11:20:00.000000, 29659.75, 29665.25, 29633.75, 29638.25, 2560, 2390, 29649.25, 29645.75, 29649.50, 1357, 1203, 0.00, 0.00, 0.00, 0.00, 0.00, 0.00, 0.00, 0.00, 0.00, 0.00
2026-8-19, 11:25:00.000000, 29638.25, 29639.25, 29602.25, 29609.00, 3365, 3115, 29622.19, 29616.83, 29620.75, 1752, 1613, 0.00, 0.00, 0.00, 0.00, 0.00, 0.00, 0.00, 0.00, 0.00, 0.00
2026-8-19, 11:30:00.000000, 29609.00, 29617.25, 29596.00, 29611.25, 2720, 2497, 29608.38, 29608.17, 29606.63, 1268, 1452, 0.00, 0.00, 0.00, 0.00, 0.00, 0.00, 0.00, 0.00, 0.00, 0.00
2026-8-19, 11:35:00.000000, 29611.75, 29621.50, 29594.00, 29609.75, 2229, 2119, 29609.25, 29608.42, 29607.75, 1077, 1152, 0.00, 0.00, 0.00, 0.00, 0.00, 0.00, 0.00, 0.00, 0.00, 0.00
2026-8-19, 11:40:00.000000, 29609.25, 29620.75, 29602.50, 29610.25, 1799, 1700, 29610.69, 29611.17, 29611.63, 842, 957, 0.00, 0.00, 0.00, 0.00, 0.00, 0.00, 0.00, 0.00, 0.00, 0.00
2026-8-19, 11:45:00.000000, 29610.25, 29611.25, 29587.25, 29589.25, 2237, 1987, 29599.50, 29595.92, 29599.25, 1131, 1106, 0.00, 0.00, 0.00, 0.00, 0.00, 0.00, 0.00, 0.00, 0.00, 0.00
2026-8-19, 11:50:00.000000, 29588.50, 29588.50, 29564.00, 29571.50, 2925, 2689, 29578.13, 29574.67, 29576.25, 1468, 1457, 0.00, 0.00, 0.00, 0.00, 0.00, 0.00, 0.00, 0.00, 0.00, 0.00
2026-8-19, 11:55:00.000000, 29571.75, 29572.00, 29553.00, 29559.50, 2350, 2196, 29564.06, 29561.50, 29562.50, 1265, 1085, 0.00, 0.00, 0.00, 0.00, 0.00, 0.00, 0.00, 0.00, 0.00, 0.00
2026-8-19, 12:00:00.000000, 29560.00, 29569.25, 29545.00, 29556.00, 3045, 2860, 29557.56, 29556.75, 29557.13, 1573, 1472, 0.00, 0.00, 0.00, 0.00, 0.00, 0.00, 0.00, 0.00, 0.00, 0.00
2026-8-19, 12:05:00.000000, 29557.00, 29573.25, 29539.50, 29542.00, 2953, 2742, 29552.94, 29551.58, 29556.38, 1543, 1410, 0.00, 0.00, 0.00, 0.00, 0.00, 0.00, 0.00, 0.00, 0.00, 0.00
2026-8-19, 12:10:00.000000, 29542.00, 29562.75, 29542.00, 29548.00, 2314, 2138, 29548.69, 29550.92, 29552.38, 1094, 1220, 0.00, 0.00, 0.00, 0.00, 0.00, 0.00, 0.00, 0.00, 0.00, 0.00
2026-8-19, 12:15:00.000000, 29547.75, 29556.50, 29526.25, 29526.25, 2622, 2449, 29539.19, 29536.33, 29541.38, 1314, 1308, 0.00, 0.00, 0.00, 0.00, 0.00, 0.00, 0.00, 0.00, 0.00, 0.00
2026-8-19, 12:20:00.000000, 29527.00, 29528.50, 29510.50, 29518.50, 3477, 3151, 29521.13, 29519.17, 29519.50, 1749, 1728, 0.00, 0.00, 0.00, 0.00, 0.00, 0.00, 0.00, 0.00, 0.00, 0.00
2026-8-19, 12:25:00.000000, 29518.25, 29543.50, 29512.75, 29539.50, 2475, 2355, 29528.50, 29531.92, 29528.13, 1104, 1371, 0.00, 0.00, 0.00, 0.00, 0.00, 0.00, 0.00, 0.00, 0.00, 0.00
2026-8-19, 12:30:00.000000, 29540.00, 29543.25, 29519.25, 29519.25, 2217, 2065, 29530.44, 29527.25, 29531.25, 1097, 1120, 0.00, 0.00, 0.00, 0.00, 0.00, 0.00, 0.00, 0.00, 0.00, 0.00
2026-8-19, 12:35:00.000000, 29519.00, 29538.00, 29513.75, 29523.00, 1910, 1827, 29523.44, 29524.92, 29525.88, 891, 1019, 0.00, 0.00, 0.00, 0.00, 0.00, 0.00, 0.00, 0.00, 0.00, 0.00
2026-8-19, 12:40:00.000000, 29522.50, 29544.25, 29522.25, 29537.00, 1966, 1832, 29531.50, 29534.50, 29533.25, 895, 1071, 0.00, 0.00, 0.00, 0.00, 0.00, 0.00, 0.00, 0.00, 0.00, 0.00
2026-8-19, 12:45:00.000000, 29536.25, 29550.25, 29534.25, 29541.00, 1889, 1776, 29540.44, 29541.83, 29542.25, 929, 960, 0.00, 0.00, 0.00, 0.00, 0.00, 0.00, 0.00, 0.00, 0.00, 0.00
2026-8-19, 12:50:00.000000, 29541.50, 29561.00, 29538.00, 29551.50, 1907, 1830, 29548.00, 29550.17, 29549.50, 880, 1027, 0.00, 0.00, 0.00, 0.00, 0.00, 0.00, 0.00, 0.00, 0.00, 0.00
2026-8-19, 12:55:00.000000, 29551.50, 29553.75, 29537.75, 29544.25, 1390, 1347, 29546.81, 29545.25, 29545.75, 776, 614, 0.00, 0.00, 0.00, 0.00, 0.00, 29597.50, 0.00, 0.00, 0.00, 0.00
2026-8-19, 13:00:00.000000, 29544.00, 29592.50, 29535.75, 29562.75, 4542, 4179, 29558.75, 29563.67, 29564.13, 2252, 2290, 0.00, 0.00, 0.00, 0.00, 0.00, 0.00, 0.00, 0.00, 0.00, 0.00
2026-8-19, 13:05:00.000000, 29563.00, 29571.75, 29498.50, 29501.75, 5263, 4895, 29533.75, 29524.00, 29535.13, 2876, 2387, 0.00, 0.00, 0.00, 0.00, 0.00, 0.00, 0.00, 0.00, 0.00, 0.00
2026-8-19, 13:10:00.000000, 29501.50, 29541.25, 29500.00, 29520.00, 3460, 3252, 29515.69, 29520.42, 29520.63, 1662, 1798, 0.00, 0.00, 0.00, 0.00, 0.00, 0.00, 0.00, 0.00, 0.00, 0.00
2026-8-19, 13:15:00.000000, 29519.75, 29523.50, 29492.00, 29511.25, 3134, 2873, 29511.63, 29508.92, 29507.75, 1658, 1476, 0.00, 0.00, 0.00, 0.00, 0.00, 0.00, 0.00, 0.00, 0.00, 0.00
2026-8-19, 13:20:00.000000, 29511.50, 29524.00, 29506.50, 29512.75, 1996, 1894, 29513.69, 29514.42, 29515.25, 951, 1045, 0.00, 0.00, 0.00, 0.00, 0.00, 0.00, 0.00, 0.00, 0.00, 0.00
2026-8-19, 13:25:00.000000, 29511.50, 29540.50, 29509.50, 29538.75, 2491, 2330, 29525.06, 29529.58, 29525.00, 1051, 1440, 0.00, 0.00, 0.00, 0.00, 0.00, 0.00, 0.00, 0.00, 0.00, 0.00
2026-8-19, 13:30:00.000000, 29538.50, 29578.75, 29537.75, 29567.00, 4336, 4013, 29555.50, 29561.17, 29558.25, 1955, 2381, 0.00, 0.00, 0.00, 0.00, 0.00, 0.00, 0.00, 0.00, 0.00, 0.00
2026-8-19, 13:35:00.000000, 29567.25, 29567.75, 29536.25, 29542.50, 2244, 2093, 29553.44, 29548.83, 29552.00, 1156, 1088, 0.00, 0.00, 0.00, 0.00, 0.00, 0.00, 0.00, 0.00, 0.00, 0.00
2026-8-19, 13:40:00.000000, 29542.75, 29563.75, 29542.25, 29560.00, 1952, 1776, 29552.19, 29555.33, 29553.00, 917, 1035, 0.00, 0.00, 0.00, 0.00, 0.00, 0.00, 0.00, 0.00, 0.00, 0.00
2026-8-19, 13:45:00.000000, 29560.50, 29561.25, 29541.25, 29555.00, 1702, 1606, 29554.50, 29552.50, 29551.25, 847, 855, 0.00, 0.00, 0.00, 0.00, 0.00, 0.00, 0.00, 0.00, 0.00, 0.00
2026-8-19, 13:50:00.000000, 29555.50, 29557.75, 29536.00, 29548.00, 1815, 1773, 29549.31, 29547.25, 29546.88, 882, 933, 0.00, 0.00, 0.00, 0.00, 0.00, 0.00, 0.00, 0.00, 0.00, 0.00
2026-8-19, 13:55:00.000000, 29547.75, 29549.00, 29527.50, 29535.00, 2128, 2030, 29539.81, 29537.17, 29538.25, 1070, 1058, 0.00, 0.00, 0.00, 0.00, 0.00, 0.00, 0.00, 0.00, 0.00, 0.00
2026-8-20, 08:30:00.000000, 29351.00, 29434.00, 29338.75, 29403.25, 17748, 17037, 29381.75, 29392.00, 29386.38, 8944, 8804, 0.00, 0.00, 0.00, 0.00, 0.00, 0.00, 0.00, 0.00, 0.00, 0.00
2026-8-20, 08:35:00.000000, 29404.25, 29470.25, 29372.00, 29439.50, 14822, 14056, 29421.50, 29427.25, 29421.13, 7423, 7399, 0.00, 0.00, 0.00, 0.00, 0.00, 0.00, 0.00, 0.00, 0.00, 0.00
2026-8-20, 08:40:00.000000, 29439.25, 29457.00, 29390.00, 29442.50, 12198, 11724, 29432.19, 29429.83, 29423.50, 6185, 6013, 0.00, 0.00, 0.00, 0.00, 0.00, 0.00, 0.00, 0.00, 0.00, 0.00
2026-8-20, 08:45:00.000000, 29443.00, 29460.00, 29350.00, 29384.25, 13057, 12353, 29409.31, 29398.08, 29405.00, 6792, 6265, 0.00, 0.00, 0.00, 0.00, 0.00, 0.00, 0.00, 0.00, 0.00, 0.00
2026-8-20, 08:50:00.000000, 29383.75, 29391.75, 29308.75, 29368.75, 13510, 12763, 29363.25, 29356.42, 29350.25, 6779, 6731, 0.00, 0.00, 29303.75, 0.00, 29322.50, 0.00, 0.00, 0.00, 0.00, 0.00
2026-8-20, 08:55:00.000000, 29368.75, 29409.00, 29324.00, 29354.00, 11961, 11393, 29363.94, 29362.33, 29366.50, 5952, 6009, 0.00, 0.00, 0.00, 0.00, 0.00, 0.00, 0.00, 0.00, 0.00, 0.00
2026-8-20, 09:00:00.000000, 29354.00, 29395.00, 29319.25, 29328.00, 10201, 9643, 29349.06, 29347.42, 29357.13, 5086, 5115, 0.00, 0.00, 0.00, 0.00, 0.00, 29387.75, 0.00, 0.00, 0.00, 0.00
2026-8-20, 09:05:00.000000, 29328.50, 29392.00, 29316.50, 29391.50, 8919, 8414, 29357.13, 29366.67, 29354.25, 4286, 4633, 0.00, 0.00, 0.00, 0.00, 0.00, 0.00, 0.00, 0.00, 0.00, 0.00
2026-8-20, 09:10:00.000000, 29390.75, 29409.00, 29362.75, 29368.00, 9011, 8411, 29382.63, 29379.92, 29385.88, 4464, 4547, 0.00, 0.00, 0.00, 0.00, 0.00, 0.00, 0.00, 0.00, 0.00, 0.00
2026-8-20, 09:15:00.000000, 29369.00, 29381.75, 29313.75, 29316.00, 8210, 7690, 29345.13, 29337.17, 29347.75, 4277, 3933, 0.00, 0.00, 0.00, 0.00, 0.00, 0.00, 0.00, 0.00, 0.00, 0.00
2026-8-20, 09:20:00.000000, 29315.25, 29414.00, 29305.00, 29396.75, 10899, 10296, 29357.75, 29371.92, 29359.50, 5354, 5545, 0.00, 0.00, 0.00, 0.00, 0.00, 0.00, 0.00, 0.00, 0.00, 0.00
2026-8-20, 09:25:00.000000, 29396.75, 29401.00, 29334.25, 29349.75, 7520, 6985, 29370.44, 29361.67, 29367.63, 3841, 3679, 0.00, 0.00, 0.00, 0.00, 0.00, 0.00, 0.00, 0.00, 0.00, 0.00
2026-8-20, 09:30:00.000000, 29350.75, 29386.75, 29336.00, 29338.00, 6552, 5922, 29352.88, 29353.58, 29361.38, 3196, 3356, 0.00, 0.00, 0.00, 0.00, 0.00, 0.00, 0.00, 0.00, 0.00, 0.00
2026-8-20, 09:35:00.000000, 29337.75, 29418.50, 29329.00, 29411.50, 6794, 6529, 29374.19, 29386.33, 29373.75, 3258, 3536, 0.00, 0.00, 0.00, 0.00, 0.00, 0.00, 0.00, 0.00, 0.00, 0.00
2026-8-20, 09:40:00.000000, 29412.25, 29430.00, 29393.50, 29421.75, 5399, 4984, 29414.38, 29415.08, 29411.75, 2690, 2709, 0.00, 0.00, 0.00, 0.00, 0.00, 0.00, 0.00, 0.00, 0.00, 0.00
2026-8-20, 09:45:00.000000, 29421.50, 29433.50, 29372.50, 29376.25, 5530, 5260, 29400.94, 29394.08, 29403.00, 2925, 2605, 0.00, 0.00, 0.00, 0.00, 0.00, 0.00, 0.00, 29438.50, 0.00, 0.00
2026-8-20, 09:50:00.000000, 29376.00, 29398.25, 29352.50, 29360.50, 4840, 4648, 29371.81, 29370.42, 29375.38, 2468, 2372, 0.00, 0.00, 0.00, 0.00, 0.00, 0.00, 0.00, 0.00, 0.00, 0.00
2026-8-20, 09:55:00.000000, 29360.25, 29395.75, 29349.00, 29392.75, 4989, 4708, 29374.44, 29379.17, 29372.38, 2374, 2615, 0.00, 0.00, 0.00, 0.00, 0.00, 0.00, 0.00, 0.00, 0.00, 0.00
2026-8-20, 10:00:00.000000, 29392.50, 29457.50, 29388.50, 29430.25, 9297, 8875, 29417.19, 29425.42, 29423.00, 4491, 4806, 0.00, 0.00, 0.00, 0.00, 0.00, 0.00, 0.00, 29454.50, 0.00, 0.00
2026-8-20, 10:05:00.000000, 29430.75, 29431.75, 29343.50, 29358.25, 7669, 7217, 29391.06, 29377.83, 29387.63, 3969, 3700, 0.00, 0.00, 0.00, 0.00, 0.00, 0.00, 0.00, 0.00, 0.00, 0.00
2026-8-20, 10:10:00.000000, 29357.50, 29383.00, 29324.50, 29365.25, 6513, 6102, 29357.56, 29357.58, 29353.75, 3188, 3325, 0.00, 0.00, 0.00, 0.00, 0.00, 0.00, 0.00, 0.00, 0.00, 0.00
2026-8-20, 10:15:00.000000, 29364.50, 29369.50, 29342.00, 29354.50, 4289, 4146, 29357.63, 29355.33, 29355.75, 2040, 2249, 0.00, 0.00, 0.00, 0.00, 0.00, 0.00, 0.00, 0.00, 0.00, 0.00
2026-8-20, 10:20:00.000000, 29353.75, 29359.50, 29308.50, 29321.50, 5061, 4707, 29335.81, 29329.83, 29334.00, 2653, 2408, 0.00, 0.00, 0.00, 0.00, 0.00, 0.00, 0.00, 0.00, 0.00, 0.00
2026-8-20, 10:25:00.000000, 29320.50, 29346.00, 29301.00, 29345.00, 5748, 5306, 29328.13, 29330.67, 29323.50, 2803, 2945, 0.00, 0.00, 0.00, 0.00, 0.00, 0.00, 0.00, 0.00, 0.00, 0.00
2026-8-20, 10:30:00.000000, 29344.00, 29350.50, 29292.00, 29301.25, 5221, 4940, 29321.94, 29314.58, 29321.25, 2799, 2422, 0.00, 0.00, 0.00, 0.00, 0.00, 0.00, 0.00, 0.00, 0.00, 0.00
2026-8-20, 10:35:00.000000, 29301.00, 29315.75, 29277.25, 29279.00, 4914, 4541, 29293.25, 29290.67, 29296.50, 2564, 2350, 0.00, 0.00, 0.00, 0.00, 0.00, 0.00, 0.00, 0.00, 0.00, 0.00
2026-8-20, 10:40:00.000000, 29279.00, 29302.50, 29276.50, 29278.50, 3662, 3497, 29284.13, 29285.83, 29289.50, 1687, 1975, 0.00, 0.00, 0.00, 0.00, 0.00, 0.00, 0.00, 0.00, 0.00, 0.00
2026-8-20, 10:45:00.000000, 29278.75, 29308.25, 29269.25, 29295.50, 4452, 4118, 29287.94, 29291.00, 29288.75, 2191, 2261, 0.00, 0.00, 0.00, 0.00, 0.00, 0.00, 0.00, 0.00, 0.00, 0.00
2026-8-20, 10:50:00.000000, 29295.50, 29332.50, 29291.00, 29322.75, 3893, 3680, 29310.44, 29315.42, 29311.75, 1801, 2092, 0.00, 0.00, 0.00, 0.00, 0.00, 0.00, 0.00, 0.00, 0.00, 0.00
2026-8-20, 10:55:00.000000, 29322.75, 29332.75, 29314.25, 29329.75, 3222, 3044, 29324.88, 29325.58, 29323.50, 1572, 1650, 0.00, 0.00, 0.00, 0.00, 0.00, 0.00, 0.00, 0.00, 0.00, 0.00
2026-8-20, 11:00:00.000000, 29329.75, 29346.00, 29312.50, 29316.50, 4065, 3827, 29326.19, 29325.00, 29329.25, 1886, 2179, 0.00, 0.00, 0.00, 0.00, 0.00, 0.00, 0.00, 0.00, 0.00, 0.00
2026-8-20, 11:05:00.000000, 29315.75, 29335.00, 29302.75, 29332.75, 3085, 2974, 29321.56, 29323.50, 29318.88, 1612, 1473, 0.00, 0.00, 0.00, 0.00, 0.00, 0.00, 0.00, 0.00, 0.00, 0.00
2026-8-20, 11:10:00.000000, 29333.75, 29342.00, 29306.50, 29307.25, 2797, 2561, 29322.38, 29318.58, 29324.25, 1405, 1392, 0.00, 0.00, 0.00, 0.00, 0.00, 0.00, 0.00, 0.00, 0.00, 0.00
2026-8-20, 11:15:00.000000, 29307.00, 29323.50, 29305.00, 29323.00, 2019, 1955, 29314.63, 29317.17, 29314.25, 987, 1032, 0.00, 0.00, 0.00, 0.00, 0.00, 0.00, 0.00, 0.00, 0.00, 0.00
2026-8-20, 11:20:00.000000, 29323.00, 29355.25, 29311.50, 29348.25, 3468, 3165, 29334.50, 29338.33, 29333.38, 1559, 1909, 0.00, 0.00, 0.00, 0.00, 0.00, 0.00, 0.00, 0.00, 0.00, 0.00
2026-8-20, 11:25:00.000000, 29348.50, 29356.50, 29334.50, 29340.75, 2328, 2140, 29345.06, 29343.92, 29345.50, 1152, 1176, 0.00, 0.00, 0.00, 0.00, 0.00, 0.00, 0.00, 0.00, 0.00, 0.00
2026-8-20, 11:30:00.000000, 29340.25, 29349.50, 29310.00, 29347.75, 3408, 3188, 29336.88, 29335.75, 29329.75, 1607, 1801, 0.00, 0.00, 0.00, 0.00, 0.00, 0.00, 0.00, 0.00, 0.00, 0.00
2026-8-20, 11:35:00.000000, 29348.00, 29360.50, 29341.25, 29359.00, 2522, 2310, 29352.19, 29353.58, 29350.88, 1211, 1311, 0.00, 0.00, 0.00, 0.00, 0.00, 0.00, 0.00, 0.00, 0.00, 0.00
2026-8-20, 11:40:00.000000, 29358.25, 29378.00, 29355.00, 29377.25, 3119, 2667, 29367.13, 29370.08, 29366.50, 1346, 1773, 0.00, 0.00, 0.00, 0.00, 0.00, 0.00, 0.00, 0.00, 0.00, 0.00
2026-8-20, 11:45:00.000000, 29377.00, 29389.00, 29364.75, 29369.00, 3542, 2954, 29374.94, 29374.25, 29376.88, 1539, 2003, 0.00, 0.00, 0.00, 0.00, 0.00, 0.00, 0.00, 0.00, 0.00, 29385.25
2026-8-20, 11:50:00.000000, 29368.75, 29380.25, 29356.25, 29370.00, 2456, 2197, 29368.81, 29368.83, 29368.25, 1250, 1206, 0.00, 0.00, 0.00, 0.00, 0.00, 0.00, 0.00, 0.00, 0.00, 0.00
2026-8-20, 11:55:00.000000, 29369.75, 29385.75, 29361.25, 29380.00, 2805, 2522, 29374.19, 29375.67, 29373.50, 1277, 1528, 0.00, 0.00, 0.00, 0.00, 0.00, 0.00, 0.00, 0.00, 0.00, 0.00
2026-8-20, 12:00:00.000000, 29380.00, 29382.00, 29352.25, 29358.75, 2277, 2041, 29368.25, 29364.33, 29367.13, 1155, 1122, 0.00, 0.00, 0.00, 0.00, 0.00, 0.00, 0.00, 0.00, 0.00, 0.00
2026-8-20, 12:05:00.000000, 29359.00, 29361.50, 29334.75, 29343.00, 2573, 2420, 29349.56, 29346.42, 29348.13, 1337, 1236, 0.00, 0.00, 0.00, 0.00, 0.00, 0.00, 0.00, 0.00, 0.00, 0.00
2026-8-20, 12:10:00.000000, 29343.25, 29354.25, 29335.00, 29337.00, 1781, 1696, 29342.38, 29342.08, 29344.63, 898, 883, 0.00, 0.00, 0.00, 0.00, 0.00, 0.00, 0.00, 0.00, 0.00, 0.00
2026-8-20, 12:15:00.000000, 29337.00, 29338.50, 29304.00, 29305.50, 3633, 3378, 29321.25, 29316.00, 29321.25, 1892, 1741, 0.00, 0.00, 0.00, 0.00, 0.00, 0.00, 0.00, 0.00, 0.00, 0.00
2026-8-20, 12:20:00.000000, 29305.75, 29324.75, 29298.00, 29310.25, 2892, 2704, 29309.69, 29311.00, 29311.38, 1381, 1511, 0.00, 0.00, 0.00, 0.00, 0.00, 0.00, 0.00, 0.00, 0.00, 0.00
2026-8-20, 12:25:00.000000, 29310.00, 29317.00, 29292.50, 29294.50, 3336, 2913, 29303.50, 29301.33, 29304.75, 1524, 1812, 0.00, 0.00, 0.00, 0.00, 0.00, 0.00, 0.00, 0.00, 0.00, 0.00
2026-8-20, 12:30:00.000000, 29294.25, 29304.25, 29285.75, 29288.25, 2684, 2389, 29293.13, 29292.75, 29295.00, 1380, 1304, 0.00, 0.00, 0.00, 0.00, 0.00, 0.00, 0.00, 0.00, 0.00, 0.00
2026-8-20, 12:35:00.000000, 29288.25, 29300.50, 29282.75, 29289.75, 2461, 2326, 29290.31, 29291.00, 29291.63, 1188, 1273, 0.00, 0.00, 0.00, 0.00, 0.00, 0.00, 0.00, 0.00, 0.00, 0.00
2026-8-20, 12:40:00.000000, 29289.25, 29293.25, 29282.75, 29289.75, 1937, 1825, 29288.75, 29288.58, 29288.00, 877, 1060, 0.00, 0.00, 0.00, 0.00, 0.00, 0.00, 0.00, 0.00, 0.00, 0.00
2026-8-20, 12:45:00.000000, 29290.00, 29313.25, 29287.25, 29305.25, 3094, 2884, 29298.94, 29301.92, 29300.25, 1361, 1733, 0.00, 29330.75, 0.00, 0.00, 0.00, 0.00, 0.00, 0.00, 0.00, 0.00
2026-8-20, 12:50:00.000000, 29305.00, 29325.75, 29299.75, 29301.50, 2849, 2743, 29308.00, 29309.00, 29312.75, 1461, 1388, 0.00, 0.00, 0.00, 0.00, 0.00, 0.00, 0.00, 29330.75, 0.00, 0.00
2026-8-20, 12:55:00.000000, 29301.75, 29310.00, 29290.50, 29292.75, 2382, 2256, 29298.75, 29297.75, 29300.25, 1194, 1188, 0.00, 0.00, 0.00, 0.00, 0.00, 0.00, 0.00, 0.00, 0.00, 0.00
2026-8-20, 13:00:00.000000, 29292.50, 29293.00, 29251.75, 29260.75, 5082, 4694, 29274.50, 29268.50, 29272.38, 2832, 2250, 0.00, 0.00, 0.00, 0.00, 0.00, 0.00, 0.00, 0.00, 0.00, 0.00
2026-8-20, 13:05:00.000000, 29260.50, 29265.75, 29228.00, 29234.50, 5729, 4991, 29247.19, 29242.75, 29246.88, 2915, 2814, 0.00, 0.00, 29210.00, 0.00, 0.00, 0.00, 0.00, 0.00, 0.00, 0.00
2026-8-20, 13:10:00.000000, 29234.50, 29239.25, 29215.00, 29230.50, 4212, 3876, 29229.81, 29228.25, 29227.13, 2148, 2064, 0.00, 0.00, 0.00, 0.00, 0.00, 0.00, 0.00, 0.00, 0.00, 0.00
2026-8-20, 13:15:00.000000, 29230.25, 29236.25, 29202.75, 29233.75, 4307, 3858, 29225.75, 29224.25, 29219.50, 2153, 2154, 0.00, 0.00, 0.00, 0.00, 0.00, 0.00, 0.00, 0.00, 0.00, 0.00
2026-8-20, 13:20:00.000000, 29234.25, 29248.25, 29228.75, 29230.00, 3375, 3143, 29235.31, 29235.67, 29238.50, 1745, 1630, 0.00, 0.00, 0.00, 0.00, 0.00, 0.00, 0.00, 0.00, 0.00, 0.00
2026-8-20, 13:25:00.000000, 29230.00, 29239.75, 29220.50, 29232.75, 3135, 2928, 29230.75, 29231.00, 29230.13, 1586, 1549, 0.00, 0.00, 0.00, 0.00, 0.00, 0.00, 0.00, 0.00, 0.00, 0.00
2026-8-20, 13:30:00.000000, 29233.00, 29237.50, 29212.00, 29216.50, 3086, 2825, 29224.75, 29222.00, 29224.75, 1624, 1462, 0.00, 0.00, 0.00, 0.00, 0.00, 0.00, 0.00, 0.00, 0.00, 0.00
2026-8-20, 13:35:00.000000, 29216.75, 29232.00, 29213.00, 29222.50, 2778, 2457, 29221.06, 29222.50, 29222.50, 1425, 1353, 0.00, 0.00, 0.00, 0.00, 0.00, 0.00, 0.00, 0.00, 0.00, 29238.50
2026-8-20, 13:40:00.000000, 29222.75, 29235.75, 29212.50, 29234.00, 2751, 2417, 29226.25, 29227.42, 29224.13, 1390, 1361, 0.00, 0.00, 0.00, 0.00, 0.00, 0.00, 0.00, 0.00, 0.00, 0.00
2026-8-20, 13:45:00.000000, 29234.50, 29253.75, 29227.00, 29251.25, 3221, 2943, 29241.63, 29244.00, 29240.38, 1612, 1609, 0.00, 0.00, 0.00, 0.00, 0.00, 0.00, 0.00, 0.00, 0.00, 0.00
2026-8-20, 13:50:00.000000, 29250.75, 29255.00, 29240.25, 29249.00, 2665, 2545, 29248.75, 29248.08, 29247.63, 1401, 1264, 0.00, 0.00, 0.00, 0.00, 0.00, 0.00, 0.00, 0.00, 0.00, 0.00
2026-8-20, 13:55:00.000000, 29249.75, 29259.00, 29243.25, 29243.75, 2302, 2225, 29248.94, 29248.67, 29251.13, 1097, 1205, 0.00, 0.00, 0.00, 0.00, 0.00, 0.00, 0.00, 0.00, 0.00, 0.00
2026-8-21, 08:30:00.000000, 29469.50, 29476.00, 29357.75, 29362.25, 17190, 16119, 29416.38, 29398.67, 29416.88, 9043, 8147, 0.00, 0.00, 0.00, 0.00, 0.00, 0.00, 0.00, 0.00, 0.00, 0.00
2026-8-21, 08:35:00.000000, 29363.00, 29373.50, 29319.00, 29350.00, 12654, 12157, 29351.38, 29347.50, 29346.25, 6564, 6090, 0.00, 0.00, 0.00, 0.00, 0.00, 0.00, 0.00, 0.00, 0.00, 0.00
2026-8-21, 08:40:00.000000, 29349.25, 29360.25, 29312.25, 29322.50, 9699, 9220, 29336.06, 29331.67, 29336.25, 4912, 4787, 0.00, 0.00, 0.00, 0.00, 0.00, 0.00, 0.00, 0.00, 0.00, 0.00
2026-8-21, 08:45:00.000000, 29320.25, 29359.25, 29307.00, 29340.00, 10508, 9785, 29331.63, 29335.42, 29333.13, 5364, 5144, 0.00, 0.00, 0.00, 0.00, 0.00, 0.00, 0.00, 0.00, 0.00, 0.00
2026-8-21, 08:50:00.000000, 29340.25, 29345.50, 29255.75, 29292.00, 11469, 10591, 29308.38, 29297.75, 29300.63, 6090, 5379, 0.00, 0.00, 0.00, 0.00, 0.00, 0.00, 0.00, 0.00, 0.00, 0.00
2026-8-21, 08:55:00.000000, 29292.25, 29320.25, 29271.75, 29303.50, 10921, 10143, 29296.94, 29298.50, 29296.00, 5397, 5524, 0.00, 0.00, 0.00, 0.00, 0.00, 0.00, 0.00, 0.00, 0.00, 0.00
2026-8-21, 09:00:00.000000, 29303.25, 29320.25, 29262.25, 29291.00, 10187, 9596, 29294.19, 29291.17, 29291.25, 5285, 4902, 0.00, 0.00, 0.00, 0.00, 0.00, 0.00, 0.00, 0.00, 0.00, 0.00
2026-8-21, 09:05:00.000000, 29291.75, 29335.50, 29289.75, 29311.25, 9175, 8630, 29307.06, 29312.17, 29312.63, 4472, 4703, 0.00, 0.00, 0.00, 0.00, 0.00, 0.00, 0.00, 0.00, 0.00, 0.00
2026-8-21, 09:10:00.000000, 29313.00, 29328.50, 29246.25, 29253.00, 9290, 8571, 29285.19, 29275.92, 29287.38, 4969, 4321, 0.00, 0.00, 0.00, 0.00, 0.00, 0.00, 0.00, 0.00, 29239.00, 0.00
2026-8-21, 09:15:00.000000, 29253.50, 29283.00, 29228.00, 29229.75, 8980, 8420, 29248.56, 29246.92, 29255.50, 4641, 4339, 0.00, 0.00, 0.00, 0.00, 0.00, 0.00, 0.00, 0.00, 0.00, 0.00
2026-8-21, 09:20:00.000000, 29230.50, 29288.50, 29220.00, 29255.25, 8846, 8390, 29248.56, 29254.58, 29254.25, 4297, 4549, 0.00, 0.00, 0.00, 0.00, 0.00, 0.00, 0.00, 0.00, 0.00, 0.00
2026-8-21, 09:25:00.000000, 29255.50, 29311.75, 29251.75, 29278.75, 7773, 7034, 29274.44, 29280.75, 29281.75, 3590, 4183, 0.00, 0.00, 0.00, 0.00, 0.00, 0.00, 0.00, 0.00, 0.00, 0.00
2026-8-21, 09:30:00.000000, 29280.25, 29306.75, 29274.25, 29275.25, 6122, 5814, 29284.13, 29285.42, 29290.50, 3035, 3087, 0.00, 0.00, 0.00, 0.00, 0.00, 0.00, 0.00, 0.00, 0.00, 0.00
2026-8-21, 09:35:00.000000, 29276.00, 29298.00, 29264.75, 29279.00, 5915, 5635, 29279.44, 29280.58, 29281.38, 2920, 2995, 0.00, 0.00, 0.00, 0.00, 0.00, 0.00, 0.00, 0.00, 0.00, 0.00
2026-8-21, 09:40:00.000000, 29279.00, 29310.00, 29258.00, 29296.50, 5957, 5613, 29285.88, 29288.17, 29284.00, 2973, 2984, 0.00, 0.00, 0.00, 0.00, 0.00, 0.00, 0.00, 0.00, 0.00, 0.00
2026-8-21, 09:45:00.000000, 29296.25, 29320.75, 29289.25, 29310.25, 6091, 5314, 29304.13, 29306.75, 29305.00, 2833, 3258, 0.00, 0.00, 0.00, 0.00, 0.00, 0.00, 0.00, 0.00, 0.00, 0.00
2026-8-21, 09:50:00.000000, 29310.75, 29323.25, 29288.50, 29295.75, 5189, 4715, 29304.56, 29302.50, 29305.88, 2648, 2541, 0.00, 0.00, 0.00, 0.00, 0.00, 0.00, 0.00, 0.00, 0.00, 0.00
2026-8-21, 09:55:00.000000, 29295.00, 29333.75, 29288.75, 29331.75, 5893, 5295, 29312.31, 29318.08, 29311.25, 2877, 3016, 0.00, 0.00, 0.00, 0.00, 0.00, 0.00, 0.00, 0.00, 0.00, 0.00
2026-8-21, 10:00:00.000000, 29332.00, 29366.25, 29326.75, 29359.75, 7651, 6773, 29346.19, 29350.92, 29346.50, 3619, 4032, 0.00, 29373.75, 0.00, 0.00, 0.00, 29373.75, 0.00, 29372.00, 0.00, 29371.25
2026-8-21, 10:05:00.000000, 29360.50, 29368.75, 29342.50, 29350.25, 5194, 4743, 29355.50, 29353.83, 29355.63, 2838, 2356, 0.00, 0.00, 0.00, 0.00, 0.00, 0.00, 0.00, 0.00, 0.00, 0.00
2026-8-21, 10:10:00.000000, 29350.00, 29362.50, 29344.25, 29353.00, 3598, 3303, 29352.44, 29353.25, 29353.38, 1852, 1746, 0.00, 0.00, 0.00, 0.00, 0.00, 0.00, 0.00, 0.00, 0.00, 0.00
2026-8-21, 10:15:00.000000, 29352.50, 29367.00, 29335.25, 29341.75, 3659, 3348, 29349.13, 29348.00, 29351.13, 1916, 1743, 0.00, 0.00, 0.00, 0.00, 0.00, 0.00, 0.00, 0.00, 0.00, 0.00
2026-8-21, 10:20:00.000000, 29342.00, 29359.50, 29331.50, 29337.50, 3911, 3518, 29342.63, 29342.83, 29345.50, 2049, 1862, 0.00, 0.00, 0.00, 0.00, 0.00, 0.00, 0.00, 0.00, 0.00, 0.00
2026-8-21, 10:25:00.000000, 29336.25, 29371.25, 29334.50, 29368.25, 3727, 3343, 29352.56, 29358.00, 29352.88, 1686, 2041, 0.00, 0.00, 0.00, 0.00, 0.00, 0.00, 0.00, 0.00, 0.00, 0.00
2026-8-21, 10:30:00.000000, 29367.75, 29405.25, 29364.00, 29403.50, 5698, 5306, 29385.13, 29390.92, 29384.63, 2493, 3205, 0.00, 0.00, 0.00, 0.00, 0.00, 0.00, 0.00, 0.00, 0.00, 0.00
2026-8-21, 10:35:00.000000, 29403.25, 29444.50, 29399.50, 29442.75, 6597, 6091, 29422.50, 29428.92, 29422.00, 3136, 3461, 0.00, 0.00, 0.00, 0.00, 0.00, 0.00, 0.00, 0.00, 0.00, 29449.50
2026-8-21, 10:40:00.000000, 29442.00, 29471.75, 29437.75, 29451.50, 8175, 7294, 29450.75, 29453.67, 29454.75, 4482, 3693, 0.00, 0.00, 0.00, 0.00, 0.00, 0.00, 0.00, 0.00, 0.00, 0.00
2026-8-21, 10:45:00.000000, 29452.25, 29457.75, 29425.50, 29431.25, 5450, 4809, 29441.69, 29438.17, 29441.63, 2736, 2714, 0.00, 0.00, 0.00, 0.00, 0.00, 0.00, 0.00, 0.00, 0.00, 0.00
2026-8-21, 10:50:00.000000, 29431.25, 29488.75, 29431.25, 29472.50, 7298, 6552, 29455.94, 29464.17, 29460.00, 3415, 3883, 0.00, 0.00, 0.00, 0.00, 0.00, 0.00, 0.00, 29493.75, 0.00, 0.00
2026-8-21, 10:55:00.000000, 29472.75, 29473.50, 29436.25, 29443.00, 5521, 4936, 29456.38, 29450.92, 29454.88, 3057, 2464, 0.00, 0.00, 0.00, 0.00, 0.00, 0.00, 0.00, 0.00, 0.00, 0.00
2026-8-21, 11:00:00.000000, 29443.50, 29447.25, 29416.00, 29419.75, 4592, 4016, 29431.63, 29427.67, 29431.63, 2546, 2046, 0.00, 0.00, 0.00, 0.00, 0.00, 0.00, 0.00, 0.00, 0.00, 0.00
2026-8-21, 11:05:00.000000, 29419.75, 29428.25, 29392.00, 29394.50, 4768, 4434, 29408.63, 29404.92, 29410.13, 2362, 2406, 0.00, 0.00, 0.00, 0.00, 0.00, 0.00, 0.00, 0.00, 0.00, 0.00
2026-8-21, 11:10:00.000000, 29394.75, 29408.25, 29390.00, 29394.50, 3725, 3552, 29396.88, 29397.58, 29399.13, 1716, 2009, 0.00, 0.00, 0.00, 0.00, 0.00, 0.00, 0.00, 0.00, 0.00, 0.00
2026-8-21, 11:15:00.000000, 29393.75, 29419.75, 29390.25, 29399.00, 3815, 3632, 29400.69, 29403.00, 29405.00, 1857, 1958, 0.00, 0.00, 0.00, 0.00, 0.00, 0.00, 0.00, 0.00, 0.00, 0.00
2026-8-21, 11:20:00.000000, 29398.50, 29452.75, 29388.75, 29405.00, 7066, 6601, 29411.25, 29415.50, 29420.75, 3330, 3736, 0.00, 0.00, 0.00, 0.00, 0.00, 29423.25, 0.00, 0.00, 0.00, 0.00
2026-8-21, 11:25:00.000000, 29404.00, 29414.00, 29397.00, 29409.50, 2394, 2223, 29406.13, 29406.83, 29405.50, 1111, 1283, 0.00, 0.00, 0.00, 29430.50, 0.00, 0.00, 0.00, 0.00, 0.00, 0.00
2026-8-21, 11:30:00.000000, 29410.00, 29413.25, 29394.75, 29394.75, 1933, 1821, 29403.19, 29400.92, 29404.00, 1021, 912, 0.00, 0.00, 0.00, 0.00, 0.00, 0.00, 0.00, 0.00, 0.00, 0.00
2026-8-21, 11:35:00.000000, 29395.25, 29418.25, 29393.50, 29416.00, 1937, 1833, 29405.75, 29409.25, 29405.88, 854, 1083, 0.00, 0.00, 0.00, 0.00, 0.00, 0.00, 0.00, 0.00, 0.00, 0.00
2026-8-21, 11:40:00.000000, 29416.75, 29425.50, 29411.50, 29417.50, 2059, 1947, 29417.81, 29418.17, 29418.50, 1002, 1057, 0.00, 0.00, 0.00, 0.00, 0.00, 0.00, 0.00, 0.00, 0.00, 0.00
2026-8-21, 11:45:00.000000, 29417.00, 29417.50, 29399.75, 29400.25, 1779, 1696, 29408.63, 29405.83, 29408.63, 936, 843, 0.00, 0.00, 0.00, 0.00, 0.00, 0.00, 0.00, 0.00, 0.00, 0.00
2026-8-21, 11:50:00.000000, 29400.25, 29401.00, 29380.75, 29390.25, 2853, 2692, 29393.06, 29390.67, 29390.88, 1452, 1401, 0.00, 0.00, 0.00, 0.00, 0.00, 0.00, 0.00, 0.00, 0.00, 0.00
2026-8-21, 11:55:00.000000, 29390.50, 29414.25, 29382.50, 29412.25, 2557, 2328, 29399.88, 29403.00, 29398.38, 1162, 1395, 0.00, 0.00, 0.00, 0.00, 0.00, 0.00, 0.00, 0.00, 0.00, 0.00
2026-8-21, 12:00:00.000000, 29412.00, 29424.00, 29408.00, 29410.75, 2674, 2474, 29413.69, 29414.25, 29416.00, 1289, 1385, 0.00, 0.00, 0.00, 0.00, 0.00, 0.00, 0.00, 0.00, 0.00, 0.00
2026-8-21, 12:05:00.000000, 29410.00, 29423.00, 29403.00, 29411.50, 2468, 2308, 29411.88, 29412.50, 29413.00, 1232, 1236, 0.00, 0.00, 0.00, 0.00, 0.00, 0.00, 0.00, 0.00, 0.00, 0.00
2026-8-21, 12:10:00.000000, 29411.50, 29411.50, 29398.75, 29408.00, 2210, 1935, 29407.44, 29406.08, 29405.13, 1150, 1060, 0.00, 0.00, 0.00, 0.00, 0.00, 0.00, 0.00, 0.00, 0.00, 0.00
2026-8-21, 12:15:00.000000, 29408.00, 29410.25, 29398.25, 29401.75, 2018, 1816, 29404.56, 29403.42, 29404.25, 1015, 1003, 0.00, 0.00, 0.00, 0.00, 0.00, 0.00, 0.00, 0.00, 0.00, 0.00
2026-8-21, 12:20:00.000000, 29401.25, 29402.00, 29376.25, 29388.75, 3290, 2958, 29392.06, 29389.00, 29389.13, 1661, 1629, 0.00, 0.00, 0.00, 0.00, 0.00, 0.00, 0.00, 0.00, 0.00, 0.00
2026-8-21, 12:25:00.000000, 29388.50, 29406.25, 29378.50, 29395.25, 2310, 2115, 29392.13, 29393.33, 29392.38, 1087, 1223, 0.00, 0.00, 0.00, 0.00, 0.00, 0.00, 0.00, 0.00, 0.00, 0.00
2026-8-21, 12:30:00.000000, 29396.00, 29401.25, 29385.25, 29386.25, 1892, 1732, 29392.19, 29390.92, 29393.25, 978, 914, 0.00, 0.00, 0.00, 0.00, 0.00, 0.00, 0.00, 0.00, 0.00, 0.00
2026-8-21, 12:35:00.000000, 29385.50, 29404.75, 29382.75, 29394.50, 1968, 1772, 29391.88, 29394.00, 29393.75, 926, 1042, 0.00, 0.00, 0.00, 0.00, 0.00, 0.00, 0.00, 0.00, 0.00, 0.00
2026-8-21, 12:40:00.000000, 29394.50, 29404.75, 29386.00, 29404.75, 1445, 1377, 29397.50, 29398.50, 29395.38, 671, 774, 0.00, 0.00, 0.00, 0.00, 0.00, 0.00, 0.00, 0.00, 0.00, 0.00
2026-8-21, 12:45:00.000000, 29404.75, 29410.50, 29395.25, 29399.50, 1935, 1809, 29402.50, 29401.75, 29402.88, 963, 972, 0.00, 0.00, 0.00, 0.00, 0.00, 0.00, 0.00, 0.00, 0.00, 0.00
2026-8-21, 12:50:00.000000, 29399.00, 29402.50, 29388.00, 29394.50, 1691, 1610, 29396.00, 29395.00, 29395.25, 894, 797, 0.00, 0.00, 0.00, 0.00, 0.00, 0.00, 0.00, 0.00, 0.00, 0.00
2026-8-21, 12:55:00.000000, 29393.25, 29393.50, 29381.50, 29383.75, 1617, 1489, 29388.00, 29386.25, 29387.50, 870, 747, 0.00, 0.00, 0.00, 0.00, 0.00, 0.00, 0.00, 0.00, 0.00, 0.00
2026-8-21, 13:00:00.000000, 29383.25, 29405.25, 29378.75, 29400.75, 2941, 2762, 29392.00, 29394.92, 29392.00, 1333, 1608, 0.00, 0.00, 0.00, 0.00, 0.00, 0.00, 0.00, 0.00, 0.00, 0.00
2026-8-21, 13:05:00.000000, 29400.50, 29400.75, 29373.50, 29376.25, 2455, 2293, 29387.75, 29383.50, 29387.13, 1267, 1188, 0.00, 0.00, 0.00, 0.00, 0.00, 0.00, 0.00, 0.00, 0.00, 0.00
2026-8-21, 13:10:00.000000, 29376.50, 29387.25, 29372.25, 29374.75, 2045, 1877, 29377.69, 29378.08, 29379.75, 1016, 1029, 0.00, 0.00, 0.00, 0.00, 0.00, 0.00, 0.00, 0.00, 0.00, 0.00
2026-8-21, 13:15:00.000000, 29374.25, 29383.50, 29367.25, 29380.00, 1748, 1598, 29376.25, 29376.92, 29375.38, 888, 860, 0.00, 0.00, 0.00, 0.00, 0.00, 0.00, 0.00, 0.00, 0.00, 0.00
2026-8-21, 13:20:00.000000, 29380.00, 29392.00, 29377.75, 29384.75, 1982, 1858, 29383.63, 29384.83, 29384.88, 1001, 981, 0.00, 0.00, 0.00, 0.00, 0.00, 0.00, 0.00, 0.00, 0.00, 0.00
2026-8-21, 13:25:00.000000, 29384.50, 29387.50, 29362.75, 29363.00, 1944, 1822, 29374.44, 29371.08, 29375.13, 1034, 910, 0.00, 0.00, 0.00, 0.00, 0.00, 0.00, 0.00, 0.00, 0.00, 0.00
2026-8-21, 13:30:00.000000, 29363.00, 29367.50, 29353.75, 29357.50, 2239, 2088, 29360.44, 29359.58, 29360.63, 1138, 1101, 0.00, 0.00, 0.00, 0.00, 0.00, 0.00, 0.00, 0.00, 0.00, 0.00
2026-8-21, 13:35:00.000000, 29357.50, 29367.75, 29357.50, 29361.25, 1416, 1335, 29361.00, 29362.17, 29362.63, 624, 792, 0.00, 0.00, 0.00, 0.00, 0.00, 0.00, 0.00, 0.00, 0.00, 0.00
2026-8-21, 13:40:00.000000, 29361.25, 29372.25, 29360.75, 29366.50, 1509, 1431, 29365.19, 29366.50, 29366.50, 722, 787, 0.00, 0.00, 0.00, 0.00, 0.00, 0.00, 0.00, 0.00, 0.00, 0.00
2026-8-21, 13:45:00.000000, 29366.50, 29384.00, 29363.50, 29382.25, 1491, 1393, 29374.06, 29376.58, 29373.75, 688, 803, 0.00, 0.00, 0.00, 0.00, 0.00, 0.00, 0.00, 0.00, 0.00, 0.00
2026-8-21, 13:50:00.000000, 29382.50, 29396.00, 29382.25, 29391.25, 2067, 1902, 29388.00, 29389.83, 29389.13, 994, 1073, 0.00, 0.00, 0.00, 0.00, 0.00, 0.00, 0.00, 0.00, 0.00, 0.00
2026-8-21, 13:55:00.000000, 29391.25, 29403.50, 29385.25, 29400.25, 2015, 1901, 29395.06, 29396.33, 29394.38, 938, 1077, 0.00, 0.00, 0.00, 0.00, 0.00, 0.00, 0.00, 0.00, 0.00, 0.00
2026-8-24, 08:30:00.000000, 29235.50, 29243.00, 29083.25, 29112.75, 21751, 19426, 29168.63, 29146.33, 29163.13, 10773, 10978, 0.00, 0.00, 0.00, 0.00, 0.00, 0.00, 0.00, 0.00, 0.00, 0.00
2026-8-24, 08:35:00.000000, 29111.75, 29145.75, 29066.00, 29080.00, 14707, 13757, 29100.88, 29097.25, 29105.88, 7507, 7200, 0.00, 0.00, 0.00, 0.00, 0.00, 0.00, 0.00, 0.00, 0.00, 0.00
2026-8-24, 08:40:00.000000, 29079.50, 29091.25, 28975.50, 28978.75, 15222, 13398, 29031.25, 29015.17, 29033.38, 7957, 7265, 0.00, 0.00, 0.00, 0.00, 0.00, 0.00, 0.00, 0.00, 28959.00, 0.00
2026-8-24, 08:45:00.000000, 28978.50, 29030.75, 28953.50, 28990.75, 14148, 13405, 28988.38, 28991.67, 28992.13, 7167, 6981, 0.00, 0.00, 0.00, 0.00, 0.00, 0.00, 0.00, 0.00, 0.00, 0.00
2026-8-24, 08:50:00.000000, 28991.25, 29013.75, 28946.75, 29009.00, 11896, 10875, 28990.19, 28989.83, 28980.25, 6140, 5756, 0.00, 0.00, 0.00, 0.00, 0.00, 0.00, 0.00, 0.00, 0.00, 0.00
2026-8-24, 08:55:00.000000, 29010.00, 29038.00, 28999.25, 29021.75, 8129, 7725, 29017.25, 29019.67, 29018.63, 4049, 4080, 0.00, 0.00, 0.00, 0.00, 0.00, 0.00, 0.00, 0.00, 0.00, 0.00
2026-8-24, 09:00:00.000000, 29022.25, 29036.75, 28962.75, 28975.00, 10875, 10096, 28999.19, 28991.50, 28999.75, 5962, 4913, 0.00, 0.00, 0.00, 0.00, 0.00, 0.00, 0.00, 0.00, 28957.75, 0.00
2026-8-24, 09:05:00.000000, 28975.75, 28998.75, 28960.50, 28977.50, 7151, 6590, 28978.13, 28978.92, 28979.63, 3536, 3615, 0.00, 0.00, 0.00, 0.00, 0.00, 0.00, 0.00, 0.00, 0.00, 0.00
2026-8-24, 09:10:00.000000, 28977.00, 28996.00, 28953.50, 28993.25, 6293, 5900, 28979.94, 28980.92, 28974.75, 3096, 3197, 0.00, 0.00, 0.00, 0.00, 0.00, 0.00, 0.00, 0.00, 0.00, 0.00
2026-8-24, 09:15:00.000000, 28993.00, 29008.75, 28967.50, 28977.50, 6446, 5894, 28986.69, 28984.58, 28988.13, 3166, 3280, 0.00, 0.00, 0.00, 0.00, 0.00, 0.00, 0.00, 0.00, 0.00, 0.00
2026-8-24, 09:20:00.000000, 28977.00, 29033.25, 28975.25, 29001.75, 6976, 6394, 28996.81, 29003.42, 29004.25, 3276, 3700, 0.00, 0.00, 0.00, 0.00, 0.00, 0.00, 0.00, 0.00, 0.00, 0.00
2026-8-24, 09:25:00.000000, 29001.50, 29019.50, 28979.25, 29012.25, 5469, 5046, 29003.13, 29003.67, 28999.38, 2634, 2835, 0.00, 0.00, 0.00, 0.00, 0.00, 0.00, 0.00, 0.00, 0.00, 0.00
2026-8-24, 09:30:00.000000, 29011.75, 29081.50, 29001.50, 29076.50, 8182, 7478, 29042.81, 29053.17, 29041.50, 3658, 4524, 0.00, 0.00, 0.00, 0.00, 0.00, 0.00, 0.00, 0.00, 0.00, 0.00
2026-8-24, 09:35:00.000000, 29077.00, 29095.75, 29064.75, 29081.25, 6553, 6109, 29079.69, 29080.58, 29080.25, 3220, 3333, 0.00, 0.00, 0.00, 0.00, 0.00, 0.00, 0.00, 0.00, 0.00, 0.00
2026-8-24, 09:40:00.000000, 29081.75, 29110.75, 29071.00, 29085.50, 6349, 5872, 29087.25, 29089.08, 29090.88, 3202, 3147, 0.00, 29115.75, 0.00, 0.00, 0.00, 0.00, 0.00, 0.00, 0.00, 0.00
2026-8-24, 09:45:00.000000, 29086.00, 29110.00, 29078.50, 29106.75, 4834, 4421, 29095.31, 29098.42, 29094.25, 2353, 2481, 0.00, 0.00, 0.00, 0.00, 0.00, 0.00, 0.00, 0.00, 0.00, 0.00
2026-8-24, 09:50:00.000000, 29107.25, 29110.25, 29081.25, 29096.25, 4522, 4148, 29098.75, 29095.92, 29095.75, 2209, 2313, 0.00, 0.00, 0.00, 0.00, 0.00, 0.00, 0.00, 0.00, 0.00, 0.00
2026-8-24, 09:55:00.000000, 29096.75, 29107.00, 29077.50, 29082.75, 4856, 4467, 29091.00, 29089.08, 29092.25, 2281, 2575, 0.00, 0.00, 0.00, 0.00, 0.00, 0.00, 0.00, 0.00, 0.00, 0.00
2026-8-24, 10:00:00.000000, 29083.25, 29096.75, 29055.50, 29059.00, 4883, 4539, 29073.63, 29070.42, 29076.13, 2436, 2447, 0.00, 0.00, 0.00, 0.00, 0.00, 0.00, 0.00, 0.00, 0.00, 0.00
2026-8-24, 10:05:00.000000, 29058.75, 29069.50, 29042.25, 29060.50, 4859, 4595, 29057.75, 29057.42, 29055.88, 2264, 2595, 0.00, 0.00, 0.00, 0.00, 0.00, 0.00, 0.00, 0.00, 0.00, 0.00
2026-8-24, 10:10:00.000000, 29059.75, 29079.50, 29045.75, 29048.50, 4030, 3834, 29058.38, 29057.92, 29062.63, 1906, 2124, 0.00, 0.00, 0.00, 0.00, 0.00, 0.00, 0.00, 0.00, 0.00, 0.00
2026-8-24, 10:15:00.000000, 29049.25, 29064.50, 29046.75, 29058.75, 2710, 2533, 29054.81, 29056.67, 29055.63, 1139, 1571, 0.00, 0.00, 0.00, 0.00, 0.00, 0.00, 0.00, 0.00, 0.00, 0.00
2026-8-24, 10:20:00.000000, 29057.75, 29084.75, 29038.75, 29081.25, 4537, 4308, 29065.63, 29068.25, 29061.75, 2041, 2496, 0.00, 0.00, 0.00, 0.00, 0.00, 0.00, 0.00, 0.00, 0.00, 0.00
2026-8-24, 10:25:00.000000, 29081.75, 29137.00, 29079.00, 29121.25, 8386, 7581, 29104.75, 29112.42, 29108.00, 3876, 4510, 0.00, 0.00, 0.00, 0.00, 0.00, 0.00, 0.00, 0.00, 0.00, 0.00
2026-8-24, 10:30:00.000000, 29122.00, 29139.00, 29111.50, 29135.25, 6804, 6135, 29126.94, 29128.58, 29125.25, 3097, 3707, 0.00, 0.00, 0.00, 0.00, 0.00, 0.00, 0.00, 0.00, 0.00, 0.00
2026-8-24, 10:35:00.000000, 29134.50, 29164.00, 29127.75, 29158.00, 5256, 4538, 29146.06, 29149.92, 29145.88, 2386, 2870, 0.00, 0.00, 0.00, 0.00, 0.00, 0.00, 0.00, 29185.25, 0.00, 0.00
2026-8-24, 10:40:00.000000, 29158.50, 29182.00, 29154.50, 29175.75, 6359, 5649, 29167.69, 29170.75, 29168.25, 3178, 3181, 0.00, 0.00, 0.00, 0.00, 0.00, 0.00, 0.00, 0.00, 0.00, 0.00
2026-8-24, 10:45:00.000000, 29176.25, 29205.50, 29176.00, 29186.25, 5729, 5159, 29186.00, 29189.25, 29190.75, 2768, 2961, 0.00, 0.00, 0.00, 0.00, 0.00, 29208.50, 0.00, 0.00, 0.00, 0.00
2026-8-24, 10:50:00.000000, 29186.50, 29197.50, 29177.50, 29181.75, 3809, 3479, 29185.81, 29185.58, 29187.50, 1817, 1992, 0.00, 0.00, 0.00, 0.00, 0.00, 0.00, 0.00, 0.00, 0.00, 0.00
2026-8-24, 10:55:00.000000, 29182.00, 29182.75, 29150.00, 29168.75, 4745, 4227, 29170.88, 29167.17, 29166.38, 2437, 2308, 0.00, 0.00, 0.00, 0.00, 0.00, 0.00, 0.00, 0.00, 0.00, 0.00
2026-8-24, 11:00:00.000000, 29169.00, 29189.25, 29156.75, 29172.75, 5888, 5507, 29171.94, 29172.92, 29173.00, 2764, 3124, 0.00, 0.00, 0.00, 0.00, 0.00, 0.00, 0.00, 0.00, 0.00, 0.00
2026-8-24, 11:05:00.000000, 29172.75, 29180.00, 29158.75, 29159.00, 2897, 2607, 29167.63, 29165.92, 29169.38, 1413, 1484, 0.00, 0.00, 0.00, 0.00, 0.00, 0.00, 0.00, 0.00, 0.00, 0.00
2026-8-24, 11:10:00.000000, 29160.75, 29181.25, 29157.00, 29180.75, 2298, 2075, 29169.94, 29173.00, 29169.13, 1076, 1222, 0.00, 0.00, 0.00, 0.00, 0.00, 0.00, 0.00, 0.00, 0.00, 0.00
2026-8-24, 11:15:00.000000, 29181.00, 29210.25, 29178.75, 29198.50, 4419, 4014, 29192.13, 29195.83, 29194.50, 2059, 2360, 0.00, 0.00, 0.00, 0.00, 0.00, 0.00, 0.00, 0.00, 0.00, 0.00
2026-8-24, 11:20:00.000000, 29198.25, 29224.75, 29194.50, 29204.50, 3767, 3499, 29205.50, 29207.92, 29209.63, 1731, 2036, 0.00, 0.00, 0.00, 0.00, 0.00, 0.00, 0.00, 0.00, 0.00, 0.00
2026-8-24, 11:25:00.000000, 29205.75, 29208.00, 29197.25, 29203.75, 1930, 1804, 29203.69, 29203.00, 29202.63, 943, 987, 0.00, 0.00, 0.00, 0.00, 0.00, 0.00, 0.00, 0.00, 0.00, 0.00
2026-8-24, 11:30:00.000000, 29204.25, 29212.25, 29182.25, 29188.25, 3142, 2851, 29196.75, 29194.25, 29197.25, 1502, 1640, 0.00, 0.00, 0.00, 0.00, 0.00, 0.00, 0.00, 0.00, 0.00, 0.00
2026-8-24, 11:35:00.000000, 29188.75, 29203.25, 29184.00, 29186.75, 2278, 2059, 29190.69, 29191.33, 29193.63, 1062, 1216, 0.00, 0.00, 0.00, 0.00, 0.00, 0.00, 0.00, 0.00, 0.00, 0.00
2026-8-24, 11:40:00.000000, 29186.25, 29189.50, 29174.00, 29185.25, 2201, 2010, 29183.75, 29182.92, 29181.75, 989, 1212, 0.00, 0.00, 0.00, 0.00, 0.00, 0.00, 0.00, 0.00, 0.00, 0.00
2026-8-24, 11:45:00.000000, 29185.00, 29189.00, 29173.00, 29188.25, 2165, 2003, 29183.81, 29183.42, 29181.00, 984, 1181, 0.00, 0.00, 0.00, 0.00, 0.00, 0.00, 0.00, 0.00, 0.00, 0.00
2026-8-24, 11:50:00.000000, 29188.75, 29192.75, 29172.00, 29181.75, 2036, 1945, 29183.81, 29182.17, 29182.38, 977, 1059, 0.00, 0.00, 0.00, 0.00, 0.00, 0.00, 0.00, 0.00, 0.00, 0.00
2026-8-24, 11:55:00.000000, 29181.50, 29183.25, 29170.50, 29171.00, 1962, 1791, 29176.56, 29174.92, 29176.88, 907, 1055, 0.00, 0.00, 0.00, 0.00, 0.00, 0.00, 0.00, 0.00, 0.00, 29179.75
2026-8-24, 12:00:00.000000, 29171.25, 29172.25, 29154.75, 29158.75, 3031, 2790, 29164.25, 29161.92, 29163.50, 1556, 1475, 0.00, 0.00, 0.00, 0.00, 0.00, 0.00, 0.00, 0.00, 0.00, 0.00
2026-8-24, 12:05:00.000000, 29159.00, 29198.25, 29157.25, 29190.75, 3655, 3472, 29176.31, 29182.08, 29177.75, 1664, 1991, 0.00, 0.00, 0.00, 0.00, 0.00, 0.00, 0.00, 29215.50, 0.00, 0.00
2026-8-24, 12:10:00.000000, 29191.25, 29210.50, 29182.50, 29194.25, 3864, 3674, 29194.63, 29195.75, 29196.50, 1928, 1936, 0.00, 0.00, 0.00, 0.00, 0.00, 0.00, 0.00, 0.00, 0.00, 29213.50
2026-8-24, 12:15:00.000000, 29194.00, 29195.25, 29166.25, 29167.00, 3064, 2887, 29180.63, 29176.17, 29180.75, 1583, 1481, 0.00, 0.00, 0.00, 0.00, 0.00, 0.00, 0.00, 0.00, 0.00, 0.00
2026-8-24, 12:20:00.000000, 29167.25, 29169.75, 29137.50, 29144.25, 3938, 3705, 29154.69, 29150.50, 29153.63, 2004, 1934, 0.00, 0.00, 0.00, 0.00, 0.00, 0.00, 0.00, 0.00, 0.00, 0.00
2026-8-24, 12:25:00.000000, 29145.25, 29158.00, 29132.00, 29140.00, 3189, 2924, 29143.81, 29143.33, 29145.00, 1546, 1643, 0.00, 0.00, 0.00, 0.00, 0.00, 0.00, 0.00, 0.00, 0.00, 0.00
2026-8-24, 12:30:00.000000, 29139.50, 29142.50, 29127.25, 29129.25, 2699, 2459, 29134.63, 29133.00, 29134.88, 1411, 1288, 0.00, 0.00, 0.00, 0.00, 0.00, 0.00, 0.00, 0.00, 0.00, 0.00
2026-8-24, 12:35:00.000000, 29129.00, 29135.00, 29120.25, 29131.75, 2680, 2457, 29129.00, 29129.00, 29127.63, 1263, 1417, 0.00, 0.00, 0.00, 0.00, 0.00, 0.00, 0.00, 0.00, 0.00, 0.00
2026-8-24, 12:40:00.000000, 29132.75, 29137.00, 29118.75, 29119.25, 2484, 2320, 29126.94, 29125.00, 29127.88, 1120, 1364, 0.00, 0.00, 0.00, 0.00, 0.00, 0.00, 0.00, 0.00, 0.00, 0.00
2026-8-24, 12:45:00.000000, 29119.00, 29137.50, 29117.75, 29131.75, 2281, 2129, 29126.50, 29129.00, 29127.63, 1022, 1259, 0.00, 0.00, 0.00, 0.00, 0.00, 0.00, 0.00, 0.00, 0.00, 0.00
2026-8-24, 12:50:00.000000, 29131.50, 29143.00, 29118.50, 29121.75, 3298, 2938, 29128.69, 29127.75, 29130.75, 1451, 1847, 0.00, 0.00, 0.00, 0.00, 0.00, 0.00, 0.00, 0.00, 0.00, 0.00
2026-8-24, 12:55:00.000000, 29121.75, 29126.00, 29116.50, 29123.00, 1698, 1585, 29121.81, 29121.83, 29121.25, 847, 851, 0.00, 0.00, 0.00, 0.00, 0.00, 0.00, 0.00, 0.00, 0.00, 0.00
2026-8-24, 13:00:00.000000, 29123.75, 29156.50, 29123.00, 29148.75, 3197, 2993, 29138.00, 29142.75, 29139.75, 1470, 1727, 0.00, 0.00, 0.00, 0.00, 0.00, 0.00, 0.00, 0.00, 0.00, 0.00
2026-8-24, 13:05:00.000000, 29148.25, 29184.50, 29146.00, 29180.00, 3160, 3055, 29164.69, 29170.17, 29165.25, 1325, 1835, 0.00, 0.00, 0.00, 0.00, 0.00, 0.00, 0.00, 0.00, 0.00, 0.00
2026-8-24, 13:10:00.000000, 29179.25, 29188.75, 29167.75, 29187.00, 2768, 2563, 29180.69, 29181.17, 29178.25, 1277, 1491, 0.00, 0.00, 0.00, 0.00, 0.00, 0.00, 0.00, 0.00, 0.00, 0.00
2026-8-24, 13:15:00.000000, 29187.25, 29200.25, 29172.75, 29176.50, 2957, 2849, 29184.19, 29183.17, 29186.50, 1456, 1501, 0.00, 0.00, 0.00, 0.00, 0.00, 0.00, 0.00, 0.00, 0.00, 0.00
2026-8-24, 13:20:00.000000, 29176.25, 29221.25, 29174.50, 29217.00, 4638, 4134, 29197.25, 29204.25, 29197.88, 2376, 2262, 0.00, 29238.25, 0.00, 0.00, 0.00, 0.00, 0.00, 0.00, 0.00, 0.00
2026-8-24, 13:25:00.000000, 29217.25, 29224.00, 29212.75, 29218.25, 2671, 2504, 29218.06, 29218.33, 29218.38, 1335, 1336, 0.00, 0.00, 0.00, 0.00, 0.00, 0.00, 0.00, 0.00, 0.00, 0.00
2026-8-24, 13:30:00.000000, 29218.00, 29233.25, 29212.00, 29220.00, 4680, 4252, 29220.81, 29221.75, 29222.63, 2266, 2414, 0.00, 0.00, 0.00, 0.00, 0.00, 0.00, 0.00, 0.00, 0.00, 0.00
2026-8-24, 13:35:00.000000, 29220.25, 29224.75, 29180.25, 29186.75, 3462, 3148, 29203.00, 29197.25, 29202.50, 1931, 1531, 0.00, 0.00, 0.00, 0.00, 0.00, 0.00, 0.00, 0.00, 0.00, 0.00
2026-8-24, 13:40:00.000000, 29187.00, 29196.75, 29183.00, 29190.00, 2011, 1897, 29189.19, 29189.92, 29189.88, 918, 1093, 0.00, 0.00, 0.00, 0.00, 0.00, 0.00, 0.00, 0.00, 0.00, 0.00
2026-8-24, 13:45:00.000000, 29190.25, 29193.50, 29174.25, 29178.75, 1768, 1682, 29184.19, 29182.17, 29183.88, 877, 891, 0.00, 0.00, 0.00, 0.00, 0.00, 0.00, 0.00, 0.00, 0.00, 0.00
2026-8-24, 13:50:00.000000, 29179.00, 29187.25, 29164.75, 29168.00, 2394, 2220, 29174.75, 29173.33, 29176.00, 1268, 1126, 0.00, 0.00, 0.00, 0.00, 0.00, 0.00, 0.00, 0.00, 0.00, 0.00
2026-8-24, 13:55:00.000000, 29168.00, 29174.50, 29153.00, 29154.00, 2361, 2227, 29162.38, 29160.50, 29163.75, 1175, 1186, 0.00, 0.00, 0.00, 0.00, 0.00, 0.00, 0.00, 0.00, 0.00, 0.00
2026-8-25, 08:30:00.000000, 29297.00, 29376.25, 29279.25, 29375.25, 17787, 16787, 29331.94, 29343.58, 29327.75, 8536, 9251, 0.00, 0.00, 0.00, 0.00, 0.00, 0.00, 0.00, 0.00, 0.00, 0.00
2026-8-25, 08:35:00.000000, 29374.75, 29376.00, 29301.50, 29316.00, 13653, 13005, 29342.06, 29331.17, 29338.75, 7027, 6626, 0.00, 0.00, 0.00, 0.00, 0.00, 0.00, 0.00, 0.00, 0.00, 0.00
2026-8-25, 08:40:00.000000, 29316.00, 29374.25, 29315.00, 29349.75, 11981, 11313, 29338.75, 29346.33, 29344.63, 5679, 6302, 0.00, 0.00, 0.00, 0.00, 0.00, 0.00, 0.00, 0.00, 0.00, 0.00
2026-8-25, 08:45:00.000000, 29348.75, 29414.75, 29342.75, 29393.00, 13597, 12624, 29374.81, 29383.50, 29378.75, 6476, 7121, 0.00, 0.00, 0.00, 0.00, 0.00, 0.00, 0.00, 0.00, 0.00, 0.00
2026-8-25, 08:50:00.000000, 29393.00, 29396.25, 29341.00, 29343.25, 10076, 9444, 29368.38, 29360.17, 29368.63, 5379, 4697, 0.00, 0.00, 0.00, 0.00, 0.00, 0.00, 0.00, 0.00, 0.00, 0.00
2026-8-25, 08:55:00.000000, 29342.25, 29345.50, 29289.25, 29312.75, 9898, 9293, 29322.44, 29315.83, 29317.38, 5165, 4733, 0.00, 0.00, 0.00, 0.00, 0.00, 0.00, 0.00, 0.00, 0.00, 0.00
2026-8-25, 09:00:00.000000, 29313.25, 29315.00, 29246.50, 29261.25, 12013, 11428, 29284.00, 29274.25, 29280.75, 6517, 5496, 0.00, 0.00, 0.00, 0.00, 0.00, 0.00, 0.00, 0.00, 0.00, 0.00
2026-8-25, 09:05:00.000000, 29261.75, 29279.75, 29244.00, 29259.00, 7579, 7083, 29261.13, 29260.92, 29261.88, 3958, 3621, 0.00, 0.00, 0.00, 0.00, 0.00, 0.00, 0.00, 0.00, 0.00, 0.00
2026-8-25, 09:10:00.000000, 29258.75, 29285.25, 29239.75, 29246.00, 6691, 6375, 29257.44, 29257.00, 29262.50, 3410, 3281, 0.00, 0.00, 0.00, 0.00, 0.00, 0.00, 0.00, 0.00, 0.00, 0.00
2026-8-25, 09:15:00.000000, 29245.00, 29269.50, 29233.75, 29242.75, 7307, 6878, 29247.75, 29248.67, 29251.63, 3699, 3608, 0.00, 0.00, 0.00, 0.00, 0.00, 0.00, 0.00, 0.00, 0.00, 0.00
2026-8-25, 09:20:00.000000, 29242.75, 29255.25, 29209.25, 29229.25, 8133, 7367, 29234.13, 29231.25, 29232.25, 4178, 3955, 0.00, 0.00, 29204.25, 0.00, 0.00, 0.00, 0.00, 0.00, 0.00, 0.00
2026-8-25, 09:25:00.000000, 29229.25, 29252.25, 29213.25, 29215.25, 6577, 6208, 29227.50, 29226.92, 29232.75, 3354, 3223, 0.00, 0.00, 0.00, 0.00, 0.00, 0.00, 0.00, 0.00, 0.00, 0.00
2026-8-25, 09:30:00.000000, 29214.75, 29249.50, 29138.00, 29206.75, 13422, 12164, 29202.25, 29198.08, 29193.75, 6899, 6523, 0.00, 0.00, 0.00, 0.00, 0.00, 29254.50, 0.00, 0.00, 0.00, 0.00
2026-8-25, 09:35:00.000000, 29207.00, 29268.75, 29205.00, 29258.75, 6603, 6098, 29234.88, 29244.17, 29236.88, 2961, 3642, 0.00, 0.00, 0.00, 29270.00, 0.00, 0.00, 0.00, 0.00, 0.00, 0.00
2026-8-25, 09:40:00.000000, 29258.50, 29261.25, 29191.00, 29219.25, 6955, 6539, 29232.50, 29223.83, 29226.13, 3743, 3212, 0.00, 0.00, 0.00, 0.00, 0.00, 0.00, 0.00, 0.00, 0.00, 0.00
2026-8-25, 09:45:00.000000, 29218.25, 29230.50, 29206.00, 29218.50, 4459, 4195, 29218.31, 29218.33, 29218.25, 2162, 2297, 0.00, 0.00, 0.00, 0.00, 0.00, 0.00, 0.00, 0.00, 0.00, 0.00
2026-8-25, 09:50:00.000000, 29219.25, 29260.25, 29208.25, 29244.75, 4730, 4432, 29233.13, 29237.75, 29234.25, 2198, 2532, 0.00, 0.00, 0.00, 0.00, 0.00, 0.00, 0.00, 0.00, 0.00, 0.00
2026-8-25, 09:55:00.000000, 29244.75, 29250.00, 29218.75, 29232.50, 4712, 4405, 29236.50, 29233.75, 29234.38, 2441, 2271, 0.00, 0.00, 0.00, 0.00, 0.00, 0.00, 0.00, 0.00, 0.00, 0.00
2026-8-25, 10:00:00.000000, 29233.00, 29235.75, 29197.50, 29204.75, 4865, 4495, 29217.75, 29212.67, 29216.63, 2624, 2241, 0.00, 0.00, 0.00, 29232.25, 0.00, 29231.50, 0.00, 0.00, 0.00, 0.00
2026-8-25, 10:05:00.000000, 29204.50, 29226.50, 29197.00, 29214.50, 3562, 3312, 29210.63, 29212.67, 29211.75, 1757, 1805, 0.00, 0.00, 0.00, 0.00, 0.00, 0.00, 0.00, 0.00, 0.00, 0.00
2026-8-25, 10:10:00.000000, 29213.25, 29231.25, 29207.75, 29223.00, 2747, 2590, 29218.81, 29220.67, 29219.50, 1431, 1316, 0.00, 0.00, 0.00, 0.00, 0.00, 0.00, 0.00, 0.00, 0.00, 0.00
2026-8-25, 10:15:00.000000, 29223.75, 29245.00, 29219.00, 29236.50, 3515, 3252, 29231.06, 29233.50, 29232.00, 1704, 1811, 0.00, 0.00, 0.00, 0.00, 0.00, 0.00, 0.00, 0.00, 0.00, 0.00
2026-8-25, 10:20:00.000000, 29237.00, 29261.25, 29225.75, 29236.75, 4607, 4086, 29240.19, 29241.25, 29243.50, 2391, 2216, 0.00, 0.00, 0.00, 0.00, 0.00, 0.00, 0.00, 0.00, 0.00, 0.00
2026-8-25, 10:25:00.000000, 29237.00, 29282.00, 29230.00, 29276.75, 3657, 3352, 29256.44, 29262.92, 29256.00, 1622, 2035, 0.00, 0.00, 0.00, 0.00, 0.00, 0.00, 0.00, 0.00, 0.00, 0.00
2026-8-25, 10:30:00.000000, 29277.25, 29309.75, 29264.25, 29268.00, 6156, 5740, 29279.81, 29280.67, 29287.00, 2934, 3222, 0.00, 0.00, 0.00, 0.00, 0.00, 0.00, 0.00, 0.00, 0.00, 0.00
2026-8-25, 10:35:00.000000, 29267.50, 29301.75, 29265.00, 29271.50, 4686, 4410, 29276.44, 29279.42, 29283.38, 2375, 2311, 0.00, 0.00, 0.00, 29306.75, 0.00, 0.00, 0.00, 0.00, 0.00, 0.00
2026-8-25, 10:40:00.000000, 29271.00, 29276.00, 29255.25, 29267.25, 3040, 2730, 29267.38, 29266.17, 29265.63, 1560, 1480, 0.00, 0.00, 0.00, 0.00, 0.00, 0.00, 0.00, 0.00, 0.00, 0.00
2026-8-25, 10:45:00.000000, 29266.75, 29266.75, 29222.75, 29228.50, 3946, 3681, 29246.19, 29239.33, 29244.75, 2242, 1704, 0.00, 0.00, 0.00, 0.00, 0.00, 0.00, 0.00, 0.00, 0.00, 0.00
2026-8-25, 10:50:00.000000, 29228.75, 29264.00, 29222.75, 29257.25, 3417, 3192, 29243.19, 29248.00, 29243.38, 1561, 1856, 0.00, 0.00, 0.00, 0.00, 0.00, 0.00, 0.00, 0.00, 0.00, 0.00
2026-8-25, 10:55:00.000000, 29258.00, 29274.25, 29254.75, 29262.00, 3785, 3401, 29262.25, 29263.67, 29264.50, 1856, 1929, 0.00, 0.00, 0.00, 0.00, 0.00, 0.00, 0.00, 0.00, 0.00, 0.00
2026-8-25, 11:00:00.000000, 29263.25, 29289.50, 29260.75, 29274.00, 3181, 2974, 29271.88, 29274.75, 29275.13, 1515, 1666, 0.00, 0.00, 0.00, 0.00, 0.00, 0.00, 0.00, 0.00, 0.00, 0.00
2026-8-25, 11:05:00.000000, 29273.25, 29287.25, 29266.75, 29268.00, 2504, 2422, 29273.81, 29274.00, 29277.00, 1257, 1247, 0.00, 0.00, 0.00, 0.00, 0.00, 0.00, 0.00, 0.00, 0.00, 0.00
2026-8-25, 11:10:00.000000, 29268.50, 29280.25, 29263.25, 29277.75, 2242, 2134, 29272.44, 29273.75, 29271.75, 1071, 1171, 0.00, 0.00, 0.00, 0.00, 0.00, 0.00, 0.00, 0.00, 0.00, 0.00
2026-8-25, 11:15:00.000000, 29278.00, 29290.00, 29274.50, 29286.25, 2376, 2165, 29282.19, 29283.58, 29282.25, 1187, 1189, 0.00, 0.00, 0.00, 0.00, 0.00, 0.00, 0.00, 0.00, 0.00, 0.00
2026-8-25, 11:20:00.000000, 29286.00, 29294.00, 29276.25, 29286.50, 2315, 2194, 29285.69, 29285.58, 29285.13, 1163, 1152, 0.00, 0.00, 0.00, 0.00, 0.00, 0.00, 0.00, 0.00, 0.00, 0.00
2026-8-25, 11:25:00.000000, 29286.75, 29298.50, 29284.75, 29293.75, 2793, 2531, 29290.94, 29292.33, 29291.63, 1268, 1525, 0.00, 0.00, 0.00, 0.00, 0.00, 0.00, 0.00, 0.00, 0.00, 0.00
2026-8-25, 11:30:00.000000, 29294.75, 29299.75, 29286.00, 29287.75, 1769, 1649, 29292.06, 29291.17, 29292.88, 850, 919, 0.00, 0.00, 0.00, 0.00, 0.00, 0.00, 0.00, 0.00, 0.00, 0.00
2026-8-25, 11:35:00.000000, 29287.75, 29294.00, 29271.75, 29291.75, 2715, 2525, 29286.31, 29285.83, 29282.88, 1398, 1317, 0.00, 0.00, 0.00, 0.00, 0.00, 0.00, 0.00, 0.00, 0.00, 0.00
2026-8-25, 11:40:00.000000, 29291.75, 29292.25, 29259.00, 29265.25, 3139, 2833, 29277.06, 29272.17, 29275.63, 1665, 1474, 0.00, 0.00, 0.00, 0.00, 0.00, 0.00, 0.00, 0.00, 0.00, 0.00
2026-8-25, 11:45:00.000000, 29265.75, 29283.25, 29262.50, 29270.50, 2823, 2658, 29270.50, 29272.08, 29272.88, 1374, 1449, 0.00, 0.00, 0.00, 0.00, 0.00, 0.00, 0.00, 0.00, 0.00, 0.00
2026-8-25, 11:50:00.000000, 29271.00, 29272.25, 29255.00, 29259.00, 2667, 2312, 29264.31, 29262.08, 29263.63, 1287, 1380, 0.00, 0.00, 0.00, 0.00, 0.00, 0.00, 0.00, 0.00, 0.00, 0.00
2026-8-25, 11:55:00.000000, 29258.50, 29282.00, 29252.75, 29274.75, 3124, 2895, 29267.00, 29269.83, 29267.38, 1365, 1759, 0.00, 0.00, 0.00, 0.00, 0.00, 0.00, 0.00, 0.00, 0.00, 0.00
2026-8-25, 12:00:00.000000, 29275.50, 29279.00, 29242.50, 29243.00, 3205, 3030, 29260.00, 29254.83, 29260.75, 1796, 1409, 0.00, 0.00, 0.00, 0.00, 0.00, 0.00, 0.00, 0.00, 0.00, 0.00
2026-8-25, 12:05:00.000000, 29242.75, 29248.00, 29224.00, 29234.25, 3473, 3206, 29237.25, 29235.42, 29236.00, 1771, 1702, 0.00, 0.00, 0.00, 0.00, 0.00, 0.00, 0.00, 0.00, 0.00, 0.00
2026-8-25, 12:10:00.000000, 29234.50, 29245.25, 29224.00, 29243.00, 2413, 2265, 29236.69, 29237.42, 29234.63, 1170, 1243, 0.00, 0.00, 0.00, 0.00, 0.00, 0.00, 0.00, 0.00, 0.00, 0.00
2026-8-25, 12:15:00.000000, 29242.50, 29258.50, 29237.25, 29256.75, 3056, 2885, 29248.75, 29250.83, 29247.88, 1439, 1617, 0.00, 0.00, 0.00, 0.00, 0.00, 0.00, 0.00, 0.00, 0.00, 0.00
2026-8-25, 12:20:00.000000, 29256.75, 29257.50, 29236.50, 29236.50, 2138, 2025, 29246.81, 29243.50, 29247.00, 1128, 1010, 0.00, 0.00, 0.00, 0.00, 0.00, 0.00, 0.00, 0.00, 0.00, 0.00
2026-8-25, 12:25:00.000000, 29236.25, 29236.50, 29214.50, 29224.50, 3156, 3031, 29227.94, 29225.17, 29225.50, 1546, 1610, 0.00, 0.00, 0.00, 0.00, 0.00, 0.00, 0.00, 0.00, 0.00, 0.00
2026-8-25, 12:30:00.000000, 29224.75, 29232.25, 29216.00, 29228.25, 2205, 2082, 29225.31, 29225.50, 29224.13, 1030, 1175, 0.00, 0.00, 0.00, 0.00, 0.00, 0.00, 0.00, 0.00, 0.00, 0.00
2026-8-25, 12:35:00.000000, 29227.75, 29234.50, 29222.00, 29229.00, 1575, 1459, 29228.31, 29228.50, 29228.25, 739, 836, 0.00, 0.00, 0.00, 0.00, 0.00, 0.00, 0.00, 0.00, 0.00, 0.00
2026-8-25, 12:40:00.000000, 29229.25, 29230.25, 29219.00, 29222.25, 1726, 1640, 29225.19, 29223.83, 29224.63, 879, 847, 0.00, 0.00, 0.00, 0.00, 0.00, 0.00, 0.00, 0.00, 0.00, 0.00
2026-8-25, 12:45:00.000000, 29222.50, 29231.50, 29218.25, 29225.75, 1614, 1484, 29224.50, 29225.17, 29224.88, 711, 903, 0.00, 0.00, 0.00, 0.00, 0.00, 0.00, 0.00, 0.00, 0.00, 0.00
2026-8-25, 12:50:00.000000, 29226.00, 29231.00, 29216.75, 29227.75, 1508, 1373, 29225.38, 29225.17, 29223.88, 765, 743, 0.00, 0.00, 0.00, 0.00, 0.00, 0.00, 0.00, 0.00, 0.00, 0.00
2026-8-25, 12:55:00.000000, 29228.00, 29232.25, 29218.75, 29227.25, 1351, 1256, 29226.56, 29226.08, 29225.50, 678, 673, 0.00, 0.00, 0.00, 0.00, 0.00, 0.00, 0.00, 0.00, 0.00, 0.00
2026-8-25, 13:00:00.000000, 29226.75, 29227.50, 29203.00, 29204.00, 3074, 2799, 29215.31, 29211.50, 29215.25, 1664, 1410, 0.00, 0.00, 0.00, 0.00, 0.00, 0.00, 0.00, 0.00, 0.00, 0.00
2026-8-25, 13:05:00.000000, 29204.00, 29217.50, 29202.00, 29210.50, 2374, 2219, 29208.50, 29210.00, 29209.75, 1121, 1253, 0.00, 0.00, 0.00, 0.00, 0.00, 0.00, 0.00, 0.00, 0.00, 0.00
2026-8-25, 13:10:00.000000, 29211.00, 29221.00, 29204.25, 29206.00, 2020, 1901, 29210.56, 29210.42, 29212.63, 1037, 983, 0.00, 0.00, 0.00, 0.00, 0.00, 0.00, 0.00, 0.00, 0.00, 0.00
2026-8-25, 13:15:00.000000, 29205.75, 29214.25, 29202.50, 29213.75, 1700, 1615, 29209.06, 29210.17, 29208.38, 780, 920, 0.00, 0.00, 0.00, 0.00, 0.00, 0.00, 0.00, 0.00, 0.00, 0.00
2026-8-25, 13:20:00.000000, 29213.75, 29227.50, 29212.75, 29221.50, 2272, 2060, 29218.88, 29220.58, 29220.13, 1053, 1219, 0.00, 0.00, 0.00, 0.00, 0.00, 0.00, 0.00, 0.00, 0.00, 0.00
2026-8-25, 13:25:00.000000, 29221.75, 29222.75, 29208.00, 29219.75, 1678, 1594, 29218.06, 29216.83, 29215.38, 820, 858, 0.00, 0.00, 0.00, 0.00, 0.00, 0.00, 0.00, 0.00, 0.00, 0.00
2026-8-25, 13:30:00.000000, 29219.75, 29244.50, 29219.00, 29242.50, 3078, 2914, 29231.44, 29235.33, 29231.75, 1318, 1760, 0.00, 0.00, 0.00, 0.00, 0.00, 0.00, 0.00, 0.00, 0.00, 0.00
2026-8-25, 13:35:00.000000, 29242.25, 29252.25, 29237.00, 29246.25, 2190, 2077, 29244.44, 29245.17, 29244.63, 991, 1199, 0.00, 0.00, 0.00, 0.00, 0.00, 0.00, 0.00, 0.00, 0.00, 0.00
2026-8-25, 13:40:00.000000, 29246.25, 29259.25, 29241.75, 29257.75, 2501, 2351, 29251.25, 29252.92, 29250.50, 1234, 1267, 0.00, 0.00, 0.00, 0.00, 0.00, 0.00, 0.00, 0.00, 0.00, 0.00
2026-8-25, 13:45:00.000000, 29257.75, 29275.00, 29257.75, 29269.75, 3700, 3464, 29265.06, 29267.50, 29266.38, 1786, 1914, 0.00, 0.00, 0.00, 0.00, 0.00, 0.00, 0.00, 0.00, 0.00, 29280.00
2026-8-25, 13:50:00.000000, 29269.75, 29270.75, 29257.50, 29259.75, 2573, 2374, 29264.44, 29262.67, 29264.13, 1322, 1251, 0.00, 0.00, 0.00, 0.00, 0.00, 0.00, 0.00, 29275.75, 0.00, 0.00
2026-8-25, 13:55:00.000000, 29260.00, 29264.75, 29253.00, 29255.50, 2163, 1933, 29258.31, 29257.75, 29258.88, 1050, 1113, 0.00, 0.00, 0.00, 0.00, 0.00, 0.00, 0.00, 0.00, 0.00, 0.00
2026-8-26, 08:30:00.000000, 29174.50, 29283.00, 29174.25, 29256.00, 17327, 16313, 29221.94, 29237.75, 29228.63, 8023, 9304, 0.00, 0.00, 0.00, 0.00, 0.00, 0.00, 0.00, 0.00, 0.00, 0.00
2026-8-26, 08:35:00.000000, 29256.50, 29275.50, 29206.75, 29236.75, 13877, 13179, 29243.88, 29239.67, 29241.13, 6972, 6905, 0.00, 0.00, 0.00, 0.00, 0.00, 0.00, 0.00, 0.00, 0.00, 0.00
2026-8-26, 08:40:00.000000, 29236.00, 29313.25, 29223.75, 29291.00, 12427, 11737, 29266.00, 29276.00, 29268.50, 5804, 6623, 0.00, 0.00, 0.00, 0.00, 0.00, 0.00, 0.00, 0.00, 0.00, 0.00
2026-8-26, 08:45:00.000000, 29290.75, 29316.00, 29267.50, 29268.50, 9202, 8636, 29285.69, 29284.00, 29291.75, 4739, 4463, 0.00, 0.00, 0.00, 0.00, 0.00, 0.00, 0.00, 0.00, 0.00, 0.00
2026-8-26, 08:50:00.000000, 29269.25, 29309.00, 29252.50, 29307.50, 7702, 7269, 29284.56, 29289.67, 29280.75, 3675, 4027, 0.00, 0.00, 0.00, 0.00, 0.00, 0.00, 0.00, 0.00, 0.00, 0.00
2026-8-26, 08:55:00.000000, 29307.75, 29332.75, 29294.00, 29331.25, 6812, 6411, 29316.44, 29319.33, 29313.38, 3215, 3597, 0.00, 0.00, 0.00, 0.00, 0.00, 0.00, 0.00, 0.00, 0.00, 0.00
2026-8-26, 09:00:00.000000, 29331.50, 29332.50, 29296.75, 29305.25, 5739, 5429, 29316.50, 29311.50, 29314.63, 3066, 2673, 0.00, 0.00, 0.00, 0.00, 0.00, 0.00, 0.00, 0.00, 0.00, 0.00
2026-8-26, 09:05:00.000000, 29305.25, 29311.00, 29273.50, 29281.25, 4827, 4581, 29292.75, 29288.58, 29292.25, 2594, 2233, 0.00, 0.00, 0.00, 0.00, 0.00, 0.00, 0.00, 0.00, 0.00, 0.00
2026-8-26, 09:10:00.000000, 29281.75, 29283.75, 29235.50, 29246.00, 6099, 5735, 29261.75, 29255.08, 29259.63, 3282, 2817, 0.00, 0.00, 0.00, 0.00, 0.00, 0.00, 0.00, 0.00, 0.00, 0.00
2026-8-26, 09:15:00.000000, 29246.25, 29262.75, 29230.50, 29238.25, 5025, 4821, 29244.44, 29243.83, 29246.63, 2607, 2418, 0.00, 0.00, 0.00, 0.00, 0.00, 0.00, 0.00, 0.00, 0.00, 0.00
2026-8-26, 09:20:00.000000, 29238.75, 29244.25, 29200.00, 29202.75, 6112, 5852, 29221.44, 29215.67, 29222.13, 3245, 2867, 0.00, 0.00, 0.00, 0.00, 0.00, 0.00, 0.00, 0.00, 0.00, 0.00
2026-8-26, 09:25:00.000000, 29202.75, 29208.75, 29156.75, 29178.25, 8648, 7764, 29186.63, 29181.25, 29182.75, 4412, 4236, 0.00, 0.00, 0.00, 0.00, 0.00, 0.00, 0.00, 0.00, 0.00, 0.00
2026-8-26, 09:30:00.000000, 29178.25, 29204.00, 29176.00, 29197.25, 5201, 4954, 29188.88, 29192.42, 29190.00, 2498, 2703, 0.00, 0.00, 0.00, 0.00, 0.00, 0.00, 0.00, 0.00, 0.00, 0.00
2026-8-26, 09:35:00.000000, 29196.25, 29231.75, 29183.25, 29214.00, 5002, 4677, 29206.31, 29209.67, 29207.50, 2334, 2668, 0.00, 0.00, 0.00, 0.00, 0.00, 0.00, 0.00, 0.00, 0.00, 29243.50
2026-8-26, 09:40:00.000000, 29213.50, 29238.50, 29212.50, 29221.00, 4171, 3941, 29221.38, 29224.00, 29225.50, 2083, 2088, 0.00, 0.00, 0.00, 0.00, 0.00, 0.00, 0.00, 0.00, 0.00, 0.00
2026-8-26, 09:45:00.000000, 29221.50, 29244.50, 29206.25, 29238.50, 4098, 3856, 29227.69, 29229.75, 29225.38, 1865, 2233, 0.00, 0.00, 0.00, 0.00, 0.00, 0.00, 0.00, 0.00, 0.00, 0.00
2026-8-26, 09:50:00.000000, 29238.00, 29268.00, 29238.00, 29241.25, 4398, 4096, 29246.31, 29249.08, 29253.00, 2107, 2291, 0.00, 29273.00, 0.00, 0.00, 0.00, 0.00, 0.00, 0.00, 0.00, 0.00
2026-8-26, 09:55:00.000000, 29241.25, 29259.00, 29234.50, 29252.25, 3248, 3059, 29246.75, 29248.58, 29246.75, 1649, 1599, 0.00, 0.00, 0.00, 0.00, 0.00, 0.00, 0.00, 0.00, 0.00, 0.00
2026-8-26, 10:00:00.000000, 29251.75, 29272.75, 29246.00, 29261.50, 3777, 3448, 29258.00, 29260.08, 29259.38, 1873, 1904, 0.00, 0.00, 0.00, 0.00, 0.00, 0.00, 0.00, 0.00, 0.00, 0.00
2026-8-26, 10:05:00.000000, 29261.00, 29283.00, 29259.75, 29269.75, 3218, 2998, 29268.38, 29270.83, 29271.38, 1529, 1689, 0.00, 0.00, 0.00, 0.00, 0.00, 0.00, 0.00, 0.00, 0.00, 0.00
2026-8-26, 10:10:00.000000, 29270.00, 29276.00, 29250.00, 29257.50, 3184, 2934, 29263.38, 29261.17, 29263.00, 1728, 1456, 0.00, 0.00, 0.00, 0.00, 0.00, 0.00, 0.00, 0.00, 0.00, 0.00
2026-8-26, 10:15:00.000000, 29257.25, 29257.75, 29222.50, 29244.00, 3985, 3648, 29245.38, 29241.42, 29240.13, 2109, 1876, 0.00, 0.00, 0.00, 0.00, 0.00, 0.00, 0.00, 0.00, 0.00, 0.00
2026-8-26, 10:20:00.000000, 29242.75, 29261.25, 29233.50, 29241.00, 2964, 2749, 29244.63, 29245.25, 29247.38, 1437, 1527, 0.00, 0.00, 0.00, 0.00, 0.00, 0.00, 0.00, 0.00, 0.00, 0.00
2026-8-26, 10:25:00.000000, 29240.00, 29267.00, 29236.50, 29256.50, 3217, 2972, 29250.00, 29253.33, 29251.75, 1430, 1787, 0.00, 0.00, 0.00, 0.00, 0.00, 0.00, 0.00, 0.00, 0.00, 0.00
2026-8-26, 10:30:00.000000, 29256.75, 29260.00, 29220.75, 29230.75, 3409, 3108, 29242.06, 29237.17, 29240.38, 1867, 1542, 0.00, 0.00, 0.00, 0.00, 0.00, 0.00, 0.00, 0.00, 0.00, 0.00
2026-8-26, 10:35:00.000000, 29230.75, 29257.25, 29228.50, 29251.00, 2934, 2664, 29241.88, 29245.58, 29242.88, 1329, 1605, 0.00, 0.00, 0.00, 0.00, 0.00, 0.00, 0.00, 0.00, 0.00, 0.00
2026-8-26, 10:40:00.000000, 29251.00, 29289.75, 29248.00, 29283.00, 4050, 3724, 29267.94, 29273.58, 29268.88, 1719, 2331, 0.00, 0.00, 0.00, 0.00, 0.00, 0.00, 0.00, 0.00, 0.00, 0.00
2026-8-26, 10:45:00.000000, 29282.25, 29291.00, 29274.75, 29288.75, 2454, 2185, 29284.19, 29284.83, 29282.88, 1169, 1285, 0.00, 0.00, 0.00, 0.00, 0.00, 0.00, 0.00, 29296.50, 0.00, 29296.50
2026-8-26, 10:50:00.000000, 29289.00, 29291.50, 29231.75, 29235.75, 6351, 5779, 29262.00, 29253.00, 29261.63, 3569, 2782, 0.00, 0.00, 0.00, 0.00, 0.00, 0.00, 0.00, 0.00, 0.00, 0.00
2026-8-26, 10:55:00.000000, 29235.00, 29245.75, 29215.50, 29217.75, 3268, 3061, 29228.50, 29226.33, 29230.63, 1725, 1543, 0.00, 0.00, 0.00, 0.00, 0.00, 0.00, 0.00, 0.00, 0.00, 0.00
2026-8-26, 11:00:00.000000, 29217.75, 29219.25, 29189.00, 29214.00, 5012, 4606, 29210.00, 29207.42, 29204.13, 2559, 2453, 0.00, 0.00, 0.00, 0.00, 0.00, 0.00, 0.00, 0.00, 0.00, 0.00
2026-8-26, 11:05:00.000000, 29213.25, 29224.25, 29201.00, 29207.00, 2982, 2761, 29211.38, 29210.75, 29212.63, 1498, 1484, 0.00, 0.00, 0.00, 0.00, 0.00, 0.00, 0.00, 0.00, 0.00, 0.00
2026-8-26, 11:10:00.000000, 29207.50, 29213.75, 29198.50, 29200.00, 1995, 1891, 29204.94, 29204.08, 29206.13, 1021, 974, 0.00, 0.00, 0.00, 0.00, 0.00, 0.00, 0.00, 0.00, 0.00, 0.00
2026-8-26, 11:15:00.000000, 29201.25, 29205.75, 29192.50, 29202.75, 2098, 1917, 29200.56, 29200.33, 29199.13, 1050, 1048, 0.00, 0.00, 0.00, 0.00, 0.00, 0.00, 0.00, 0.00, 0.00, 0.00
2026-8-26, 11:20:00.000000, 29203.00, 29215.75, 29199.75, 29211.25, 1932, 1743, 29207.44, 29208.92, 29207.75, 841, 1091, 0.00, 0.00, 0.00, 0.00, 0.00, 0.00, 0.00, 0.00, 0.00, 0.00
2026-8-26, 11:25:00.000000, 29211.50, 29212.75, 29199.50, 29207.00, 1197, 1095, 29207.69, 29206.42, 29206.13, 628, 569, 0.00, 0.00, 0.00, 0.00, 0.00, 0.00, 0.00, 0.00, 0.00, 0.00
2026-8-26, 11:30:00.000000, 29207.25, 29220.00, 29205.25, 29213.75, 1540, 1402, 29211.56, 29213.00, 29212.63, 656, 884, 0.00, 0.00, 0.00, 0.00, 0.00, 0.00, 0.00, 0.00, 0.00, 0.00
2026-8-26, 11:35:00.000000, 29213.75, 29219.00, 29181.00, 29182.75, 2583, 2404, 29199.13, 29194.25, 29200.00, 1467, 1116, 0.00, 0.00, 0.00, 0.00, 0.00, 0.00, 0.00, 0.00, 0.00, 0.00
2026-8-26, 11:40:00.000000, 29182.25, 29194.00, 29170.00, 29174.50, 2854, 2563, 29180.19, 29179.50, 29182.00, 1469, 1385, 0.00, 0.00, 0.00, 0.00, 0.00, 0.00, 0.00, 0.00, 0.00, 0.00
2026-8-26, 11:45:00.000000, 29174.75, 29198.50, 29171.75, 29183.25, 2566, 2407, 29182.06, 29184.50, 29185.13, 1195, 1371, 0.00, 0.00, 0.00, 0.00, 0.00, 0.00, 0.00, 0.00, 0.00, 0.00
2026-8-26, 11:50:00.000000, 29183.00, 29193.00, 29175.50, 29185.50, 1590, 1526, 29184.25, 29184.67, 29184.25, 789, 801, 0.00, 0.00, 0.00, 0.00, 0.00, 0.00, 0.00, 0.00, 0.00, 0.00
2026-8-26, 11:55:00.000000, 29185.00, 29224.75, 29184.75, 29216.75, 4276, 3838, 29202.81, 29208.75, 29204.75, 1691, 2585, 0.00, 0.00, 0.00, 0.00, 0.00, 0.00, 0.00, 0.00, 0.00, 0.00
2026-8-26, 12:00:00.000000, 29216.00, 29232.50, 29210.50, 29228.50, 2679, 2454, 29221.88, 29223.83, 29221.50, 1226, 1453, 0.00, 0.00, 0.00, 0.00, 0.00, 0.00, 0.00, 0.00, 0.00, 0.00
2026-8-26, 12:05:00.000000, 29227.75, 29238.00, 29217.75, 29234.25, 1691, 1574, 29229.44, 29230.00, 29227.88, 758, 933, 0.00, 0.00, 0.00, 0.00, 0.00, 0.00, 0.00, 0.00, 0.00, 0.00
2026-8-26, 12:10:00.000000, 29234.00, 29242.25, 29230.25, 29238.00, 2035, 1862, 29236.13, 29236.83, 29236.25, 1013, 1022, 0.00, 29275.75, 0.00, 0.00, 0.00, 0.00, 0.00, 0.00, 0.00, 0.00
2026-8-26, 12:15:00.000000, 29238.25, 29262.00, 29238.00, 29253.00, 3530, 3220, 29247.81, 29251.00, 29250.00, 1699, 1831, 0.00, 0.00, 0.00, 0.00, 0.00, 0.00, 0.00, 0.00, 0.00, 0.00
2026-8-26, 12:20:00.000000, 29253.50, 29270.00, 29253.00, 29268.75, 2444, 2301, 29261.31, 29263.92, 29261.50, 1171, 1273, 0.00, 0.00, 0.00, 0.00, 0.00, 0.00, 0.00, 0.00, 0.00, 0.00
2026-8-26, 12:25:00.000000, 29268.50, 29270.75, 29256.50, 29267.25, 2132, 1926, 29265.75, 29264.83, 29263.63, 1124, 1008, 0.00, 0.00, 0.00, 0.00, 0.00, 0.00, 0.00, 0.00, 0.00, 0.00
2026-8-26, 12:30:00.000000, 29268.00, 29281.50, 29262.75, 29278.25, 3190, 2792, 29272.63, 29274.17, 29272.13, 1457, 1733, 0.00, 0.00, 0.00, 0.00, 0.00, 0.00, 0.00, 0.00, 0.00, 0.00
2026-8-26, 12:35:00.000000, 29278.50, 29287.75, 29274.50, 29280.50, 2280, 2073, 29280.31, 29280.92, 29281.13, 1113, 1167, 0.00, 0.00, 0.00, 0.00, 0.00, 0.00, 0.00, 0.00, 0.00, 0.00
2026-8-26, 12:40:00.000000, 29280.75, 29291.75, 29272.75, 29281.50, 2226, 2082, 29281.69, 29282.00, 29282.25, 1034, 1192, 0.00, 0.00, 0.00, 0.00, 0.00, 0.00, 0.00, 0.00, 0.00, 0.00
2026-8-26, 12:45:00.000000, 29281.50, 29286.25, 29267.50, 29270.00, 2075, 1966, 29276.31, 29274.58, 29276.88, 1120, 955, 0.00, 0.00, 0.00, 0.00, 0.00, 0.00, 0.00, 0.00, 0.00, 0.00
2026-8-26, 12:50:00.000000, 29270.25, 29288.50, 29269.75, 29287.00, 2633, 2373, 29278.88, 29281.75, 29279.13, 1149, 1484, 0.00, 0.00, 0.00, 0.00, 0.00, 0.00, 0.00, 0.00, 0.00, 0.00
2026-8-26, 12:55:00.000000, 29287.00, 29293.75, 29283.00, 29284.25, 2019, 1848, 29287.00, 29287.00, 29288.38, 1038, 981, 0.00, 0.00, 0.00, 0.00, 0.00, 0.00, 0.00, 0.00, 0.00, 0.00
2026-8-26, 13:00:00.000000, 29284.50, 29285.00, 29271.50, 29277.50, 1752, 1617, 29279.63, 29278.00, 29278.25, 820, 932, 0.00, 0.00, 0.00, 0.00, 0.00, 0.00, 0.00, 0.00, 0.00, 0.00
2026-8-26, 13:05:00.000000, 29278.25, 29296.00, 29277.25, 29290.75, 1993, 1905, 29285.56, 29288.00, 29286.63, 872, 1121, 0.00, 0.00, 0.00, 0.00, 0.00, 0.00, 0.00, 0.00, 0.00, 0.00
2026-8-26, 13:10:00.000000, 29290.75, 29292.00, 29266.00, 29270.00, 2122, 1971, 29279.69, 29276.00, 29279.00, 1127, 995, 0.00, 0.00, 0.00, 0.00, 0.00, 0.00, 0.00, 0.00, 0.00, 0.00
2026-8-26, 13:15:00.000000, 29270.75, 29286.75, 29264.75, 29281.50, 2530, 2209, 29275.94, 29277.67, 29275.75, 1141, 1389, 0.00, 0.00, 0.00, 0.00, 0.00, 0.00, 0.00, 0.00, 0.00, 0.00
2026-8-26, 13:20:00.000000, 29282.50, 29292.25, 29276.00, 29277.50, 1555, 1402, 29282.06, 29281.92, 29284.13, 826, 729, 0.00, 0.00, 0.00, 0.00, 0.00, 0.00, 0.00, 0.00, 0.00, 0.00
2026-8-26, 13:25:00.000000, 29276.50, 29285.00, 29271.25, 29280.00, 1768, 1535, 29278.19, 29278.75, 29278.13, 794, 974, 0.00, 0.00, 0.00, 0.00, 0.00, 0.00, 0.00, 0.00, 0.00, 0.00
2026-8-26, 13:30:00.000000, 29279.75, 29303.50, 29275.75, 29297.25, 2773, 2509, 29289.06, 29292.17, 29289.63, 1213, 1560, 0.00, 0.00, 0.00, 0.00, 0.00, 0.00, 0.00, 0.00, 0.00, 0.00
2026-8-26, 13:35:00.000000, 29297.25, 29299.75, 29290.00, 29292.00, 1463, 1334, 29294.75, 29293.92, 29294.88, 758, 705, 0.00, 0.00, 0.00, 0.00, 0.00, 0.00, 0.00, 0.00, 0.00, 0.00
2026-8-26, 13:40:00.000000, 29292.00, 29298.00, 29288.00, 29295.00, 1474, 1356, 29293.25, 29293.67, 29293.00, 719, 755, 0.00, 0.00, 0.00, 0.00, 0.00, 0.00, 0.00, 0.00, 0.00, 0.00
2026-8-26, 13:45:00.000000, 29295.00, 29328.75, 29294.75, 29319.75, 4324, 3891, 29309.56, 29314.42, 29311.75, 1907, 2417, 0.00, 0.00, 0.00, 0.00, 0.00, 0.00, 0.00, 0.00, 0.00, 0.00
2026-8-26, 13:50:00.000000, 29319.50, 29327.00, 29310.00, 29318.75, 2303, 2124, 29318.81, 29318.58, 29318.50, 1083, 1220, 0.00, 0.00, 0.00, 0.00, 0.00, 0.00, 0.00, 0.00, 0.00, 0.00
2026-8-26, 13:55:00.000000, 29318.25, 29329.75, 29315.75, 29321.75, 2522, 2088, 29321.38, 29322.42, 29322.75, 1280, 1242, 0.00, 0.00, 0.00, 0.00, 0.00, 0.00, 0.00, 0.00, 0.00, 0.00
2026-8-27, 08:30:00.000000, 29524.25, 29588.75, 29452.75, 29463.50, 23536, 22390, 29507.31, 29501.67, 29520.75, 11874, 11662, 0.00, 0.00, 0.00, 0.00, 0.00, 0.00, 0.00, 0.00, 0.00, 0.00
2026-8-27, 08:35:00.000000, 29464.50, 29490.75, 29443.00, 29489.75, 13914, 12958, 29472.00, 29474.50, 29466.88, 7046, 6868, 0.00, 0.00, 0.00, 0.00, 0.00, 0.00, 0.00, 0.00, 0.00, 0.00
2026-8-27, 08:40:00.000000, 29490.00, 29586.00, 29486.50, 29575.00, 15021, 14121, 29534.38, 29549.17, 29536.25, 7066, 7955, 0.00, 0.00, 0.00, 0.00, 0.00, 0.00, 0.00, 0.00, 0.00, 0.00
2026-8-27, 08:45:00.000000, 29576.00, 29605.00, 29451.75, 29476.50, 19054, 17342, 29527.31, 29511.08, 29528.38, 9936, 9118, 0.00, 0.00, 0.00, 0.00, 0.00, 0.00, 0.00, 0.00, 0.00, 0.00
2026-8-27, 08:50:00.000000, 29477.00, 29567.25, 29477.00, 29543.25, 11468, 10763, 29516.13, 29529.17, 29522.13, 5518, 5950, 0.00, 0.00, 0.00, 0.00, 0.00, 0.00, 0.00, 0.00, 0.00, 0.00
2026-8-27, 08:55:00.000000, 29542.25, 29544.75, 29423.75, 29483.00, 13787, 12892, 29498.44, 29483.83, 29484.25, 7033, 6754, 0.00, 0.00, 29440.75, 0.00, 0.00, 0.00, 0.00, 0.00, 0.00, 0.00
2026-8-27, 09:00:00.000000, 29484.00, 29549.00, 29478.50, 29536.25, 11149, 10612, 29511.94, 29521.25, 29513.75, 5455, 5694, 0.00, 0.00, 0.00, 0.00, 0.00, 0.00, 0.00, 0.00, 0.00, 0.00
2026-8-27, 09:05:00.000000, 29536.25, 29557.50, 29502.00, 29530.25, 8174, 7848, 29531.50, 29529.92, 29529.75, 4116, 4058, 0.00, 0.00, 0.00, 0.00, 0.00, 0.00, 0.00, 0.00, 0.00, 0.00
2026-8-27, 09:10:00.000000, 29529.75, 29588.50, 29527.25, 29559.00, 7188, 6830, 29551.13, 29558.25, 29557.88, 3498, 3690, 0.00, 0.00, 0.00, 0.00, 0.00, 0.00, 0.00, 0.00, 0.00, 0.00
2026-8-27, 09:15:00.000000, 29558.00, 29593.25, 29558.00, 29577.50, 5971, 5585, 29571.69, 29576.25, 29575.63, 2945, 3026, 0.00, 0.00, 0.00, 0.00, 0.00, 0.00, 0.00, 0.00, 0.00, 0.00
2026-8-27, 09:20:00.000000, 29577.50, 29601.50, 29571.00, 29593.00, 6583, 6120, 29585.75, 29588.50, 29586.25, 3381, 3202, 0.00, 0.00, 0.00, 0.00, 0.00, 0.00, 0.00, 0.00, 0.00, 0.00
2026-8-27, 09:25:00.000000, 29593.25, 29623.50, 29576.50, 29606.75, 6461, 5887, 29600.00, 29602.25, 29600.00, 3228, 3233, 0.00, 0.00, 0.00, 0.00, 0.00, 0.00, 0.00, 0.00, 0.00, 0.00
2026-8-27, 09:30:00.000000, 29606.50, 29610.25, 29563.50, 29573.25, 7466, 6599, 29588.38, 29582.33, 29586.88, 3605, 3861, 0.00, 0.00, 0.00, 0.00, 0.00, 0.00, 0.00, 0.00, 0.00, 29610.00
2026-8-27, 09:35:00.000000, 29574.00, 29605.00, 29543.50, 29544.00, 5205, 4845, 29566.63, 29564.17, 29574.25, 2755, 2450, 0.00, 0.00, 0.00, 0.00, 0.00, 0.00, 0.00, 0.00, 0.00, 0.00
2026-8-27, 09:40:00.000000, 29544.75, 29566.50, 29538.00, 29557.25, 5013, 4641, 29551.63, 29553.92, 29552.25, 2528, 2485, 0.00, 0.00, 0.00, 0.00, 0.00, 0.00, 0.00, 0.00, 0.00, 0.00
2026-8-27, 09:45:00.000000, 29556.50, 29599.75, 29532.00, 29593.75, 5801, 5271, 29570.50, 29575.17, 29565.88, 2844, 2957, 0.00, 0.00, 0.00, 0.00, 0.00, 0.00, 0.00, 0.00, 0.00, 0.00
2026-8-27, 09:50:00.000000, 29593.25, 29605.25, 29560.25, 29579.00, 6100, 5505, 29584.44, 29581.50, 29582.75, 3064, 3036, 0.00, 0.00, 0.00, 0.00, 0.00, 0.00, 0.00, 0.00, 0.00, 0.00
2026-8-27, 09:55:00.000000, 29578.50, 29602.25, 29552.25, 29601.50, 4818, 4577, 29583.63, 29585.33, 29577.25, 2301, 2517, 0.00, 0.00, 0.00, 0.00, 0.00, 0.00, 0.00, 0.00, 0.00, 0.00
2026-8-27, 10:00:00.000000, 29601.75, 29615.50, 29588.25, 29611.25, 4422, 4091, 29604.19, 29605.00, 29601.88, 2188, 2234, 0.00, 0.00, 0.00, 0.00, 0.00, 0.00, 0.00, 0.00, 0.00, 0.00
2026-8-27, 10:05:00.000000, 29610.75, 29625.75, 29604.75, 29623.25, 3753, 3591, 29616.13, 29617.92, 29615.25, 1826, 1927, 0.00, 0.00, 0.00, 0.00, 0.00, 0.00, 0.00, 0.00, 0.00, 0.00
2026-8-27, 10:10:00.000000, 29623.00, 29628.00, 29608.00, 29625.50, 3494, 3169, 29621.13, 29620.50, 29618.00, 1771, 1723, 0.00, 0.00, 0.00, 0.00, 0.00, 0.00, 0.00, 0.00, 0.00, 0.00
2026-8-27, 10:15:00.000000, 29625.75, 29635.00, 29618.50, 29624.00, 3234, 3015, 29625.81, 29625.83, 29626.75, 1629, 1605, 0.00, 0.00, 0.00, 0.00, 0.00, 0.00, 0.00, 0.00, 0.00, 0.00
2026-8-27, 10:20:00.000000, 29625.00, 29627.50, 29595.75, 29597.50, 3703, 3425, 29611.44, 29606.92, 29611.63, 1963, 1740, 0.00, 0.00, 0.00, 0.00, 0.00, 0.00, 0.00, 0.00, 0.00, 0.00
2026-8-27, 10:25:00.000000, 29597.25, 29599.75, 29573.00, 29578.50, 3812, 3459, 29587.13, 29583.75, 29586.38, 2021, 1791, 0.00, 0.00, 0.00, 0.00, 0.00, 0.00, 0.00, 0.00, 0.00, 0.00
2026-8-27, 10:30:00.000000, 29578.25, 29597.25, 29564.50, 29578.00, 4643, 4347, 29579.50, 29579.92, 29580.88, 2305, 2338, 0.00, 0.00, 0.00, 0.00, 0.00, 0.00, 0.00, 0.00, 0.00, 0.00
2026-8-27, 10:35:00.000000, 29578.25, 29583.25, 29547.75, 29557.00, 3969, 3711, 29566.56, 29562.67, 29565.50, 2093, 1876, 0.00, 0.00, 0.00, 0.00, 0.00, 0.00, 0.00, 0.00, 0.00, 0.00
2026-8-27, 10:40:00.000000, 29557.25, 29574.00, 29528.50, 29534.50, 5418, 5133, 29548.56, 29545.67, 29551.25, 2753, 2665, 0.00, 0.00, 0.00, 0.00, 0.00, 0.00, 0.00, 0.00, 0.00, 0.00
2026-8-27, 10:45:00.000000, 29534.75, 29534.75, 29511.50, 29524.25, 5007, 4595, 29526.31, 29523.50, 29523.13, 2542, 2465, 0.00, 0.00, 0.00, 0.00, 0.00, 0.00, 0.00, 0.00, 0.00, 0.00
2026-8-27, 10:50:00.000000, 29523.75, 29610.00, 29523.50, 29609.00, 7731, 7103, 29566.56, 29580.83, 29566.75, 3651, 4080, 0.00, 0.00, 0.00, 0.00, 0.00, 0.00, 0.00, 0.00, 0.00, 0.00
2026-8-27, 10:55:00.000000, 29609.00, 29609.25, 29592.75, 29598.00, 4049, 3825, 29602.25, 29600.00, 29601.00, 2150, 1899, 0.00, 0.00, 0.00, 0.00, 0.00, 0.00, 0.00, 0.00, 0.00, 0.00
2026-8-27, 11:00:00.000000, 29597.25, 29623.75, 29594.75, 29615.00, 3646, 3404, 29607.69, 29611.17, 29609.25, 1687, 1959, 0.00, 0.00, 0.00, 0.00, 0.00, 0.00, 0.00, 0.00, 0.00, 0.00
2026-8-27, 11:05:00.000000, 29615.25, 29621.25, 29590.25, 29594.00, 3410, 3125, 29605.19, 29601.83, 29605.75, 1758, 1652, 0.00, 0.00, 0.00, 0.00, 0.00, 0.00, 0.00, 0.00, 0.00, 0.00
2026-8-27, 11:10:00.000000, 29594.00, 29605.00, 29581.75, 29590.50, 2689, 2467, 29592.81, 29592.42, 29593.38, 1312, 1377, 0.00, 0.00, 0.00, 0.00, 0.00, 0.00, 0.00, 0.00, 0.00, 0.00
2026-8-27, 11:15:00.000000, 29589.75, 29603.00, 29577.00, 29589.00, 2764, 2577, 29589.69, 29589.67, 29590.00, 1413, 1351, 0.00, 0.00, 0.00, 0.00, 0.00, 0.00, 0.00, 0.00, 0.00, 0.00
2026-8-27, 11:20:00.000000, 29588.25, 29589.75, 29570.00, 29576.25, 2394, 2186, 29581.06, 29578.67, 29579.88, 1225, 1169, 0.00, 0.00, 0.00, 0.00, 0.00, 0.00, 0.00, 0.00, 0.00, 0.00
2026-8-27, 11:25:00.000000, 29577.00, 29608.00, 29572.25, 29603.00, 3010, 2789, 29590.06, 29594.42, 29590.13, 1366, 1644, 0.00, 0.00, 0.00, 0.00, 0.00, 0.00, 0.00, 0.00, 0.00, 0.00
2026-8-27, 11:30:00.000000, 29603.50, 29614.50, 29599.00, 29613.50, 1869, 1745, 29607.63, 29609.00, 29606.75, 853, 1016, 0.00, 0.00, 0.00, 0.00, 0.00, 0.00, 0.00, 0.00, 0.00, 0.00
2026-8-27, 11:35:00.000000, 29613.75, 29642.00, 29609.50, 29639.25, 3291, 3065, 29626.13, 29630.25, 29625.75, 1506, 1785, 0.00, 0.00, 0.00, 0.00, 0.00, 0.00, 0.00, 0.00, 0.00, 0.00
2026-8-27, 11:40:00.000000, 29639.00, 29651.00, 29636.75, 29645.75, 3051, 2882, 29643.13, 29644.50, 29643.88, 1485, 1566, 0.00, 0.00, 0.00, 0.00, 0.00, 0.00, 0.00, 0.00, 0.00, 0.00
2026-8-27, 11:45:00.000000, 29645.75, 29659.50, 29643.00, 29646.75, 3660, 3274, 29648.75, 29649.75, 29651.25, 1805, 1855, 0.00, 0.00, 0.00, 0.00, 0.00, 0.00, 0.00, 0.00, 0.00, 0.00
2026-8-27, 11:50:00.000000, 29647.25, 29656.00, 29637.00, 29654.25, 3085, 2844, 29648.63, 29649.08, 29646.50, 1603, 1482, 0.00, 0.00, 0.00, 0.00, 0.00, 0.00, 0.00, 0.00, 0.00, 0.00
2026-8-27, 11:55:00.000000, 29654.25, 29654.25, 29642.25, 29651.75, 2507, 2053, 29650.63, 29649.42, 29648.25, 1236, 1271, 0.00, 0.00, 0.00, 0.00, 0.00, 0.00, 0.00, 0.00, 0.00, 0.00
2026-8-27, 12:00:00.000000, 29652.00, 29667.25, 29650.25, 29665.25, 3330, 3046, 29658.69, 29660.92, 29658.75, 1529, 1801, 0.00, 0.00, 0.00, 0.00, 0.00, 0.00, 0.00, 0.00, 0.00, 0.00
2026-8-27, 12:05:00.000000, 29665.00, 29668.50, 29648.00, 29667.75, 3361, 3139, 29662.31, 29661.42, 29658.25, 1581, 1780, 0.00, 0.00, 0.00, 0.00, 0.00, 0.00, 0.00, 0.00, 0.00, 0.00
2026-8-27, 12:10:00.000000, 29667.75, 29676.00, 29664.50, 29669.75, 2814, 2611, 29669.50, 29670.08, 29670.25, 1351, 1463, 0.00, 0.00, 0.00, 0.00, 0.00, 0.00, 0.00, 0.00, 0.00, 0.00
2026-8-27, 12:15:00.000000, 29670.50, 29673.75, 29659.50, 29664.75, 2050, 1912, 29667.13, 29666.00, 29666.63, 1021, 1029, 0.00, 0.00, 0.00, 29683.50, 0.00, 0.00, 0.00, 0.00, 0.00, 0.00
2026-8-27, 12:20:00.000000, 29665.25, 29678.50, 29660.75, 29673.00, 2410, 2260, 29669.38, 29670.75, 29669.63, 1107, 1303, 0.00, 0.00, 0.00, 0.00, 0.00, 0.00, 0.00, 0.00, 0.00, 0.00
2026-8-27, 12:25:00.000000, 29673.00, 29673.00, 29638.00, 29641.50, 3641, 3345, 29656.38, 29650.83, 29655.50, 2001, 1640, 0.00, 0.00, 0.00, 0.00, 0.00, 0.00, 0.00, 0.00, 0.00, 0.00
2026-8-27, 12:30:00.000000, 29641.25, 29658.50, 29634.25, 29638.25, 3886, 3569, 29643.06, 29643.67, 29646.38, 1906, 1980, 0.00, 0.00, 0.00, 0.00, 0.00, 0.00, 0.00, 0.00, 0.00, 0.00
2026-8-27, 12:35:00.000000, 29638.75, 29646.50, 29631.25, 29631.75, 2121, 1830, 29637.06, 29636.50, 29638.88, 1049, 1072, 0.00, 0.00, 0.00, 0.00, 0.00, 0.00, 0.00, 0.00, 0.00, 0.00
2026-8-27, 12:40:00.000000, 29632.00, 29648.00, 29627.00, 29628.75, 2339, 2170, 29633.94, 29634.58, 29637.50, 1207, 1132, 0.00, 0.00, 0.00, 0.00, 0.00, 0.00, 0.00, 0.00, 0.00, 0.00
2026-8-27, 12:45:00.000000, 29628.50, 29632.25, 29612.75, 29618.00, 3053, 2806, 29622.88, 29621.00, 29622.50, 1480, 1573, 0.00, 0.00, 0.00, 0.00, 0.00, 0.00, 0.00, 0.00, 0.00, 0.00
2026-8-27, 12:50:00.000000, 29618.25, 29629.25, 29610.00, 29625.25, 2845, 2651, 29620.69, 29621.50, 29619.63, 1290, 1555, 0.00, 0.00, 0.00, 0.00, 0.00, 0.00, 0.00, 0.00, 0.00, 0.00
2026-8-27, 12:55:00.000000, 29625.50, 29627.25, 29607.00, 29611.50, 2496, 2277, 29617.81, 29615.25, 29617.13, 1240, 1256, 0.00, 0.00, 0.00, 0.00, 0.00, 0.00, 0.00, 0.00, 0.00, 0.00
2026-8-27, 13:00:00.000000, 29612.00, 29622.00, 29574.00, 29574.50, 5228, 4883, 29595.63, 29590.17, 29598.00, 2691, 2537, 0.00, 0.00, 0.00, 0.00, 0.00, 0.00, 0.00, 0.00, 0.00, 0.00
2026-8-27, 13:05:00.000000, 29574.50, 29591.75, 29573.25, 29581.00, 2877, 2692, 29580.13, 29582.00, 29582.50, 1382, 1495, 0.00, 0.00, 0.00, 0.00, 0.00, 0.00, 0.00, 0.00, 0.00, 0.00
2026-8-27, 13:10:00.000000, 29581.00, 29585.75, 29561.75, 29577.00, 4049, 3696, 29576.38, 29574.83, 29573.75, 2064, 1985, 0.00, 0.00, 0.00, 0.00, 0.00, 0.00, 0.00, 0.00, 0.00, 0.00
2026-8-27, 13:15:00.000000, 29576.50, 29589.75, 29564.75, 29578.00, 3286, 2987, 29577.25, 29577.50, 29577.25, 1590, 1696, 0.00, 0.00, 0.00, 0.00, 0.00, 0.00, 0.00, 0.00, 0.00, 0.00
2026-8-27, 13:20:00.000000, 29577.75, 29582.50, 29563.75, 29567.25, 2961, 2701, 29572.81, 29571.17, 29573.13, 1528, 1433, 0.00, 0.00, 0.00, 0.00, 0.00, 0.00, 0.00, 0.00, 0.00, 0.00
2026-8-27, 13:25:00.000000, 29567.75, 29569.00, 29526.50, 29538.25, 5419, 4959, 29550.38, 29544.58, 29547.75, 2928, 2491, 0.00, 0.00, 0.00, 0.00, 0.00, 0.00, 0.00, 0.00, 0.00, 0.00
2026-8-27, 13:30:00.000000, 29538.25, 29571.50, 29537.00, 29549.25, 5033, 4562, 29549.00, 29552.58, 29554.25, 2265, 2768, 0.00, 0.00, 0.00, 0.00, 0.00, 0.00, 0.00, 0.00, 0.00, 0.00
2026-8-27, 13:35:00.000000, 29550.50, 29579.25, 29543.00, 29579.00, 3433, 3037, 29562.94, 29567.08, 29561.13, 1546, 1887, 0.00, 0.00, 0.00, 0.00, 0.00, 0.00, 0.00, 0.00, 0.00, 0.00
2026-8-27, 13:40:00.000000, 29579.25, 29581.25, 29567.00, 29572.50, 2565, 2332, 29575.00, 29573.58, 29574.13, 1283, 1282, 0.00, 29587.25, 0.00, 0.00, 0.00, 0.00, 0.00, 0.00, 0.00, 0.00
2026-8-27, 13:45:00.000000, 29572.50, 29582.25, 29552.00, 29552.50, 3200, 2824, 29564.81, 29562.25, 29567.13, 1678, 1522, 0.00, 0.00, 0.00, 0.00, 0.00, 0.00, 0.00, 0.00, 0.00, 0.00
2026-8-27, 13:50:00.000000, 29553.25, 29566.25, 29546.75, 29555.00, 2470, 2318, 29555.31, 29556.00, 29556.50, 1231, 1239, 0.00, 0.00, 0.00, 0.00, 0.00, 0.00, 0.00, 0.00, 0.00, 0.00
2026-8-27, 13:55:00.000000, 29554.75, 29577.50, 29544.75, 29571.25, 3012, 2756, 29562.06, 29564.50, 29561.13, 1336, 1676, 0.00, 0.00, 0.00, 0.00, 0.00, 0.00, 0.00, 0.00, 0.00, 0.00
2026-8-28, 08:30:00.000000, 29628.50, 29637.00, 29562.75, 29605.75, 17597, 16525, 29608.50, 29601.83, 29599.88, 9015, 8582, 29571.25, 0.00, 29571.25, 0.00, 29557.75, 0.00, 0.00, 0.00, 29557.75, 0.00
2026-8-28, 08:35:00.000000, 29605.00, 29659.75, 29585.75, 29651.25, 11821, 11364, 29625.44, 29632.25, 29622.75, 5895, 5926, 0.00, 0.00, 0.00, 0.00, 0.00, 0.00, 0.00, 0.00, 0.00, 0.00
2026-8-28, 08:40:00.000000, 29651.75, 29701.75, 29648.75, 29687.75, 9025, 8554, 29672.50, 29679.42, 29675.25, 4380, 4645, 0.00, 0.00, 0.00, 0.00, 0.00, 0.00, 0.00, 0.00, 0.00, 0.00
2026-8-28, 08:45:00.000000, 29687.25, 29703.25, 29654.00, 29657.75, 9797, 9298, 29675.56, 29671.67, 29678.63, 5114, 4683, 0.00, 0.00, 0.00, 0.00, 0.00, 0.00, 0.00, 0.00, 0.00, 0.00
2026-8-28, 08:50:00.000000, 29658.50, 29669.50, 29625.00, 29633.50, 7539, 7107, 29646.63, 29642.67, 29647.25, 3877, 3662, 0.00, 0.00, 0.00, 0.00, 0.00, 0.00, 0.00, 0.00, 0.00, 0.00
2026-8-28, 08:55:00.000000, 29634.75, 29668.00, 29625.75, 29629.00, 5588, 5334, 29639.38, 29640.92, 29646.88, 2969, 2619, 0.00, 0.00, 0.00, 0.00, 0.00, 0.00, 0.00, 0.00, 0.00, 0.00
2026-8-28, 09:00:00.000000, 29632.00, 29706.00, 29597.75, 29629.00, 13965, 13226, 29641.19, 29644.25, 29651.88, 7120, 6845, 0.00, 0.00, 0.00, 0.00, 0.00, 0.00, 0.00, 0.00, 0.00, 0.00
2026-8-28, 09:05:00.000000, 29629.50, 29631.75, 29559.00, 29581.50, 14008, 13156, 29600.44, 29590.75, 29595.38, 7184, 6824, 0.00, 0.00, 0.00, 0.00, 0.00, 0.00, 0.00, 0.00, 0.00, 0.00
2026-8-28, 09:10:00.000000, 29582.25, 29602.00, 29505.00, 29534.75, 13187, 12483, 29556.00, 29547.25, 29553.50, 6773, 6414, 0.00, 0.00, 0.00, 0.00, 0.00, 0.00, 0.00, 0.00, 0.00, 0.00
2026-8-28, 09:15:00.000000, 29536.25, 29628.50, 29532.25, 29605.00, 11276, 10574, 29575.50, 29588.58, 29580.38, 5196, 6080, 0.00, 0.00, 0.00, 0.00, 0.00, 0.00, 0.00, 0.00, 0.00, 0.00
2026-8-28, 09:20:00.000000, 29604.50, 29675.75, 29603.50, 29643.50, 11292, 10728, 29631.81, 29640.92, 29639.63, 5414, 5878, 0.00, 0.00, 0.00, 0.00, 0.00, 0.00, 0.00, 0.00, 0.00, 0.00
2026-8-28, 09:25:00.000000, 29643.50, 29654.00, 29604.00, 29653.50, 9690, 9222, 29638.75, 29637.17, 29629.00, 4754, 4936, 0.00, 0.00, 0.00, 0.00, 0.00, 0.00, 0.00, 0.00, 0.00, 0.00
2026-8-28, 09:30:00.000000, 29653.50, 29688.50, 29632.00, 29683.25, 9576, 9065, 29664.31, 29667.92, 29660.25, 4685, 4891, 0.00, 0.00, 0.00, 0.00, 0.00, 0.00, 0.00, 0.00, 0.00, 0.00
2026-8-28, 09:35:00.000000, 29684.50, 29713.00, 29671.00, 29680.00, 8436, 7935, 29687.13, 29688.00, 29692.00, 4206, 4230, 0.00, 0.00, 0.00, 0.00, 0.00, 0.00, 0.00, 0.00, 0.00, 0.00
2026-8-28, 09:40:00.000000, 29681.00, 29744.00, 29674.50, 29734.25, 8740, 8077, 29708.44, 29717.58, 29709.25, 4134, 4606, 0.00, 29760.00, 0.00, 0.00, 0.00, 0.00, 0.00, 0.00, 0.00, 0.00
2026-8-28, 09:45:00.000000, 29734.75, 29755.00, 29725.25, 29750.00, 7738, 7079, 29741.25, 29743.42, 29740.13, 3844, 3894, 0.00, 0.00, 0.00, 0.00, 0.00, 0.00, 0.00, 0.00, 0.00, 0.00
2026-8-28, 09:50:00.000000, 29750.00, 29778.50, 29744.00, 29769.50, 7259, 6636, 29760.50, 29764.00, 29761.25, 3606, 3653, 0.00, 0.00, 0.00, 0.00, 0.00, 0.00, 0.00, 0.00, 0.00, 0.00
2026-8-28, 09:55:00.000000, 29769.50, 29799.00, 29767.25, 29796.50, 8014, 6915, 29783.06, 29787.58, 29783.13, 3895, 4119, 0.00, 0.00, 0.00, 0.00, 0.00, 0.00, 0.00, 0.00, 0.00, 0.00
2026-8-28, 10:00:00.000000, 29796.50, 29811.50, 29778.50, 29797.00, 8645, 7922, 29795.88, 29795.67, 29795.00, 4279, 4366, 0.00, 0.00, 0.00, 0.00, 0.00, 0.00, 0.00, 0.00, 0.00, 0.00
2026-8-28, 10:05:00.000000, 29797.00, 29803.75, 29755.25, 29763.25, 5884, 5250, 29779.81, 29774.08, 29779.50, 3150, 2734, 0.00, 0.00, 0.00, 0.00, 0.00, 0.00, 0.00, 0.00, 0.00, 0.00
2026-8-28, 10:10:00.000000, 29762.50, 29772.00, 29735.25, 29748.75, 6210, 5865, 29754.63, 29752.00, 29753.63, 3071, 3139, 0.00, 0.00, 0.00, 0.00, 0.00, 0.00, 0.00, 0.00, 0.00, 0.00
2026-8-28, 10:15:00.000000, 29748.75, 29775.00, 29746.00, 29748.25, 4672, 4435, 29754.50, 29756.42, 29760.50, 2296, 2376, 0.00, 0.00, 0.00, 0.00, 0.00, 0.00, 0.00, 0.00, 0.00, 0.00
2026-8-28, 10:20:00.000000, 29748.00, 29773.25, 29738.00, 29768.50, 4489, 4247, 29756.94, 29759.92, 29755.63, 2166, 2323, 0.00, 0.00, 0.00, 0.00, 0.00, 0.00, 0.00, 0.00, 0.00, 0.00
2026-8-28, 10:25:00.000000, 29768.50, 29791.25, 29764.25, 29782.75, 4182, 3985, 29776.69, 29779.42, 29777.75, 2050, 2132, 0.00, 0.00, 0.00, 0.00, 0.00, 0.00, 0.00, 0.00, 0.00, 0.00
2026-8-28, 10:30:00.000000, 29783.25, 29785.50, 29762.25, 29763.25, 3449, 3187, 29773.56, 29770.33, 29773.88, 1794, 1655, 0.00, 0.00, 0.00, 0.00, 0.00, 0.00, 0.00, 0.00, 0.00, 29790.50
2026-8-28, 10:35:00.000000, 29763.25, 29769.00, 29716.50, 29721.75, 5042, 4651, 29742.63, 29735.75, 29742.75, 2693, 2349, 0.00, 0.00, 0.00, 0.00, 0.00, 0.00, 0.00, 0.00, 0.00, 0.00
2026-8-28, 10:40:00.000000, 29721.50, 29722.50, 29663.00, 29671.00, 10026, 9415, 29694.50, 29685.50, 29692.75, 4995, 5031, 0.00, 0.00, 0.00, 0.00, 0.00, 0.00, 0.00, 0.00, 0.00, 0.00
2026-8-28, 10:45:00.000000, 29671.00, 29682.75, 29627.50, 29634.00, 7881, 7398, 29653.81, 29648.08, 29655.13, 3934, 3947, 0.00, 0.00, 0.00, 0.00, 0.00, 0.00, 0.00, 0.00, 0.00, 0.00
2026-8-28, 10:50:00.000000, 29633.75, 29647.00, 29585.50, 29618.25, 10100, 9429, 29621.13, 29616.92, 29616.25, 5014, 5086, 0.00, 0.00, 0.00, 0.00, 29580.50, 0.00, 0.00, 0.00, 0.00, 0.00
2026-8-28, 10:55:00.000000, 29618.50, 29620.25, 29544.25, 29552.50, 10448, 9658, 29583.88, 29572.33, 29582.25, 5221, 5227, 0.00, 0.00, 0.00, 0.00, 0.00, 0.00, 0.00, 0.00, 0.00, 0.00
2026-8-28, 11:00:00.000000, 29553.00, 29566.50, 29509.75, 29531.75, 10814, 10247, 29540.25, 29536.00, 29538.13, 5368, 5446, 0.00, 0.00, 0.00, 0.00, 0.00, 0.00, 0.00, 0.00, 0.00, 0.00
2026-8-28, 11:05:00.000000, 29531.75, 29593.00, 29528.75, 29587.00, 7147, 6736, 29560.13, 29569.58, 29560.88, 3206, 3941, 0.00, 29598.00, 0.00, 29598.00, 0.00, 29596.50, 0.00, 29596.50, 0.00, 29596.50
2026-8-28, 11:10:00.000000, 29585.50, 29591.50, 29554.00, 29558.50, 5842, 5587, 29572.38, 29568.00, 29572.75, 3074, 2768, 0.00, 0.00, 0.00, 0.00, 0.00, 0.00, 0.00, 0.00, 0.00, 0.00
2026-8-28, 11:15:00.000000, 29558.25, 29570.75, 29492.75, 29510.25, 8367, 7695, 29533.00, 29524.58, 29531.75, 4428, 3939, 0.00, 0.00, 0.00, 0.00, 0.00, 0.00, 0.00, 0.00, 0.00, 0.00
2026-8-28, 11:20:00.000000, 29511.25, 29523.75, 29464.50, 29486.00, 8962, 8305, 29496.38, 29491.42, 29494.13, 4499, 4463, 0.00, 0.00, 0.00, 0.00, 0.00, 0.00, 0.00, 0.00, 0.00, 0.00
2026-8-28, 11:25:00.000000, 29485.50, 29504.50, 29476.75, 29489.00, 5500, 5203, 29488.94, 29490.08, 29490.63, 2670, 2830, 0.00, 0.00, 0.00, 0.00, 0.00, 0.00, 0.00, 0.00, 0.00, 0.00
2026-8-28, 11:30:00.000000, 29488.50, 29526.00, 29476.00, 29476.75, 6268, 5687, 29491.81, 29492.92, 29501.00, 3146, 3122, 0.00, 0.00, 0.00, 0.00, 0.00, 0.00, 0.00, 0.00, 0.00, 0.00
2026-8-28, 11:35:00.000000, 29476.75, 29529.25, 29475.75, 29512.00, 5067, 4766, 29498.44, 29505.67, 29502.50, 2434, 2633, 0.00, 0.00, 0.00, 0.00, 0.00, 0.00, 0.00, 0.00, 0.00, 0.00
2026-8-28, 11:40:00.000000, 29511.50, 29512.25, 29475.00, 29483.75, 4342, 4032, 29495.63, 29490.33, 29493.63, 2214, 2128, 0.00, 0.00, 0.00, 0.00, 0.00, 0.00, 0.00, 0.00, 0.00, 0.00
2026-8-28, 11:45:00.000000, 29483.50, 29545.50, 29483.00, 29537.50, 5217, 4730, 29512.38, 29522.00, 29514.25, 2229, 2988, 0.00, 0.00, 0.00, 0.00, 0.00, 0.00, 0.00, 0.00, 0.00, 0.00
2026-8-28, 11:50:00.000000, 29536.50, 29549.00, 29507.50, 29513.00, 4482, 4066, 29526.50, 29523.17, 29528.25, 2192, 2290, 0.00, 0.00, 0.00, 0.00, 0.00, 29529.00, 0.00, 29554.00, 0.00, 29529.00
2026-8-28, 11:55:00.000000, 29513.00, 29524.00, 29499.75, 29501.25, 3456, 3202, 29509.50, 29508.33, 29511.88, 1733, 1723, 0.00, 0.00, 0.00, 0.00, 0.00, 0.00, 0.00, 0.00, 0.00, 0.00
2026-8-28, 12:00:00.000000, 29502.00, 29503.00, 29446.00, 29469.25, 8552, 7664, 29480.06, 29472.75, 29474.50, 4164, 4388, 0.00, 0.00, 0.00, 0.00, 0.00, 0.00, 0.00, 0.00, 0.00, 0.00
2026-8-28, 12:05:00.000000, 29469.00, 29469.00, 29436.25, 29450.25, 4892, 4565, 29456.13, 29451.83, 29452.63, 2530, 2362, 0.00, 0.00, 0.00, 0.00, 0.00, 0.00, 0.00, 0.00, 0.00, 0.00
2026-8-28, 12:10:00.000000, 29449.25, 29485.50, 29438.75, 29484.25, 4271, 4005, 29464.44, 29469.50, 29462.13, 1972, 2299, 0.00, 0.00, 0.00, 0.00, 0.00, 0.00, 0.00, 0.00, 0.00, 0.00
2026-8-28, 12:15:00.000000, 29483.50, 29489.75, 29464.25, 29478.25, 3071, 2899, 29478.94, 29477.42, 29477.00, 1530, 1541, 0.00, 0.00, 0.00, 0.00, 0.00, 0.00, 0.00, 0.00, 0.00, 0.00
2026-8-28, 12:20:00.000000, 29478.50, 29487.00, 29452.25, 29475.25, 3389, 3203, 29473.25, 29471.50, 29469.63, 1620, 1769, 0.00, 0.00, 0.00, 0.00, 0.00, 0.00, 0.00, 0.00, 0.00, 0.00
2026-8-28, 12:25:00.000000, 29475.75, 29495.25, 29461.75, 29470.00, 3141, 2883, 29475.69, 29475.67, 29478.50, 1526, 1615, 0.00, 0.00, 0.00, 0.00, 0.00, 0.00, 0.00, 0.00, 0.00, 0.00
2026-8-28, 12:30:00.000000, 29470.00, 29503.50, 29464.75, 29496.25, 2944, 2724, 29483.63, 29488.17, 29484.13, 1319, 1625, 0.00, 0.00, 0.00, 0.00, 0.00, 0.00, 0.00, 0.00, 0.00, 0.00
2026-8-28, 12:35:00.000000, 29496.50, 29504.50, 29461.25, 29464.50, 3236, 2978, 29481.69, 29476.75, 29482.88, 1666, 1570, 0.00, 0.00, 0.00, 0.00, 0.00, 0.00, 0.00, 0.00, 0.00, 0.00
2026-8-28, 12:40:00.000000, 29464.25, 29491.75, 29461.50, 29484.00, 2307, 2223, 29475.38, 29479.08, 29476.63, 1122, 1185, 0.00, 0.00, 0.00, 0.00, 0.00, 0.00, 0.00, 0.00, 0.00, 0.00
2026-8-28, 12:45:00.000000, 29482.75, 29528.50, 29475.75, 29523.75, 3616, 3229, 29502.69, 29509.33, 29502.13, 1445, 2171, 0.00, 0.00, 0.00, 0.00, 0.00, 0.00, 0.00, 0.00, 0.00, 0.00
2026-8-28, 12:50:00.000000, 29524.50, 29529.25, 29512.50, 29517.00, 2337, 2133, 29520.81, 29519.58, 29520.88, 1182, 1155, 0.00, 0.00, 0.00, 0.00, 0.00, 0.00, 0.00, 0.00, 0.00, 29529.00
2026-8-28, 12:55:00.000000, 29517.75, 29520.00, 29494.25, 29514.75, 3374, 3213, 29511.69, 29509.67, 29507.13, 1758, 1616, 0.00, 0.00, 0.00, 0.00, 0.00, 0.00, 0.00, 29526.50, 0.00, 0.00
2026-8-28, 13:00:00.000000, 29515.75, 29521.50, 29496.00, 29503.50, 2758, 2580, 29509.19, 29507.00, 29508.75, 1474, 1284, 0.00, 0.00, 0.00, 0.00, 0.00, 0.00, 0.00, 0.00, 0.00, 0.00
2026-8-28, 13:05:00.000000, 29502.50, 29517.50, 29495.00, 29505.50, 2309, 2195, 29505.13, 29506.00, 29506.25, 1144, 1165, 0.00, 0.00, 0.00, 0.00, 0.00, 0.00, 0.00, 0.00, 0.00, 0.00
2026-8-28, 13:10:00.000000, 29505.50, 29518.75, 29488.25, 29489.25, 2704, 2492, 29500.44, 29498.75, 29503.50, 1525, 1179, 0.00, 0.00, 0.00, 0.00, 0.00, 0.00, 0.00, 0.00, 0.00, 0.00
2026-8-28, 13:15:00.000000, 29489.25, 29504.75, 29482.75, 29494.75, 2553, 2397, 29492.88, 29494.08, 29493.75, 1307, 1246, 0.00, 0.00, 0.00, 0.00, 0.00, 0.00, 0.00, 0.00, 0.00, 0.00
2026-8-28, 13:20:00.000000, 29494.50, 29505.00, 29471.25, 29481.25, 2402, 2298, 29488.00, 29485.83, 29488.13, 1190, 1212, 0.00, 0.00, 0.00, 0.00, 0.00, 0.00, 0.00, 0.00, 0.00, 0.00
2026-8-28, 13:25:00.000000, 29481.50, 29496.50, 29473.00, 29483.75, 2494, 2360, 29483.69, 29484.42, 29484.75, 1200, 1294, 0.00, 0.00, 0.00, 0.00, 0.00, 0.00, 0.00, 0.00, 0.00, 0.00
2026-8-28, 13:30:00.000000, 29483.25, 29502.75, 29479.00, 29497.50, 2395, 2314, 29490.63, 29493.08, 29490.88, 1112, 1283, 0.00, 0.00, 0.00, 0.00, 0.00, 0.00, 0.00, 0.00, 0.00, 0.00
2026-8-28, 13:35:00.000000, 29497.50, 29507.00, 29479.25, 29479.75, 2294, 2097, 29490.88, 29488.67, 29493.13, 1129, 1165, 0.00, 0.00, 0.00, 0.00, 0.00, 0.00, 0.00, 0.00, 0.00, 0.00
2026-8-28, 13:40:00.000000, 29479.75, 29499.00, 29476.00, 29491.25, 2366, 2028, 29486.50, 29488.75, 29487.50, 1163, 1203, 0.00, 0.00, 0.00, 0.00, 0.00, 0.00, 0.00, 0.00, 0.00, 0.00
2026-8-28, 13:45:00.000000, 29491.00, 29493.50, 29463.75, 29465.75, 1996, 1903, 29478.50, 29474.33, 29478.63, 1078, 918, 0.00, 0.00, 0.00, 0.00, 0.00, 0.00, 0.00, 0.00, 0.00, 0.00
2026-8-28, 13:50:00.000000, 29465.75, 29466.00, 29441.00, 29454.00, 3946, 3664, 29456.69, 29453.67, 29453.50, 2010, 1936, 0.00, 0.00, 0.00, 0.00, 0.00, 0.00, 0.00, 0.00, 0.00, 0.00
2026-8-28, 13:55:00.000000, 29453.75, 29462.50, 29443.25, 29455.50, 2489, 2299, 29453.75, 29453.75, 29452.88, 1246, 1243, 0.00, 0.00, 0.00, 0.00, 0.00, 0.00, 0.00, 0.00, 0.00, 0.00
2026-8-31, 08:30:00.000000, 29437.75, 29516.75, 29417.50, 29465.25, 16524, 15660, 29459.31, 29466.50, 29467.13, 8200, 8324, 0.00, 0.00, 0.00, 0.00, 0.00, 0.00, 0.00, 0.00, 0.00, 0.00
2026-8-31, 08:35:00.000000, 29465.25, 29465.75, 29390.25, 29398.75, 12251, 11731, 29430.00, 29418.25, 29428.00, 6297, 5954, 0.00, 0.00, 0.00, 0.00, 0.00, 0.00, 0.00, 0.00, 0.00, 0.00
2026-8-31, 08:40:00.000000, 29400.00, 29442.25, 29391.75, 29407.75, 10070, 9638, 29410.44, 29413.92, 29417.00, 5139, 4931, 0.00, 0.00, 0.00, 0.00, 0.00, 0.00, 0.00, 0.00, 0.00, 0.00
2026-8-31, 08:45:00.000000, 29408.00, 29475.50, 29387.75, 29439.50, 12254, 11714, 29427.69, 29434.25, 29431.63, 5708, 6546, 0.00, 0.00, 0.00, 0.00, 0.00, 0.00, 0.00, 0.00, 0.00, 0.00
2026-8-31, 08:50:00.000000, 29439.25, 29468.75, 29412.75, 29465.25, 8811, 8438, 29446.50, 29448.92, 29440.75, 4343, 4468, 0.00, 0.00, 0.00, 0.00, 0.00, 0.00, 0.00, 0.00, 0.00, 0.00
2026-8-31, 08:55:00.000000, 29465.00, 29479.00, 29431.25, 29438.75, 6532, 6226, 29453.50, 29449.67, 29455.13, 3559, 2973, 0.00, 0.00, 0.00, 0.00, 0.00, 0.00, 0.00, 0.00, 0.00, 0.00
2026-8-31, 09:00:00.000000, 29439.25, 29447.75, 29396.50, 29403.25, 6511, 6094, 29421.69, 29415.83, 29422.13, 3606, 2905, 0.00, 0.00, 0.00, 0.00, 0.00, 0.00, 0.00, 0.00, 0.00, 0.00
2026-8-31, 09:05:00.000000, 29403.00, 29423.50, 29376.75, 29377.75, 7356, 6945, 29395.25, 29392.67, 29400.13, 3801, 3555, 0.00, 0.00, 0.00, 0.00, 0.00, 0.00, 0.00, 0.00, 0.00, 0.00
2026-8-31, 09:10:00.000000, 29377.75, 29405.50, 29371.00, 29394.50, 5645, 5236, 29387.19, 29390.33, 29388.25, 2736, 2909, 0.00, 0.00, 0.00, 0.00, 0.00, 0.00, 0.00, 0.00, 0.00, 0.00
2026-8-31, 09:15:00.000000, 29393.25, 29431.50, 29381.25, 29418.25, 6701, 6379, 29406.06, 29410.33, 29406.38, 2900, 3801, 0.00, 0.00, 0.00, 0.00, 0.00, 0.00, 0.00, 0.00, 0.00, 0.00
2026-8-31, 09:20:00.000000, 29419.00, 29425.25, 29365.75, 29366.50, 5514, 5175, 29394.13, 29385.83, 29395.50, 3039, 2475, 0.00, 0.00, 0.00, 0.00, 0.00, 0.00, 0.00, 0.00, 0.00, 0.00
2026-8-31, 09:25:00.000000, 29367.00, 29386.75, 29355.00, 29376.25, 5520, 5195, 29371.25, 29372.67, 29370.88, 2621, 2899, 0.00, 0.00, 0.00, 0.00, 0.00, 0.00, 0.00, 0.00, 0.00, 0.00
2026-8-31, 09:30:00.000000, 29374.25, 29388.00, 29364.50, 29376.25, 3756, 3514, 29375.75, 29376.25, 29376.25, 1847, 1909, 0.00, 0.00, 0.00, 0.00, 0.00, 0.00, 0.00, 0.00, 0.00, 0.00
2026-8-31, 09:35:00.000000, 29377.00, 29429.50, 29371.00, 29407.00, 5573, 5237, 29396.13, 29402.50, 29400.25, 2493, 3080, 0.00, 0.00, 0.00, 0.00, 0.00, 0.00, 0.00, 0.00, 0.00, 29439.75
2026-8-31, 09:40:00.000000, 29406.75, 29434.75, 29403.50, 29425.25, 5064, 3918, 29417.56, 29421.17, 29419.13, 2849, 2215, 0.00, 0.00, 0.00, 0.00, 0.00, 0.00, 0.00, 29439.25, 0.00, 0.00
2026-8-31, 09:45:00.000000, 29425.25, 29428.25, 29384.25, 29390.50, 4279, 3964, 29407.06, 29401.00, 29406.25, 2492, 1787, 0.00, 0.00, 0.00, 0.00, 0.00, 0.00, 0.00, 0.00, 0.00, 0.00
2026-8-31, 09:50:00.000000, 29389.50, 29414.00, 29385.25, 29411.00, 3275, 3118, 29399.94, 29403.42, 29399.63, 1534, 1741, 0.00, 0.00, 0.00, 0.00, 0.00, 0.00, 0.00, 0.00, 0.00, 0.00
2026-8-31, 09:55:00.000000, 29410.75, 29444.25, 29407.00, 29416.00, 5815, 5246, 29419.50, 29422.42, 29425.63, 2827, 2988, 0.00, 0.00, 0.00, 0.00, 0.00, 0.00, 0.00, 0.00, 0.00, 0.00
2026-8-31, 10:00:00.000000, 29415.25, 29442.50, 29395.50, 29410.50, 6045, 5679, 29415.94, 29416.17, 29419.00, 3067, 2978, 0.00, 0.00, 0.00, 0.00, 0.00, 0.00, 0.00, 0.00, 0.00, 0.00
2026-8-31, 10:05:00.000000, 29410.25, 29436.25, 29403.00, 29408.25, 3850, 3555, 29414.44, 29415.83, 29419.63, 1864, 1986, 0.00, 0.00, 0.00, 0.00, 0.00, 0.00, 0.00, 0.00, 0.00, 0.00
2026-8-31, 10:10:00.000000, 29408.50, 29431.00, 29404.75, 29417.25, 3373, 3067, 29415.38, 29417.67, 29417.88, 1648, 1725, 0.00, 0.00, 0.00, 0.00, 0.00, 0.00, 0.00, 0.00, 0.00, 0.00
2026-8-31, 10:15:00.000000, 29416.75, 29427.75, 29396.50, 29420.25, 3428, 3262, 29415.31, 29414.83, 29412.13, 1639, 1789, 0.00, 0.00, 0.00, 0.00, 0.00, 0.00, 0.00, 0.00, 0.00, 0.00
2026-8-31, 10:20:00.000000, 29420.25, 29442.50, 29407.75, 29437.00, 4418, 4010, 29426.88, 29429.08, 29425.13, 2164, 2254, 0.00, 0.00, 0.00, 0.00, 0.00, 0.00, 0.00, 0.00, 0.00, 0.00
2026-8-31, 10:25:00.000000, 29437.00, 29445.75, 29415.75, 29421.00, 3588, 3299, 29429.88, 29427.50, 29430.75, 1820, 1768, 0.00, 0.00, 0.00, 0.00, 0.00, 0.00, 0.00, 0.00, 0.00, 0.00
2026-8-31, 10:30:00.000000, 29420.50, 29424.75, 29386.25, 29397.25, 4710, 4480, 29407.19, 29402.75, 29405.50, 2504, 2206, 0.00, 0.00, 0.00, 0.00, 0.00, 0.00, 0.00, 0.00, 0.00, 0.00
2026-8-31, 10:35:00.000000, 29397.25, 29404.50, 29384.00, 29397.25, 2903, 2734, 29395.75, 29395.25, 29394.25, 1467, 1436, 0.00, 0.00, 0.00, 0.00, 29378.00, 0.00, 0.00, 0.00, 0.00, 0.00
2026-8-31, 10:40:00.000000, 29397.25, 29409.50, 29383.00, 29408.50, 2905, 2724, 29399.56, 29400.33, 29396.25, 1351, 1554, 0.00, 0.00, 0.00, 0.00, 0.00, 0.00, 0.00, 0.00, 0.00, 0.00
2026-8-31, 10:45:00.000000, 29408.25, 29418.50, 29395.25, 29411.00, 2858, 2723, 29408.25, 29408.25, 29406.88, 1403, 1455, 0.00, 0.00, 0.00, 0.00, 0.00, 0.00, 0.00, 0.00, 0.00, 0.00
2026-8-31, 10:50:00.000000, 29410.50, 29432.75, 29410.50, 29418.75, 3487, 3305, 29418.13, 29420.67, 29421.63, 1760, 1727, 0.00, 0.00, 0.00, 0.00, 0.00, 0.00, 0.00, 0.00, 0.00, 0.00
2026-8-31, 10:55:00.000000, 29418.50, 29423.25, 29384.50, 29388.75, 3976, 3623, 29403.75, 29398.83, 29403.88, 2262, 1714, 0.00, 0.00, 0.00, 0.00, 0.00, 0.00, 0.00, 0.00, 0.00, 0.00
2026-8-31, 11:00:00.000000, 29389.25, 29390.50, 29365.00, 29370.00, 4053, 3820, 29378.69, 29375.17, 29377.75, 2103, 1950, 0.00, 0.00, 0.00, 0.00, 0.00, 0.00, 0.00, 0.00, 0.00, 0.00
2026-8-31, 11:05:00.000000, 29369.00, 29378.00, 29362.50, 29373.25, 3073, 2897, 29370.69, 29371.25, 29370.25, 1456, 1617, 0.00, 0.00, 0.00, 0.00, 0.00, 0.00, 0.00, 0.00, 0.00, 0.00
2026-8-31, 11:10:00.000000, 29373.75, 29412.75, 29370.50, 29407.25, 4149, 3889, 29391.06, 29396.83, 29391.63, 1891, 2258, 0.00, 0.00, 0.00, 0.00, 0.00, 0.00, 0.00, 0.00, 0.00, 0.00
2026-8-31, 11:15:00.000000, 29407.75, 29410.75, 29381.50, 29399.00, 2906, 2745, 29399.75, 29397.08, 29396.13, 1503, 1403, 0.00, 0.00, 0.00, 0.00, 0.00, 0.00, 0.00, 0.00, 0.00, 0.00
2026-8-31, 11:20:00.000000, 29400.00, 29407.25, 29389.75, 29400.25, 2411, 2315, 29399.31, 29399.08, 29398.50, 1213, 1198, 0.00, 0.00, 0.00, 0.00, 0.00, 0.00, 0.00, 0.00, 0.00, 0.00
2026-8-31, 11:25:00.000000, 29400.50, 29426.50, 29399.75, 29425.00, 3089, 2870, 29412.94, 29417.08, 29413.13, 1335, 1754, 0.00, 0.00, 0.00, 0.00, 0.00, 0.00, 0.00, 0.00, 0.00, 0.00
2026-8-31, 11:30:00.000000, 29425.00, 29426.75, 29408.00, 29416.00, 3479, 3359, 29418.94, 29416.92, 29417.38, 1743, 1736, 0.00, 0.00, 0.00, 0.00, 0.00, 0.00, 0.00, 0.00, 0.00, 0.00
2026-8-31, 11:35:00.000000, 29416.25, 29426.25, 29395.25, 29395.25, 2332, 2161, 29408.25, 29405.58, 29410.75, 1296, 1036, 0.00, 0.00, 0.00, 0.00, 0.00, 0.00, 0.00, 0.00, 0.00, 0.00
2026-8-31, 11:40:00.000000, 29396.25, 29430.75, 29394.25, 29413.50, 2988, 2831, 29408.69, 29412.83, 29412.50, 1398, 1590, 0.00, 0.00, 0.00, 0.00, 0.00, 0.00, 0.00, 0.00, 0.00, 0.00
2026-8-31, 11:45:00.000000, 29413.25, 29433.75, 29409.50, 29426.25, 1858, 1739, 29420.69, 29423.17, 29421.63, 863, 995, 0.00, 0.00, 0.00, 0.00, 0.00, 0.00, 0.00, 0.00, 0.00, 0.00
2026-8-31, 11:50:00.000000, 29426.25, 29439.75, 29421.75, 29431.50, 2599, 2463, 29429.81, 29431.00, 29430.75, 1261, 1338, 0.00, 0.00, 0.00, 0.00, 0.00, 0.00, 0.00, 0.00, 0.00, 0.00
2026-8-31, 11:55:00.000000, 29431.50, 29443.25, 29431.00, 29440.50, 2000, 1924, 29436.56, 29438.25, 29437.13, 989, 1011, 0.00, 0.00, 0.00, 0.00, 0.00, 0.00, 0.00, 0.00, 0.00, 0.00
2026-8-31, 12:00:00.000000, 29440.00, 29441.00, 29423.00, 29430.25, 1903, 1819, 29433.56, 29431.42, 29432.00, 971, 932, 0.00, 0.00, 0.00, 0.00, 0.00, 0.00, 0.00, 0.00, 0.00, 0.00
2026-8-31, 12:05:00.000000, 29429.25, 29438.25, 29417.75, 29419.50, 1682, 1582, 29426.19, 29425.17, 29428.00, 917, 765, 0.00, 0.00, 0.00, 0.00, 0.00, 0.00, 0.00, 0.00, 0.00, 0.00
2026-8-31, 12:10:00.000000, 29419.25, 29427.00, 29415.25, 29423.50, 1695, 1605, 29421.25, 29421.92, 29421.13, 841, 854, 0.00, 0.00, 0.00, 29439.00, 0.00, 0.00, 0.00, 0.00, 0.00, 0.00
2026-8-31, 12:15:00.000000, 29423.75, 29434.00, 29411.25, 29420.00, 2066, 1966, 29422.25, 29421.75, 29422.63, 1073, 993, 0.00, 0.00, 0.00, 0.00, 0.00, 0.00, 0.00, 0.00, 0.00, 0.00
2026-8-31, 12:20:00.000000, 29419.00, 29425.50, 29413.75, 29418.50, 1336, 1265, 29419.19, 29419.25, 29419.63, 653, 683, 0.00, 0.00, 0.00, 0.00, 0.00, 0.00, 0.00, 0.00, 0.00, 0.00
2026-8-31, 12:25:00.000000, 29418.50, 29420.25, 29393.25, 29396.75, 2228, 2073, 29407.19, 29403.42, 29406.75, 1247, 981, 0.00, 0.00, 0.00, 0.00, 0.00, 0.00, 0.00, 0.00, 0.00, 0.00
2026-8-31, 12:30:00.000000, 29396.75, 29405.00, 29388.25, 29388.25, 2747, 2627, 29394.56, 29393.83, 29396.63, 1380, 1367, 0.00, 0.00, 0.00, 0.00, 0.00, 0.00, 0.00, 0.00, 0.00, 0.00
2026-8-31, 12:35:00.000000, 29388.50, 29417.00, 29388.00, 29416.75, 2337, 2224, 29402.56, 29407.25, 29402.50, 1055, 1282, 0.00, 0.00, 0.00, 0.00, 0.00, 0.00, 0.00, 0.00, 0.00, 0.00
2026-8-31, 12:40:00.000000, 29416.25, 29439.75, 29414.75, 29439.50, 2863, 2706, 29427.56, 29431.33, 29427.25, 1301, 1562, 0.00, 0.00, 0.00, 0.00, 0.00, 0.00, 0.00, 0.00, 0.00, 0.00
2026-8-31, 12:45:00.000000, 29439.75, 29445.00, 29430.75, 29437.00, 2221, 2096, 29438.13, 29437.58, 29437.88, 1051, 1170, 0.00, 0.00, 0.00, 0.00, 0.00, 0.00, 0.00, 0.00, 0.00, 0.00
2026-8-31, 12:50:00.000000, 29437.00, 29457.50, 29436.00, 29453.75, 2706, 2549, 29446.06, 29449.08, 29446.75, 1219, 1487, 0.00, 0.00, 0.00, 0.00, 0.00, 0.00, 0.00, 0.00, 0.00, 29462.50
2026-8-31, 12:55:00.000000, 29453.00, 29456.25, 29432.50, 29442.00, 2250, 2161, 29445.94, 29443.58, 29444.38, 1210, 1040, 0.00, 0.00, 0.00, 0.00, 0.00, 0.00, 0.00, 29458.75, 0.00, 0.00
2026-8-31, 13:00:00.000000, 29442.00, 29453.75, 29422.25, 29452.00, 3590, 3442, 29442.50, 29442.67, 29438.00, 1843, 1747, 0.00, 0.00, 0.00, 0.00, 0.00, 0.00, 0.00, 0.00, 0.00, 0.00
2026-8-31, 13:05:00.000000, 29451.00, 29458.75, 29442.50, 29454.75, 1867, 1794, 29451.75, 29452.00, 29450.63, 887, 980, 0.00, 0.00, 0.00, 0.00, 0.00, 0.00, 0.00, 0.00, 0.00, 0.00
2026-8-31, 13:10:00.000000, 29455.50, 29456.00, 29442.25, 29446.75, 1504, 1419, 29450.13, 29448.33, 29449.13, 825, 679, 0.00, 0.00, 0.00, 0.00, 0.00, 0.00, 0.00, 0.00, 0.00, 0.00
2026-8-31, 13:15:00.000000, 29446.75, 29457.75, 29444.75, 29454.25, 1337, 1277, 29450.88, 29452.25, 29451.25, 668, 669, 0.00, 0.00, 0.00, 0.00, 0.00, 0.00, 0.00, 0.00, 0.00, 0.00
2026-8-31, 13:20:00.000000, 29454.25, 29464.25, 29444.50, 29454.50, 2075, 1998, 29454.38, 29454.42, 29454.38, 1046, 1029, 0.00, 0.00, 0.00, 0.00, 0.00, 0.00, 0.00, 0.00, 0.00, 0.00
2026-8-31, 13:25:00.000000, 29453.50, 29455.25, 29437.25, 29438.25, 2044, 1974, 29446.06, 29443.58, 29446.25, 1092, 952, 0.00, 0.00, 0.00, 0.00, 0.00, 0.00, 0.00, 0.00, 0.00, 0.00
2026-8-31, 13:30:00.000000, 29438.00, 29443.25, 29422.25, 29424.00, 2038, 1939, 29431.88, 29429.83, 29432.75, 1052, 986, 0.00, 0.00, 0.00, 0.00, 0.00, 0.00, 0.00, 0.00, 0.00, 0.00
2026-8-31, 13:35:00.000000, 29423.75, 29429.25, 29391.50, 29397.50, 3967, 3739, 29410.50, 29406.08, 29410.38, 2013, 1954, 0.00, 0.00, 0.00, 0.00, 0.00, 0.00, 0.00, 0.00, 0.00, 0.00
2026-8-31, 13:40:00.000000, 29397.25, 29404.00, 29382.50, 29399.00, 3381, 3226, 29395.69, 29395.17, 29393.25, 1639, 1742, 0.00, 0.00, 0.00, 0.00, 0.00, 0.00, 0.00, 0.00, 0.00, 0.00
2026-8-31, 13:45:00.000000, 29399.75, 29406.00, 29390.50, 29404.50, 2303, 2211, 29400.19, 29400.33, 29398.25, 993, 1310, 0.00, 0.00, 0.00, 0.00, 0.00, 0.00, 0.00, 0.00, 0.00, 0.00
2026-8-31, 13:50:00.000000, 29404.50, 29415.00, 29396.00, 29409.25, 2072, 1958, 29406.19, 29406.75, 29405.50, 1067, 1005, 0.00, 0.00, 0.00, 0.00, 0.00, 0.00, 0.00, 0.00, 0.00, 0.00
2026-8-31, 13:55:00.000000, 29408.75, 29420.25, 29400.25, 29403.75, 2212, 2026, 29408.25, 29408.08, 29410.25, 1217, 995, 0.00, 0.00, 0.00, 0.00, 0.00, 0.00, 0.00, 0.00, 0.00, 0.00
2026-9-1, 08:30:00.000000, 29111.75, 29124.75, 29062.75, 29099.25, 19217, 18093, 29099.63, 29095.58, 29093.75, 9753, 9464, 29080.00, 0.00, 0.00, 0.00, 0.00, 0.00, 0.00, 0.00, 0.00, 0.00
2026-9-1, 08:35:00.000000, 29099.50, 29140.50, 29060.25, 29071.75, 13907, 13072, 29093.00, 29090.83, 29100.38, 7292, 6615, 0.00, 0.00, 0.00, 0.00, 0.00, 0.00, 0.00, 0.00, 0.00, 0.00
2026-9-1, 08:40:00.000000, 29071.00, 29096.75, 29040.25, 29083.75, 11637, 10773, 29072.94, 29073.58, 29068.50, 5769, 5868, 0.00, 0.00, 0.00, 0.00, 0.00, 0.00, 0.00, 0.00, 0.00, 0.00
2026-9-1, 08:45:00.000000, 29084.00, 29144.25, 29074.75, 29143.25, 11089, 10501, 29111.56, 29120.75, 29109.50, 5345, 5744, 0.00, 0.00, 0.00, 0.00, 0.00, 0.00, 0.00, 0.00, 0.00, 0.00
2026-9-1, 08:50:00.000000, 29143.00, 29158.00, 29106.00, 29124.00, 8008, 7629, 29132.75, 29129.33, 29132.00, 3990, 4018, 0.00, 0.00, 0.00, 0.00, 0.00, 0.00, 0.00, 0.00, 0.00, 0.00
2026-9-1, 08:55:00.000000, 29124.50, 29130.00, 29092.00, 29105.00, 6076, 5680, 29112.88, 29109.00, 29111.00, 3328, 2748, 0.00, 0.00, 0.00, 0.00, 0.00, 0.00, 0.00, 0.00, 0.00, 0.00
2026-9-1, 09:00:00.000000, 29106.00, 29138.25, 29085.25, 29104.50, 8949, 8440, 29108.50, 29109.33, 29111.75, 4428, 4521, 0.00, 0.00, 0.00, 0.00, 0.00, 0.00, 0.00, 0.00, 0.00, 0.00
2026-9-1, 09:05:00.000000, 29104.50, 29161.75, 29104.25, 29154.00, 6775, 6403, 29131.13, 29140.00, 29133.00, 3183, 3592, 0.00, 0.00, 0.00, 0.00, 0.00, 0.00, 0.00, 0.00, 0.00, 0.00
2026-9-1, 09:10:00.000000, 29153.25, 29160.00, 29116.00, 29133.25, 6312, 6041, 29140.63, 29136.42, 29138.00, 3351, 2961, 0.00, 0.00, 0.00, 0.00, 0.00, 0.00, 0.00, 0.00, 0.00, 0.00
2026-9-1, 09:15:00.000000, 29133.50, 29174.25, 29132.00, 29145.25, 7454, 7092, 29146.25, 29150.50, 29153.13, 3567, 3887, 0.00, 0.00, 0.00, 0.00, 0.00, 0.00, 0.00, 0.00, 0.00, 0.00
2026-9-1, 09:20:00.000000, 29145.25, 29179.50, 29145.25, 29160.75, 5496, 5111, 29157.69, 29161.83, 29162.38, 2529, 2967, 0.00, 0.00, 0.00, 0.00, 0.00, 0.00, 0.00, 0.00, 0.00, 0.00
2026-9-1, 09:25:00.000000, 29161.25, 29178.00, 29154.50, 29165.25, 4224, 3990, 29164.75, 29165.92, 29166.25, 2088, 2136, 0.00, 0.00, 0.00, 0.00, 0.00, 0.00, 0.00, 0.00, 0.00, 0.00
2026-9-1, 09:30:00.000000, 29165.25, 29213.25, 29162.25, 29209.75, 6772, 6172, 29187.63, 29195.08, 29187.75, 3034, 3738, 0.00, 0.00, 0.00, 0.00, 0.00, 0.00, 0.00, 0.00, 0.00, 0.00
2026-9-1, 09:35:00.000000, 29210.00, 29215.00, 29196.50, 29208.50, 5127, 4795, 29207.50, 29206.67, 29205.75, 2656, 2471, 0.00, 0.00, 0.00, 0.00, 0.00, 0.00, 0.00, 0.00, 0.00, 0.00
2026-9-1, 09:40:00.000000, 29209.25, 29235.00, 29204.75, 29234.00, 5234, 4788, 29220.75, 29224.58, 29219.88, 2468, 2766, 0.00, 0.00, 0.00, 0.00, 0.00, 0.00, 0.00, 0.00, 0.00, 0.00
2026-9-1, 09:45:00.000000, 29234.00, 29268.00, 29224.25, 29246.00, 6624, 6015, 29243.06, 29246.08, 29246.13, 3068, 3556, 0.00, 0.00, 0.00, 0.00, 0.00, 0.00, 0.00, 29271.25, 0.00, 29273.00
2026-9-1, 09:50:00.000000, 29246.25, 29247.00, 29218.50, 29222.00, 6288, 5834, 29233.44, 29229.17, 29232.75, 3345, 2943, 0.00, 0.00, 0.00, 0.00, 0.00, 0.00, 0.00, 0.00, 0.00, 0.00
2026-9-1, 09:55:00.000000, 29222.25, 29229.75, 29207.00, 29228.00, 5070, 4749, 29221.75, 29221.58, 29218.38, 2374, 2696, 0.00, 0.00, 0.00, 0.00, 0.00, 0.00, 0.00, 0.00, 0.00, 0.00
2026-9-1, 10:00:00.000000, 29228.50, 29241.50, 29200.50, 29211.50, 5050, 4721, 29220.50, 29217.83, 29221.00, 2531, 2519, 0.00, 0.00, 0.00, 0.00, 0.00, 0.00, 0.00, 0.00, 0.00, 0.00
2026-9-1, 10:05:00.000000, 29211.75, 29216.00, 29180.50, 29181.75, 5111, 4760, 29197.50, 29192.75, 29198.25, 2693, 2418, 0.00, 0.00, 0.00, 0.00, 0.00, 0.00, 0.00, 0.00, 0.00, 0.00
2026-9-1, 10:10:00.000000, 29181.50, 29200.00, 29180.25, 29183.75, 3781, 3600, 29186.38, 29188.00, 29190.13, 1810, 1971, 0.00, 0.00, 0.00, 0.00, 0.00, 0.00, 0.00, 0.00, 0.00, 0.00
2026-9-1, 10:15:00.000000, 29183.00, 29204.50, 29178.25, 29199.00, 3370, 3148, 29191.19, 29193.92, 29191.38, 1551, 1819, 0.00, 0.00, 0.00, 0.00, 0.00, 0.00, 0.00, 0.00, 0.00, 0.00
2026-9-1, 10:20:00.000000, 29199.00, 29217.50, 29186.25, 29216.25, 3613, 3367, 29204.75, 29206.67, 29201.88, 1717, 1896, 0.00, 0.00, 0.00, 0.00, 0.00, 0.00, 0.00, 0.00, 0.00, 0.00
2026-9-1, 10:25:00.000000, 29215.50, 29233.25, 29207.75, 29232.50, 3212, 2978, 29222.25, 29224.50, 29220.50, 1475, 1737, 0.00, 0.00, 0.00, 0.00, 0.00, 0.00, 0.00, 0.00, 0.00, 0.00
2026-9-1, 10:30:00.000000, 29232.25, 29245.25, 29224.25, 29232.75, 4610, 4172, 29233.63, 29234.08, 29234.75, 2282, 2328, 0.00, 0.00, 0.00, 0.00, 29219.25, 0.00, 0.00, 0.00, 0.00, 0.00
2026-9-1, 10:35:00.000000, 29232.50, 29269.50, 29229.00, 29267.00, 4906, 4463, 29249.50, 29255.17, 29249.25, 2251, 2655, 0.00, 0.00, 0.00, 0.00, 0.00, 0.00, 0.00, 0.00, 0.00, 0.00
2026-9-1, 10:40:00.000000, 29266.75, 29291.25, 29266.25, 29287.75, 5352, 4682, 29278.00, 29281.75, 29278.75, 2327, 3025, 0.00, 0.00, 0.00, 0.00, 0.00, 0.00, 0.00, 0.00, 0.00, 0.00
2026-9-1, 10:45:00.000000, 29287.25, 29317.75, 29286.00, 29312.00, 6187, 5422, 29300.75, 29305.25, 29301.88, 2816, 3371, 0.00, 29322.75, 0.00, 29322.75, 0.00, 29322.75, 0.00, 29322.75, 0.00, 29322.75
2026-9-1, 10:50:00.000000, 29312.75, 29316.75, 29295.25, 29310.00, 4227, 3948, 29308.69, 29307.33, 29306.00, 2199, 2028, 0.00, 0.00, 0.00, 0.00, 0.00, 0.00, 0.00, 0.00, 0.00, 0.00
2026-9-1, 10:55:00.000000, 29309.25, 29311.25, 29289.00, 29296.25, 3423, 3233, 29301.44, 29298.83, 29300.13, 1799, 1624, 0.00, 0.00, 0.00, 0.00, 0.00, 0.00, 0.00, 0.00, 0.00, 0.00
2026-9-1, 11:00:00.000000, 29295.50, 29300.75, 29276.50, 29279.75, 3865, 3548, 29288.13, 29285.67, 29288.63, 2033, 1832, 0.00, 0.00, 0.00, 0.00, 0.00, 0.00, 0.00, 0.00, 0.00, 0.00
2026-9-1, 11:05:00.000000, 29279.25, 29283.00, 29256.25, 29260.25, 3966, 3500, 29269.69, 29266.50, 29269.63, 2236, 1730, 0.00, 0.00, 0.00, 0.00, 0.00, 0.00, 0.00, 0.00, 0.00, 0.00
2026-9-1, 11:10:00.000000, 29260.25, 29265.75, 29232.00, 29232.25, 3983, 3579, 29247.56, 29243.33, 29248.88, 2061, 1922, 0.00, 0.00, 0.00, 0.00, 0.00, 0.00, 0.00, 0.00, 0.00, 0.00
2026-9-1, 11:15:00.000000, 29232.75, 29236.25, 29202.25, 29204.00, 5193, 4604, 29218.81, 29214.17, 29219.25, 2662, 2531, 0.00, 0.00, 0.00, 0.00, 0.00, 0.00, 0.00, 0.00, 0.00, 0.00
2026-9-1, 11:20:00.000000, 29204.75, 29209.75, 29170.50, 29195.50, 8728, 8022, 29195.13, 29191.92, 29190.13, 4308, 4420, 0.00, 0.00, 0.00, 0.00, 0.00, 0.00, 0.00, 0.00, 0.00, 0.00
2026-9-1, 11:25:00.000000, 29195.25, 29202.50, 29162.75, 29176.75, 6366, 5836, 29184.31, 29180.67, 29182.63, 3230, 3136, 0.00, 0.00, 0.00, 0.00, 0.00, 0.00, 0.00, 0.00, 0.00, 0.00
2026-9-1, 11:30:00.000000, 29177.00, 29184.50, 29131.25, 29134.75, 6617, 5947, 29156.88, 29150.17, 29157.88, 3511, 3106, 0.00, 0.00, 0.00, 0.00, 0.00, 0.00, 0.00, 0.00, 0.00, 0.00
2026-9-1, 11:35:00.000000, 29135.00, 29164.00, 29133.75, 29163.25, 4749, 4389, 29149.00, 29153.67, 29148.88, 2105, 2644, 0.00, 0.00, 0.00, 0.00, 0.00, 0.00, 0.00, 0.00, 0.00, 0.00
2026-9-1, 11:40:00.000000, 29164.00, 29168.75, 29136.00, 29138.00, 4390, 4081, 29151.69, 29147.58, 29152.38, 2173, 2217, 0.00, 0.00, 0.00, 0.00, 0.00, 0.00, 0.00, 0.00, 0.00, 0.00
2026-9-1, 11:45:00.000000, 29137.75, 29162.00, 29133.00, 29161.75, 2948, 2652, 29148.63, 29152.25, 29147.50, 1364, 1584, 0.00, 0.00, 0.00, 0.00, 0.00, 0.00, 0.00, 0.00, 0.00, 0.00
2026-9-1, 11:50:00.000000, 29161.75, 29167.25, 29151.75, 29162.50, 2457, 2315, 29160.81, 29160.50, 29159.50, 1222, 1235, 0.00, 0.00, 0.00, 0.00, 0.00, 0.00, 0.00, 0.00, 0.00, 0.00
2026-9-1, 11:55:00.000000, 29164.00, 29197.25, 29163.50, 29191.75, 4140, 3790, 29179.13, 29184.17, 29180.38, 1911, 2229, 0.00, 0.00, 0.00, 0.00, 0.00, 0.00, 0.00, 29202.25, 0.00, 0.00
2026-9-1, 12:00:00.000000, 29191.25, 29191.75, 29149.50, 29151.00, 3712, 3526, 29170.88, 29164.08, 29170.63, 1961, 1751, 0.00, 0.00, 0.00, 0.00, 0.00, 0.00, 0.00, 0.00, 0.00, 0.00
2026-9-1, 12:05:00.000000, 29150.00, 29159.00, 29138.75, 29147.25, 2811, 2603, 29148.75, 29148.33, 29148.88, 1364, 1447, 0.00, 0.00, 0.00, 0.00, 0.00, 0.00, 0.00, 0.00, 0.00, 0.00
2026-9-1, 12:10:00.000000, 29147.75, 29165.50, 29140.25, 29156.25, 2887, 2587, 29152.44, 29154.00, 29152.88, 1384, 1503, 0.00, 0.00, 0.00, 0.00, 0.00, 0.00, 0.00, 0.00, 0.00, 0.00
2026-9-1, 12:15:00.000000, 29156.25, 29163.75, 29133.75, 29141.00, 2985, 2783, 29148.69, 29146.17, 29148.75, 1588, 1397, 0.00, 0.00, 0.00, 0.00, 0.00, 0.00, 0.00, 0.00, 0.00, 0.00
2026-9-1, 12:20:00.000000, 29141.50, 29150.25, 29131.75, 29139.25, 2489, 2292, 29140.69, 29140.42, 29141.00, 1202, 1287, 0.00, 0.00, 0.00, 0.00, 0.00, 0.00, 0.00, 0.00, 0.00, 0.00
2026-9-1, 12:25:00.000000, 29140.00, 29146.25, 29100.50, 29141.75, 5394, 4919, 29132.13, 29129.50, 29123.38, 2977, 2417, 0.00, 0.00, 0.00, 0.00, 0.00, 0.00, 0.00, 0.00, 0.00, 0.00
2026-9-1, 12:30:00.000000, 29143.00, 29159.00, 29137.75, 29152.25, 2907, 2753, 29148.00, 29149.67, 29148.38, 1344, 1563, 0.00, 0.00, 0.00, 0.00, 0.00, 0.00, 0.00, 0.00, 0.00, 0.00
2026-9-1, 12:35:00.000000, 29152.00, 29161.75, 29140.50, 29143.75, 2140, 2032, 29149.50, 29148.67, 29151.13, 1044, 1096, 0.00, 0.00, 0.00, 0.00, 0.00, 0.00, 0.00, 0.00, 0.00, 0.00
2026-9-1, 12:40:00.000000, 29143.25, 29158.75, 29141.50, 29151.50, 1531, 1441, 29148.75, 29150.58, 29150.13, 731, 800, 0.00, 0.00, 0.00, 0.00, 0.00, 0.00, 0.00, 0.00, 0.00, 0.00
2026-9-1, 12:45:00.000000, 29151.50, 29153.25, 29122.50, 29123.50, 3100, 2649, 29137.69, 29133.08, 29137.88, 1461, 1639, 0.00, 0.00, 0.00, 0.00, 0.00, 0.00, 0.00, 0.00, 0.00, 0.00
2026-9-1, 12:50:00.000000, 29122.50, 29138.75, 29117.75, 29124.50, 2426, 2309, 29125.88, 29127.00, 29128.25, 1165, 1261, 0.00, 0.00, 0.00, 0.00, 0.00, 0.00, 0.00, 0.00, 0.00, 0.00
2026-9-1, 12:55:00.000000, 29124.50, 29142.75, 29119.00, 29140.75, 1957, 1827, 29131.75, 29134.17, 29130.88, 894, 1063, 0.00, 29148.00, 0.00, 0.00, 0.00, 0.00, 0.00, 0.00, 0.00, 0.00
2026-9-1, 13:00:00.000000, 29139.75, 29151.50, 29120.50, 29124.75, 2798, 2625, 29134.13, 29132.25, 29136.00, 1421, 1377, 0.00, 0.00, 0.00, 0.00, 0.00, 0.00, 0.00, 0.00, 0.00, 0.00
2026-9-1, 13:05:00.000000, 29124.25, 29124.25, 29111.50, 29120.50, 2183, 2020, 29120.13, 29118.75, 29117.88, 1138, 1045, 0.00, 0.00, 0.00, 0.00, 0.00, 0.00, 0.00, 0.00, 0.00, 0.00
2026-9-1, 13:10:00.000000, 29120.75, 29126.00, 29101.25, 29102.25, 2507, 2241, 29112.56, 29109.83, 29113.63, 1205, 1302, 0.00, 0.00, 0.00, 0.00, 0.00, 0.00, 0.00, 0.00, 0.00, 0.00
2026-9-1, 13:15:00.000000, 29102.50, 29117.25, 29090.25, 29111.00, 4015, 3610, 29105.25, 29106.17, 29103.75, 1851, 2164, 0.00, 0.00, 0.00, 0.00, 0.00, 0.00, 0.00, 0.00, 0.00, 0.00
2026-9-1, 13:20:00.000000, 29111.75, 29118.50, 29104.75, 29115.50, 1921, 1815, 29112.63, 29112.92, 29111.63, 897, 1024, 0.00, 0.00, 0.00, 0.00, 0.00, 0.00, 0.00, 0.00, 0.00, 29123.50
2026-9-1, 13:25:00.000000, 29115.25, 29115.75, 29085.25, 29094.25, 3147, 2937, 29102.63, 29098.42, 29100.50, 1655, 1492, 0.00, 0.00, 0.00, 0.00, 0.00, 0.00, 0.00, 0.00, 0.00, 0.00
2026-9-1, 13:30:00.000000, 29094.50, 29097.25, 29067.75, 29072.50, 4047, 3732, 29083.00, 29079.17, 29082.50, 2001, 2046, 0.00, 0.00, 0.00, 0.00, 0.00, 0.00, 0.00, 0.00, 0.00, 0.00
2026-9-1, 13:35:00.000000, 29072.25, 29080.00, 29058.00, 29060.00, 3174, 2940, 29067.56, 29066.00, 29069.00, 1531, 1643, 0.00, 0.00, 0.00, 0.00, 0.00, 0.00, 0.00, 0.00, 0.00, 29082.25
2026-9-1, 13:40:00.000000, 29060.75, 29064.50, 29014.25, 29014.50, 6020, 5569, 29038.50, 29031.08, 29039.38, 3254, 2766, 0.00, 0.00, 0.00, 0.00, 0.00, 0.00, 0.00, 0.00, 0.00, 0.00
2026-9-1, 13:45:00.000000, 29015.00, 29042.50, 29002.00, 29041.75, 7042, 6246, 29025.31, 29028.75, 29022.25, 3333, 3709, 0.00, 0.00, 0.00, 0.00, 0.00, 0.00, 0.00, 0.00, 0.00, 0.00
2026-9-1, 13:50:00.000000, 29042.25, 29051.50, 29033.25, 29047.75, 3205, 2978, 29043.69, 29044.17, 29042.38, 1446, 1759, 0.00, 0.00, 0.00, 0.00, 0.00, 0.00, 0.00, 0.00, 0.00, 0.00
2026-9-1, 13:55:00.000000, 29048.00, 29081.25, 29044.50, 29076.00, 4526, 4152, 29062.44, 29067.25, 29062.88, 2240, 2286, 0.00, 0.00, 0.00, 0.00, 0.00, 0.00, 0.00, 0.00, 0.00, 0.00
2026-9-2, 08:30:00.000000, 29098.75, 29102.75, 29042.75, 29083.75, 15611, 15095, 29082.00, 29076.42, 29072.75, 7870, 7741, 0.00, 0.00, 0.00, 0.00, 0.00, 0.00, 0.00, 0.00, 0.00, 0.00
2026-9-2, 08:35:00.000000, 29083.75, 29090.50, 29036.50, 29086.75, 9965, 9486, 29074.38, 29071.25, 29063.50, 4905, 5060, 0.00, 0.00, 0.00, 0.00, 0.00, 0.00, 0.00, 0.00, 0.00, 0.00
2026-9-2, 08:40:00.000000, 29087.00, 29119.00, 29075.25, 29091.00, 8339, 7960, 29093.06, 29095.08, 29097.13, 4048, 4291, 0.00, 0.00, 0.00, 0.00, 0.00, 0.00, 0.00, 0.00, 0.00, 0.00
2026-9-2, 08:45:00.000000, 29090.25, 29112.50, 29041.75, 29047.50, 8802, 8181, 29073.00, 29067.25, 29077.13, 4657, 4145, 0.00, 0.00, 0.00, 0.00, 0.00, 0.00, 0.00, 0.00, 0.00, 0.00
2026-9-2, 08:50:00.000000, 29048.00, 29072.50, 29025.25, 29029.75, 8052, 7619, 29043.88, 29042.50, 29048.88, 4129, 3923, 0.00, 0.00, 0.00, 0.00, 0.00, 0.00, 0.00, 0.00, 0.00, 0.00
2026-9-2, 08:55:00.000000, 29030.25, 29067.75, 29017.25, 29062.25, 8173, 7741, 29044.38, 29049.08, 29042.50, 4136, 4037, 0.00, 0.00, 0.00, 0.00, 0.00, 0.00, 29039.25, 0.00, 0.00, 0.00
2026-9-2, 09:00:00.000000, 29061.75, 29084.00, 29032.25, 29082.25, 8188, 7719, 29065.06, 29066.17, 29058.13, 4045, 4143, 0.00, 0.00, 0.00, 0.00, 0.00, 0.00, 0.00, 0.00, 0.00, 0.00
2026-9-2, 09:05:00.000000, 29083.25, 29114.25, 29079.75, 29096.00, 7054, 6698, 29093.31, 29096.67, 29097.00, 3376, 3678, 0.00, 0.00, 0.00, 0.00, 0.00, 0.00, 0.00, 0.00, 0.00, 0.00
2026-9-2, 09:10:00.000000, 29096.00, 29128.25, 29088.00, 29127.25, 7464, 7098, 29109.88, 29114.50, 29108.13, 3467, 3997, 0.00, 0.00, 0.00, 0.00, 0.00, 0.00, 0.00, 0.00, 0.00, 0.00
2026-9-2, 09:15:00.000000, 29127.75, 29163.50, 29119.25, 29160.50, 8132, 7602, 29142.75, 29147.75, 29141.38, 3727, 4405, 0.00, 0.00, 0.00, 0.00, 0.00, 0.00, 0.00, 0.00, 0.00, 0.00
2026-9-2, 09:20:00.000000, 29160.50, 29188.50, 29149.25, 29173.25, 7685, 6961, 29167.88, 29170.33, 29168.88, 3892, 3793, 0.00, 0.00, 0.00, 0.00, 0.00, 0.00, 0.00, 0.00, 0.00, 0.00
2026-9-2, 09:25:00.000000, 29173.00, 29193.00, 29160.25, 29187.25, 5727, 5315, 29178.38, 29180.17, 29176.63, 2695, 3032, 0.00, 0.00, 0.00, 0.00, 0.00, 0.00, 0.00, 0.00, 0.00, 0.00
2026-9-2, 09:30:00.000000, 29187.00, 29206.25, 29172.25, 29205.00, 6392, 5961, 29192.63, 29194.50, 29189.25, 3083, 3309, 0.00, 0.00, 0.00, 0.00, 0.00, 0.00, 0.00, 0.00, 0.00, 0.00
2026-9-2, 09:35:00.000000, 29204.50, 29213.00, 29168.50, 29185.75, 5502, 5055, 29192.94, 29189.08, 29190.75, 2887, 2615, 0.00, 0.00, 0.00, 0.00, 0.00, 0.00, 0.00, 29213.75, 0.00, 29205.75
2026-9-2, 09:40:00.000000, 29186.25, 29203.00, 29179.00, 29201.50, 4628, 4202, 29192.44, 29194.50, 29191.00, 2193, 2435, 0.00, 0.00, 0.00, 0.00, 0.00, 0.00, 0.00, 0.00, 0.00, 0.00
2026-9-2, 09:45:00.000000, 29201.75, 29202.50, 29146.00, 29160.75, 4758, 4415, 29177.75, 29169.75, 29174.25, 2633, 2125, 0.00, 0.00, 0.00, 0.00, 0.00, 0.00, 0.00, 0.00, 0.00, 0.00
2026-9-2, 09:50:00.000000, 29160.25, 29160.50, 29121.75, 29130.25, 5530, 5201, 29143.19, 29137.50, 29141.13, 3099, 2431, 0.00, 0.00, 0.00, 0.00, 0.00, 0.00, 0.00, 0.00, 0.00, 0.00
2026-9-2, 09:55:00.000000, 29130.00, 29140.75, 29111.25, 29120.25, 4584, 4359, 29125.56, 29124.08, 29126.00, 2386, 2198, 0.00, 0.00, 0.00, 0.00, 0.00, 0.00, 0.00, 0.00, 0.00, 0.00
2026-9-2, 10:00:00.000000, 29119.50, 29147.75, 29106.25, 29139.25, 6391, 6002, 29128.19, 29131.08, 29127.00, 2993, 3398, 0.00, 0.00, 0.00, 0.00, 0.00, 0.00, 0.00, 0.00, 0.00, 0.00
2026-9-2, 10:05:00.000000, 29139.00, 29154.50, 29127.50, 29153.75, 4387, 4118, 29143.69, 29145.25, 29141.00, 2065, 2322, 0.00, 0.00, 0.00, 0.00, 0.00, 0.00, 0.00, 0.00, 0.00, 0.00
2026-9-2, 10:10:00.000000, 29153.75, 29168.50, 29140.00, 29158.25, 4856, 4566, 29155.13, 29155.58, 29154.25, 2332, 2524, 0.00, 0.00, 0.00, 0.00, 0.00, 0.00, 0.00, 0.00, 0.00, 0.00
2026-9-2, 10:15:00.000000, 29158.00, 29189.25, 29151.75, 29183.75, 4104, 3872, 29170.69, 29174.92, 29170.50, 1950, 2154, 0.00, 0.00, 0.00, 0.00, 0.00, 0.00, 0.00, 0.00, 0.00, 0.00
2026-9-2, 10:20:00.000000, 29184.00, 29188.00, 29167.25, 29178.50, 3155, 3015, 29179.44, 29177.92, 29177.63, 1601, 1554, 0.00, 0.00, 0.00, 0.00, 0.00, 0.00, 0.00, 0.00, 0.00, 0.00
2026-9-2, 10:25:00.000000, 29178.75, 29208.50, 29177.50, 29205.25, 3697, 3390, 29192.50, 29197.08, 29193.00, 1729, 1968, 0.00, 0.00, 0.00, 0.00, 0.00, 0.00, 0.00, 0.00, 0.00, 0.00
2026-9-2, 10:30:00.000000, 29205.00, 29208.50, 29188.50, 29192.25, 3798, 3571, 29198.56, 29196.42, 29198.50, 1922, 1876, 0.00, 0.00, 0.00, 0.00, 0.00, 0.00, 0.00, 0.00, 0.00, 0.00
2026-9-2, 10:35:00.000000, 29192.25, 29202.50, 29171.50, 29179.75, 4377, 4034, 29186.50, 29184.58, 29187.00, 2426, 1951, 0.00, 0.00, 0.00, 0.00, 0.00, 0.00, 0.00, 0.00, 0.00, 0.00
2026-9-2, 10:40:00.000000, 29178.25, 29188.25, 29174.00, 29182.25, 2884, 2662, 29180.69, 29181.50, 29181.13, 1412, 1472, 0.00, 0.00, 0.00, 0.00, 0.00, 0.00, 0.00, 0.00, 0.00, 0.00
2026-9-2, 10:45:00.000000, 29182.25, 29183.75, 29141.00, 29142.50, 3913, 3650, 29162.38, 29155.75, 29162.38, 2203, 1710, 0.00, 0.00, 0.00, 0.00, 0.00, 0.00, 0.00, 0.00, 0.00, 0.00
2026-9-2, 10:50:00.000000, 29142.50, 29166.00, 29136.00, 29151.25, 3800, 3576, 29148.94, 29151.08, 29151.00, 1769, 2031, 0.00, 0.00, 0.00, 0.00, 0.00, 0.00, 0.00, 0.00, 0.00, 0.00
2026-9-2, 10:55:00.000000, 29151.25, 29190.75, 29141.00, 29185.25, 3704, 3511, 29167.06, 29172.33, 29165.88, 1690, 2014, 0.00, 0.00, 0.00, 0.00, 0.00, 0.00, 0.00, 0.00, 0.00, 0.00
2026-9-2, 11:00:00.000000, 29184.50, 29197.00, 29173.50, 29195.50, 2904, 2687, 29187.63, 29188.67, 29185.25, 1393, 1511, 0.00, 0.00, 0.00, 0.00, 0.00, 0.00, 0.00, 0.00, 0.00, 0.00
2026-9-2, 11:05:00.000000, 29195.75, 29198.50, 29184.00, 29188.75, 2024, 1886, 29191.75, 29190.42, 29191.25, 1081, 943, 0.00, 0.00, 0.00, 0.00, 0.00, 0.00, 0.00, 0.00, 0.00, 0.00
2026-9-2, 11:10:00.000000, 29188.00, 29195.00, 29182.25, 29186.75, 1802, 1701, 29188.00, 29188.00, 29188.63, 910, 892, 0.00, 0.00, 0.00, 0.00, 0.00, 0.00, 0.00, 0.00, 0.00, 0.00
2026-9-2, 11:15:00.000000, 29186.50, 29186.75, 29159.25, 29169.50, 2490, 2392, 29175.50, 29171.83, 29173.00, 1386, 1104, 0.00, 0.00, 0.00, 0.00, 0.00, 0.00, 0.00, 0.00, 0.00, 0.00
2026-9-2, 11:20:00.000000, 29170.25, 29176.25, 29157.25, 29161.00, 2238, 2091, 29166.19, 29164.83, 29166.75, 1143, 1095, 0.00, 0.00, 0.00, 0.00, 0.00, 0.00, 0.00, 0.00, 0.00, 0.00
2026-9-2, 11:25:00.000000, 29160.25, 29167.75, 29142.25, 29151.75, 2288, 2103, 29155.50, 29153.92, 29155.00, 1314, 974, 0.00, 0.00, 0.00, 0.00, 0.00, 0.00, 0.00, 0.00, 0.00, 0.00
2026-9-2, 11:30:00.000000, 29151.50, 29175.25, 29149.25, 29161.50, 3098, 2957, 29159.38, 29162.00, 29162.25, 1329, 1769, 0.00, 0.00, 0.00, 0.00, 0.00, 0.00, 0.00, 0.00, 0.00, 0.00
2026-9-2, 11:35:00.000000, 29161.50, 29173.25, 29156.00, 29157.25, 1711, 1644, 29162.00, 29162.17, 29164.63, 874, 837, 0.00, 0.00, 0.00, 0.00, 0.00, 0.00, 0.00, 0.00, 0.00, 0.00
2026-9-2, 11:40:00.000000, 29157.50, 29159.50, 29138.25, 29139.00, 2234, 2121, 29148.56, 29145.58, 29148.88, 1162, 1072, 0.00, 0.00, 0.00, 0.00, 0.00, 0.00, 0.00, 0.00, 0.00, 0.00
2026-9-2, 11:45:00.000000, 29138.50, 29151.25, 29138.50, 29147.50, 1744, 1635, 29143.94, 29145.75, 29144.88, 746, 998, 0.00, 0.00, 0.00, 0.00, 0.00, 0.00, 0.00, 0.00, 0.00, 0.00
2026-9-2, 11:50:00.000000, 29148.00, 29167.50, 29137.00, 29164.50, 2324, 2212, 29154.25, 29156.33, 29152.25, 1097, 1227, 0.00, 0.00, 0.00, 0.00, 0.00, 0.00, 0.00, 0.00, 0.00, 0.00
2026-9-2, 11:55:00.000000, 29164.75, 29168.25, 29148.50, 29155.00, 1897, 1832, 29159.13, 29157.25, 29158.38, 1016, 881, 0.00, 0.00, 0.00, 0.00, 0.00, 0.00, 0.00, 0.00, 0.00, 0.00
2026-9-2, 12:00:00.000000, 29154.75, 29182.50, 29154.75, 29174.00, 2423, 2277, 29166.50, 29170.42, 29168.63, 1053, 1370, 0.00, 0.00, 0.00, 0.00, 0.00, 0.00, 0.00, 0.00, 0.00, 0.00
2026-9-2, 12:05:00.000000, 29173.25, 29178.00, 29127.00, 29131.00, 3363, 3155, 29152.31, 29145.33, 29152.50, 1870, 1493, 0.00, 0.00, 0.00, 0.00, 0.00, 0.00, 0.00, 0.00, 0.00, 0.00
2026-9-2, 12:10:00.000000, 29131.00, 29153.00, 29129.50, 29145.25, 2520, 2341, 29139.69, 29142.58, 29141.25, 1153, 1367, 0.00, 0.00, 0.00, 0.00, 0.00, 0.00, 0.00, 0.00, 0.00, 0.00
2026-9-2, 12:15:00.000000, 29145.00, 29146.75, 29125.25, 29131.00, 2140, 2023, 29137.00, 29134.33, 29136.00, 1125, 1015, 0.00, 0.00, 0.00, 0.00, 0.00, 0.00, 0.00, 0.00, 0.00, 0.00
2026-9-2, 12:20:00.000000, 29131.50, 29152.25, 29126.50, 29146.00, 2626, 2483, 29139.06, 29141.58, 29139.38, 1188, 1438, 0.00, 0.00, 0.00, 0.00, 0.00, 0.00, 0.00, 0.00, 0.00, 0.00
2026-9-2, 12:25:00.000000, 29145.75, 29154.50, 29141.00, 29150.75, 1843, 1759, 29148.00, 29148.75, 29147.75, 895, 948, 0.00, 0.00, 0.00, 0.00, 0.00, 0.00, 0.00, 0.00, 0.00, 0.00
2026-9-2, 12:30:00.000000, 29150.50, 29155.25, 29132.75, 29132.75, 2249, 2103, 29142.81, 29140.25, 29144.00, 1223, 1026, 0.00, 0.00, 0.00, 0.00, 0.00, 0.00, 0.00, 0.00, 0.00, 0.00
2026-9-2, 12:35:00.000000, 29133.00, 29140.50, 29130.25, 29135.00, 1565, 1431, 29134.69, 29135.25, 29135.38, 725, 840, 0.00, 0.00, 0.00, 0.00, 0.00, 0.00, 0.00, 0.00, 0.00, 0.00
2026-9-2, 12:40:00.000000, 29135.00, 29158.75, 29127.50, 29158.75, 3328, 3192, 29145.00, 29148.33, 29143.13, 1479, 1849, 0.00, 29178.75, 0.00, 29178.75, 0.00, 0.00, 0.00, 0.00, 0.00, 0.00
2026-9-2, 12:45:00.000000, 29159.00, 29173.75, 29157.25, 29158.75, 2949, 2797, 29162.19, 29163.25, 29165.50, 1469, 1480, 0.00, 0.00, 0.00, 0.00, 0.00, 0.00, 0.00, 0.00, 0.00, 29177.25
2026-9-2, 12:50:00.000000, 29159.50, 29164.75, 29151.00, 29157.00, 1856, 1780, 29158.06, 29157.58, 29157.88, 936, 920, 0.00, 0.00, 0.00, 0.00, 0.00, 29173.75, 0.00, 0.00, 0.00, 0.00
2026-9-2, 12:55:00.000000, 29156.50, 29168.75, 29142.50, 29158.75, 2490, 2422, 29156.63, 29156.67, 29155.63, 1274, 1216, 0.00, 0.00, 0.00, 0.00, 0.00, 0.00, 0.00, 0.00, 0.00, 0.00
2026-9-2, 13:00:00.000000, 29159.50, 29161.50, 29135.75, 29158.50, 2890, 2787, 29153.81, 29151.92, 29148.63, 1509, 1381, 0.00, 0.00, 0.00, 0.00, 0.00, 0.00, 0.00, 0.00, 0.00, 0.00
2026-9-2, 13:05:00.000000, 29158.25, 29166.00, 29146.00, 29150.50, 2080, 1999, 29155.19, 29154.17, 29156.00, 1085, 995, 0.00, 0.00, 0.00, 0.00, 0.00, 0.00, 0.00, 0.00, 0.00, 0.00
2026-9-2, 13:10:00.000000, 29150.00, 29153.75, 29137.75, 29147.00, 2229, 2086, 29147.13, 29146.17, 29145.75, 1185, 1044, 0.00, 0.00, 0.00, 0.00, 0.00, 0.00, 0.00, 0.00, 0.00, 0.00
2026-9-2, 13:15:00.000000, 29146.75, 29199.75, 29143.25, 29173.25, 4818, 4630, 29165.75, 29172.08, 29171.50, 2185, 2633, 0.00, 0.00, 0.00, 0.00, 0.00, 0.00, 0.00, 0.00, 0.00, 0.00
2026-9-2, 13:20:00.000000, 29172.50, 29176.50, 29160.50, 29170.75, 2523, 2440, 29170.06, 29169.25, 29168.50, 1338, 1185, 0.00, 0.00, 0.00, 29180.00, 0.00, 0.00, 0.00, 29181.50, 0.00, 0.00
2026-9-2, 13:25:00.000000, 29170.25, 29174.00, 29155.00, 29159.25, 1963, 1875, 29164.63, 29162.75, 29164.50, 1040, 923, 0.00, 0.00, 0.00, 0.00, 0.00, 0.00, 0.00, 0.00, 0.00, 0.00
2026-9-2, 13:30:00.000000, 29159.25, 29175.00, 29156.75, 29158.25, 2194, 2124, 29162.31, 29163.33, 29165.88, 1042, 1152, 0.00, 0.00, 0.00, 0.00, 0.00, 0.00, 0.00, 0.00, 0.00, 0.00
2026-9-2, 13:35:00.000000, 29158.25, 29165.00, 29138.75, 29141.25, 2379, 2279, 29150.81, 29148.33, 29151.88, 1360, 1019, 0.00, 0.00, 0.00, 29159.25, 0.00, 0.00, 0.00, 0.00, 0.00, 0.00
2026-9-2, 13:40:00.000000, 29140.75, 29143.50, 29131.50, 29136.75, 2182, 2080, 29138.13, 29137.25, 29137.50, 1099, 1083, 0.00, 0.00, 0.00, 0.00, 0.00, 0.00, 0.00, 0.00, 0.00, 0.00
2026-9-2, 13:45:00.000000, 29136.00, 29152.75, 29130.25, 29149.50, 2370, 2271, 29142.13, 29144.17, 29141.50, 1128, 1242, 0.00, 0.00, 0.00, 0.00, 0.00, 0.00, 0.00, 0.00, 0.00, 0.00
2026-9-2, 13:50:00.000000, 29149.50, 29154.25, 29134.25, 29139.75, 1855, 1763, 29144.44, 29142.75, 29144.25, 976, 879, 0.00, 0.00, 0.00, 0.00, 0.00, 0.00, 0.00, 0.00, 0.00, 0.00
2026-9-2, 13:55:00.000000, 29140.50, 29153.00, 29138.00, 29145.50, 1657, 1609, 29144.25, 29145.50, 29145.50, 846, 811, 0.00, 0.00, 0.00, 0.00, 0.00, 0.00, 0.00, 0.00, 0.00, 0.00
2026-9-3, 08:30:00.000000, 29249.50, 29285.00, 29222.25, 29254.25, 19625, 18634, 29252.75, 29253.83, 29253.63, 9730, 9895, 0.00, 0.00, 0.00, 0.00, 0.00, 0.00, 0.00, 0.00, 0.00, 0.00
2026-9-3, 08:35:00.000000, 29254.00, 29337.50, 29199.50, 29329.50, 18092, 17041, 29280.13, 29288.83, 29268.50, 8589, 9503, 0.00, 0.00, 0.00, 0.00, 0.00, 0.00, 0.00, 0.00, 0.00, 0.00
2026-9-3, 08:40:00.000000, 29329.50, 29359.50, 29314.00, 29345.00, 12281, 11662, 29337.00, 29339.50, 29336.75, 6043, 6238, 0.00, 29364.50, 0.00, 0.00, 0.00, 0.00, 0.00, 0.00, 0.00, 0.00
2026-9-3, 08:45:00.000000, 29344.25, 29368.50, 29318.75, 29359.75, 10948, 10318, 29347.81, 29349.00, 29343.63, 5522, 5426, 0.00, 0.00, 0.00, 0.00, 0.00, 0.00, 0.00, 0.00, 0.00, 0.00
2026-9-3, 08:50:00.000000, 29359.50, 29375.50, 29324.75, 29349.25, 9033, 8581, 29352.25, 29349.83, 29350.13, 4475, 4558, 0.00, 0.00, 0.00, 0.00, 0.00, 0.00, 0.00, 0.00, 0.00, 0.00
2026-9-3, 08:55:00.000000, 29349.75, 29354.25, 29296.75, 29333.00, 8760, 8190, 29333.44, 29328.00, 29325.50, 4746, 4014, 0.00, 0.00, 0.00, 0.00, 0.00, 0.00, 0.00, 0.00, 0.00, 0.00
2026-9-3, 09:00:00.000000, 29331.75, 29333.25, 29250.25, 29267.50, 12139, 11477, 29295.69, 29283.67, 29291.75, 6270, 5869, 0.00, 0.00, 0.00, 0.00, 0.00, 0.00, 0.00, 0.00, 0.00, 0.00
2026-9-3, 09:05:00.000000, 29267.75, 29283.25, 29241.75, 29267.50, 8246, 7747, 29265.06, 29264.17, 29262.50, 4188, 4058, 0.00, 0.00, 0.00, 0.00, 0.00, 0.00, 0.00, 0.00, 0.00, 0.00
2026-9-3, 09:10:00.000000, 29267.75, 29303.00, 29249.50, 29300.75, 7799, 7273, 29280.25, 29284.42, 29276.25, 3782, 4017, 0.00, 0.00, 0.00, 0.00, 0.00, 0.00, 0.00, 0.00, 0.00, 0.00
2026-9-3, 09:15:00.000000, 29301.00, 29349.50, 29295.75, 29343.00, 9011, 8463, 29322.31, 29329.42, 29322.63, 3981, 5030, 0.00, 0.00, 0.00, 0.00, 0.00, 0.00, 0.00, 0.00, 0.00, 0.00
2026-9-3, 09:20:00.000000, 29343.75, 29364.50, 29328.25, 29350.75, 6808, 6394, 29346.81, 29347.83, 29346.38, 3505, 3303, 0.00, 0.00, 0.00, 0.00, 0.00, 0.00, 0.00, 0.00, 0.00, 0.00
2026-9-3, 09:25:00.000000, 29351.00, 29364.25, 29327.00, 29343.00, 5887, 5503, 29346.31, 29344.75, 29345.63, 3020, 2867, 0.00, 0.00, 0.00, 0.00, 0.00, 0.00, 0.00, 0.00, 0.00, 0.00
2026-9-3, 09:30:00.000000, 29343.00, 29360.50, 29284.00, 29288.00, 8283, 7561, 29318.88, 29310.83, 29322.25, 4571, 3712, 0.00, 0.00, 0.00, 0.00, 0.00, 0.00, 0.00, 0.00, 0.00, 0.00
2026-9-3, 09:35:00.000000, 29288.25, 29319.00, 29280.00, 29284.50, 5300, 5096, 29292.94, 29294.50, 29299.50, 2646, 2654, 0.00, 0.00, 0.00, 0.00, 0.00, 0.00, 0.00, 0.00, 0.00, 0.00
2026-9-3, 09:40:00.000000, 29284.00, 29311.50, 29273.25, 29283.00, 6018, 5616, 29287.94, 29289.25, 29292.38, 2973, 3045, 0.00, 0.00, 0.00, 0.00, 0.00, 0.00, 0.00, 0.00, 0.00, 0.00
2026-9-3, 09:45:00.000000, 29283.00, 29313.00, 29275.50, 29309.00, 5199, 4864, 29295.13, 29299.17, 29294.25, 2611, 2588, 0.00, 0.00, 0.00, 0.00, 0.00, 0.00, 0.00, 0.00, 0.00, 0.00
2026-9-3, 09:50:00.000000, 29309.50, 29314.25, 29285.25, 29312.25, 4664, 4192, 29305.31, 29303.92, 29299.75, 2338, 2326, 0.00, 0.00, 0.00, 0.00, 0.00, 0.00, 0.00, 0.00, 0.00, 0.00
2026-9-3, 09:55:00.000000, 29313.00, 29368.00, 29246.50, 29363.50, 9735, 9074, 29322.75, 29326.00, 29307.25, 4992, 4743, 0.00, 0.00, 0.00, 0.00, 0.00, 0.00, 0.00, 0.00, 0.00, 0.00
2026-9-3, 10:00:00.000000, 29363.25, 29442.00, 29362.25, 29436.50, 12498, 11147, 29401.00, 29413.58, 29402.13, 5867, 6631, 0.00, 0.00, 0.00, 0.00, 0.00, 0.00, 0.00, 0.00, 0.00, 0.00
2026-9-3, 10:05:00.000000, 29437.00, 29445.50, 29422.25, 29429.75, 7771, 7121, 29433.63, 29432.50, 29433.88, 4107, 3664, 0.00, 0.00, 0.00, 29450.50, 0.00, 29450.50, 0.00, 29450.50, 0.00, 0.00
2026-9-3, 10:10:00.000000, 29430.00, 29466.25, 29426.25, 29465.00, 7762, 6955, 29446.88, 29452.50, 29446.25, 3893, 3869, 0.00, 0.00, 0.00, 0.00, 0.00, 0.00, 0.00, 0.00, 0.00, 0.00
2026-9-3, 10:15:00.000000, 29464.75, 29480.00, 29461.00, 29472.50, 6961, 6406, 29469.56, 29471.17, 29470.50, 3477, 3484, 0.00, 0.00, 0.00, 0.00, 0.00, 0.00, 0.00, 0.00, 0.00, 0.00
2026-9-3, 10:20:00.000000, 29472.75, 29496.00, 29453.75, 29482.25, 7368, 6746, 29476.19, 29477.33, 29474.88, 3636, 3732, 0.00, 0.00, 0.00, 0.00, 0.00, 0.00, 0.00, 0.00, 0.00, 0.00
2026-9-3, 10:25:00.000000, 29481.75, 29539.50, 29479.00, 29536.50, 8546, 7682, 29509.19, 29518.33, 29509.25, 4110, 4436, 0.00, 29547.50, 0.00, 0.00, 0.00, 0.00, 0.00, 29544.50, 0.00, 29544.50
2026-9-3, 10:30:00.000000, 29536.00, 29542.50, 29517.75, 29527.75, 7019, 6563, 29531.00, 29529.33, 29530.13, 3674, 3345, 0.00, 0.00, 0.00, 0.00, 0.00, 0.00, 0.00, 0.00, 0.00, 0.00
2026-9-3, 10:35:00.000000, 29528.00, 29537.50, 29510.00, 29513.50, 4269, 4017, 29522.25, 29520.33, 29523.75, 2236, 2033, 0.00, 0.00, 0.00, 0.00, 0.00, 0.00, 0.00, 0.00, 0.00, 0.00
2026-9-3, 10:40:00.000000, 29515.25, 29525.00, 29503.50, 29506.50, 4622, 4165, 29512.56, 29511.67, 29514.25, 2393, 2229, 0.00, 0.00, 0.00, 0.00, 0.00, 0.00, 0.00, 0.00, 0.00, 0.00
2026-9-3, 10:45:00.000000, 29506.75, 29520.75, 29504.00, 29513.75, 3065, 2842, 29511.31, 29512.83, 29512.38, 1494, 1571, 0.00, 0.00, 0.00, 0.00, 0.00, 0.00, 0.00, 0.00, 0.00, 0.00
2026-9-3, 10:50:00.000000, 29513.50, 29531.25, 29507.50, 29528.25, 3445, 3242, 29520.13, 29522.33, 29519.38, 1640, 1805, 0.00, 0.00, 0.00, 0.00, 0.00, 0.00, 0.00, 0.00, 0.00, 0.00
2026-9-3, 10:55:00.000000, 29528.25, 29539.25, 29521.25, 29538.00, 2743, 2577, 29531.69, 29532.83, 29530.25, 1260, 1483, 0.00, 0.00, 0.00, 0.00, 0.00, 0.00, 0.00, 0.00, 0.00, 0.00
2026-9-3, 11:00:00.000000, 29538.75, 29539.75, 29512.50, 29512.50, 4535, 4214, 29525.88, 29521.58, 29526.13, 2594, 1941, 0.00, 0.00, 0.00, 0.00, 0.00, 0.00, 0.00, 0.00, 0.00, 0.00
2026-9-3, 11:05:00.000000, 29513.00, 29518.75, 29503.00, 29510.50, 3444, 3145, 29511.31, 29510.75, 29510.88, 1730, 1714, 0.00, 0.00, 0.00, 0.00, 0.00, 0.00, 0.00, 0.00, 0.00, 0.00
2026-9-3, 11:10:00.000000, 29509.50, 29526.00, 29505.00, 29519.00, 2936, 2757, 29514.88, 29516.67, 29515.50, 1313, 1623, 0.00, 0.00, 0.00, 0.00, 0.00, 0.00, 0.00, 0.00, 0.00, 0.00
2026-9-3, 11:15:00.000000, 29519.50, 29529.50, 29511.00, 29524.50, 2382, 2294, 29521.13, 29521.67, 29520.25, 1244, 1138, 0.00, 0.00, 0.00, 0.00, 0.00, 0.00, 0.00, 0.00, 0.00, 0.00
2026-9-3, 11:20:00.000000, 29524.50, 29527.25, 29500.75, 29501.25, 2350, 2234, 29513.44, 29509.75, 29514.00, 1334, 1016, 0.00, 0.00, 0.00, 0.00, 0.00, 0.00, 0.00, 0.00, 0.00, 0.00
2026-9-3, 11:25:00.000000, 29501.75, 29504.00, 29489.25, 29497.00, 3152, 2962, 29498.00, 29496.75, 29496.63, 1672, 1480, 0.00, 0.00, 0.00, 0.00, 0.00, 0.00, 0.00, 0.00, 0.00, 0.00
2026-9-3, 11:30:00.000000, 29497.00, 29501.00, 29484.75, 29488.75, 2494, 2395, 29492.88, 29491.50, 29492.88, 1281, 1213, 0.00, 0.00, 0.00, 0.00, 0.00, 0.00, 0.00, 0.00, 0.00, 0.00
2026-9-3, 11:35:00.000000, 29490.00, 29525.75, 29483.00, 29521.75, 3624, 3464, 29505.13, 29510.17, 29504.38, 1716, 1908, 0.00, 0.00, 0.00, 0.00, 0.00, 0.00, 0.00, 0.00, 0.00, 0.00
2026-9-3, 11:40:00.000000, 29521.75, 29534.50, 29519.00, 29528.00, 2686, 2561, 29525.81, 29527.17, 29526.75, 1377, 1309, 0.00, 0.00, 0.00, 0.00, 0.00, 0.00, 0.00, 0.00, 0.00, 0.00
2026-9-3, 11:45:00.000000, 29528.00, 29533.00, 29521.00, 29530.75, 1893, 1797, 29528.19, 29528.25, 29527.00, 975, 918, 0.00, 0.00, 0.00, 0.00, 0.00, 0.00, 0.00, 0.00, 0.00, 0.00
2026-9-3, 11:50:00.000000, 29530.25, 29532.75, 29516.50, 29521.25, 1934, 1813, 29525.19, 29523.50, 29524.63, 956, 978, 0.00, 0.00, 0.00, 0.00, 0.00, 0.00, 0.00, 0.00, 0.00, 0.00
2026-9-3, 11:55:00.000000, 29521.25, 29544.00, 29519.25, 29528.00, 3503, 3333, 29528.13, 29530.42, 29531.63, 1594, 1909, 0.00, 0.00, 0.00, 0.00, 0.00, 0.00, 0.00, 0.00, 0.00, 0.00
2026-9-3, 12:00:00.000000, 29528.25, 29534.00, 29509.00, 29519.50, 2381, 2226, 29522.69, 29520.83, 29521.50, 1232, 1149, 0.00, 0.00, 0.00, 0.00, 0.00, 0.00, 0.00, 0.00, 0.00, 29539.00
2026-9-3, 12:05:00.000000, 29519.50, 29520.50, 29492.75, 29493.00, 2128, 1955, 29506.44, 29502.08, 29506.63, 1160, 968, 0.00, 0.00, 0.00, 0.00, 0.00, 0.00, 0.00, 0.00, 0.00, 0.00
2026-9-3, 12:10:00.000000, 29492.75, 29501.75, 29486.75, 29490.50, 2207, 2043, 29492.94, 29493.00, 29494.25, 1119, 1088, 0.00, 0.00, 0.00, 0.00, 0.00, 0.00, 0.00, 0.00, 0.00, 0.00
2026-9-3, 12:15:00.000000, 29491.25, 29501.25, 29484.75, 29486.25, 2050, 1932, 29490.88, 29490.75, 29493.00, 1061, 989, 0.00, 0.00, 0.00, 0.00, 0.00, 0.00, 0.00, 0.00, 0.00, 0.00
2026-9-3, 12:20:00.000000, 29486.25, 29487.50, 29476.00, 29482.25, 2605, 2444, 29483.00, 29481.92, 29481.75, 1334, 1271, 0.00, 0.00, 0.00, 0.00, 0.00, 0.00, 0.00, 0.00, 0.00, 0.00
2026-9-3, 12:25:00.000000, 29483.00, 29508.00, 29481.75, 29502.50, 2330, 2207, 29493.81, 29497.42, 29494.88, 1061, 1269, 0.00, 0.00, 0.00, 0.00, 0.00, 0.00, 0.00, 0.00, 0.00, 0.00
2026-9-3, 12:30:00.000000, 29502.75, 29518.75, 29502.25, 29514.00, 2292, 2089, 29509.44, 29511.67, 29510.50, 1091, 1201, 0.00, 0.00, 0.00, 0.00, 0.00, 0.00, 0.00, 0.00, 0.00, 0.00
2026-9-3, 12:35:00.000000, 29514.50, 29529.00, 29511.75, 29520.50, 2615, 2389, 29518.94, 29520.42, 29520.38, 1208, 1407, 0.00, 0.00, 0.00, 0.00, 0.00, 0.00, 0.00, 0.00, 0.00, 0.00
2026-9-3, 12:40:00.000000, 29520.75, 29532.00, 29519.00, 29528.50, 2383, 2236, 29525.06, 29526.50, 29525.50, 1112, 1271, 0.00, 0.00, 0.00, 0.00, 0.00, 0.00, 0.00, 0.00, 0.00, 0.00
2026-9-3, 12:45:00.000000, 29529.00, 29535.00, 29521.75, 29530.50, 2791, 2614, 29529.06, 29529.08, 29528.38, 1359, 1432, 0.00, 0.00, 0.00, 0.00, 0.00, 0.00, 0.00, 0.00, 0.00, 0.00
2026-9-3, 12:50:00.000000, 29531.00, 29552.50, 29525.00, 29546.00, 3645, 3384, 29538.63, 29541.17, 29538.75, 1635, 2010, 0.00, 0.00, 0.00, 0.00, 0.00, 0.00, 0.00, 0.00, 0.00, 0.00
2026-9-3, 12:55:00.000000, 29546.00, 29552.50, 29540.00, 29543.75, 2365, 2170, 29545.56, 29545.42, 29546.25, 1197, 1168, 0.00, 0.00, 0.00, 0.00, 0.00, 0.00, 0.00, 0.00, 0.00, 0.00
2026-9-3, 13:00:00.000000, 29543.50, 29578.50, 29543.00, 29574.50, 5522, 5015, 29559.88, 29565.33, 29560.75, 2453, 3069, 0.00, 0.00, 0.00, 0.00, 0.00, 0.00, 0.00, 0.00, 0.00, 29583.50
2026-9-3, 13:05:00.000000, 29574.75, 29579.50, 29565.25, 29574.75, 3134, 2771, 29573.56, 29573.17, 29572.38, 1482, 1652, 0.00, 0.00, 0.00, 0.00, 0.00, 0.00, 0.00, 0.00, 0.00, 0.00
2026-9-3, 13:10:00.000000, 29574.25, 29578.75, 29569.50, 29573.50, 2332, 2049, 29574.00, 29573.92, 29574.13, 1060, 1272, 0.00, 0.00, 0.00, 0.00, 0.00, 0.00, 0.00, 0.00, 0.00, 0.00
2026-9-3, 13:15:00.000000, 29573.75, 29584.25, 29567.75, 29571.50, 3206, 2913, 29574.31, 29574.50, 29576.00, 1467, 1739, 0.00, 0.00, 0.00, 0.00, 0.00, 0.00, 0.00, 0.00, 0.00, 0.00
2026-9-3, 13:20:00.000000, 29571.50, 29575.75, 29564.75, 29573.00, 2219, 2077, 29571.25, 29571.17, 29570.25, 1082, 1137, 0.00, 0.00, 0.00, 0.00, 0.00, 0.00, 0.00, 0.00, 0.00, 0.00
2026-9-3, 13:25:00.000000, 29572.75, 29578.75, 29566.50, 29570.50, 1852, 1640, 29572.13, 29571.92, 29572.63, 872, 980, 0.00, 0.00, 0.00, 0.00, 0.00, 0.00, 0.00, 0.00, 0.00, 0.00
2026-9-3, 13:30:00.000000, 29571.00, 29578.00, 29564.00, 29576.50, 2116, 1984, 29572.38, 29572.83, 29571.00, 987, 1129, 0.00, 0.00, 0.00, 0.00, 0.00, 0.00, 0.00, 0.00, 0.00, 0.00
2026-9-3, 13:35:00.000000, 29576.75, 29580.00, 29570.25, 29575.50, 1393, 1274, 29575.63, 29575.25, 29575.13, 664, 729, 0.00, 0.00, 0.00, 0.00, 0.00, 0.00, 0.00, 0.00, 0.00, 0.00
2026-9-3, 13:40:00.000000, 29575.25, 29576.50, 29559.50, 29560.50, 2114, 1967, 29567.94, 29565.50, 29568.00, 1069, 1045, 0.00, 0.00, 0.00, 0.00, 0.00, 0.00, 0.00, 0.00, 0.00, 0.00
2026-9-3, 13:45:00.000000, 29560.75, 29576.25, 29559.50, 29576.25, 1847, 1766, 29568.19, 29570.67, 29567.88, 766, 1081, 0.00, 0.00, 0.00, 0.00, 0.00, 0.00, 0.00, 0.00, 0.00, 0.00
2026-9-3, 13:50:00.000000, 29576.00, 29581.00, 29564.50, 29569.75, 2205, 2104, 29572.81, 29571.75, 29572.75, 1113, 1092, 0.00, 0.00, 0.00, 0.00, 0.00, 0.00, 0.00, 0.00, 0.00, 0.00
2026-9-3, 13:55:00.000000, 29569.50, 29569.75, 29560.50, 29568.25, 2066, 1902, 29567.00, 29566.17, 29565.13, 1028, 1038, 0.00, 0.00, 0.00, 0.00, 0.00, 0.00, 0.00, 0.00, 0.00, 0.00
2026-9-4, 08:30:00.000000, 29588.25, 29635.00, 29554.50, 29634.00, 16819, 16041, 29602.94, 29607.83, 29594.75, 8261, 8558, 0.00, 0.00, 0.00, 0.00, 0.00, 0.00, 0.00, 0.00, 0.00, 0.00
2026-9-4, 08:35:00.000000, 29634.00, 29644.50, 29611.25, 29628.75, 10975, 10515, 29629.63, 29628.17, 29627.88, 5653, 5322, 0.00, 0.00, 0.00, 0.00, 0.00, 0.00, 0.00, 0.00, 0.00, 0.00
2026-9-4, 08:40:00.000000, 29628.50, 29647.00, 29597.75, 29616.50, 11487, 10744, 29622.44, 29620.42, 29622.38, 5809, 5678, 0.00, 0.00, 0.00, 0.00, 0.00, 0.00, 0.00, 0.00, 0.00, 29652.00
2026-9-4, 08:45:00.000000, 29616.25, 29649.00, 29577.50, 29634.00, 9498, 8916, 29619.19, 29620.17, 29613.25, 4909, 4589, 0.00, 0.00, 0.00, 0.00, 0.00, 0.00, 0.00, 0.00, 0.00, 0.00
2026-9-4, 08:50:00.000000, 29634.50, 29664.75, 29609.75, 29660.00, 7624, 7142, 29642.25, 29644.83, 29637.25, 3726, 3898, 0.00, 0.00, 29604.75, 0.00, 0.00, 0.00, 0.00, 0.00, 0.00, 0.00
2026-9-4, 08:55:00.000000, 29660.25, 29691.75, 29652.25, 29691.00, 7274, 6910, 29673.81, 29678.33, 29672.00, 3549, 3725, 0.00, 0.00, 0.00, 0.00, 0.00, 0.00, 0.00, 0.00, 0.00, 0.00
2026-9-4, 09:00:00.000000, 29690.50, 29691.00, 29653.75, 29668.00, 7376, 6940, 29675.81, 29670.92, 29672.38, 3974, 3402, 0.00, 0.00, 0.00, 0.00, 0.00, 0.00, 0.00, 0.00, 0.00, 0.00
2026-9-4, 09:05:00.000000, 29668.25, 29675.50, 29641.00, 29644.50, 6493, 5992, 29657.31, 29653.67, 29658.25, 3520, 2973, 0.00, 0.00, 0.00, 0.00, 0.00, 0.00, 0.00, 0.00, 0.00, 0.00
2026-9-4, 09:10:00.000000, 29644.50, 29654.75, 29594.00, 29648.00, 9457, 8963, 29635.31, 29632.25, 29624.38, 4775, 4682, 0.00, 0.00, 0.00, 0.00, 0.00, 0.00, 0.00, 0.00, 0.00, 0.00
2026-9-4, 09:15:00.000000, 29648.50, 29649.75, 29600.00, 29601.75, 6752, 6292, 29625.00, 29617.17, 29624.88, 3735, 3017, 0.00, 0.00, 0.00, 0.00, 0.00, 0.00, 0.00, 0.00, 0.00, 0.00
2026-9-4, 09:20:00.000000, 29601.75, 29611.25, 29579.00, 29595.75, 8440, 8016, 29596.94, 29595.33, 29595.13, 4554, 3886, 0.00, 0.00, 0.00, 0.00, 0.00, 0.00, 0.00, 0.00, 0.00, 0.00
2026-9-4, 09:25:00.000000, 29595.50, 29602.50, 29564.75, 29595.50, 7685, 7100, 29589.56, 29587.58, 29583.63, 4108, 3577, 0.00, 0.00, 0.00, 0.00, 0.00, 0.00, 29559.75, 0.00, 0.00, 0.00
2026-9-4, 09:30:00.000000, 29596.25, 29598.25, 29554.00, 29559.00, 6994, 6587, 29576.88, 29570.42, 29576.13, 3998, 2996, 0.00, 0.00, 0.00, 0.00, 0.00, 0.00, 0.00, 0.00, 0.00, 0.00
2026-9-4, 09:35:00.000000, 29559.00, 29589.25, 29558.25, 29587.75, 5383, 5038, 29573.56, 29578.42, 29573.75, 2772, 2611, 0.00, 0.00, 0.00, 0.00, 0.00, 0.00, 0.00, 0.00, 0.00, 0.00
2026-9-4, 09:40:00.000000, 29587.00, 29587.00, 29531.00, 29533.50, 6915, 6529, 29559.63, 29550.50, 29559.00, 3968, 2947, 0.00, 0.00, 0.00, 0.00, 0.00, 0.00, 0.00, 0.00, 0.00, 0.00
2026-9-4, 09:45:00.000000, 29533.25, 29544.25, 29510.00, 29510.75, 6758, 6377, 29524.56, 29521.67, 29527.13, 3659, 3099, 0.00, 0.00, 0.00, 0.00, 0.00, 0.00, 0.00, 0.00, 0.00, 0.00
2026-9-4, 09:50:00.000000, 29510.25, 29535.50, 29508.75, 29516.25, 6029, 5649, 29517.69, 29520.17, 29522.13, 3124, 2905, 0.00, 0.00, 0.00, 0.00, 0.00, 0.00, 0.00, 0.00, 0.00, 0.00
2026-9-4, 09:55:00.000000, 29516.25, 29530.00, 29498.75, 29521.00, 6161, 5750, 29516.50, 29516.58, 29514.38, 3356, 2805, 0.00, 0.00, 0.00, 0.00, 0.00, 0.00, 0.00, 0.00, 0.00, 0.00
2026-9-4, 10:00:00.000000, 29520.00, 29529.00, 29497.25, 29516.25, 5844, 5598, 29515.63, 29514.17, 29513.13, 3177, 2667, 0.00, 0.00, 0.00, 0.00, 0.00, 0.00, 0.00, 0.00, 0.00, 0.00
2026-9-4, 10:05:00.000000, 29515.25, 29531.50, 29503.25, 29525.50, 4855, 4578, 29518.88, 29520.08, 29517.38, 2556, 2299, 0.00, 0.00, 0.00, 0.00, 0.00, 0.00, 0.00, 0.00, 0.00, 0.00
2026-9-4, 10:10:00.000000, 29525.25, 29541.25, 29511.25, 29540.50, 4772, 4510, 29529.56, 29531.00, 29526.25, 2369, 2403, 0.00, 0.00, 0.00, 0.00, 0.00, 0.00, 0.00, 0.00, 0.00, 0.00
2026-9-4, 10:15:00.000000, 29540.75, 29543.00, 29493.25, 29501.25, 6063, 5650, 29519.56, 29512.50, 29518.13, 3282, 2781, 0.00, 0.00, 0.00, 0.00, 0.00, 0.00, 0.00, 0.00, 0.00, 0.00
2026-9-4, 10:20:00.000000, 29501.25, 29512.00, 29484.25, 29502.50, 5082, 4663, 29500.00, 29499.58, 29498.13, 2735, 2347, 0.00, 0.00, 0.00, 0.00, 0.00, 0.00, 0.00, 0.00, 0.00, 0.00
2026-9-4, 10:25:00.000000, 29502.75, 29512.75, 29495.00, 29506.75, 3487, 3293, 29504.31, 29504.83, 29503.88, 1778, 1709, 0.00, 0.00, 0.00, 0.00, 0.00, 0.00, 0.00, 0.00, 0.00, 0.00
2026-9-4, 10:30:00.000000, 29506.75, 29510.75, 29478.00, 29491.25, 5554, 5180, 29496.69, 29493.33, 29494.38, 3021, 2533, 0.00, 0.00, 0.00, 0.00, 29478.75, 0.00, 0.00, 0.00, 0.00, 0.00
2026-9-4, 10:35:00.000000, 29491.25, 29506.75, 29490.25, 29501.25, 2575, 2423, 29497.38, 29499.42, 29498.50, 1371, 1204, 0.00, 0.00, 0.00, 0.00, 0.00, 0.00, 0.00, 0.00, 0.00, 0.00
2026-9-4, 10:40:00.000000, 29501.75, 29524.50, 29497.25, 29520.50, 3443, 3221, 29511.00, 29514.08, 29510.88, 1633, 1810, 0.00, 0.00, 0.00, 0.00, 0.00, 0.00, 0.00, 0.00, 0.00, 0.00
2026-9-4, 10:45:00.000000, 29520.00, 29522.25, 29487.00, 29501.75, 3983, 3736, 29507.75, 29503.67, 29504.63, 2234, 1749, 0.00, 0.00, 0.00, 0.00, 0.00, 0.00, 0.00, 0.00, 0.00, 0.00
2026-9-4, 10:50:00.000000, 29501.25, 29516.25, 29494.75, 29503.75, 3282, 3127, 29504.00, 29504.92, 29505.50, 1753, 1529, 0.00, 0.00, 0.00, 0.00, 0.00, 0.00, 0.00, 0.00, 0.00, 0.00
2026-9-4, 10:55:00.000000, 29503.75, 29519.00, 29497.50, 29515.00, 2834, 2726, 29508.81, 29510.50, 29508.25, 1515, 1319, 0.00, 0.00, 0.00, 0.00, 0.00, 0.00, 0.00, 0.00, 0.00, 0.00
2026-9-4, 11:00:00.000000, 29514.75, 29520.00, 29505.00, 29514.25, 2437, 2399, 29513.50, 29513.08, 29512.50, 1323, 1114, 0.00, 0.00, 0.00, 0.00, 0.00, 0.00, 0.00, 0.00, 0.00, 0.00
2026-9-4, 11:05:00.000000, 29514.00, 29536.75, 29507.25, 29532.00, 3622, 3388, 29522.50, 29525.33, 29522.00, 1858, 1764, 0.00, 0.00, 0.00, 0.00, 0.00, 0.00, 0.00, 0.00, 0.00, 0.00
2026-9-4, 11:10:00.000000, 29532.50, 29554.25, 29527.00, 29547.75, 3750, 3504, 29540.38, 29543.00, 29540.63, 1865, 1885, 0.00, 0.00, 0.00, 0.00, 0.00, 0.00, 0.00, 0.00, 0.00, 0.00
2026-9-4, 11:15:00.000000, 29548.00, 29548.25, 29536.00, 29543.75, 2491, 2350, 29544.00, 29542.67, 29542.13, 1378, 1113, 0.00, 0.00, 0.00, 0.00, 0.00, 0.00, 0.00, 0.00, 0.00, 0.00
2026-9-4, 11:20:00.000000, 29544.00, 29565.25, 29544.00, 29554.00, 3214, 2978, 29551.81, 29554.42, 29554.63, 1644, 1570, 0.00, 0.00, 0.00, 0.00, 0.00, 0.00, 0.00, 0.00, 0.00, 0.00
2026-9-4, 11:25:00.000000, 29553.75, 29560.75, 29546.50, 29554.00, 2490, 2306, 29553.75, 29553.75, 29553.63, 1282, 1208, 0.00, 0.00, 0.00, 0.00, 0.00, 0.00, 0.00, 0.00, 0.00, 0.00
2026-9-4, 11:30:00.000000, 29554.50, 29571.50, 29548.75, 29570.75, 2941, 2677, 29561.38, 29563.67, 29560.13, 1533, 1408, 0.00, 0.00, 0.00, 0.00, 0.00, 0.00, 0.00, 0.00, 0.00, 0.00
2026-9-4, 11:35:00.000000, 29571.00, 29574.00, 29557.00, 29561.50, 2746, 2561, 29565.88, 29564.17, 29565.50, 1556, 1190, 0.00, 0.00, 0.00, 0.00, 0.00, 0.00, 0.00, 0.00, 0.00, 0.00
2026-9-4, 11:40:00.000000, 29561.75, 29569.25, 29558.00, 29568.00, 2211, 2104, 29564.25, 29565.08, 29563.63, 1142, 1069, 0.00, 0.00, 0.00, 0.00, 0.00, 0.00, 0.00, 0.00, 0.00, 0.00
2026-9-4, 11:45:00.000000, 29568.25, 29589.50, 29565.00, 29587.75, 3607, 3366, 29577.63, 29580.75, 29577.25, 1696, 1911, 0.00, 0.00, 0.00, 0.00, 0.00, 0.00, 0.00, 0.00, 0.00, 0.00
2026-9-4, 11:50:00.000000, 29588.00, 29595.75, 29584.00, 29585.50, 2958, 2817, 29588.31, 29588.42, 29589.88, 1656, 1302, 0.00, 0.00, 0.00, 0.00, 0.00, 0.00, 0.00, 0.00, 0.00, 0.00
2026-9-4, 11:55:00.000000, 29584.75, 29588.00, 29575.50, 29576.00, 2758, 2630, 29581.06, 29579.83, 29581.75, 1542, 1216, 0.00, 0.00, 0.00, 0.00, 0.00, 0.00, 0.00, 0.00, 0.00, 0.00
2026-9-4, 12:00:00.000000, 29576.25, 29580.50, 29544.75, 29551.00, 3727, 3512, 29563.13, 29558.75, 29562.63, 2071, 1656, 0.00, 0.00, 0.00, 0.00, 0.00, 0.00, 0.00, 0.00, 0.00, 0.00
2026-9-4, 12:05:00.000000, 29550.75, 29560.75, 29538.25, 29539.75, 2914, 2695, 29547.38, 29546.25, 29549.50, 1468, 1446, 0.00, 0.00, 0.00, 0.00, 0.00, 0.00, 0.00, 0.00, 0.00, 0.00
2026-9-4, 12:10:00.000000, 29539.25, 29546.50, 29531.75, 29535.25, 2263, 2089, 29538.19, 29537.83, 29539.13, 1177, 1086, 0.00, 0.00, 0.00, 0.00, 0.00, 0.00, 0.00, 0.00, 0.00, 0.00
2026-9-4, 12:15:00.000000, 29534.75, 29543.50, 29526.50, 29531.25, 2811, 2639, 29534.00, 29533.75, 29535.00, 1673, 1138, 0.00, 0.00, 0.00, 0.00, 0.00, 0.00, 0.00, 0.00, 0.00, 0.00
2026-9-4, 12:20:00.000000, 29531.75, 29535.50, 29517.00, 29517.75, 2371, 2241, 29525.50, 29523.42, 29526.25, 1314, 1057, 0.00, 0.00, 0.00, 0.00, 0.00, 0.00, 0.00, 0.00, 0.00, 0.00
2026-9-4, 12:25:00.000000, 29518.25, 29527.50, 29504.25, 29508.00, 2636, 2476, 29514.50, 29513.25, 29515.88, 1494, 1142, 0.00, 0.00, 0.00, 0.00, 0.00, 0.00, 0.00, 0.00, 0.00, 0.00
2026-9-4, 12:30:00.000000, 29508.00, 29508.50, 29485.00, 29493.50, 3632, 3365, 29498.75, 29495.67, 29496.75, 1994, 1638, 0.00, 0.00, 0.00, 29509.50, 0.00, 0.00, 0.00, 0.00, 0.00, 0.00
2026-9-4, 12:35:00.000000, 29493.75, 29501.25, 29489.25, 29495.25, 2302, 2162, 29494.88, 29495.25, 29495.25, 1197, 1105, 0.00, 0.00, 0.00, 0.00, 0.00, 29503.50, 0.00, 0.00, 0.00, 0.00
2026-9-4, 12:40:00.000000, 29494.75, 29496.25, 29474.75, 29478.25, 3601, 3302, 29486.00, 29483.08, 29485.50, 1953, 1648, 0.00, 0.00, 0.00, 0.00, 0.00, 0.00, 0.00, 0.00, 0.00, 0.00
2026-9-4, 12:45:00.000000, 29479.00, 29492.50, 29468.00, 29484.25, 3908, 3570, 29480.94, 29481.58, 29480.25, 2017, 1891, 0.00, 0.00, 0.00, 0.00, 0.00, 0.00, 0.00, 0.00, 0.00, 0.00
2026-9-4, 12:50:00.000000, 29483.75, 29496.00, 29481.00, 29485.75, 3083, 2765, 29486.63, 29487.58, 29488.50, 1638, 1445, 0.00, 0.00, 0.00, 0.00, 0.00, 0.00, 0.00, 0.00, 0.00, 0.00
2026-9-4, 12:55:00.000000, 29486.00, 29498.25, 29480.50, 29491.75, 2193, 2041, 29489.13, 29490.17, 29489.38, 1118, 1075, 0.00, 0.00, 0.00, 0.00, 0.00, 0.00, 0.00, 0.00, 0.00, 0.00
2026-9-4, 13:00:00.000000, 29491.50, 29497.75, 29472.25, 29476.00, 2961, 2795, 29484.38, 29482.00, 29485.00, 1703, 1258, 0.00, 0.00, 0.00, 0.00, 0.00, 0.00, 0.00, 0.00, 0.00, 0.00
2026-9-4, 13:05:00.000000, 29476.75, 29490.00, 29471.25, 29489.00, 2699, 2529, 29481.75, 29483.42, 29480.63, 1342, 1357, 0.00, 0.00, 0.00, 0.00, 0.00, 0.00, 0.00, 0.00, 0.00, 0.00
2026-9-4, 13:10:00.000000, 29489.00, 29497.25, 29485.75, 29489.00, 2189, 2077, 29490.25, 29490.67, 29491.50, 1115, 1074, 0.00, 0.00, 0.00, 0.00, 0.00, 0.00, 0.00, 0.00, 0.00, 0.00
2026-9-4, 13:15:00.000000, 29488.25, 29506.00, 29484.50, 29504.75, 2563, 2408, 29495.88, 29498.42, 29495.25, 1262, 1301, 0.00, 0.00, 0.00, 0.00, 0.00, 0.00, 0.00, 0.00, 0.00, 0.00
2026-9-4, 13:20:00.000000, 29505.00, 29514.50, 29500.75, 29506.50, 2510, 2330, 29506.69, 29507.25, 29507.63, 1302, 1208, 0.00, 0.00, 0.00, 0.00, 0.00, 0.00, 0.00, 0.00, 0.00, 0.00
2026-9-4, 13:25:00.000000, 29506.50, 29512.00, 29502.00, 29511.00, 2159, 2023, 29507.88, 29508.33, 29507.00, 1114, 1045, 0.00, 0.00, 0.00, 0.00, 0.00, 0.00, 0.00, 0.00, 0.00, 0.00
2026-9-4, 13:30:00.000000, 29511.00, 29518.25, 29511.00, 29517.25, 2274, 2020, 29514.38, 29515.50, 29514.63, 1209, 1065, 0.00, 0.00, 0.00, 0.00, 0.00, 0.00, 0.00, 0.00, 0.00, 0.00
2026-9-4, 13:35:00.000000, 29517.50, 29519.50, 29504.00, 29511.25, 2381, 2182, 29513.06, 29511.58, 29511.75, 1368, 1013, 0.00, 0.00, 0.00, 0.00, 0.00, 0.00, 0.00, 0.00, 0.00, 0.00
2026-9-4, 13:40:00.000000, 29511.25, 29524.50, 29504.50, 29520.75, 2579, 2443, 29515.25, 29516.58, 29514.50, 1290, 1289, 0.00, 0.00, 0.00, 0.00, 0.00, 0.00, 0.00, 0.00, 0.00, 0.00
2026-9-4, 13:45:00.000000, 29521.25, 29528.50, 29520.00, 29527.25, 2098, 1968, 29524.25, 29525.25, 29524.25, 1101, 997, 0.00, 0.00, 0.00, 0.00, 0.00, 0.00, 0.00, 0.00, 0.00, 0.00
2026-9-4, 13:50:00.000000, 29527.00, 29531.00, 29521.25, 29528.75, 1515, 1377, 29527.00, 29527.00, 29526.13, 761, 754, 0.00, 0.00, 0.00, 0.00, 0.00, 0.00, 0.00, 0.00, 0.00, 0.00
2026-9-4, 13:55:00.000000, 29528.75, 29542.50, 29525.50, 29538.75, 2428, 2235, 29533.88, 29535.58, 29534.00, 1206, 1222, 0.00, 0.00, 0.00, 0.00, 0.00, 0.00, 0.00, 0.00, 0.00, 0.00
